MailboxID,Date,EmailsSent,EmailsReceived,SpamDetected,FailedEmails,SpamRatePct
MBX00255,2026-04-26,1,5,0,0,0.0
MBX00255,2026-04-27,5,86,5,1,5.81
MBX00255,2026-04-28,10,114,3,3,2.63
MBX00255,2026-04-29,13,106,9,0,8.49
MBX00255,2026-04-30,12,100,6,0,6.0
MBX00255,2026-05-01,15,98,5,1,5.1
MBX00255,2026-05-02,1,15,1,1,6.67
MBX00255,2026-05-03,2,12,2,0,16.67
MBX00255,2026-05-04,9,114,8,3,7.02
MBX00255,2026-05-05,16,128,9,2,7.03
MBX00255,2026-05-06,11,112,5,0,4.46
MBX00255,2026-05-07,13,115,8,2,6.96
MBX00255,2026-05-08,10,111,9,1,8.11
MBX00255,2026-05-09,1,18,2,1,11.11
MBX00255,2026-05-10,1,10,0,0,0.0
MBX00255,2026-05-11,11,103,5,1,4.85
MBX00255,2026-05-12,15,100,5,2,5.0
MBX00255,2026-05-13,7,120,6,1,5.0
MBX00255,2026-05-14,17,112,8,2,7.14
MBX00255,2026-05-15,11,114,2,0,1.75
MBX00255,2026-05-16,3,22,1,0,4.55
MBX00255,2026-05-17,3,10,1,0,10.0
MBX00255,2026-05-18,13,117,8,2,6.84
MBX00255,2026-05-19,8,123,8,1,6.5
MBX00255,2026-05-20,11,103,4,1,3.88
MBX00255,2026-05-21,6,93,2,1,2.15
MBX00255,2026-05-22,11,94,6,0,6.38
MBX00255,2026-05-23,2,15,2,0,13.33
MBX00255,2026-05-24,1,16,0,0,0.0
MBX00255,2026-05-25,8,106,7,1,6.6
MBX00255,2026-05-26,9,93,5,0,5.38
MBX00255,2026-05-27,7,105,5,1,4.76
MBX00255,2026-05-28,15,120,8,0,6.67
MBX00255,2026-05-29,12,112,2,0,1.79
MBX00255,2026-05-30,5,19,0,0,0.0
MBX00255,2026-05-31,2,14,1,0,7.14
MBX00255,2026-06-01,9,107,1,1,0.93
MBX00255,2026-06-02,16,106,13,0,12.26
MBX00255,2026-06-03,10,109,7,2,6.42
MBX00255,2026-06-04,17,135,9,2,6.67
MBX00255,2026-06-05,10,113,6,1,5.31
MBX00255,2026-06-06,4,21,0,0,0.0
MBX00255,2026-06-07,1,13,0,1,0.0
MBX00255,2026-06-08,17,129,10,2,7.75
MBX00255,2026-06-09,12,118,9,0,7.63
MBX00255,2026-06-10,16,101,5,1,4.95
MBX00255,2026-06-11,15,118,9,0,7.63
MBX00255,2026-06-12,11,97,6,1,6.19
MBX00255,2026-06-13,0,17,2,0,11.76
MBX00255,2026-06-14,1,12,0,0,0.0
MBX00255,2026-06-15,12,119,3,1,2.52
MBX00255,2026-06-16,12,113,3,0,2.65
MBX00255,2026-06-17,12,119,8,1,6.72
MBX00255,2026-06-18,17,100,6,1,6.0
MBX00255,2026-06-19,24,120,6,2,5.0
MBX00255,2026-06-20,4,20,0,0,0.0
MBX00255,2026-06-21,4,17,0,0,0.0
MBX00255,2026-06-22,19,89,5,3,5.62
MBX00255,2026-06-23,7,116,10,1,8.62
MBX00255,2026-06-24,17,106,7,0,6.6
MBX00255,2026-06-25,11,120,9,3,7.5
MBX00255,2026-06-26,10,119,8,2,6.72
MBX00255,2026-06-27,2,16,4,0,25.0
MBX00255,2026-06-28,0,15,2,0,13.33
MBX00255,2026-06-29,17,112,11,2,9.82
MBX00255,2026-06-30,14,125,11,2,8.8
MBX00255,2026-07-01,11,116,8,0,6.9
MBX00255,2026-07-02,9,99,7,2,7.07
MBX00255,2026-07-03,13,124,7,4,5.65
MBX00255,2026-07-04,0,19,2,0,10.53
MBX00255,2026-07-05,3,12,0,0,0.0
MBX00255,2026-07-06,16,112,5,3,4.46
MBX00255,2026-07-07,12,106,7,2,6.6
MBX00255,2026-07-08,10,115,11,0,9.57
MBX00255,2026-07-09,12,120,8,2,6.67
MBX00255,2026-07-10,17,96,7,0,7.29
MBX00255,2026-07-11,2,13,0,0,0.0
MBX00255,2026-07-12,2,15,0,0,0.0
MBX00255,2026-07-13,7,118,5,0,4.24
MBX00255,2026-07-14,14,111,5,0,4.5
MBX00255,2026-07-15,11,96,7,2,7.29
MBX00255,2026-07-16,12,102,8,0,7.84
MBX00255,2026-07-17,13,110,10,0,9.09
MBX00255,2026-07-18,2,14,0,0,0.0
MBX00255,2026-07-19,1,15,0,0,0.0
MBX00255,2026-07-20,14,116,7,2,6.03
MBX00255,2026-07-21,11,99,8,2,8.08
MBX00255,2026-07-22,19,108,15,0,13.89
MBX00255,2026-07-23,13,110,9,2,8.18
MBX00255,2026-07-24,10,97,6,1,6.19
MBX00407,2026-04-26,1,2,0,0,0.0
MBX00407,2026-04-27,1,10,0,0,0.0
MBX00407,2026-04-28,5,5,0,1,0.0
MBX00407,2026-04-29,4,9,0,0,0.0
MBX00407,2026-04-30,2,5,0,0,0.0
MBX00407,2026-05-01,1,6,0,0,0.0
MBX00407,2026-05-02,0,1,0,0,0.0
MBX00407,2026-05-03,0,2,0,0,0.0
MBX00407,2026-05-04,3,6,1,0,16.67
MBX00407,2026-05-05,0,6,1,0,16.67
MBX00407,2026-05-06,1,5,0,0,0.0
MBX00407,2026-05-07,4,4,1,0,25.0
MBX00407,2026-05-08,2,7,0,0,0.0
MBX00407,2026-05-09,0,0,0,0,0.0
MBX00407,2026-05-10,0,0,0,0,0.0
MBX00407,2026-05-11,1,4,2,0,50.0
MBX00407,2026-05-12,1,4,1,0,25.0
MBX00407,2026-05-13,0,10,1,0,10.0
MBX00407,2026-05-14,3,5,0,0,0.0
MBX00407,2026-05-15,1,4,0,0,0.0
MBX00407,2026-05-16,0,2,0,0,0.0
MBX00407,2026-05-17,0,0,0,0,0.0
MBX00407,2026-05-18,0,5,0,0,0.0
MBX00407,2026-05-19,1,5,1,0,20.0
MBX00407,2026-05-20,3,4,0,0,0.0
MBX00407,2026-05-21,1,6,0,0,0.0
MBX00407,2026-05-22,1,6,0,0,0.0
MBX00407,2026-05-23,0,0,0,0,0.0
MBX00407,2026-05-24,0,0,0,0,0.0
MBX00407,2026-05-25,2,2,0,0,0.0
MBX00407,2026-05-26,1,7,0,0,0.0
MBX00407,2026-05-27,1,13,1,0,7.69
MBX00407,2026-05-28,2,2,0,0,0.0
MBX00407,2026-05-29,2,6,2,1,33.33
MBX00407,2026-05-30,0,0,0,0,0.0
MBX00407,2026-05-31,0,0,0,0,0.0
MBX00407,2026-06-01,2,5,0,0,0.0
MBX00407,2026-06-02,2,2,0,0,0.0
MBX00407,2026-06-03,2,7,1,0,14.29
MBX00407,2026-06-04,1,3,1,0,33.33
MBX00407,2026-06-05,2,4,0,0,0.0
MBX00407,2026-06-06,0,0,0,0,0.0
MBX00407,2026-06-07,0,1,0,0,0.0
MBX00407,2026-06-08,2,6,0,0,0.0
MBX00407,2026-06-09,1,5,1,0,20.0
MBX00407,2026-06-10,2,3,0,0,0.0
MBX00407,2026-06-11,0,2,0,0,0.0
MBX00407,2026-06-12,2,5,0,0,0.0
MBX00407,2026-06-13,0,1,0,0,0.0
MBX00407,2026-06-14,2,0,0,0,0.0
MBX00407,2026-06-15,0,3,0,0,0.0
MBX00407,2026-06-16,3,6,0,0,0.0
MBX00407,2026-06-17,0,6,1,0,16.67
MBX00407,2026-06-18,3,1,0,0,0.0
MBX00407,2026-06-19,2,8,0,0,0.0
MBX00407,2026-06-20,1,0,0,1,0.0
MBX00407,2026-06-21,0,0,0,0,0.0
MBX00407,2026-06-22,2,3,1,0,33.33
MBX00407,2026-06-23,1,5,0,0,0.0
MBX00407,2026-06-24,1,4,0,0,0.0
MBX00407,2026-06-25,2,5,0,0,0.0
MBX00407,2026-06-26,1,7,0,0,0.0
MBX00407,2026-06-27,0,0,0,0,0.0
MBX00407,2026-06-28,0,2,1,0,50.0
MBX00407,2026-06-29,1,9,0,0,0.0
MBX00407,2026-06-30,1,7,1,0,14.29
MBX00407,2026-07-01,2,3,0,0,0.0
MBX00407,2026-07-02,2,3,0,0,0.0
MBX00407,2026-07-03,2,7,0,0,0.0
MBX00407,2026-07-04,0,1,0,0,0.0
MBX00407,2026-07-05,1,0,0,0,0.0
MBX00407,2026-07-06,2,7,0,0,0.0
MBX00407,2026-07-07,2,10,0,0,0.0
MBX00407,2026-07-08,2,5,0,0,0.0
MBX00407,2026-07-09,3,5,0,0,0.0
MBX00407,2026-07-10,5,4,0,0,0.0
MBX00407,2026-07-11,0,1,0,0,0.0
MBX00407,2026-07-12,0,2,0,0,0.0
MBX00407,2026-07-13,1,3,0,0,0.0
MBX00407,2026-07-14,2,10,0,1,0.0
MBX00407,2026-07-15,2,4,0,0,0.0
MBX00407,2026-07-16,3,4,0,1,0.0
MBX00407,2026-07-17,2,5,0,0,0.0
MBX00407,2026-07-18,0,0,0,0,0.0
MBX00407,2026-07-19,1,1,0,0,0.0
MBX00407,2026-07-20,0,7,1,0,14.29
MBX00407,2026-07-21,1,9,2,2,22.22
MBX00407,2026-07-22,2,4,0,0,0.0
MBX00407,2026-07-23,1,2,0,0,0.0
MBX00407,2026-07-24,2,4,1,0,25.0
MBX00052,2026-04-26,4,8,0,2,0.0
MBX00052,2026-04-27,29,64,3,2,4.69
MBX00052,2026-04-28,24,70,3,2,4.29
MBX00052,2026-04-29,18,70,2,0,2.86
MBX00052,2026-04-30,35,61,5,4,8.2
MBX00052,2026-05-01,28,68,4,3,5.88
MBX00052,2026-05-02,5,9,0,0,0.0
MBX00052,2026-05-03,3,11,0,0,0.0
MBX00052,2026-05-04,21,59,3,0,5.08
MBX00052,2026-05-05,15,56,3,0,5.36
MBX00052,2026-05-06,21,66,3,1,4.55
MBX00052,2026-05-07,22,65,3,0,4.62
MBX00052,2026-05-08,20,69,3,0,4.35
MBX00052,2026-05-09,4,8,0,0,0.0
MBX00052,2026-05-10,3,9,1,0,11.11
MBX00052,2026-05-11,24,63,3,0,4.76
MBX00052,2026-05-12,31,63,5,1,7.94
MBX00052,2026-05-13,26,53,1,1,1.89
MBX00052,2026-05-14,22,73,5,1,6.85
MBX00052,2026-05-15,20,60,2,2,3.33
MBX00052,2026-05-16,6,6,0,0,0.0
MBX00052,2026-05-17,2,11,0,0,0.0
MBX00052,2026-05-18,30,62,5,0,8.06
MBX00052,2026-05-19,14,69,3,1,4.35
MBX00052,2026-05-20,27,65,2,2,3.08
MBX00052,2026-05-21,25,72,6,0,8.33
MBX00052,2026-05-22,26,60,1,0,1.67
MBX00052,2026-05-23,2,10,0,0,0.0
MBX00052,2026-05-24,3,10,0,0,0.0
MBX00052,2026-05-25,27,56,5,0,8.93
MBX00052,2026-05-26,26,67,7,0,10.45
MBX00052,2026-05-27,17,75,0,0,0.0
MBX00052,2026-05-28,28,62,2,1,3.23
MBX00052,2026-05-29,12,73,4,1,5.48
MBX00052,2026-05-30,1,16,0,0,0.0
MBX00052,2026-05-31,3,13,1,0,7.69
MBX00052,2026-06-01,22,59,2,0,3.39
MBX00052,2026-06-02,25,66,2,0,3.03
MBX00052,2026-06-03,24,65,5,0,7.69
MBX00052,2026-06-04,32,73,5,2,6.85
MBX00052,2026-06-05,24,74,4,0,5.41
MBX00052,2026-06-06,0,9,0,0,0.0
MBX00052,2026-06-07,4,6,0,0,0.0
MBX00052,2026-06-08,26,66,7,5,10.61
MBX00052,2026-06-09,26,58,1,0,1.72
MBX00052,2026-06-10,23,72,4,1,5.56
MBX00052,2026-06-11,29,61,4,1,6.56
MBX00052,2026-06-12,29,67,4,1,5.97
MBX00052,2026-06-13,1,8,0,0,0.0
MBX00052,2026-06-14,7,7,0,0,0.0
MBX00052,2026-06-15,29,76,4,0,5.26
MBX00052,2026-06-16,31,63,1,0,1.59
MBX00052,2026-06-17,20,63,2,0,3.17
MBX00052,2026-06-18,22,78,3,1,3.85
MBX00052,2026-06-19,18,60,5,0,8.33
MBX00052,2026-06-20,2,11,0,0,0.0
MBX00052,2026-06-21,3,13,0,1,0.0
MBX00052,2026-06-22,23,54,3,1,5.56
MBX00052,2026-06-23,28,73,8,1,10.96
MBX00052,2026-06-24,19,66,4,1,6.06
MBX00052,2026-06-25,28,62,8,0,12.9
MBX00052,2026-06-26,27,61,1,1,1.64
MBX00052,2026-06-27,4,8,1,0,12.5
MBX00052,2026-06-28,5,10,1,0,10.0
MBX00052,2026-06-29,16,56,2,0,3.57
MBX00052,2026-06-30,17,68,3,1,4.41
MBX00052,2026-07-01,24,67,8,0,11.94
MBX00052,2026-07-02,21,66,3,1,4.55
MBX00052,2026-07-03,22,58,0,1,0.0
MBX00052,2026-07-04,4,12,2,0,16.67
MBX00052,2026-07-05,4,12,0,0,0.0
MBX00052,2026-07-06,21,52,2,0,3.85
MBX00052,2026-07-07,13,69,8,1,11.59
MBX00052,2026-07-08,24,55,2,2,3.64
MBX00052,2026-07-09,16,66,6,0,9.09
MBX00052,2026-07-10,19,58,2,1,3.45
MBX00052,2026-07-11,4,5,1,0,20.0
MBX00052,2026-07-12,5,10,0,0,0.0
MBX00052,2026-07-13,28,64,3,0,4.69
MBX00052,2026-07-14,26,54,1,1,1.85
MBX00052,2026-07-15,22,54,1,1,1.85
MBX00052,2026-07-16,30,56,4,1,7.14
MBX00052,2026-07-17,20,70,6,1,8.57
MBX00052,2026-07-18,0,12,0,1,0.0
MBX00052,2026-07-19,2,14,1,0,7.14
MBX00052,2026-07-20,24,72,4,0,5.56
MBX00052,2026-07-21,29,65,5,0,7.69
MBX00052,2026-07-22,14,71,1,1,1.41
MBX00052,2026-07-23,18,55,5,1,9.09
MBX00052,2026-07-24,23,60,6,2,10.0
MBX00745,2026-04-26,0,1,0,0,0.0
MBX00745,2026-04-27,2,7,0,0,0.0
MBX00745,2026-04-28,0,4,0,0,0.0
MBX00745,2026-04-29,0,4,2,0,50.0
MBX00745,2026-04-30,6,5,0,0,0.0
MBX00745,2026-05-01,2,4,0,0,0.0
MBX00745,2026-05-02,0,2,0,0,0.0
MBX00745,2026-05-03,0,2,0,1,0.0
MBX00745,2026-05-04,1,9,1,0,11.11
MBX00745,2026-05-05,0,4,0,0,0.0
MBX00745,2026-05-06,3,4,0,0,0.0
MBX00745,2026-05-07,4,9,1,0,11.11
MBX00745,2026-05-08,1,6,0,0,0.0
MBX00745,2026-05-09,0,0,0,0,0.0
MBX00745,2026-05-10,1,1,0,0,0.0
MBX00745,2026-05-11,4,3,0,0,0.0
MBX00745,2026-05-12,0,5,1,0,20.0
MBX00745,2026-05-13,1,7,0,0,0.0
MBX00745,2026-05-14,1,5,0,0,0.0
MBX00745,2026-05-15,3,2,0,0,0.0
MBX00745,2026-05-16,0,1,0,0,0.0
MBX00745,2026-05-17,1,0,0,0,0.0
MBX00745,2026-05-18,2,10,0,0,0.0
MBX00745,2026-05-19,3,6,0,0,0.0
MBX00745,2026-05-20,1,7,0,0,0.0
MBX00745,2026-05-21,1,5,0,0,0.0
MBX00745,2026-05-22,1,10,1,0,10.0
MBX00745,2026-05-23,0,0,0,0,0.0
MBX00745,2026-05-24,1,4,1,0,25.0
MBX00745,2026-05-25,1,2,0,0,0.0
MBX00745,2026-05-26,6,6,1,0,16.67
MBX00745,2026-05-27,1,3,0,1,0.0
MBX00745,2026-05-28,2,5,0,0,0.0
MBX00745,2026-05-29,0,4,0,0,0.0
MBX00745,2026-05-30,0,3,0,0,0.0
MBX00745,2026-05-31,1,2,0,0,0.0
MBX00745,2026-06-01,1,2,1,0,50.0
MBX00745,2026-06-02,1,4,0,0,0.0
MBX00745,2026-06-03,2,5,0,0,0.0
MBX00745,2026-06-04,2,7,0,0,0.0
MBX00745,2026-06-05,1,5,0,0,0.0
MBX00745,2026-06-06,0,1,0,0,0.0
MBX00745,2026-06-07,0,0,0,0,0.0
MBX00745,2026-06-08,2,9,2,0,22.22
MBX00745,2026-06-09,3,4,0,0,0.0
MBX00745,2026-06-10,1,6,0,0,0.0
MBX00745,2026-06-11,1,6,0,0,0.0
MBX00745,2026-06-12,1,4,0,0,0.0
MBX00745,2026-06-13,0,1,0,0,0.0
MBX00745,2026-06-14,0,0,0,0,0.0
MBX00745,2026-06-15,1,8,0,0,0.0
MBX00745,2026-06-16,1,6,0,0,0.0
MBX00745,2026-06-17,0,9,0,0,0.0
MBX00745,2026-06-18,3,4,0,0,0.0
MBX00745,2026-06-19,1,8,1,0,12.5
MBX00745,2026-06-20,0,2,0,0,0.0
MBX00745,2026-06-21,0,1,1,0,100.0
MBX00745,2026-06-22,4,6,0,0,0.0
MBX00745,2026-06-23,1,11,1,0,9.09
MBX00745,2026-06-24,3,8,0,0,0.0
MBX00745,2026-06-25,1,4,0,0,0.0
MBX00745,2026-06-26,4,2,0,0,0.0
MBX00745,2026-06-27,0,2,0,0,0.0
MBX00745,2026-06-28,0,2,0,0,0.0
MBX00745,2026-06-29,0,2,0,0,0.0
MBX00745,2026-06-30,0,5,0,0,0.0
MBX00745,2026-07-01,0,6,1,0,16.67
MBX00745,2026-07-02,0,12,0,0,0.0
MBX00745,2026-07-03,2,3,0,0,0.0
MBX00745,2026-07-04,0,0,0,0,0.0
MBX00745,2026-07-05,0,0,0,0,0.0
MBX00745,2026-07-06,1,2,0,0,0.0
MBX00745,2026-07-07,1,5,0,0,0.0
MBX00745,2026-07-08,1,8,1,0,12.5
MBX00745,2026-07-09,0,8,1,0,12.5
MBX00745,2026-07-10,4,11,1,0,9.09
MBX00745,2026-07-11,1,0,0,0,0.0
MBX00745,2026-07-12,1,0,0,0,0.0
MBX00745,2026-07-13,2,9,0,0,0.0
MBX00745,2026-07-14,1,6,1,0,16.67
MBX00745,2026-07-15,1,7,0,0,0.0
MBX00745,2026-07-16,2,3,0,0,0.0
MBX00745,2026-07-17,2,13,1,0,7.69
MBX00745,2026-07-18,0,0,0,0,0.0
MBX00745,2026-07-19,0,0,0,0,0.0
MBX00745,2026-07-20,4,8,1,0,12.5
MBX00745,2026-07-21,1,7,1,0,14.29
MBX00745,2026-07-22,2,6,2,0,33.33
MBX00745,2026-07-23,0,7,0,1,0.0
MBX00745,2026-07-24,1,10,1,0,10.0
MBX00420,2026-04-26,1,16,1,1,6.25
MBX00420,2026-04-27,10,114,12,1,10.53
MBX00420,2026-04-28,5,137,14,3,10.22
MBX00420,2026-04-29,5,124,12,1,9.68
MBX00420,2026-04-30,6,112,10,3,8.93
MBX00420,2026-05-01,8,109,10,1,9.17
MBX00420,2026-05-02,2,25,0,0,0.0
MBX00420,2026-05-03,3,15,0,0,0.0
MBX00420,2026-05-04,12,112,6,1,5.36
MBX00420,2026-05-05,2,113,7,2,6.19
MBX00420,2026-05-06,11,104,2,1,1.92
MBX00420,2026-05-07,9,126,12,3,9.52
MBX00420,2026-05-08,10,126,9,0,7.14
MBX00420,2026-05-09,1,21,0,0,0.0
MBX00420,2026-05-10,2,24,1,0,4.17
MBX00420,2026-05-11,9,116,8,2,6.9
MBX00420,2026-05-12,6,111,6,2,5.41
MBX00420,2026-05-13,7,91,6,1,6.59
MBX00420,2026-05-14,5,112,9,5,8.04
MBX00420,2026-05-15,8,114,8,1,7.02
MBX00420,2026-05-16,1,19,0,1,0.0
MBX00420,2026-05-17,0,15,0,0,0.0
MBX00420,2026-05-18,10,112,6,0,5.36
MBX00420,2026-05-19,4,111,5,3,4.5
MBX00420,2026-05-20,7,112,12,0,10.71
MBX00420,2026-05-21,8,114,7,1,6.14
MBX00420,2026-05-22,8,117,2,0,1.71
MBX00420,2026-05-23,1,18,1,0,5.56
MBX00420,2026-05-24,2,25,1,0,4.0
MBX00420,2026-05-25,8,120,6,3,5.0
MBX00420,2026-05-26,7,115,7,1,6.09
MBX00420,2026-05-27,2,123,9,1,7.32
MBX00420,2026-05-28,9,130,15,0,11.54
MBX00420,2026-05-29,4,117,4,1,3.42
MBX00420,2026-05-30,2,23,2,0,8.7
MBX00420,2026-05-31,0,14,0,0,0.0
MBX00420,2026-06-01,5,114,10,0,8.77
MBX00420,2026-06-02,4,106,8,4,7.55
MBX00420,2026-06-03,11,114,4,1,3.51
MBX00420,2026-06-04,9,122,6,2,4.92
MBX00420,2026-06-05,12,98,4,1,4.08
MBX00420,2026-06-06,1,21,0,0,0.0
MBX00420,2026-06-07,0,21,0,0,0.0
MBX00420,2026-06-08,7,118,12,2,10.17
MBX00420,2026-06-09,7,108,6,2,5.56
MBX00420,2026-06-10,8,137,10,2,7.3
MBX00420,2026-06-11,12,128,7,1,5.47
MBX00420,2026-06-12,6,122,6,3,4.92
MBX00420,2026-06-13,2,16,1,0,6.25
MBX00420,2026-06-14,1,19,0,0,0.0
MBX00420,2026-06-15,4,132,4,2,3.03
MBX00420,2026-06-16,7,111,9,0,8.11
MBX00420,2026-06-17,4,103,7,1,6.8
MBX00420,2026-06-18,5,101,1,1,0.99
MBX00420,2026-06-19,10,122,9,3,7.38
MBX00420,2026-06-20,0,22,0,0,0.0
MBX00420,2026-06-21,0,19,0,0,0.0
MBX00420,2026-06-22,5,104,7,1,6.73
MBX00420,2026-06-23,6,130,7,2,5.38
MBX00420,2026-06-24,9,108,3,3,2.78
MBX00420,2026-06-25,10,129,11,0,8.53
MBX00420,2026-06-26,8,107,6,0,5.61
MBX00420,2026-06-27,2,23,1,0,4.35
MBX00420,2026-06-28,4,20,2,1,10.0
MBX00420,2026-06-29,3,127,8,1,6.3
MBX00420,2026-06-30,14,113,4,1,3.54
MBX00420,2026-07-01,9,122,7,4,5.74
MBX00420,2026-07-02,5,111,8,1,7.21
MBX00420,2026-07-03,8,125,7,0,5.6
MBX00420,2026-07-04,0,20,2,0,10.0
MBX00420,2026-07-05,1,15,0,1,0.0
MBX00420,2026-07-06,7,105,5,1,4.76
MBX00420,2026-07-07,6,115,8,0,6.96
MBX00420,2026-07-08,5,134,7,2,5.22
MBX00420,2026-07-09,9,113,8,2,7.08
MBX00420,2026-07-10,7,124,10,0,8.06
MBX00420,2026-07-11,0,20,0,0,0.0
MBX00420,2026-07-12,0,25,1,0,4.0
MBX00420,2026-07-13,3,107,9,2,8.41
MBX00420,2026-07-14,6,121,4,1,3.31
MBX00420,2026-07-15,8,116,7,2,6.03
MBX00420,2026-07-16,4,116,4,0,3.45
MBX00420,2026-07-17,8,140,8,0,5.71
MBX00420,2026-07-18,0,19,2,1,10.53
MBX00420,2026-07-19,3,14,0,1,0.0
MBX00420,2026-07-20,6,106,5,0,4.72
MBX00420,2026-07-21,9,107,6,0,5.61
MBX00420,2026-07-22,9,118,6,5,5.08
MBX00420,2026-07-23,10,114,8,1,7.02
MBX00420,2026-07-24,6,128,7,1,5.47
MBX00524,2026-04-26,0,0,0,0,0.0
MBX00524,2026-04-27,0,0,0,0,0.0
MBX00524,2026-04-28,0,0,0,0,0.0
MBX00524,2026-04-29,0,0,0,0,0.0
MBX00524,2026-04-30,1,0,0,0,0.0
MBX00524,2026-05-01,0,0,0,0,0.0
MBX00524,2026-05-02,0,0,0,0,0.0
MBX00524,2026-05-03,0,0,0,0,0.0
MBX00524,2026-05-04,0,2,1,0,50.0
MBX00524,2026-05-05,1,0,0,0,0.0
MBX00524,2026-05-06,0,2,0,0,0.0
MBX00524,2026-05-07,0,1,0,0,0.0
MBX00524,2026-05-08,0,0,0,0,0.0
MBX00524,2026-05-09,0,0,0,0,0.0
MBX00524,2026-05-10,0,0,0,0,0.0
MBX00524,2026-05-11,0,1,1,0,100.0
MBX00524,2026-05-12,1,0,0,0,0.0
MBX00524,2026-05-13,0,2,0,0,0.0
MBX00524,2026-05-14,0,1,0,0,0.0
MBX00524,2026-05-15,0,1,0,0,0.0
MBX00524,2026-05-16,0,0,0,0,0.0
MBX00524,2026-05-17,0,0,0,0,0.0
MBX00524,2026-05-18,0,0,0,0,0.0
MBX00524,2026-05-19,1,3,0,0,0.0
MBX00524,2026-05-20,0,0,0,0,0.0
MBX00524,2026-05-21,0,0,0,0,0.0
MBX00524,2026-05-22,1,1,0,1,0.0
MBX00524,2026-05-23,0,0,0,0,0.0
MBX00524,2026-05-24,0,0,0,0,0.0
MBX00524,2026-05-25,0,0,0,0,0.0
MBX00524,2026-05-26,0,1,0,0,0.0
MBX00524,2026-05-27,0,1,0,0,0.0
MBX00524,2026-05-28,0,0,0,0,0.0
MBX00524,2026-05-29,0,0,0,0,0.0
MBX00524,2026-05-30,0,0,0,0,0.0
MBX00524,2026-05-31,0,0,0,0,0.0
MBX00524,2026-06-01,0,0,0,0,0.0
MBX00524,2026-06-02,0,0,0,0,0.0
MBX00524,2026-06-03,0,1,0,0,0.0
MBX00524,2026-06-04,0,1,0,0,0.0
MBX00524,2026-06-05,1,0,0,0,0.0
MBX00524,2026-06-06,0,0,0,0,0.0
MBX00524,2026-06-07,0,0,0,0,0.0
MBX00524,2026-06-08,0,1,0,0,0.0
MBX00524,2026-06-09,0,1,0,0,0.0
MBX00524,2026-06-10,0,2,0,0,0.0
MBX00524,2026-06-11,0,0,0,0,0.0
MBX00524,2026-06-12,0,0,0,0,0.0
MBX00524,2026-06-13,0,0,0,0,0.0
MBX00524,2026-06-14,0,0,0,0,0.0
MBX00524,2026-06-15,0,0,0,0,0.0
MBX00524,2026-06-16,0,2,0,0,0.0
MBX00524,2026-06-17,0,2,1,0,50.0
MBX00524,2026-06-18,0,0,0,0,0.0
MBX00524,2026-06-19,0,2,0,0,0.0
MBX00524,2026-06-20,0,0,0,0,0.0
MBX00524,2026-06-21,0,0,0,0,0.0
MBX00524,2026-06-22,0,1,0,0,0.0
MBX00524,2026-06-23,0,0,0,0,0.0
MBX00524,2026-06-24,0,1,0,0,0.0
MBX00524,2026-06-25,0,0,0,0,0.0
MBX00524,2026-06-26,1,0,0,0,0.0
MBX00524,2026-06-27,0,0,0,0,0.0
MBX00524,2026-06-28,0,1,0,0,0.0
MBX00524,2026-06-29,1,0,0,0,0.0
MBX00524,2026-06-30,0,0,0,0,0.0
MBX00524,2026-07-01,0,1,0,0,0.0
MBX00524,2026-07-02,0,0,0,0,0.0
MBX00524,2026-07-03,0,1,0,0,0.0
MBX00524,2026-07-04,0,0,0,0,0.0
MBX00524,2026-07-05,0,0,0,0,0.0
MBX00524,2026-07-06,0,2,0,0,0.0
MBX00524,2026-07-07,2,1,0,0,0.0
MBX00524,2026-07-08,0,0,0,0,0.0
MBX00524,2026-07-09,1,0,0,0,0.0
MBX00524,2026-07-10,0,1,0,0,0.0
MBX00524,2026-07-11,0,0,0,0,0.0
MBX00524,2026-07-12,0,0,0,0,0.0
MBX00524,2026-07-13,0,1,0,0,0.0
MBX00524,2026-07-14,0,0,0,0,0.0
MBX00524,2026-07-15,0,1,0,1,0.0
MBX00524,2026-07-16,0,0,0,0,0.0
MBX00524,2026-07-17,0,0,0,0,0.0
MBX00524,2026-07-18,0,0,0,0,0.0
MBX00524,2026-07-19,0,1,0,0,0.0
MBX00524,2026-07-20,0,1,1,0,100.0
MBX00524,2026-07-21,0,1,0,0,0.0
MBX00524,2026-07-22,0,1,0,0,0.0
MBX00524,2026-07-23,0,2,0,0,0.0
MBX00524,2026-07-24,0,1,0,0,0.0
MBX00663,2026-04-26,4,7,0,0,0.0
MBX00663,2026-04-27,29,60,5,1,8.33
MBX00663,2026-04-28,34,50,5,1,10.0
MBX00663,2026-04-29,22,56,5,2,8.93
MBX00663,2026-04-30,32,48,0,0,0.0
MBX00663,2026-05-01,33,77,7,1,9.09
MBX00663,2026-05-02,6,8,0,0,0.0
MBX00663,2026-05-03,4,9,1,0,11.11
MBX00663,2026-05-04,32,66,6,1,9.09
MBX00663,2026-05-05,22,72,4,1,5.56
MBX00663,2026-05-06,20,55,4,0,7.27
MBX00663,2026-05-07,32,63,5,2,7.94
MBX00663,2026-05-08,22,65,4,1,6.15
MBX00663,2026-05-09,2,6,1,0,16.67
MBX00663,2026-05-10,6,7,1,0,14.29
MBX00663,2026-05-11,28,61,0,3,0.0
MBX00663,2026-05-12,25,69,3,0,4.35
MBX00663,2026-05-13,25,80,5,3,6.25
MBX00663,2026-05-14,24,72,5,0,6.94
MBX00663,2026-05-15,36,68,1,1,1.47
MBX00663,2026-05-16,3,8,0,0,0.0
MBX00663,2026-05-17,4,5,1,0,20.0
MBX00663,2026-05-18,22,63,8,0,12.7
MBX00663,2026-05-19,34,63,4,1,6.35
MBX00663,2026-05-20,20,65,3,0,4.62
MBX00663,2026-05-21,28,48,1,0,2.08
MBX00663,2026-05-22,18,60,6,1,10.0
MBX00663,2026-05-23,1,10,1,1,10.0
MBX00663,2026-05-24,2,6,0,1,0.0
MBX00663,2026-05-25,24,61,2,1,3.28
MBX00663,2026-05-26,28,61,2,1,3.28
MBX00663,2026-05-27,20,65,5,1,7.69
MBX00663,2026-05-28,24,54,2,0,3.7
MBX00663,2026-05-29,30,61,1,0,1.64
MBX00663,2026-05-30,2,7,0,0,0.0
MBX00663,2026-05-31,5,11,0,1,0.0
MBX00663,2026-06-01,30,59,3,1,5.08
MBX00663,2026-06-02,21,63,3,0,4.76
MBX00663,2026-06-03,20,59,10,2,16.95
MBX00663,2026-06-04,23,68,3,1,4.41
MBX00663,2026-06-05,19,54,4,1,7.41
MBX00663,2026-06-06,3,3,0,1,0.0
MBX00663,2026-06-07,0,12,0,0,0.0
MBX00663,2026-06-08,24,58,6,0,10.34
MBX00663,2026-06-09,14,70,3,1,4.29
MBX00663,2026-06-10,16,58,6,0,10.34
MBX00663,2026-06-11,22,66,6,1,9.09
MBX00663,2026-06-12,28,60,2,0,3.33
MBX00663,2026-06-13,0,12,1,0,8.33
MBX00663,2026-06-14,2,11,1,0,9.09
MBX00663,2026-06-15,22,57,4,2,7.02
MBX00663,2026-06-16,29,61,7,1,11.48
MBX00663,2026-06-17,17,65,4,1,6.15
MBX00663,2026-06-18,29,53,1,0,1.89
MBX00663,2026-06-19,22,49,5,1,10.2
MBX00663,2026-06-20,3,6,0,0,0.0
MBX00663,2026-06-21,4,13,0,0,0.0
MBX00663,2026-06-22,21,66,4,2,6.06
MBX00663,2026-06-23,27,65,2,0,3.08
MBX00663,2026-06-24,24,67,5,0,7.46
MBX00663,2026-06-25,28,54,2,1,3.7
MBX00663,2026-06-26,23,49,7,1,14.29
MBX00663,2026-06-27,0,5,0,0,0.0
MBX00663,2026-06-28,4,11,0,0,0.0
MBX00663,2026-06-29,30,47,2,0,4.26
MBX00663,2026-06-30,21,64,6,0,9.38
MBX00663,2026-07-01,25,68,5,1,7.35
MBX00663,2026-07-02,36,60,3,1,5.0
MBX00663,2026-07-03,19,57,2,0,3.51
MBX00663,2026-07-04,4,8,0,0,0.0
MBX00663,2026-07-05,3,17,0,0,0.0
MBX00663,2026-07-06,27,52,4,1,7.69
MBX00663,2026-07-07,29,64,4,2,6.25
MBX00663,2026-07-08,24,70,4,1,5.71
MBX00663,2026-07-09,27,58,5,1,8.62
MBX00663,2026-07-10,20,63,9,2,14.29
MBX00663,2026-07-11,3,7,2,0,28.57
MBX00663,2026-07-12,4,6,0,0,0.0
MBX00663,2026-07-13,25,63,3,3,4.76
MBX00663,2026-07-14,24,62,6,1,9.68
MBX00663,2026-07-15,22,53,3,2,5.66
MBX00663,2026-07-16,29,56,1,4,1.79
MBX00663,2026-07-17,18,61,2,1,3.28
MBX00663,2026-07-18,6,2,0,0,0.0
MBX00663,2026-07-19,7,10,1,0,10.0
MBX00663,2026-07-20,23,52,5,1,9.62
MBX00663,2026-07-21,28,71,3,3,4.23
MBX00663,2026-07-22,17,51,5,0,9.8
MBX00663,2026-07-23,26,49,4,1,8.16
MBX00663,2026-07-24,29,61,1,2,1.64
MBX00026,2026-04-26,3,9,0,0,0.0
MBX00026,2026-04-27,25,78,5,0,6.41
MBX00026,2026-04-28,26,70,2,2,2.86
MBX00026,2026-04-29,40,59,2,2,3.39
MBX00026,2026-04-30,26,66,3,0,4.55
MBX00026,2026-05-01,31,73,7,1,9.59
MBX00026,2026-05-02,3,13,0,0,0.0
MBX00026,2026-05-03,4,11,1,0,9.09
MBX00026,2026-05-04,44,81,5,1,6.17
MBX00026,2026-05-05,33,73,3,1,4.11
MBX00026,2026-05-06,34,72,3,0,4.17
MBX00026,2026-05-07,28,55,3,0,5.45
MBX00026,2026-05-08,35,74,4,1,5.41
MBX00026,2026-05-09,4,9,1,0,11.11
MBX00026,2026-05-10,9,9,0,0,0.0
MBX00026,2026-05-11,38,70,3,0,4.29
MBX00026,2026-05-12,28,53,2,0,3.77
MBX00026,2026-05-13,30,68,5,0,7.35
MBX00026,2026-05-14,36,60,3,0,5.0
MBX00026,2026-05-15,38,63,4,0,6.35
MBX00026,2026-05-16,3,10,1,0,10.0
MBX00026,2026-05-17,1,14,2,0,14.29
MBX00026,2026-05-18,50,52,3,0,5.77
MBX00026,2026-05-19,31,57,0,3,0.0
MBX00026,2026-05-20,26,61,1,0,1.64
MBX00026,2026-05-21,36,55,3,2,5.45
MBX00026,2026-05-22,33,44,2,1,4.55
MBX00026,2026-05-23,6,16,1,0,6.25
MBX00026,2026-05-24,1,12,2,0,16.67
MBX00026,2026-05-25,36,53,1,1,1.89
MBX00026,2026-05-26,30,64,3,0,4.69
MBX00026,2026-05-27,30,73,3,0,4.11
MBX00026,2026-05-28,35,72,4,0,5.56
MBX00026,2026-05-29,45,59,3,1,5.08
MBX00026,2026-05-30,5,13,0,0,0.0
MBX00026,2026-05-31,3,11,0,1,0.0
MBX00026,2026-06-01,34,68,3,0,4.41
MBX00026,2026-06-02,34,67,1,1,1.49
MBX00026,2026-06-03,32,67,8,0,11.94
MBX00026,2026-06-04,26,70,5,1,7.14
MBX00026,2026-06-05,27,65,2,1,3.08
MBX00026,2026-06-06,3,11,0,0,0.0
MBX00026,2026-06-07,4,10,0,0,0.0
MBX00026,2026-06-08,33,66,1,1,1.52
MBX00026,2026-06-09,32,58,1,2,1.72
MBX00026,2026-06-10,36,58,5,0,8.62
MBX00026,2026-06-11,27,69,9,0,13.04
MBX00026,2026-06-12,33,55,4,1,7.27
MBX00026,2026-06-13,6,7,0,0,0.0
MBX00026,2026-06-14,5,14,0,1,0.0
MBX00026,2026-06-15,33,61,5,1,8.2
MBX00026,2026-06-16,34,74,8,1,10.81
MBX00026,2026-06-17,29,69,4,1,5.8
MBX00026,2026-06-18,25,64,3,1,4.69
MBX00026,2026-06-19,43,65,4,1,6.15
MBX00026,2026-06-20,2,12,0,0,0.0
MBX00026,2026-06-21,3,10,1,0,10.0
MBX00026,2026-06-22,26,65,1,2,1.54
MBX00026,2026-06-23,32,56,5,2,8.93
MBX00026,2026-06-24,28,61,5,1,8.2
MBX00026,2026-06-25,31,55,3,1,5.45
MBX00026,2026-06-26,37,62,4,0,6.45
MBX00026,2026-06-27,5,7,0,1,0.0
MBX00026,2026-06-28,7,5,0,0,0.0
MBX00026,2026-06-29,33,61,4,1,6.56
MBX00026,2026-06-30,28,55,4,1,7.27
MBX00026,2026-07-01,35,71,5,1,7.04
MBX00026,2026-07-02,43,86,6,1,6.98
MBX00026,2026-07-03,33,68,3,0,4.41
MBX00026,2026-07-04,8,16,2,2,12.5
MBX00026,2026-07-05,9,4,0,0,0.0
MBX00026,2026-07-06,29,51,3,2,5.88
MBX00026,2026-07-07,40,77,2,2,2.6
MBX00026,2026-07-08,22,78,9,2,11.54
MBX00026,2026-07-09,42,67,4,1,5.97
MBX00026,2026-07-10,24,67,3,0,4.48
MBX00026,2026-07-11,2,10,0,0,0.0
MBX00026,2026-07-12,7,15,0,0,0.0
MBX00026,2026-07-13,33,62,3,1,4.84
MBX00026,2026-07-14,32,73,4,0,5.48
MBX00026,2026-07-15,26,69,4,0,5.8
MBX00026,2026-07-16,33,61,3,0,4.92
MBX00026,2026-07-17,35,84,8,1,9.52
MBX00026,2026-07-18,10,11,2,0,18.18
MBX00026,2026-07-19,6,7,0,0,0.0
MBX00026,2026-07-20,29,52,3,0,5.77
MBX00026,2026-07-21,26,57,4,0,7.02
MBX00026,2026-07-22,36,63,1,0,1.59
MBX00026,2026-07-23,37,60,6,1,10.0
MBX00026,2026-07-24,32,56,4,0,7.14
MBX00527,2026-04-26,4,9,1,1,11.11
MBX00527,2026-04-27,22,33,1,0,3.03
MBX00527,2026-04-28,17,49,4,1,8.16
MBX00527,2026-04-29,22,34,2,1,5.88
MBX00527,2026-04-30,28,31,3,0,9.68
MBX00527,2026-05-01,20,33,1,1,3.03
MBX00527,2026-05-02,2,8,0,0,0.0
MBX00527,2026-05-03,5,8,1,0,12.5
MBX00527,2026-05-04,21,42,2,0,4.76
MBX00527,2026-05-05,20,28,1,0,3.57
MBX00527,2026-05-06,18,40,2,0,5.0
MBX00527,2026-05-07,27,29,2,0,6.9
MBX00527,2026-05-08,35,42,1,0,2.38
MBX00527,2026-05-09,6,3,0,0,0.0
MBX00527,2026-05-10,2,5,0,0,0.0
MBX00527,2026-05-11,27,34,0,2,0.0
MBX00527,2026-05-12,24,38,3,1,7.89
MBX00527,2026-05-13,19,38,0,0,0.0
MBX00527,2026-05-14,15,34,6,1,17.65
MBX00527,2026-05-15,20,33,2,0,6.06
MBX00527,2026-05-16,7,7,1,1,14.29
MBX00527,2026-05-17,2,3,0,0,0.0
MBX00527,2026-05-18,25,42,1,1,2.38
MBX00527,2026-05-19,21,52,4,2,7.69
MBX00527,2026-05-20,21,27,0,0,0.0
MBX00527,2026-05-21,23,33,0,2,0.0
MBX00527,2026-05-22,30,25,2,1,8.0
MBX00527,2026-05-23,4,7,1,0,14.29
MBX00527,2026-05-24,4,1,0,0,0.0
MBX00527,2026-05-25,20,36,3,0,8.33
MBX00527,2026-05-26,26,46,2,1,4.35
MBX00527,2026-05-27,21,22,0,0,0.0
MBX00527,2026-05-28,21,31,0,0,0.0
MBX00527,2026-05-29,21,34,1,1,2.94
MBX00527,2026-05-30,2,8,0,0,0.0
MBX00527,2026-05-31,3,5,1,0,20.0
MBX00527,2026-06-01,27,45,4,0,8.89
MBX00527,2026-06-02,27,38,2,0,5.26
MBX00527,2026-06-03,26,43,3,0,6.98
MBX00527,2026-06-04,24,27,2,0,7.41
MBX00527,2026-06-05,30,37,4,1,10.81
MBX00527,2026-06-06,4,5,0,0,0.0
MBX00527,2026-06-07,5,7,0,0,0.0
MBX00527,2026-06-08,20,42,1,0,2.38
MBX00527,2026-06-09,25,37,1,3,2.7
MBX00527,2026-06-10,16,40,3,3,7.5
MBX00527,2026-06-11,20,33,1,0,3.03
MBX00527,2026-06-12,35,46,1,0,2.17
MBX00527,2026-06-13,3,4,0,0,0.0
MBX00527,2026-06-14,0,8,0,0,0.0
MBX00527,2026-06-15,25,35,1,0,2.86
MBX00527,2026-06-16,19,33,1,2,3.03
MBX00527,2026-06-17,32,34,1,0,2.94
MBX00527,2026-06-18,18,35,1,1,2.86
MBX00527,2026-06-19,28,46,3,2,6.52
MBX00527,2026-06-20,5,9,0,0,0.0
MBX00527,2026-06-21,4,6,0,0,0.0
MBX00527,2026-06-22,27,36,4,3,11.11
MBX00527,2026-06-23,18,28,1,1,3.57
MBX00527,2026-06-24,15,24,2,0,8.33
MBX00527,2026-06-25,22,34,1,1,2.94
MBX00527,2026-06-26,15,42,7,0,16.67
MBX00527,2026-06-27,3,3,0,1,0.0
MBX00527,2026-06-28,3,3,1,0,33.33
MBX00527,2026-06-29,26,34,5,1,14.71
MBX00527,2026-06-30,17,38,3,2,7.89
MBX00527,2026-07-01,33,40,1,1,2.5
MBX00527,2026-07-02,18,42,5,0,11.9
MBX00527,2026-07-03,18,28,1,1,3.57
MBX00527,2026-07-04,3,0,0,0,0.0
MBX00527,2026-07-05,2,6,1,0,16.67
MBX00527,2026-07-06,26,49,4,1,8.16
MBX00527,2026-07-07,27,39,2,0,5.13
MBX00527,2026-07-08,20,36,3,0,8.33
MBX00527,2026-07-09,26,32,3,1,9.38
MBX00527,2026-07-10,21,38,2,0,5.26
MBX00527,2026-07-11,2,6,0,1,0.0
MBX00527,2026-07-12,9,0,0,0,0.0
MBX00527,2026-07-13,28,34,2,1,5.88
MBX00527,2026-07-14,25,33,2,1,6.06
MBX00527,2026-07-15,24,36,1,0,2.78
MBX00527,2026-07-16,26,25,3,0,12.0
MBX00527,2026-07-17,22,36,0,1,0.0
MBX00527,2026-07-18,3,2,0,0,0.0
MBX00527,2026-07-19,3,7,1,1,14.29
MBX00527,2026-07-20,29,45,2,0,4.44
MBX00527,2026-07-21,29,45,2,1,4.44
MBX00527,2026-07-22,21,40,6,0,15.0
MBX00527,2026-07-23,31,40,3,0,7.5
MBX00527,2026-07-24,24,42,6,0,14.29
MBX00118,2026-04-26,5,17,1,1,5.88
MBX00118,2026-04-27,26,108,4,1,3.7
MBX00118,2026-04-28,23,71,7,1,9.86
MBX00118,2026-04-29,25,99,4,2,4.04
MBX00118,2026-04-30,25,95,1,1,1.05
MBX00118,2026-05-01,36,93,7,0,7.53
MBX00118,2026-05-02,2,10,0,0,0.0
MBX00118,2026-05-03,5,11,1,0,9.09
MBX00118,2026-05-04,20,104,3,1,2.88
MBX00118,2026-05-05,33,108,7,3,6.48
MBX00118,2026-05-06,20,82,4,1,4.88
MBX00118,2026-05-07,35,99,10,2,10.1
MBX00118,2026-05-08,31,85,3,0,3.53
MBX00118,2026-05-09,2,15,0,1,0.0
MBX00118,2026-05-10,9,22,1,1,4.55
MBX00118,2026-05-11,30,107,5,1,4.67
MBX00118,2026-05-12,29,77,8,3,10.39
MBX00118,2026-05-13,25,86,9,2,10.47
MBX00118,2026-05-14,34,101,3,0,2.97
MBX00118,2026-05-15,24,80,5,1,6.25
MBX00118,2026-05-16,6,18,0,0,0.0
MBX00118,2026-05-17,5,17,0,0,0.0
MBX00118,2026-05-18,33,93,8,0,8.6
MBX00118,2026-05-19,34,102,5,2,4.9
MBX00118,2026-05-20,36,98,6,0,6.12
MBX00118,2026-05-21,31,83,9,0,10.84
MBX00118,2026-05-22,27,99,6,1,6.06
MBX00118,2026-05-23,3,18,0,0,0.0
MBX00118,2026-05-24,0,14,2,1,14.29
MBX00118,2026-05-25,33,105,4,1,3.81
MBX00118,2026-05-26,23,96,3,1,3.12
MBX00118,2026-05-27,23,104,7,3,6.73
MBX00118,2026-05-28,21,103,6,3,5.83
MBX00118,2026-05-29,24,92,8,0,8.7
MBX00118,2026-05-30,3,13,0,0,0.0
MBX00118,2026-05-31,5,12,0,1,0.0
MBX00118,2026-06-01,26,87,3,0,3.45
MBX00118,2026-06-02,34,99,7,1,7.07
MBX00118,2026-06-03,26,80,7,0,8.75
MBX00118,2026-06-04,28,98,6,1,6.12
MBX00118,2026-06-05,28,80,8,2,10.0
MBX00118,2026-06-06,1,15,0,1,0.0
MBX00118,2026-06-07,5,18,0,0,0.0
MBX00118,2026-06-08,28,89,3,2,3.37
MBX00118,2026-06-09,19,99,9,0,9.09
MBX00118,2026-06-10,17,96,3,0,3.12
MBX00118,2026-06-11,32,87,5,0,5.75
MBX00118,2026-06-12,21,83,5,1,6.02
MBX00118,2026-06-13,3,8,0,0,0.0
MBX00118,2026-06-14,5,18,2,0,11.11
MBX00118,2026-06-15,33,112,12,4,10.71
MBX00118,2026-06-16,32,104,5,4,4.81
MBX00118,2026-06-17,33,109,8,1,7.34
MBX00118,2026-06-18,23,92,4,3,4.35
MBX00118,2026-06-19,29,73,6,0,8.22
MBX00118,2026-06-20,2,13,1,0,7.69
MBX00118,2026-06-21,2,21,3,0,14.29
MBX00118,2026-06-22,28,77,5,2,6.49
MBX00118,2026-06-23,24,97,7,1,7.22
MBX00118,2026-06-24,21,105,6,1,5.71
MBX00118,2026-06-25,34,108,6,2,5.56
MBX00118,2026-06-26,28,101,5,4,4.95
MBX00118,2026-06-27,3,11,0,0,0.0
MBX00118,2026-06-28,3,19,1,0,5.26
MBX00118,2026-06-29,26,99,5,1,5.05
MBX00118,2026-06-30,29,82,6,1,7.32
MBX00118,2026-07-01,19,96,4,1,4.17
MBX00118,2026-07-02,32,103,1,2,0.97
MBX00118,2026-07-03,29,69,5,1,7.25
MBX00118,2026-07-04,4,25,1,1,4.0
MBX00118,2026-07-05,1,10,1,0,10.0
MBX00118,2026-07-06,24,111,5,1,4.5
MBX00118,2026-07-07,25,89,2,1,2.25
MBX00118,2026-07-08,39,85,1,1,1.18
MBX00118,2026-07-09,32,100,1,2,1.0
MBX00118,2026-07-10,32,100,7,1,7.0
MBX00118,2026-07-11,4,13,1,0,7.69
MBX00118,2026-07-12,5,13,3,0,23.08
MBX00118,2026-07-13,20,79,4,2,5.06
MBX00118,2026-07-14,27,90,9,0,10.0
MBX00118,2026-07-15,28,98,9,5,9.18
MBX00118,2026-07-16,25,103,9,2,8.74
MBX00118,2026-07-17,21,74,4,0,5.41
MBX00118,2026-07-18,5,11,2,0,18.18
MBX00118,2026-07-19,2,16,0,0,0.0
MBX00118,2026-07-20,19,83,4,1,4.82
MBX00118,2026-07-21,31,103,2,0,1.94
MBX00118,2026-07-22,37,93,6,0,6.45
MBX00118,2026-07-23,26,111,10,3,9.01
MBX00118,2026-07-24,22,85,4,1,4.71
MBX00513,2026-04-26,7,2,0,0,0.0
MBX00513,2026-04-27,42,37,1,1,2.7
MBX00513,2026-04-28,34,32,2,2,6.25
MBX00513,2026-04-29,35,45,4,0,8.89
MBX00513,2026-04-30,37,48,3,1,6.25
MBX00513,2026-05-01,37,43,1,2,2.33
MBX00513,2026-05-02,2,7,1,0,14.29
MBX00513,2026-05-03,7,9,2,0,22.22
MBX00513,2026-05-04,30,33,3,0,9.09
MBX00513,2026-05-05,34,44,6,0,13.64
MBX00513,2026-05-06,40,60,8,0,13.33
MBX00513,2026-05-07,34,35,1,1,2.86
MBX00513,2026-05-08,48,45,2,0,4.44
MBX00513,2026-05-09,7,2,0,0,0.0
MBX00513,2026-05-10,7,3,0,1,0.0
MBX00513,2026-05-11,32,37,2,1,5.41
MBX00513,2026-05-12,23,31,4,0,12.9
MBX00513,2026-05-13,36,34,0,1,0.0
MBX00513,2026-05-14,43,33,4,1,12.12
MBX00513,2026-05-15,34,37,0,0,0.0
MBX00513,2026-05-16,3,4,0,0,0.0
MBX00513,2026-05-17,11,5,1,1,20.0
MBX00513,2026-05-18,32,35,4,1,11.43
MBX00513,2026-05-19,37,38,2,1,5.26
MBX00513,2026-05-20,27,41,4,2,9.76
MBX00513,2026-05-21,34,43,3,1,6.98
MBX00513,2026-05-22,33,36,4,1,11.11
MBX00513,2026-05-23,3,8,0,1,0.0
MBX00513,2026-05-24,8,12,1,0,8.33
MBX00513,2026-05-25,40,30,2,0,6.67
MBX00513,2026-05-26,35,44,4,2,9.09
MBX00513,2026-05-27,39,40,3,0,7.5
MBX00513,2026-05-28,29,44,2,1,4.55
MBX00513,2026-05-29,33,42,1,1,2.38
MBX00513,2026-05-30,5,9,1,0,11.11
MBX00513,2026-05-31,8,6,0,0,0.0
MBX00513,2026-06-01,47,25,2,0,8.0
MBX00513,2026-06-02,39,41,3,2,7.32
MBX00513,2026-06-03,47,31,1,2,3.23
MBX00513,2026-06-04,35,35,3,0,8.57
MBX00513,2026-06-05,32,48,3,0,6.25
MBX00513,2026-06-06,2,3,0,0,0.0
MBX00513,2026-06-07,1,6,2,0,33.33
MBX00513,2026-06-08,36,47,3,0,6.38
MBX00513,2026-06-09,39,36,4,1,11.11
MBX00513,2026-06-10,37,31,1,2,3.23
MBX00513,2026-06-11,40,45,4,0,8.89
MBX00513,2026-06-12,35,38,4,4,10.53
MBX00513,2026-06-13,10,4,2,0,50.0
MBX00513,2026-06-14,6,6,0,1,0.0
MBX00513,2026-06-15,36,31,5,0,16.13
MBX00513,2026-06-16,39,35,0,0,0.0
MBX00513,2026-06-17,44,47,5,3,10.64
MBX00513,2026-06-18,31,54,6,1,11.11
MBX00513,2026-06-19,33,32,3,3,9.38
MBX00513,2026-06-20,3,7,1,0,14.29
MBX00513,2026-06-21,4,6,0,1,0.0
MBX00513,2026-06-22,36,38,0,0,0.0
MBX00513,2026-06-23,30,50,3,0,6.0
MBX00513,2026-06-24,28,41,4,1,9.76
MBX00513,2026-06-25,37,42,4,0,9.52
MBX00513,2026-06-26,30,45,3,0,6.67
MBX00513,2026-06-27,6,2,0,0,0.0
MBX00513,2026-06-28,6,8,1,1,12.5
MBX00513,2026-06-29,34,30,2,0,6.67
MBX00513,2026-06-30,31,34,3,0,8.82
MBX00513,2026-07-01,35,33,3,0,9.09
MBX00513,2026-07-02,43,50,3,2,6.0
MBX00513,2026-07-03,41,41,6,1,14.63
MBX00513,2026-07-04,5,0,0,0,0.0
MBX00513,2026-07-05,6,3,0,0,0.0
MBX00513,2026-07-06,31,46,1,0,2.17
MBX00513,2026-07-07,26,36,1,0,2.78
MBX00513,2026-07-08,33,40,2,1,5.0
MBX00513,2026-07-09,38,38,3,1,7.89
MBX00513,2026-07-10,36,39,1,1,2.56
MBX00513,2026-07-11,4,9,0,0,0.0
MBX00513,2026-07-12,5,6,0,0,0.0
MBX00513,2026-07-13,36,44,2,0,4.55
MBX00513,2026-07-14,34,35,2,3,5.71
MBX00513,2026-07-15,43,37,5,0,13.51
MBX00513,2026-07-16,42,46,2,4,4.35
MBX00513,2026-07-17,36,36,2,1,5.56
MBX00513,2026-07-18,5,3,1,0,33.33
MBX00513,2026-07-19,5,8,0,0,0.0
MBX00513,2026-07-20,35,45,1,0,2.22
MBX00513,2026-07-21,31,45,1,1,2.22
MBX00513,2026-07-22,29,34,2,1,5.88
MBX00513,2026-07-23,37,39,7,0,17.95
MBX00513,2026-07-24,38,46,1,2,2.17
MBX00656,2026-04-26,3,16,0,0,0.0
MBX00656,2026-04-27,24,114,9,0,7.89
MBX00656,2026-04-28,36,124,9,0,7.26
MBX00656,2026-04-29,35,111,8,3,7.21
MBX00656,2026-04-30,26,100,6,1,6.0
MBX00656,2026-05-01,45,119,17,2,14.29
MBX00656,2026-05-02,3,13,0,0,0.0
MBX00656,2026-05-03,4,10,1,0,10.0
MBX00656,2026-05-04,33,92,4,2,4.35
MBX00656,2026-05-05,34,119,8,3,6.72
MBX00656,2026-05-06,21,105,5,1,4.76
MBX00656,2026-05-07,33,107,10,0,9.35
MBX00656,2026-05-08,31,104,4,0,3.85
MBX00656,2026-05-09,6,10,0,0,0.0
MBX00656,2026-05-10,3,16,0,0,0.0
MBX00656,2026-05-11,30,105,5,1,4.76
MBX00656,2026-05-12,27,104,8,0,7.69
MBX00656,2026-05-13,30,104,5,1,4.81
MBX00656,2026-05-14,37,118,12,2,10.17
MBX00656,2026-05-15,35,106,10,0,9.43
MBX00656,2026-05-16,5,26,0,2,0.0
MBX00656,2026-05-17,6,15,0,0,0.0
MBX00656,2026-05-18,30,106,9,2,8.49
MBX00656,2026-05-19,41,87,7,0,8.05
MBX00656,2026-05-20,29,113,12,2,10.62
MBX00656,2026-05-21,37,93,6,1,6.45
MBX00656,2026-05-22,28,84,7,1,8.33
MBX00656,2026-05-23,3,15,2,0,13.33
MBX00656,2026-05-24,11,10,0,1,0.0
MBX00656,2026-05-25,24,97,7,1,7.22
MBX00656,2026-05-26,37,99,9,1,9.09
MBX00656,2026-05-27,28,120,7,0,5.83
MBX00656,2026-05-28,40,115,6,1,5.22
MBX00656,2026-05-29,33,104,3,2,2.88
MBX00656,2026-05-30,4,14,1,0,7.14
MBX00656,2026-05-31,5,11,1,0,9.09
MBX00656,2026-06-01,29,95,7,0,7.37
MBX00656,2026-06-02,31,108,4,1,3.7
MBX00656,2026-06-03,33,103,6,0,5.83
MBX00656,2026-06-04,30,87,1,1,1.15
MBX00656,2026-06-05,19,111,8,0,7.21
MBX00656,2026-06-06,9,12,0,0,0.0
MBX00656,2026-06-07,2,25,0,0,0.0
MBX00656,2026-06-08,27,106,10,1,9.43
MBX00656,2026-06-09,37,100,7,4,7.0
MBX00656,2026-06-10,27,95,6,3,6.32
MBX00656,2026-06-11,37,112,6,4,5.36
MBX00656,2026-06-12,36,124,7,4,5.65
MBX00656,2026-06-13,6,21,1,0,4.76
MBX00656,2026-06-14,6,12,1,0,8.33
MBX00656,2026-06-15,27,97,3,3,3.09
MBX00656,2026-06-16,37,97,3,1,3.09
MBX00656,2026-06-17,34,99,7,0,7.07
MBX00656,2026-06-18,36,94,6,1,6.38
MBX00656,2026-06-19,33,96,1,2,1.04
MBX00656,2026-06-20,4,16,1,0,6.25
MBX00656,2026-06-21,2,20,1,0,5.0
MBX00656,2026-06-22,35,97,3,1,3.09
MBX00656,2026-06-23,25,114,7,2,6.14
MBX00656,2026-06-24,26,98,11,0,11.22
MBX00656,2026-06-25,35,110,6,0,5.45
MBX00656,2026-06-26,26,101,7,1,6.93
MBX00656,2026-06-27,2,19,1,0,5.26
MBX00656,2026-06-28,5,10,1,0,10.0
MBX00656,2026-06-29,33,125,10,5,8.0
MBX00656,2026-06-30,34,107,6,1,5.61
MBX00656,2026-07-01,37,118,11,3,9.32
MBX00656,2026-07-02,36,98,4,1,4.08
MBX00656,2026-07-03,27,103,7,2,6.8
MBX00656,2026-07-04,6,18,1,0,5.56
MBX00656,2026-07-05,7,15,3,0,20.0
MBX00656,2026-07-06,38,79,8,2,10.13
MBX00656,2026-07-07,39,103,2,1,1.94
MBX00656,2026-07-08,38,117,6,0,5.13
MBX00656,2026-07-09,30,118,5,1,4.24
MBX00656,2026-07-10,16,107,7,2,6.54
MBX00656,2026-07-11,4,17,2,0,11.76
MBX00656,2026-07-12,8,14,1,0,7.14
MBX00656,2026-07-13,35,132,9,0,6.82
MBX00656,2026-07-14,35,112,5,3,4.46
MBX00656,2026-07-15,26,108,5,2,4.63
MBX00656,2026-07-16,35,100,8,1,8.0
MBX00656,2026-07-17,44,105,6,1,5.71
MBX00656,2026-07-18,4,20,1,0,5.0
MBX00656,2026-07-19,2,14,0,1,0.0
MBX00656,2026-07-20,33,109,7,0,6.42
MBX00656,2026-07-21,29,114,4,0,3.51
MBX00656,2026-07-22,23,97,6,1,6.19
MBX00656,2026-07-23,26,104,10,1,9.62
MBX00656,2026-07-24,33,116,8,3,6.9
MBX00265,2026-04-26,3,8,0,0,0.0
MBX00265,2026-04-27,25,41,3,1,7.32
MBX00265,2026-04-28,26,46,4,0,8.7
MBX00265,2026-04-29,16,37,4,0,10.81
MBX00265,2026-04-30,24,42,4,1,9.52
MBX00265,2026-05-01,32,51,0,0,0.0
MBX00265,2026-05-02,7,8,0,1,0.0
MBX00265,2026-05-03,8,5,0,0,0.0
MBX00265,2026-05-04,28,42,1,1,2.38
MBX00265,2026-05-05,23,47,4,0,8.51
MBX00265,2026-05-06,21,43,2,1,4.65
MBX00265,2026-05-07,23,60,7,1,11.67
MBX00265,2026-05-08,25,53,4,1,7.55
MBX00265,2026-05-09,3,4,0,0,0.0
MBX00265,2026-05-10,9,8,3,0,37.5
MBX00265,2026-05-11,25,53,7,0,13.21
MBX00265,2026-05-12,25,47,1,0,2.13
MBX00265,2026-05-13,23,39,2,0,5.13
MBX00265,2026-05-14,18,50,1,1,2.0
MBX00265,2026-05-15,26,48,3,2,6.25
MBX00265,2026-05-16,2,7,1,0,14.29
MBX00265,2026-05-17,3,5,0,0,0.0
MBX00265,2026-05-18,21,54,8,1,14.81
MBX00265,2026-05-19,21,61,1,0,1.64
MBX00265,2026-05-20,23,50,0,0,0.0
MBX00265,2026-05-21,28,62,2,0,3.23
MBX00265,2026-05-22,34,56,3,0,5.36
MBX00265,2026-05-23,4,5,1,0,20.0
MBX00265,2026-05-24,1,6,1,0,16.67
MBX00265,2026-05-25,25,52,5,0,9.62
MBX00265,2026-05-26,21,53,3,1,5.66
MBX00265,2026-05-27,16,43,4,0,9.3
MBX00265,2026-05-28,31,48,2,1,4.17
MBX00265,2026-05-29,27,56,3,3,5.36
MBX00265,2026-05-30,6,4,0,1,0.0
MBX00265,2026-05-31,4,7,0,0,0.0
MBX00265,2026-06-01,30,50,1,0,2.0
MBX00265,2026-06-02,23,54,3,0,5.56
MBX00265,2026-06-03,23,55,2,0,3.64
MBX00265,2026-06-04,22,55,4,0,7.27
MBX00265,2026-06-05,19,52,3,2,5.77
MBX00265,2026-06-06,6,7,0,0,0.0
MBX00265,2026-06-07,1,8,2,0,25.0
MBX00265,2026-06-08,23,54,4,0,7.41
MBX00265,2026-06-09,22,46,2,0,4.35
MBX00265,2026-06-10,25,41,6,1,14.63
MBX00265,2026-06-11,22,57,4,0,7.02
MBX00265,2026-06-12,30,44,2,0,4.55
MBX00265,2026-06-13,4,16,1,0,6.25
MBX00265,2026-06-14,7,6,1,0,16.67
MBX00265,2026-06-15,26,59,4,1,6.78
MBX00265,2026-06-16,20,41,0,0,0.0
MBX00265,2026-06-17,28,46,3,1,6.52
MBX00265,2026-06-18,38,39,5,1,12.82
MBX00265,2026-06-19,27,49,2,1,4.08
MBX00265,2026-06-20,2,7,0,0,0.0
MBX00265,2026-06-21,2,6,1,1,16.67
MBX00265,2026-06-22,21,41,0,1,0.0
MBX00265,2026-06-23,28,50,9,0,18.0
MBX00265,2026-06-24,25,48,3,1,6.25
MBX00265,2026-06-25,31,46,2,1,4.35
MBX00265,2026-06-26,22,48,2,1,4.17
MBX00265,2026-06-27,5,8,0,0,0.0
MBX00265,2026-06-28,1,5,0,0,0.0
MBX00265,2026-06-29,30,62,2,0,3.23
MBX00265,2026-06-30,26,46,2,0,4.35
MBX00265,2026-07-01,22,52,2,1,3.85
MBX00265,2026-07-02,23,54,5,1,9.26
MBX00265,2026-07-03,32,51,3,0,5.88
MBX00265,2026-07-04,2,9,0,1,0.0
MBX00265,2026-07-05,2,5,0,0,0.0
MBX00265,2026-07-06,24,56,6,0,10.71
MBX00265,2026-07-07,27,51,6,2,11.76
MBX00265,2026-07-08,30,45,3,1,6.67
MBX00265,2026-07-09,23,60,5,0,8.33
MBX00265,2026-07-10,22,47,1,0,2.13
MBX00265,2026-07-11,2,8,0,0,0.0
MBX00265,2026-07-12,3,7,0,0,0.0
MBX00265,2026-07-13,21,49,4,1,8.16
MBX00265,2026-07-14,24,53,6,2,11.32
MBX00265,2026-07-15,21,45,2,0,4.44
MBX00265,2026-07-16,23,48,2,1,4.17
MBX00265,2026-07-17,29,58,2,1,3.45
MBX00265,2026-07-18,3,5,0,0,0.0
MBX00265,2026-07-19,6,9,1,0,11.11
MBX00265,2026-07-20,20,63,5,2,7.94
MBX00265,2026-07-21,29,41,4,0,9.76
MBX00265,2026-07-22,22,45,2,2,4.44
MBX00265,2026-07-23,23,63,1,1,1.59
MBX00265,2026-07-24,25,68,4,0,5.88
MBX00739,2026-04-26,0,7,2,0,28.57
MBX00739,2026-04-27,7,61,3,0,4.92
MBX00739,2026-04-28,8,48,1,0,2.08
MBX00739,2026-04-29,2,41,1,1,2.44
MBX00739,2026-04-30,7,57,1,0,1.75
MBX00739,2026-05-01,6,52,3,0,5.77
MBX00739,2026-05-02,1,4,0,0,0.0
MBX00739,2026-05-03,2,7,0,0,0.0
MBX00739,2026-05-04,5,56,0,1,0.0
MBX00739,2026-05-05,5,48,0,0,0.0
MBX00739,2026-05-06,4,49,1,0,2.04
MBX00739,2026-05-07,11,48,5,0,10.42
MBX00739,2026-05-08,8,49,5,0,10.2
MBX00739,2026-05-09,0,12,1,0,8.33
MBX00739,2026-05-10,0,10,1,0,10.0
MBX00739,2026-05-11,9,44,1,1,2.27
MBX00739,2026-05-12,5,46,3,0,6.52
MBX00739,2026-05-13,13,60,3,0,5.0
MBX00739,2026-05-14,12,47,3,0,6.38
MBX00739,2026-05-15,5,42,3,0,7.14
MBX00739,2026-05-16,1,8,0,0,0.0
MBX00739,2026-05-17,1,5,0,0,0.0
MBX00739,2026-05-18,5,44,2,1,4.55
MBX00739,2026-05-19,4,54,4,0,7.41
MBX00739,2026-05-20,8,49,3,0,6.12
MBX00739,2026-05-21,8,45,5,0,11.11
MBX00739,2026-05-22,6,46,2,1,4.35
MBX00739,2026-05-23,1,7,0,0,0.0
MBX00739,2026-05-24,0,4,0,0,0.0
MBX00739,2026-05-25,11,53,3,0,5.66
MBX00739,2026-05-26,6,46,3,0,6.52
MBX00739,2026-05-27,5,42,6,0,14.29
MBX00739,2026-05-28,12,51,1,1,1.96
MBX00739,2026-05-29,8,47,0,1,0.0
MBX00739,2026-05-30,3,5,0,0,0.0
MBX00739,2026-05-31,1,7,0,0,0.0
MBX00739,2026-06-01,11,58,1,2,1.72
MBX00739,2026-06-02,9,50,4,0,8.0
MBX00739,2026-06-03,7,51,2,0,3.92
MBX00739,2026-06-04,7,38,4,1,10.53
MBX00739,2026-06-05,8,54,2,1,3.7
MBX00739,2026-06-06,1,10,2,0,20.0
MBX00739,2026-06-07,2,10,1,0,10.0
MBX00739,2026-06-08,2,41,2,0,4.88
MBX00739,2026-06-09,6,48,1,0,2.08
MBX00739,2026-06-10,5,45,0,1,0.0
MBX00739,2026-06-11,4,72,3,0,4.17
MBX00739,2026-06-12,11,65,4,2,6.15
MBX00739,2026-06-13,0,5,0,0,0.0
MBX00739,2026-06-14,1,12,2,0,16.67
MBX00739,2026-06-15,4,38,0,1,0.0
MBX00739,2026-06-16,12,45,3,1,6.67
MBX00739,2026-06-17,7,48,7,1,14.58
MBX00739,2026-06-18,15,44,4,2,9.09
MBX00739,2026-06-19,9,41,2,0,4.88
MBX00739,2026-06-20,1,7,0,0,0.0
MBX00739,2026-06-21,1,5,1,0,20.0
MBX00739,2026-06-22,6,54,3,0,5.56
MBX00739,2026-06-23,10,45,2,0,4.44
MBX00739,2026-06-24,6,49,2,0,4.08
MBX00739,2026-06-25,4,51,1,2,1.96
MBX00739,2026-06-26,7,60,5,3,8.33
MBX00739,2026-06-27,2,7,1,0,14.29
MBX00739,2026-06-28,1,7,1,1,14.29
MBX00739,2026-06-29,11,37,3,1,8.11
MBX00739,2026-06-30,6,50,7,0,14.0
MBX00739,2026-07-01,6,43,4,0,9.3
MBX00739,2026-07-02,4,45,2,0,4.44
MBX00739,2026-07-03,4,44,2,0,4.55
MBX00739,2026-07-04,1,4,1,0,25.0
MBX00739,2026-07-05,2,3,0,0,0.0
MBX00739,2026-07-06,7,46,2,0,4.35
MBX00739,2026-07-07,10,45,2,1,4.44
MBX00739,2026-07-08,6,56,5,1,8.93
MBX00739,2026-07-09,7,57,2,1,3.51
MBX00739,2026-07-10,8,62,3,3,4.84
MBX00739,2026-07-11,1,8,0,0,0.0
MBX00739,2026-07-12,2,11,2,0,18.18
MBX00739,2026-07-13,6,63,2,0,3.17
MBX00739,2026-07-14,6,50,3,1,6.0
MBX00739,2026-07-15,2,34,0,1,0.0
MBX00739,2026-07-16,2,49,8,0,16.33
MBX00739,2026-07-17,2,36,1,0,2.78
MBX00739,2026-07-18,2,5,0,0,0.0
MBX00739,2026-07-19,2,8,0,1,0.0
MBX00739,2026-07-20,11,55,0,0,0.0
MBX00739,2026-07-21,3,48,3,1,6.25
MBX00739,2026-07-22,6,43,5,2,11.63
MBX00739,2026-07-23,5,54,2,0,3.7
MBX00739,2026-07-24,6,59,3,0,5.08
MBX00565,2026-04-26,5,6,0,0,0.0
MBX00565,2026-04-27,30,41,1,1,2.44
MBX00565,2026-04-28,35,46,4,0,8.7
MBX00565,2026-04-29,38,43,4,1,9.3
MBX00565,2026-04-30,38,38,5,0,13.16
MBX00565,2026-05-01,39,39,2,0,5.13
MBX00565,2026-05-02,6,12,0,0,0.0
MBX00565,2026-05-03,7,5,0,0,0.0
MBX00565,2026-05-04,48,53,5,0,9.43
MBX00565,2026-05-05,36,46,0,0,0.0
MBX00565,2026-05-06,36,39,3,2,7.69
MBX00565,2026-05-07,30,37,4,0,10.81
MBX00565,2026-05-08,28,49,2,2,4.08
MBX00565,2026-05-09,4,3,0,0,0.0
MBX00565,2026-05-10,8,8,2,0,25.0
MBX00565,2026-05-11,35,55,6,0,10.91
MBX00565,2026-05-12,35,35,6,1,17.14
MBX00565,2026-05-13,43,37,6,0,16.22
MBX00565,2026-05-14,37,48,0,3,0.0
MBX00565,2026-05-15,40,45,0,0,0.0
MBX00565,2026-05-16,5,8,1,0,12.5
MBX00565,2026-05-17,6,11,0,1,0.0
MBX00565,2026-05-18,35,39,2,0,5.13
MBX00565,2026-05-19,52,52,2,2,3.85
MBX00565,2026-05-20,37,34,1,0,2.94
MBX00565,2026-05-21,37,58,3,0,5.17
MBX00565,2026-05-22,32,44,4,0,9.09
MBX00565,2026-05-23,9,9,1,0,11.11
MBX00565,2026-05-24,14,6,0,0,0.0
MBX00565,2026-05-25,35,40,2,0,5.0
MBX00565,2026-05-26,27,46,4,1,8.7
MBX00565,2026-05-27,23,38,2,2,5.26
MBX00565,2026-05-28,42,57,4,2,7.02
MBX00565,2026-05-29,31,36,2,0,5.56
MBX00565,2026-05-30,1,3,0,0,0.0
MBX00565,2026-05-31,3,7,1,0,14.29
MBX00565,2026-06-01,39,51,4,0,7.84
MBX00565,2026-06-02,33,32,2,0,6.25
MBX00565,2026-06-03,48,38,1,0,2.63
MBX00565,2026-06-04,42,42,3,1,7.14
MBX00565,2026-06-05,32,48,3,0,6.25
MBX00565,2026-06-06,6,4,0,0,0.0
MBX00565,2026-06-07,1,6,0,0,0.0
MBX00565,2026-06-08,46,37,1,1,2.7
MBX00565,2026-06-09,46,45,2,3,4.44
MBX00565,2026-06-10,45,50,5,1,10.0
MBX00565,2026-06-11,46,48,0,1,0.0
MBX00565,2026-06-12,33,51,3,3,5.88
MBX00565,2026-06-13,4,7,1,0,14.29
MBX00565,2026-06-14,3,11,1,1,9.09
MBX00565,2026-06-15,54,44,3,0,6.82
MBX00565,2026-06-16,39,39,5,0,12.82
MBX00565,2026-06-17,46,49,2,1,4.08
MBX00565,2026-06-18,18,41,2,1,4.88
MBX00565,2026-06-19,33,46,5,0,10.87
MBX00565,2026-06-20,7,5,0,0,0.0
MBX00565,2026-06-21,6,5,1,1,20.0
MBX00565,2026-06-22,23,39,2,1,5.13
MBX00565,2026-06-23,41,38,3,3,7.89
MBX00565,2026-06-24,42,55,5,2,9.09
MBX00565,2026-06-25,41,54,4,0,7.41
MBX00565,2026-06-26,44,38,1,1,2.63
MBX00565,2026-06-27,5,11,0,0,0.0
MBX00565,2026-06-28,9,5,0,0,0.0
MBX00565,2026-06-29,41,49,5,2,10.2
MBX00565,2026-06-30,36,47,2,2,4.26
MBX00565,2026-07-01,35,35,6,1,17.14
MBX00565,2026-07-02,37,35,3,0,8.57
MBX00565,2026-07-03,43,48,1,1,2.08
MBX00565,2026-07-04,7,4,0,0,0.0
MBX00565,2026-07-05,9,5,0,0,0.0
MBX00565,2026-07-06,46,41,3,0,7.32
MBX00565,2026-07-07,34,55,6,0,10.91
MBX00565,2026-07-08,32,35,7,0,20.0
MBX00565,2026-07-09,49,55,5,0,9.09
MBX00565,2026-07-10,41,44,2,2,4.55
MBX00565,2026-07-11,10,5,0,0,0.0
MBX00565,2026-07-12,4,5,0,0,0.0
MBX00565,2026-07-13,35,37,4,1,10.81
MBX00565,2026-07-14,37,43,1,0,2.33
MBX00565,2026-07-15,43,55,3,0,5.45
MBX00565,2026-07-16,32,51,3,2,5.88
MBX00565,2026-07-17,34,43,2,0,4.65
MBX00565,2026-07-18,4,8,0,0,0.0
MBX00565,2026-07-19,2,6,0,0,0.0
MBX00565,2026-07-20,30,51,5,1,9.8
MBX00565,2026-07-21,38,51,2,0,3.92
MBX00565,2026-07-22,39,38,1,0,2.63
MBX00565,2026-07-23,36,35,2,0,5.71
MBX00565,2026-07-24,44,46,1,0,2.17
MBX00066,2026-04-26,4,16,0,0,0.0
MBX00066,2026-04-27,20,62,5,1,8.06
MBX00066,2026-04-28,23,76,4,1,5.26
MBX00066,2026-04-29,22,56,3,4,5.36
MBX00066,2026-04-30,18,71,2,1,2.82
MBX00066,2026-05-01,31,64,7,0,10.94
MBX00066,2026-05-02,2,8,1,0,12.5
MBX00066,2026-05-03,3,15,0,0,0.0
MBX00066,2026-05-04,21,56,3,0,5.36
MBX00066,2026-05-05,13,76,3,1,3.95
MBX00066,2026-05-06,13,68,3,0,4.41
MBX00066,2026-05-07,15,62,3,1,4.84
MBX00066,2026-05-08,24,63,6,2,9.52
MBX00066,2026-05-09,1,6,1,0,16.67
MBX00066,2026-05-10,3,7,0,0,0.0
MBX00066,2026-05-11,25,62,5,3,8.06
MBX00066,2026-05-12,30,67,10,1,14.93
MBX00066,2026-05-13,21,62,5,1,8.06
MBX00066,2026-05-14,19,66,6,2,9.09
MBX00066,2026-05-15,25,58,2,0,3.45
MBX00066,2026-05-16,6,9,2,0,22.22
MBX00066,2026-05-17,1,14,0,0,0.0
MBX00066,2026-05-18,22,61,1,0,1.64
MBX00066,2026-05-19,19,68,3,0,4.41
MBX00066,2026-05-20,20,73,5,2,6.85
MBX00066,2026-05-21,21,74,4,1,5.41
MBX00066,2026-05-22,16,72,7,0,9.72
MBX00066,2026-05-23,3,14,1,0,7.14
MBX00066,2026-05-24,3,10,0,0,0.0
MBX00066,2026-05-25,14,68,3,2,4.41
MBX00066,2026-05-26,18,74,2,0,2.7
MBX00066,2026-05-27,22,71,3,0,4.23
MBX00066,2026-05-28,18,72,5,0,6.94
MBX00066,2026-05-29,15,78,7,1,8.97
MBX00066,2026-05-30,2,16,0,0,0.0
MBX00066,2026-05-31,3,11,2,0,18.18
MBX00066,2026-06-01,17,65,4,2,6.15
MBX00066,2026-06-02,27,67,2,1,2.99
MBX00066,2026-06-03,18,58,5,3,8.62
MBX00066,2026-06-04,18,63,5,0,7.94
MBX00066,2026-06-05,21,71,5,1,7.04
MBX00066,2026-06-06,2,8,2,0,25.0
MBX00066,2026-06-07,4,11,0,0,0.0
MBX00066,2026-06-08,16,64,2,0,3.12
MBX00066,2026-06-09,11,69,4,0,5.8
MBX00066,2026-06-10,25,61,5,0,8.2
MBX00066,2026-06-11,14,54,3,1,5.56
MBX00066,2026-06-12,15,82,4,0,4.88
MBX00066,2026-06-13,1,12,0,0,0.0
MBX00066,2026-06-14,2,15,1,0,6.67
MBX00066,2026-06-15,18,73,1,0,1.37
MBX00066,2026-06-16,15,74,6,0,8.11
MBX00066,2026-06-17,20,75,2,0,2.67
MBX00066,2026-06-18,21,75,6,2,8.0
MBX00066,2026-06-19,19,76,2,3,2.63
MBX00066,2026-06-20,2,13,1,0,7.69
MBX00066,2026-06-21,1,14,1,0,7.14
MBX00066,2026-06-22,15,75,2,0,2.67
MBX00066,2026-06-23,13,78,5,2,6.41
MBX00066,2026-06-24,25,72,5,0,6.94
MBX00066,2026-06-25,15,70,4,0,5.71
MBX00066,2026-06-26,26,76,10,1,13.16
MBX00066,2026-06-27,2,14,1,0,7.14
MBX00066,2026-06-28,1,9,2,0,22.22
MBX00066,2026-06-29,21,79,6,0,7.59
MBX00066,2026-06-30,16,79,2,2,2.53
MBX00066,2026-07-01,18,69,3,2,4.35
MBX00066,2026-07-02,18,56,6,0,10.71
MBX00066,2026-07-03,23,72,6,1,8.33
MBX00066,2026-07-04,3,7,1,1,14.29
MBX00066,2026-07-05,6,9,1,0,11.11
MBX00066,2026-07-06,17,69,3,0,4.35
MBX00066,2026-07-07,17,57,1,1,1.75
MBX00066,2026-07-08,25,76,4,1,5.26
MBX00066,2026-07-09,15,66,5,1,7.58
MBX00066,2026-07-10,13,74,5,2,6.76
MBX00066,2026-07-11,1,7,0,0,0.0
MBX00066,2026-07-12,3,8,0,0,0.0
MBX00066,2026-07-13,15,51,5,0,9.8
MBX00066,2026-07-14,17,62,3,0,4.84
MBX00066,2026-07-15,26,62,3,0,4.84
MBX00066,2026-07-16,14,70,3,1,4.29
MBX00066,2026-07-17,18,47,2,1,4.26
MBX00066,2026-07-18,1,9,0,0,0.0
MBX00066,2026-07-19,1,18,1,1,5.56
MBX00066,2026-07-20,17,68,3,4,4.41
MBX00066,2026-07-21,25,69,6,0,8.7
MBX00066,2026-07-22,21,81,7,3,8.64
MBX00066,2026-07-23,18,77,7,1,9.09
MBX00066,2026-07-24,22,61,5,2,8.2
MBX00080,2026-04-26,1,10,0,0,0.0
MBX00080,2026-04-27,22,49,1,2,2.04
MBX00080,2026-04-28,25,65,4,1,6.15
MBX00080,2026-04-29,24,43,3,2,6.98
MBX00080,2026-04-30,30,54,1,2,1.85
MBX00080,2026-05-01,14,53,1,1,1.89
MBX00080,2026-05-02,3,5,0,0,0.0
MBX00080,2026-05-03,5,9,0,0,0.0
MBX00080,2026-05-04,25,59,5,1,8.47
MBX00080,2026-05-05,23,67,2,0,2.99
MBX00080,2026-05-06,24,58,3,0,5.17
MBX00080,2026-05-07,26,48,1,1,2.08
MBX00080,2026-05-08,19,56,4,0,7.14
MBX00080,2026-05-09,3,6,0,0,0.0
MBX00080,2026-05-10,4,11,0,0,0.0
MBX00080,2026-05-11,20,57,7,1,12.28
MBX00080,2026-05-12,22,48,0,0,0.0
MBX00080,2026-05-13,20,45,2,0,4.44
MBX00080,2026-05-14,23,55,3,2,5.45
MBX00080,2026-05-15,21,50,1,2,2.0
MBX00080,2026-05-16,9,13,3,0,23.08
MBX00080,2026-05-17,4,6,1,0,16.67
MBX00080,2026-05-18,28,51,3,3,5.88
MBX00080,2026-05-19,22,49,3,1,6.12
MBX00080,2026-05-20,22,63,3,2,4.76
MBX00080,2026-05-21,29,72,4,0,5.56
MBX00080,2026-05-22,32,56,4,2,7.14
MBX00080,2026-05-23,2,7,1,0,14.29
MBX00080,2026-05-24,3,7,0,0,0.0
MBX00080,2026-05-25,22,70,4,1,5.71
MBX00080,2026-05-26,28,46,3,1,6.52
MBX00080,2026-05-27,17,58,6,1,10.34
MBX00080,2026-05-28,26,55,1,1,1.82
MBX00080,2026-05-29,22,70,2,4,2.86
MBX00080,2026-05-30,4,14,1,0,7.14
MBX00080,2026-05-31,1,7,2,0,28.57
MBX00080,2026-06-01,26,54,4,1,7.41
MBX00080,2026-06-02,16,59,2,0,3.39
MBX00080,2026-06-03,23,54,4,0,7.41
MBX00080,2026-06-04,27,55,2,0,3.64
MBX00080,2026-06-05,23,52,5,1,9.62
MBX00080,2026-06-06,5,6,0,0,0.0
MBX00080,2026-06-07,2,6,1,0,16.67
MBX00080,2026-06-08,25,52,4,0,7.69
MBX00080,2026-06-09,17,50,1,0,2.0
MBX00080,2026-06-10,18,46,2,1,4.35
MBX00080,2026-06-11,25,54,4,2,7.41
MBX00080,2026-06-12,29,54,0,3,0.0
MBX00080,2026-06-13,2,13,3,0,23.08
MBX00080,2026-06-14,3,7,0,0,0.0
MBX00080,2026-06-15,33,45,3,2,6.67
MBX00080,2026-06-16,20,65,3,0,4.62
MBX00080,2026-06-17,27,43,2,0,4.65
MBX00080,2026-06-18,25,64,6,1,9.38
MBX00080,2026-06-19,26,47,4,0,8.51
MBX00080,2026-06-20,4,11,0,0,0.0
MBX00080,2026-06-21,3,4,0,0,0.0
MBX00080,2026-06-22,20,61,2,2,3.28
MBX00080,2026-06-23,20,55,5,0,9.09
MBX00080,2026-06-24,29,50,0,0,0.0
MBX00080,2026-06-25,28,55,4,0,7.27
MBX00080,2026-06-26,30,68,1,0,1.47
MBX00080,2026-06-27,4,6,0,0,0.0
MBX00080,2026-06-28,5,11,1,0,9.09
MBX00080,2026-06-29,24,43,0,0,0.0
MBX00080,2026-06-30,23,61,1,0,1.64
MBX00080,2026-07-01,26,64,5,0,7.81
MBX00080,2026-07-02,24,47,3,2,6.38
MBX00080,2026-07-03,35,45,2,2,4.44
MBX00080,2026-07-04,2,8,0,1,0.0
MBX00080,2026-07-05,2,6,1,0,16.67
MBX00080,2026-07-06,24,47,3,2,6.38
MBX00080,2026-07-07,25,63,4,0,6.35
MBX00080,2026-07-08,26,62,4,1,6.45
MBX00080,2026-07-09,21,58,0,2,0.0
MBX00080,2026-07-10,37,48,6,1,12.5
MBX00080,2026-07-11,3,6,0,0,0.0
MBX00080,2026-07-12,2,6,1,0,16.67
MBX00080,2026-07-13,31,46,4,1,8.7
MBX00080,2026-07-14,21,56,4,1,7.14
MBX00080,2026-07-15,23,53,4,1,7.55
MBX00080,2026-07-16,28,61,6,1,9.84
MBX00080,2026-07-17,15,45,3,1,6.67
MBX00080,2026-07-18,4,9,1,0,11.11
MBX00080,2026-07-19,3,7,0,0,0.0
MBX00080,2026-07-20,21,48,1,1,2.08
MBX00080,2026-07-21,22,60,1,2,1.67
MBX00080,2026-07-22,21,69,5,0,7.25
MBX00080,2026-07-23,21,59,3,1,5.08
MBX00080,2026-07-24,21,60,5,1,8.33
MBX00693,2026-04-26,2,18,1,1,5.56
MBX00693,2026-04-27,34,110,5,2,4.55
MBX00693,2026-04-28,21,109,10,2,9.17
MBX00693,2026-04-29,19,119,9,2,7.56
MBX00693,2026-04-30,21,114,9,1,7.89
MBX00693,2026-05-01,23,120,8,2,6.67
MBX00693,2026-05-02,4,23,1,0,4.35
MBX00693,2026-05-03,3,23,2,0,8.7
MBX00693,2026-05-04,23,117,9,0,7.69
MBX00693,2026-05-05,35,112,6,1,5.36
MBX00693,2026-05-06,29,139,10,2,7.19
MBX00693,2026-05-07,23,151,7,2,4.64
MBX00693,2026-05-08,25,113,6,0,5.31
MBX00693,2026-05-09,5,17,1,0,5.88
MBX00693,2026-05-10,4,20,1,0,5.0
MBX00693,2026-05-11,16,128,5,1,3.91
MBX00693,2026-05-12,28,120,3,3,2.5
MBX00693,2026-05-13,20,115,10,0,8.7
MBX00693,2026-05-14,14,124,8,2,6.45
MBX00693,2026-05-15,25,113,3,4,2.65
MBX00693,2026-05-16,2,16,0,1,0.0
MBX00693,2026-05-17,3,14,0,0,0.0
MBX00693,2026-05-18,17,121,15,0,12.4
MBX00693,2026-05-19,29,125,6,4,4.8
MBX00693,2026-05-20,21,116,10,0,8.62
MBX00693,2026-05-21,28,132,6,2,4.55
MBX00693,2026-05-22,19,116,5,2,4.31
MBX00693,2026-05-23,0,15,2,0,13.33
MBX00693,2026-05-24,4,6,0,0,0.0
MBX00693,2026-05-25,16,106,5,0,4.72
MBX00693,2026-05-26,20,119,6,1,5.04
MBX00693,2026-05-27,25,124,3,0,2.42
MBX00693,2026-05-28,15,130,5,2,3.85
MBX00693,2026-05-29,23,117,11,2,9.4
MBX00693,2026-05-30,2,21,2,0,9.52
MBX00693,2026-05-31,1,22,1,0,4.55
MBX00693,2026-06-01,16,103,13,3,12.62
MBX00693,2026-06-02,17,124,8,2,6.45
MBX00693,2026-06-03,24,133,12,1,9.02
MBX00693,2026-06-04,21,106,3,0,2.83
MBX00693,2026-06-05,21,110,8,1,7.27
MBX00693,2026-06-06,3,24,2,0,8.33
MBX00693,2026-06-07,3,13,0,0,0.0
MBX00693,2026-06-08,21,113,7,0,6.19
MBX00693,2026-06-09,28,124,11,2,8.87
MBX00693,2026-06-10,25,111,10,1,9.01
MBX00693,2026-06-11,15,119,7,0,5.88
MBX00693,2026-06-12,17,135,7,2,5.19
MBX00693,2026-06-13,1,19,1,0,5.26
MBX00693,2026-06-14,2,20,3,0,15.0
MBX00693,2026-06-15,27,113,7,1,6.19
MBX00693,2026-06-16,29,131,9,0,6.87
MBX00693,2026-06-17,21,101,1,1,0.99
MBX00693,2026-06-18,27,128,9,0,7.03
MBX00693,2026-06-19,24,128,10,2,7.81
MBX00693,2026-06-20,5,20,1,0,5.0
MBX00693,2026-06-21,3,21,2,0,9.52
MBX00693,2026-06-22,24,123,5,1,4.07
MBX00693,2026-06-23,26,130,10,3,7.69
MBX00693,2026-06-24,27,117,7,1,5.98
MBX00693,2026-06-25,17,107,12,1,11.21
MBX00693,2026-06-26,23,123,11,2,8.94
MBX00693,2026-06-27,2,24,0,0,0.0
MBX00693,2026-06-28,8,22,0,0,0.0
MBX00693,2026-06-29,24,131,6,3,4.58
MBX00693,2026-06-30,17,136,10,1,7.35
MBX00693,2026-07-01,28,127,4,1,3.15
MBX00693,2026-07-02,27,120,9,1,7.5
MBX00693,2026-07-03,18,133,9,0,6.77
MBX00693,2026-07-04,2,22,2,0,9.09
MBX00693,2026-07-05,3,13,0,0,0.0
MBX00693,2026-07-06,22,120,10,0,8.33
MBX00693,2026-07-07,30,126,10,2,7.94
MBX00693,2026-07-08,16,132,12,2,9.09
MBX00693,2026-07-09,17,108,11,1,10.19
MBX00693,2026-07-10,17,117,5,1,4.27
MBX00693,2026-07-11,2,18,1,0,5.56
MBX00693,2026-07-12,3,16,1,0,6.25
MBX00693,2026-07-13,28,115,7,1,6.09
MBX00693,2026-07-14,23,127,11,1,8.66
MBX00693,2026-07-15,19,127,14,1,11.02
MBX00693,2026-07-16,21,106,3,0,2.83
MBX00693,2026-07-17,23,129,14,2,10.85
MBX00693,2026-07-18,5,17,1,0,5.88
MBX00693,2026-07-19,4,25,2,0,8.0
MBX00693,2026-07-20,22,122,10,1,8.2
MBX00693,2026-07-21,19,99,6,0,6.06
MBX00693,2026-07-22,27,112,5,2,4.46
MBX00693,2026-07-23,15,130,10,2,7.69
MBX00693,2026-07-24,18,124,8,0,6.45
MBX00552,2026-04-26,4,16,0,1,0.0
MBX00552,2026-04-27,40,114,7,3,6.14
MBX00552,2026-04-28,38,89,3,1,3.37
MBX00552,2026-04-29,33,89,6,4,6.74
MBX00552,2026-04-30,37,99,2,0,2.02
MBX00552,2026-05-01,27,110,13,1,11.82
MBX00552,2026-05-02,2,20,0,0,0.0
MBX00552,2026-05-03,3,17,1,0,5.88
MBX00552,2026-05-04,33,101,8,2,7.92
MBX00552,2026-05-05,37,97,2,1,2.06
MBX00552,2026-05-06,37,104,3,0,2.88
MBX00552,2026-05-07,34,100,4,2,4.0
MBX00552,2026-05-08,37,91,4,0,4.4
MBX00552,2026-05-09,2,14,0,0,0.0
MBX00552,2026-05-10,5,14,2,0,14.29
MBX00552,2026-05-11,53,90,3,0,3.33
MBX00552,2026-05-12,37,105,6,2,5.71
MBX00552,2026-05-13,29,98,7,1,7.14
MBX00552,2026-05-14,39,98,3,1,3.06
MBX00552,2026-05-15,41,105,10,1,9.52
MBX00552,2026-05-16,4,8,1,0,12.5
MBX00552,2026-05-17,4,17,0,0,0.0
MBX00552,2026-05-18,36,95,6,0,6.32
MBX00552,2026-05-19,37,100,9,2,9.0
MBX00552,2026-05-20,28,112,9,2,8.04
MBX00552,2026-05-21,37,116,9,1,7.76
MBX00552,2026-05-22,35,76,3,1,3.95
MBX00552,2026-05-23,2,17,0,1,0.0
MBX00552,2026-05-24,5,10,0,0,0.0
MBX00552,2026-05-25,50,89,7,3,7.87
MBX00552,2026-05-26,28,93,7,1,7.53
MBX00552,2026-05-27,35,98,2,4,2.04
MBX00552,2026-05-28,36,97,6,3,6.19
MBX00552,2026-05-29,32,114,8,2,7.02
MBX00552,2026-05-30,7,12,1,0,8.33
MBX00552,2026-05-31,6,14,1,1,7.14
MBX00552,2026-06-01,26,85,6,0,7.06
MBX00552,2026-06-02,40,96,4,0,4.17
MBX00552,2026-06-03,31,94,2,2,2.13
MBX00552,2026-06-04,34,75,4,1,5.33
MBX00552,2026-06-05,24,102,13,1,12.75
MBX00552,2026-06-06,6,11,0,0,0.0
MBX00552,2026-06-07,9,13,0,0,0.0
MBX00552,2026-06-08,29,108,8,1,7.41
MBX00552,2026-06-09,24,72,6,0,8.33
MBX00552,2026-06-10,41,84,2,2,2.38
MBX00552,2026-06-11,26,86,4,3,4.65
MBX00552,2026-06-12,36,98,8,3,8.16
MBX00552,2026-06-13,6,24,2,0,8.33
MBX00552,2026-06-14,4,15,1,0,6.67
MBX00552,2026-06-15,35,103,4,1,3.88
MBX00552,2026-06-16,37,89,9,2,10.11
MBX00552,2026-06-17,34,100,3,3,3.0
MBX00552,2026-06-18,42,97,8,4,8.25
MBX00552,2026-06-19,40,87,10,1,11.49
MBX00552,2026-06-20,5,14,0,0,0.0
MBX00552,2026-06-21,11,12,1,0,8.33
MBX00552,2026-06-22,29,99,6,3,6.06
MBX00552,2026-06-23,25,83,6,2,7.23
MBX00552,2026-06-24,33,86,1,0,1.16
MBX00552,2026-06-25,34,110,9,1,8.18
MBX00552,2026-06-26,45,103,8,0,7.77
MBX00552,2026-06-27,6,8,0,1,0.0
MBX00552,2026-06-28,4,22,1,0,4.55
MBX00552,2026-06-29,44,90,6,0,6.67
MBX00552,2026-06-30,30,90,4,2,4.44
MBX00552,2026-07-01,44,78,3,2,3.85
MBX00552,2026-07-02,40,76,5,1,6.58
MBX00552,2026-07-03,33,88,5,0,5.68
MBX00552,2026-07-04,4,13,1,0,7.69
MBX00552,2026-07-05,1,9,0,0,0.0
MBX00552,2026-07-06,29,86,5,0,5.81
MBX00552,2026-07-07,43,102,4,1,3.92
MBX00552,2026-07-08,34,91,7,0,7.69
MBX00552,2026-07-09,35,117,13,4,11.11
MBX00552,2026-07-10,34,101,4,2,3.96
MBX00552,2026-07-11,9,17,1,0,5.88
MBX00552,2026-07-12,7,17,1,0,5.88
MBX00552,2026-07-13,33,87,5,1,5.75
MBX00552,2026-07-14,38,102,5,3,4.9
MBX00552,2026-07-15,42,102,3,0,2.94
MBX00552,2026-07-16,30,88,4,0,4.55
MBX00552,2026-07-17,29,90,5,3,5.56
MBX00552,2026-07-18,5,15,1,0,6.67
MBX00552,2026-07-19,7,15,0,0,0.0
MBX00552,2026-07-20,34,97,11,0,11.34
MBX00552,2026-07-21,27,98,4,3,4.08
MBX00552,2026-07-22,30,85,3,1,3.53
MBX00552,2026-07-23,38,95,6,1,6.32
MBX00552,2026-07-24,33,99,9,0,9.09
MBX00551,2026-04-26,3,4,2,0,50.0
MBX00551,2026-04-27,25,12,0,0,0.0
MBX00551,2026-04-28,15,20,2,0,10.0
MBX00551,2026-04-29,24,20,2,1,10.0
MBX00551,2026-04-30,20,13,1,0,7.69
MBX00551,2026-05-01,21,23,3,0,13.04
MBX00551,2026-05-02,5,3,0,0,0.0
MBX00551,2026-05-03,5,4,1,0,25.0
MBX00551,2026-05-04,21,20,0,0,0.0
MBX00551,2026-05-05,30,24,2,0,8.33
MBX00551,2026-05-06,24,18,0,1,0.0
MBX00551,2026-05-07,25,8,1,0,12.5
MBX00551,2026-05-08,20,12,1,1,8.33
MBX00551,2026-05-09,3,0,0,0,0.0
MBX00551,2026-05-10,1,2,0,0,0.0
MBX00551,2026-05-11,13,21,0,1,0.0
MBX00551,2026-05-12,26,13,1,0,7.69
MBX00551,2026-05-13,18,19,3,0,15.79
MBX00551,2026-05-14,26,17,2,1,11.76
MBX00551,2026-05-15,24,17,0,2,0.0
MBX00551,2026-05-16,0,1,0,0,0.0
MBX00551,2026-05-17,9,3,0,0,0.0
MBX00551,2026-05-18,21,16,1,0,6.25
MBX00551,2026-05-19,19,15,2,0,13.33
MBX00551,2026-05-20,24,15,2,0,13.33
MBX00551,2026-05-21,28,16,0,0,0.0
MBX00551,2026-05-22,21,20,1,0,5.0
MBX00551,2026-05-23,5,3,0,0,0.0
MBX00551,2026-05-24,5,5,0,0,0.0
MBX00551,2026-05-25,18,13,0,0,0.0
MBX00551,2026-05-26,21,24,1,0,4.17
MBX00551,2026-05-27,32,21,2,1,9.52
MBX00551,2026-05-28,24,18,2,1,11.11
MBX00551,2026-05-29,33,16,3,0,18.75
MBX00551,2026-05-30,1,4,0,0,0.0
MBX00551,2026-05-31,4,5,0,0,0.0
MBX00551,2026-06-01,20,11,2,0,18.18
MBX00551,2026-06-02,24,15,1,0,6.67
MBX00551,2026-06-03,27,18,1,1,5.56
MBX00551,2026-06-04,28,20,2,0,10.0
MBX00551,2026-06-05,25,12,0,1,0.0
MBX00551,2026-06-06,3,2,0,0,0.0
MBX00551,2026-06-07,3,1,0,1,0.0
MBX00551,2026-06-08,26,20,1,1,5.0
MBX00551,2026-06-09,31,14,1,0,7.14
MBX00551,2026-06-10,26,14,3,0,21.43
MBX00551,2026-06-11,16,18,1,0,5.56
MBX00551,2026-06-12,26,22,1,0,4.55
MBX00551,2026-06-13,4,3,1,0,33.33
MBX00551,2026-06-14,1,5,1,0,20.0
MBX00551,2026-06-15,29,15,4,0,26.67
MBX00551,2026-06-16,26,20,3,0,15.0
MBX00551,2026-06-17,19,15,1,0,6.67
MBX00551,2026-06-18,21,14,0,0,0.0
MBX00551,2026-06-19,24,18,1,0,5.56
MBX00551,2026-06-20,4,2,0,0,0.0
MBX00551,2026-06-21,1,2,0,0,0.0
MBX00551,2026-06-22,25,26,0,0,0.0
MBX00551,2026-06-23,23,15,0,2,0.0
MBX00551,2026-06-24,31,15,0,0,0.0
MBX00551,2026-06-25,30,15,1,0,6.67
MBX00551,2026-06-26,25,18,0,1,0.0
MBX00551,2026-06-27,0,2,0,0,0.0
MBX00551,2026-06-28,4,3,0,0,0.0
MBX00551,2026-06-29,26,14,1,0,7.14
MBX00551,2026-06-30,26,12,0,0,0.0
MBX00551,2026-07-01,28,15,0,0,0.0
MBX00551,2026-07-02,26,19,0,0,0.0
MBX00551,2026-07-03,24,15,2,0,13.33
MBX00551,2026-07-04,3,3,0,0,0.0
MBX00551,2026-07-05,0,2,0,0,0.0
MBX00551,2026-07-06,28,21,0,1,0.0
MBX00551,2026-07-07,13,13,0,1,0.0
MBX00551,2026-07-08,31,14,1,1,7.14
MBX00551,2026-07-09,28,13,0,0,0.0
MBX00551,2026-07-10,31,19,2,1,10.53
MBX00551,2026-07-11,3,2,0,0,0.0
MBX00551,2026-07-12,3,1,0,0,0.0
MBX00551,2026-07-13,20,14,1,0,7.14
MBX00551,2026-07-14,39,17,0,1,0.0
MBX00551,2026-07-15,20,23,1,0,4.35
MBX00551,2026-07-16,23,13,2,0,15.38
MBX00551,2026-07-17,26,23,0,1,0.0
MBX00551,2026-07-18,6,5,0,0,0.0
MBX00551,2026-07-19,1,2,1,0,50.0
MBX00551,2026-07-20,30,16,1,1,6.25
MBX00551,2026-07-21,25,18,0,0,0.0
MBX00551,2026-07-22,28,14,1,0,7.14
MBX00551,2026-07-23,29,21,0,0,0.0
MBX00551,2026-07-24,23,15,0,0,0.0
MBX00615,2026-04-26,2,18,1,0,5.56
MBX00615,2026-04-27,7,103,7,0,6.8
MBX00615,2026-04-28,5,111,6,1,5.41
MBX00615,2026-04-29,2,124,12,1,9.68
MBX00615,2026-04-30,5,114,3,1,2.63
MBX00615,2026-05-01,7,127,9,1,7.09
MBX00615,2026-05-02,1,18,3,0,16.67
MBX00615,2026-05-03,0,12,0,0,0.0
MBX00615,2026-05-04,5,87,8,2,9.2
MBX00615,2026-05-05,5,123,9,1,7.32
MBX00615,2026-05-06,9,116,9,1,7.76
MBX00615,2026-05-07,11,93,3,1,3.23
MBX00615,2026-05-08,7,116,5,1,4.31
MBX00615,2026-05-09,0,14,1,0,7.14
MBX00615,2026-05-10,0,20,1,0,5.0
MBX00615,2026-05-11,8,123,9,1,7.32
MBX00615,2026-05-12,7,100,6,2,6.0
MBX00615,2026-05-13,4,130,13,1,10.0
MBX00615,2026-05-14,7,115,10,2,8.7
MBX00615,2026-05-15,6,119,8,2,6.72
MBX00615,2026-05-16,0,28,2,0,7.14
MBX00615,2026-05-17,2,13,3,0,23.08
MBX00615,2026-05-18,5,131,5,3,3.82
MBX00615,2026-05-19,6,127,6,0,4.72
MBX00615,2026-05-20,3,115,4,1,3.48
MBX00615,2026-05-21,3,124,10,2,8.06
MBX00615,2026-05-22,3,121,12,0,9.92
MBX00615,2026-05-23,1,24,0,0,0.0
MBX00615,2026-05-24,0,11,1,0,9.09
MBX00615,2026-05-25,2,99,9,1,9.09
MBX00615,2026-05-26,5,118,4,0,3.39
MBX00615,2026-05-27,9,115,2,1,1.74
MBX00615,2026-05-28,10,104,7,1,6.73
MBX00615,2026-05-29,4,113,4,1,3.54
MBX00615,2026-05-30,1,15,0,0,0.0
MBX00615,2026-05-31,1,23,1,1,4.35
MBX00615,2026-06-01,9,139,12,0,8.63
MBX00615,2026-06-02,5,118,8,0,6.78
MBX00615,2026-06-03,2,92,3,2,3.26
MBX00615,2026-06-04,11,98,8,1,8.16
MBX00615,2026-06-05,9,98,5,5,5.1
MBX00615,2026-06-06,3,14,1,1,7.14
MBX00615,2026-06-07,1,28,5,0,17.86
MBX00615,2026-06-08,2,107,3,3,2.8
MBX00615,2026-06-09,7,133,6,1,4.51
MBX00615,2026-06-10,5,119,8,0,6.72
MBX00615,2026-06-11,7,118,1,1,0.85
MBX00615,2026-06-12,11,109,5,1,4.59
MBX00615,2026-06-13,1,20,1,0,5.0
MBX00615,2026-06-14,0,27,5,0,18.52
MBX00615,2026-06-15,2,128,5,0,3.91
MBX00615,2026-06-16,7,119,6,4,5.04
MBX00615,2026-06-17,4,98,3,0,3.06
MBX00615,2026-06-18,7,127,6,3,4.72
MBX00615,2026-06-19,9,102,9,2,8.82
MBX00615,2026-06-20,0,14,0,1,0.0
MBX00615,2026-06-21,1,19,2,0,10.53
MBX00615,2026-06-22,11,112,8,1,7.14
MBX00615,2026-06-23,7,117,10,3,8.55
MBX00615,2026-06-24,4,123,10,1,8.13
MBX00615,2026-06-25,5,96,5,2,5.21
MBX00615,2026-06-26,9,114,7,0,6.14
MBX00615,2026-06-27,1,19,0,0,0.0
MBX00615,2026-06-28,3,17,0,0,0.0
MBX00615,2026-06-29,6,102,9,1,8.82
MBX00615,2026-06-30,4,128,5,2,3.91
MBX00615,2026-07-01,4,117,14,1,11.97
MBX00615,2026-07-02,12,112,10,1,8.93
MBX00615,2026-07-03,6,96,5,1,5.21
MBX00615,2026-07-04,1,8,0,0,0.0
MBX00615,2026-07-05,0,16,0,0,0.0
MBX00615,2026-07-06,8,114,3,1,2.63
MBX00615,2026-07-07,5,116,8,1,6.9
MBX00615,2026-07-08,9,124,6,1,4.84
MBX00615,2026-07-09,3,124,4,1,3.23
MBX00615,2026-07-10,2,137,8,0,5.84
MBX00615,2026-07-11,0,17,1,0,5.88
MBX00615,2026-07-12,1,22,4,0,18.18
MBX00615,2026-07-13,3,120,4,0,3.33
MBX00615,2026-07-14,4,119,6,1,5.04
MBX00615,2026-07-15,6,109,7,2,6.42
MBX00615,2026-07-16,6,112,4,1,3.57
MBX00615,2026-07-17,5,104,4,0,3.85
MBX00615,2026-07-18,1,17,1,0,5.88
MBX00615,2026-07-19,0,12,1,0,8.33
MBX00615,2026-07-20,5,104,10,0,9.62
MBX00615,2026-07-21,4,118,11,2,9.32
MBX00615,2026-07-22,6,118,11,2,9.32
MBX00615,2026-07-23,5,109,4,1,3.67
MBX00615,2026-07-24,6,115,6,0,5.22
MBX00282,2026-04-26,6,6,1,0,16.67
MBX00282,2026-04-27,36,55,4,1,7.27
MBX00282,2026-04-28,34,57,6,2,10.53
MBX00282,2026-04-29,33,70,3,1,4.29
MBX00282,2026-04-30,33,53,2,4,3.77
MBX00282,2026-05-01,30,39,2,1,5.13
MBX00282,2026-05-02,4,7,0,0,0.0
MBX00282,2026-05-03,8,6,0,0,0.0
MBX00282,2026-05-04,29,70,7,2,10.0
MBX00282,2026-05-05,34,57,5,0,8.77
MBX00282,2026-05-06,23,63,3,2,4.76
MBX00282,2026-05-07,37,52,2,1,3.85
MBX00282,2026-05-08,33,51,0,0,0.0
MBX00282,2026-05-09,3,5,1,0,20.0
MBX00282,2026-05-10,5,9,0,0,0.0
MBX00282,2026-05-11,36,47,2,0,4.26
MBX00282,2026-05-12,38,59,4,1,6.78
MBX00282,2026-05-13,39,66,3,2,4.55
MBX00282,2026-05-14,37,53,2,0,3.77
MBX00282,2026-05-15,36,70,3,0,4.29
MBX00282,2026-05-16,5,11,1,0,9.09
MBX00282,2026-05-17,4,8,1,0,12.5
MBX00282,2026-05-18,24,54,3,0,5.56
MBX00282,2026-05-19,29,60,1,1,1.67
MBX00282,2026-05-20,32,52,5,2,9.62
MBX00282,2026-05-21,46,65,5,1,7.69
MBX00282,2026-05-22,26,64,1,2,1.56
MBX00282,2026-05-23,3,3,0,0,0.0
MBX00282,2026-05-24,4,9,0,0,0.0
MBX00282,2026-05-25,29,64,4,1,6.25
MBX00282,2026-05-26,38,63,3,2,4.76
MBX00282,2026-05-27,41,69,2,3,2.9
MBX00282,2026-05-28,40,56,3,1,5.36
MBX00282,2026-05-29,36,70,0,1,0.0
MBX00282,2026-05-30,3,12,0,0,0.0
MBX00282,2026-05-31,6,6,0,0,0.0
MBX00282,2026-06-01,48,56,5,2,8.93
MBX00282,2026-06-02,30,49,4,1,8.16
MBX00282,2026-06-03,26,61,4,0,6.56
MBX00282,2026-06-04,32,67,2,0,2.99
MBX00282,2026-06-05,38,49,3,2,6.12
MBX00282,2026-06-06,4,6,1,0,16.67
MBX00282,2026-06-07,10,6,0,0,0.0
MBX00282,2026-06-08,28,60,5,0,8.33
MBX00282,2026-06-09,27,65,3,0,4.62
MBX00282,2026-06-10,34,46,3,1,6.52
MBX00282,2026-06-11,25,66,1,1,1.52
MBX00282,2026-06-12,37,59,4,0,6.78
MBX00282,2026-06-13,5,6,0,0,0.0
MBX00282,2026-06-14,5,13,1,0,7.69
MBX00282,2026-06-15,27,59,1,0,1.69
MBX00282,2026-06-16,39,58,6,0,10.34
MBX00282,2026-06-17,29,42,3,0,7.14
MBX00282,2026-06-18,43,61,5,0,8.2
MBX00282,2026-06-19,36,60,4,2,6.67
MBX00282,2026-06-20,1,12,0,0,0.0
MBX00282,2026-06-21,7,5,0,0,0.0
MBX00282,2026-06-22,27,57,4,0,7.02
MBX00282,2026-06-23,33,57,1,0,1.75
MBX00282,2026-06-24,32,61,2,2,3.28
MBX00282,2026-06-25,38,51,4,1,7.84
MBX00282,2026-06-26,35,48,2,0,4.17
MBX00282,2026-06-27,5,9,1,0,11.11
MBX00282,2026-06-28,5,8,0,0,0.0
MBX00282,2026-06-29,27,49,1,0,2.04
MBX00282,2026-06-30,31,51,3,0,5.88
MBX00282,2026-07-01,32,51,2,1,3.92
MBX00282,2026-07-02,32,57,3,1,5.26
MBX00282,2026-07-03,29,62,6,0,9.68
MBX00282,2026-07-04,10,9,0,1,0.0
MBX00282,2026-07-05,8,12,1,0,8.33
MBX00282,2026-07-06,38,67,4,0,5.97
MBX00282,2026-07-07,34,58,4,2,6.9
MBX00282,2026-07-08,37,60,4,2,6.67
MBX00282,2026-07-09,40,48,2,0,4.17
MBX00282,2026-07-10,27,54,2,2,3.7
MBX00282,2026-07-11,7,13,1,1,7.69
MBX00282,2026-07-12,4,6,0,0,0.0
MBX00282,2026-07-13,32,65,3,0,4.62
MBX00282,2026-07-14,35,53,3,0,5.66
MBX00282,2026-07-15,40,62,9,2,14.52
MBX00282,2026-07-16,35,54,2,1,3.7
MBX00282,2026-07-17,40,56,5,2,8.93
MBX00282,2026-07-18,7,10,0,0,0.0
MBX00282,2026-07-19,5,10,1,0,10.0
MBX00282,2026-07-20,30,73,6,4,8.22
MBX00282,2026-07-21,29,63,3,1,4.76
MBX00282,2026-07-22,35,52,5,1,9.62
MBX00282,2026-07-23,30,73,7,1,9.59
MBX00282,2026-07-24,30,49,1,1,2.04
MBX00729,2026-04-26,8,12,0,0,0.0
MBX00729,2026-04-27,46,109,6,1,5.5
MBX00729,2026-04-28,37,99,2,0,2.02
MBX00729,2026-04-29,28,133,9,2,6.77
MBX00729,2026-04-30,43,105,10,2,9.52
MBX00729,2026-05-01,40,133,10,0,7.52
MBX00729,2026-05-02,2,20,0,0,0.0
MBX00729,2026-05-03,6,17,0,0,0.0
MBX00729,2026-05-04,34,105,7,3,6.67
MBX00729,2026-05-05,34,119,5,0,4.2
MBX00729,2026-05-06,32,101,5,1,4.95
MBX00729,2026-05-07,37,113,8,2,7.08
MBX00729,2026-05-08,44,120,10,0,8.33
MBX00729,2026-05-09,5,18,1,1,5.56
MBX00729,2026-05-10,4,16,1,0,6.25
MBX00729,2026-05-11,37,115,4,1,3.48
MBX00729,2026-05-12,33,104,8,1,7.69
MBX00729,2026-05-13,38,107,10,0,9.35
MBX00729,2026-05-14,41,106,3,0,2.83
MBX00729,2026-05-15,32,110,12,2,10.91
MBX00729,2026-05-16,6,13,1,0,7.69
MBX00729,2026-05-17,3,21,2,1,9.52
MBX00729,2026-05-18,41,132,11,3,8.33
MBX00729,2026-05-19,38,126,5,1,3.97
MBX00729,2026-05-20,34,96,3,3,3.12
MBX00729,2026-05-21,42,114,3,0,2.63
MBX00729,2026-05-22,46,115,5,4,4.35
MBX00729,2026-05-23,4,9,0,0,0.0
MBX00729,2026-05-24,3,16,2,0,12.5
MBX00729,2026-05-25,47,112,9,2,8.04
MBX00729,2026-05-26,41,116,5,1,4.31
MBX00729,2026-05-27,38,108,6,2,5.56
MBX00729,2026-05-28,36,108,3,2,2.78
MBX00729,2026-05-29,36,108,5,2,4.63
MBX00729,2026-05-30,7,18,2,0,11.11
MBX00729,2026-05-31,3,16,2,0,12.5
MBX00729,2026-06-01,38,115,9,1,7.83
MBX00729,2026-06-02,33,118,5,1,4.24
MBX00729,2026-06-03,41,110,4,3,3.64
MBX00729,2026-06-04,42,92,9,1,9.78
MBX00729,2026-06-05,29,103,8,1,7.77
MBX00729,2026-06-06,8,10,0,0,0.0
MBX00729,2026-06-07,5,19,0,1,0.0
MBX00729,2026-06-08,41,109,9,2,8.26
MBX00729,2026-06-09,40,99,9,2,9.09
MBX00729,2026-06-10,41,91,7,1,7.69
MBX00729,2026-06-11,40,93,5,2,5.38
MBX00729,2026-06-12,31,107,5,2,4.67
MBX00729,2026-06-13,5,19,1,0,5.26
MBX00729,2026-06-14,5,13,1,0,7.69
MBX00729,2026-06-15,37,116,7,1,6.03
MBX00729,2026-06-16,28,130,6,2,4.62
MBX00729,2026-06-17,34,124,8,0,6.45
MBX00729,2026-06-18,34,117,2,2,1.71
MBX00729,2026-06-19,34,121,6,1,4.96
MBX00729,2026-06-20,8,14,1,0,7.14
MBX00729,2026-06-21,4,18,0,0,0.0
MBX00729,2026-06-22,23,126,7,2,5.56
MBX00729,2026-06-23,39,93,5,1,5.38
MBX00729,2026-06-24,32,117,10,1,8.55
MBX00729,2026-06-25,42,104,6,3,5.77
MBX00729,2026-06-26,36,126,6,1,4.76
MBX00729,2026-06-27,6,20,2,0,10.0
MBX00729,2026-06-28,6,26,1,1,3.85
MBX00729,2026-06-29,32,110,7,2,6.36
MBX00729,2026-06-30,55,97,8,1,8.25
MBX00729,2026-07-01,35,108,7,4,6.48
MBX00729,2026-07-02,41,84,5,1,5.95
MBX00729,2026-07-03,38,95,6,0,6.32
MBX00729,2026-07-04,7,15,2,1,13.33
MBX00729,2026-07-05,6,11,0,0,0.0
MBX00729,2026-07-06,43,92,4,1,4.35
MBX00729,2026-07-07,34,117,6,2,5.13
MBX00729,2026-07-08,32,120,8,3,6.67
MBX00729,2026-07-09,45,101,2,2,1.98
MBX00729,2026-07-10,43,117,12,2,10.26
MBX00729,2026-07-11,9,25,5,1,20.0
MBX00729,2026-07-12,9,20,0,0,0.0
MBX00729,2026-07-13,37,111,8,0,7.21
MBX00729,2026-07-14,36,118,8,1,6.78
MBX00729,2026-07-15,41,103,7,2,6.8
MBX00729,2026-07-16,51,101,1,3,0.99
MBX00729,2026-07-17,40,111,8,0,7.21
MBX00729,2026-07-18,10,16,0,1,0.0
MBX00729,2026-07-19,5,12,1,0,8.33
MBX00729,2026-07-20,41,129,9,2,6.98
MBX00729,2026-07-21,49,122,3,1,2.46
MBX00729,2026-07-22,28,128,4,1,3.12
MBX00729,2026-07-23,36,106,4,2,3.77
MBX00729,2026-07-24,35,117,8,1,6.84
MBX00577,2026-04-26,8,12,0,0,0.0
MBX00577,2026-04-27,26,110,8,3,7.27
MBX00577,2026-04-28,33,116,8,2,6.9
MBX00577,2026-04-29,27,110,9,3,8.18
MBX00577,2026-04-30,33,108,9,3,8.33
MBX00577,2026-05-01,25,106,8,1,7.55
MBX00577,2026-05-02,6,16,2,0,12.5
MBX00577,2026-05-03,2,16,2,0,12.5
MBX00577,2026-05-04,30,94,7,2,7.45
MBX00577,2026-05-05,28,98,9,0,9.18
MBX00577,2026-05-06,31,120,6,0,5.0
MBX00577,2026-05-07,37,134,14,0,10.45
MBX00577,2026-05-08,31,113,10,0,8.85
MBX00577,2026-05-09,3,14,4,0,28.57
MBX00577,2026-05-10,6,22,2,0,9.09
MBX00577,2026-05-11,32,111,3,3,2.7
MBX00577,2026-05-12,33,108,9,0,8.33
MBX00577,2026-05-13,35,109,4,1,3.67
MBX00577,2026-05-14,32,104,7,1,6.73
MBX00577,2026-05-15,45,111,6,1,5.41
MBX00577,2026-05-16,6,13,1,1,7.69
MBX00577,2026-05-17,8,17,0,0,0.0
MBX00577,2026-05-18,37,96,4,2,4.17
MBX00577,2026-05-19,30,112,8,2,7.14
MBX00577,2026-05-20,43,118,6,3,5.08
MBX00577,2026-05-21,40,100,7,2,7.0
MBX00577,2026-05-22,39,109,7,0,6.42
MBX00577,2026-05-23,9,22,0,0,0.0
MBX00577,2026-05-24,6,20,0,0,0.0
MBX00577,2026-05-25,44,106,9,3,8.49
MBX00577,2026-05-26,25,103,5,1,4.85
MBX00577,2026-05-27,34,97,7,1,7.22
MBX00577,2026-05-28,39,101,7,2,6.93
MBX00577,2026-05-29,25,110,7,1,6.36
MBX00577,2026-05-30,6,12,0,0,0.0
MBX00577,2026-05-31,8,17,1,0,5.88
MBX00577,2026-06-01,38,88,5,2,5.68
MBX00577,2026-06-02,33,102,5,2,4.9
MBX00577,2026-06-03,32,117,7,1,5.98
MBX00577,2026-06-04,30,105,5,1,4.76
MBX00577,2026-06-05,36,118,6,2,5.08
MBX00577,2026-06-06,3,15,0,0,0.0
MBX00577,2026-06-07,12,18,3,0,16.67
MBX00577,2026-06-08,22,112,8,0,7.14
MBX00577,2026-06-09,35,89,3,1,3.37
MBX00577,2026-06-10,25,115,11,2,9.57
MBX00577,2026-06-11,33,123,7,0,5.69
MBX00577,2026-06-12,29,104,9,1,8.65
MBX00577,2026-06-13,6,10,0,0,0.0
MBX00577,2026-06-14,5,22,1,0,4.55
MBX00577,2026-06-15,24,109,7,0,6.42
MBX00577,2026-06-16,32,110,8,1,7.27
MBX00577,2026-06-17,31,124,7,4,5.65
MBX00577,2026-06-18,38,142,6,0,4.23
MBX00577,2026-06-19,39,109,10,1,9.17
MBX00577,2026-06-20,3,18,1,0,5.56
MBX00577,2026-06-21,2,16,1,0,6.25
MBX00577,2026-06-22,41,121,5,1,4.13
MBX00577,2026-06-23,33,115,5,2,4.35
MBX00577,2026-06-24,38,138,7,3,5.07
MBX00577,2026-06-25,35,109,10,0,9.17
MBX00577,2026-06-26,35,99,7,2,7.07
MBX00577,2026-06-27,4,25,2,0,8.0
MBX00577,2026-06-28,3,22,2,0,9.09
MBX00577,2026-06-29,33,113,8,3,7.08
MBX00577,2026-06-30,30,128,14,1,10.94
MBX00577,2026-07-01,49,98,9,2,9.18
MBX00577,2026-07-02,37,95,6,0,6.32
MBX00577,2026-07-03,38,119,5,2,4.2
MBX00577,2026-07-04,3,18,1,0,5.56
MBX00577,2026-07-05,4,21,2,0,9.52
MBX00577,2026-07-06,26,130,6,4,4.62
MBX00577,2026-07-07,37,119,10,2,8.4
MBX00577,2026-07-08,33,98,8,0,8.16
MBX00577,2026-07-09,43,108,6,1,5.56
MBX00577,2026-07-10,26,93,3,1,3.23
MBX00577,2026-07-11,8,20,1,0,5.0
MBX00577,2026-07-12,4,21,0,0,0.0
MBX00577,2026-07-13,33,109,3,1,2.75
MBX00577,2026-07-14,27,117,6,3,5.13
MBX00577,2026-07-15,43,88,3,2,3.41
MBX00577,2026-07-16,33,109,8,0,7.34
MBX00577,2026-07-17,34,111,8,0,7.21
MBX00577,2026-07-18,4,16,1,0,6.25
MBX00577,2026-07-19,5,21,0,0,0.0
MBX00577,2026-07-20,34,109,6,0,5.5
MBX00577,2026-07-21,30,116,9,1,7.76
MBX00577,2026-07-22,29,113,5,0,4.42
MBX00577,2026-07-23,37,119,6,1,5.04
MBX00577,2026-07-24,31,105,7,2,6.67
MBX00517,2026-04-26,0,0,0,0,0.0
MBX00517,2026-04-27,1,0,0,0,0.0
MBX00517,2026-04-28,0,0,0,0,0.0
MBX00517,2026-04-29,0,1,0,0,0.0
MBX00517,2026-04-30,1,0,0,0,0.0
MBX00517,2026-05-01,0,0,0,0,0.0
MBX00517,2026-05-02,0,1,0,0,0.0
MBX00517,2026-05-03,1,0,0,0,0.0
MBX00517,2026-05-04,2,1,0,0,0.0
MBX00517,2026-05-05,0,0,0,0,0.0
MBX00517,2026-05-06,3,1,0,0,0.0
MBX00517,2026-05-07,2,0,0,0,0.0
MBX00517,2026-05-08,0,0,0,0,0.0
MBX00517,2026-05-09,0,0,0,0,0.0
MBX00517,2026-05-10,0,0,0,0,0.0
MBX00517,2026-05-11,0,0,0,0,0.0
MBX00517,2026-05-12,0,0,0,0,0.0
MBX00517,2026-05-13,1,0,0,0,0.0
MBX00517,2026-05-14,2,1,0,0,0.0
MBX00517,2026-05-15,1,1,0,0,0.0
MBX00517,2026-05-16,0,0,0,0,0.0
MBX00517,2026-05-17,0,0,0,0,0.0
MBX00517,2026-05-18,0,1,0,0,0.0
MBX00517,2026-05-19,2,0,0,0,0.0
MBX00517,2026-05-20,1,1,0,0,0.0
MBX00517,2026-05-21,0,0,0,0,0.0
MBX00517,2026-05-22,2,0,0,0,0.0
MBX00517,2026-05-23,0,0,0,0,0.0
MBX00517,2026-05-24,0,0,0,0,0.0
MBX00517,2026-05-25,0,1,0,0,0.0
MBX00517,2026-05-26,1,1,0,0,0.0
MBX00517,2026-05-27,0,0,0,0,0.0
MBX00517,2026-05-28,0,1,0,0,0.0
MBX00517,2026-05-29,1,0,0,0,0.0
MBX00517,2026-05-30,0,0,0,0,0.0
MBX00517,2026-05-31,0,0,0,0,0.0
MBX00517,2026-06-01,0,2,0,0,0.0
MBX00517,2026-06-02,1,0,0,0,0.0
MBX00517,2026-06-03,0,0,0,0,0.0
MBX00517,2026-06-04,0,0,0,0,0.0
MBX00517,2026-06-05,1,1,0,0,0.0
MBX00517,2026-06-06,1,0,0,0,0.0
MBX00517,2026-06-07,0,0,0,0,0.0
MBX00517,2026-06-08,3,0,0,0,0.0
MBX00517,2026-06-09,0,0,0,0,0.0
MBX00517,2026-06-10,0,1,0,0,0.0
MBX00517,2026-06-11,3,0,0,0,0.0
MBX00517,2026-06-12,2,0,0,0,0.0
MBX00517,2026-06-13,0,0,0,0,0.0
MBX00517,2026-06-14,0,0,0,0,0.0
MBX00517,2026-06-15,0,0,0,0,0.0
MBX00517,2026-06-16,1,2,0,0,0.0
MBX00517,2026-06-17,1,0,0,0,0.0
MBX00517,2026-06-18,1,0,0,0,0.0
MBX00517,2026-06-19,1,0,0,0,0.0
MBX00517,2026-06-20,0,0,0,0,0.0
MBX00517,2026-06-21,0,0,0,0,0.0
MBX00517,2026-06-22,0,0,0,0,0.0
MBX00517,2026-06-23,0,1,0,0,0.0
MBX00517,2026-06-24,0,1,0,0,0.0
MBX00517,2026-06-25,0,0,0,0,0.0
MBX00517,2026-06-26,0,1,0,0,0.0
MBX00517,2026-06-27,0,0,0,0,0.0
MBX00517,2026-06-28,0,0,0,0,0.0
MBX00517,2026-06-29,1,0,0,0,0.0
MBX00517,2026-06-30,2,0,0,0,0.0
MBX00517,2026-07-01,0,1,0,0,0.0
MBX00517,2026-07-02,4,0,0,0,0.0
MBX00517,2026-07-03,2,0,0,0,0.0
MBX00517,2026-07-04,0,0,0,0,0.0
MBX00517,2026-07-05,0,0,0,0,0.0
MBX00517,2026-07-06,0,0,0,0,0.0
MBX00517,2026-07-07,0,1,0,0,0.0
MBX00517,2026-07-08,0,0,0,0,0.0
MBX00517,2026-07-09,2,0,0,0,0.0
MBX00517,2026-07-10,1,2,0,0,0.0
MBX00517,2026-07-11,0,0,0,0,0.0
MBX00517,2026-07-12,0,0,0,0,0.0
MBX00517,2026-07-13,0,0,0,0,0.0
MBX00517,2026-07-14,1,0,0,0,0.0
MBX00517,2026-07-15,0,0,0,0,0.0
MBX00517,2026-07-16,0,0,0,0,0.0
MBX00517,2026-07-17,1,0,0,0,0.0
MBX00517,2026-07-18,1,0,0,0,0.0
MBX00517,2026-07-19,0,0,0,0,0.0
MBX00517,2026-07-20,1,0,0,0,0.0
MBX00517,2026-07-21,1,1,0,0,0.0
MBX00517,2026-07-22,0,0,0,0,0.0
MBX00517,2026-07-23,0,2,0,0,0.0
MBX00517,2026-07-24,1,0,0,0,0.0
MBX00294,2026-04-26,4,15,1,0,6.67
MBX00294,2026-04-27,24,56,4,1,7.14
MBX00294,2026-04-28,20,60,4,0,6.67
MBX00294,2026-04-29,22,83,9,1,10.84
MBX00294,2026-04-30,29,51,5,0,9.8
MBX00294,2026-05-01,17,63,4,0,6.35
MBX00294,2026-05-02,6,15,1,0,6.67
MBX00294,2026-05-03,2,5,0,0,0.0
MBX00294,2026-05-04,24,72,4,1,5.56
MBX00294,2026-05-05,17,69,7,1,10.14
MBX00294,2026-05-06,16,68,4,1,5.88
MBX00294,2026-05-07,16,73,2,3,2.74
MBX00294,2026-05-08,21,71,3,1,4.23
MBX00294,2026-05-09,2,8,0,0,0.0
MBX00294,2026-05-10,2,11,0,0,0.0
MBX00294,2026-05-11,18,71,5,0,7.04
MBX00294,2026-05-12,20,60,7,0,11.67
MBX00294,2026-05-13,13,64,5,0,7.81
MBX00294,2026-05-14,17,60,4,1,6.67
MBX00294,2026-05-15,17,70,2,0,2.86
MBX00294,2026-05-16,1,9,0,0,0.0
MBX00294,2026-05-17,0,6,0,0,0.0
MBX00294,2026-05-18,12,80,5,1,6.25
MBX00294,2026-05-19,22,87,6,1,6.9
MBX00294,2026-05-20,24,77,6,0,7.79
MBX00294,2026-05-21,17,80,0,1,0.0
MBX00294,2026-05-22,21,72,1,1,1.39
MBX00294,2026-05-23,4,10,0,0,0.0
MBX00294,2026-05-24,3,9,0,1,0.0
MBX00294,2026-05-25,20,69,2,1,2.9
MBX00294,2026-05-26,15,99,6,1,6.06
MBX00294,2026-05-27,12,79,4,2,5.06
MBX00294,2026-05-28,22,77,10,1,12.99
MBX00294,2026-05-29,19,83,6,1,7.23
MBX00294,2026-05-30,2,8,1,0,12.5
MBX00294,2026-05-31,4,9,1,0,11.11
MBX00294,2026-06-01,13,57,4,0,7.02
MBX00294,2026-06-02,11,75,6,1,8.0
MBX00294,2026-06-03,16,68,3,1,4.41
MBX00294,2026-06-04,13,74,8,0,10.81
MBX00294,2026-06-05,19,74,2,2,2.7
MBX00294,2026-06-06,1,14,0,0,0.0
MBX00294,2026-06-07,6,13,2,1,15.38
MBX00294,2026-06-08,15,81,5,1,6.17
MBX00294,2026-06-09,14,80,5,0,6.25
MBX00294,2026-06-10,21,70,4,0,5.71
MBX00294,2026-06-11,12,84,5,0,5.95
MBX00294,2026-06-12,16,93,5,0,5.38
MBX00294,2026-06-13,2,6,0,0,0.0
MBX00294,2026-06-14,1,15,0,0,0.0
MBX00294,2026-06-15,11,82,8,0,9.76
MBX00294,2026-06-16,14,74,1,0,1.35
MBX00294,2026-06-17,17,62,4,1,6.45
MBX00294,2026-06-18,21,63,9,0,14.29
MBX00294,2026-06-19,19,95,6,1,6.32
MBX00294,2026-06-20,5,8,0,0,0.0
MBX00294,2026-06-21,4,14,1,0,7.14
MBX00294,2026-06-22,18,66,1,0,1.52
MBX00294,2026-06-23,21,74,6,1,8.11
MBX00294,2026-06-24,21,84,6,3,7.14
MBX00294,2026-06-25,27,64,6,1,9.38
MBX00294,2026-06-26,15,92,3,1,3.26
MBX00294,2026-06-27,2,10,0,0,0.0
MBX00294,2026-06-28,3,12,0,0,0.0
MBX00294,2026-06-29,19,87,6,2,6.9
MBX00294,2026-06-30,18,88,4,2,4.55
MBX00294,2026-07-01,13,74,1,3,1.35
MBX00294,2026-07-02,20,71,6,2,8.45
MBX00294,2026-07-03,19,69,2,2,2.9
MBX00294,2026-07-04,2,14,0,1,0.0
MBX00294,2026-07-05,1,10,0,0,0.0
MBX00294,2026-07-06,24,59,9,1,15.25
MBX00294,2026-07-07,14,63,1,1,1.59
MBX00294,2026-07-08,19,64,5,1,7.81
MBX00294,2026-07-09,19,74,5,2,6.76
MBX00294,2026-07-10,18,82,3,0,3.66
MBX00294,2026-07-11,2,15,1,1,6.67
MBX00294,2026-07-12,1,10,0,0,0.0
MBX00294,2026-07-13,20,81,7,2,8.64
MBX00294,2026-07-14,15,58,3,1,5.17
MBX00294,2026-07-15,19,80,6,0,7.5
MBX00294,2026-07-16,19,74,5,1,6.76
MBX00294,2026-07-17,10,82,2,1,2.44
MBX00294,2026-07-18,1,8,1,1,12.5
MBX00294,2026-07-19,5,12,2,0,16.67
MBX00294,2026-07-20,20,85,2,0,2.35
MBX00294,2026-07-21,20,81,0,3,0.0
MBX00294,2026-07-22,16,80,5,2,6.25
MBX00294,2026-07-23,22,70,3,1,4.29
MBX00294,2026-07-24,14,67,5,0,7.46
MBX00295,2026-04-26,5,12,1,0,8.33
MBX00295,2026-04-27,19,87,5,1,5.75
MBX00295,2026-04-28,18,97,4,2,4.12
MBX00295,2026-04-29,18,87,4,1,4.6
MBX00295,2026-04-30,14,94,5,0,5.32
MBX00295,2026-05-01,21,89,4,0,4.49
MBX00295,2026-05-02,4,8,0,0,0.0
MBX00295,2026-05-03,0,21,0,1,0.0
MBX00295,2026-05-04,19,86,5,1,5.81
MBX00295,2026-05-05,15,97,4,4,4.12
MBX00295,2026-05-06,16,84,2,1,2.38
MBX00295,2026-05-07,24,85,11,1,12.94
MBX00295,2026-05-08,18,110,8,1,7.27
MBX00295,2026-05-09,3,17,0,0,0.0
MBX00295,2026-05-10,2,19,2,0,10.53
MBX00295,2026-05-11,27,83,1,1,1.2
MBX00295,2026-05-12,14,81,5,0,6.17
MBX00295,2026-05-13,17,92,5,1,5.43
MBX00295,2026-05-14,22,92,5,0,5.43
MBX00295,2026-05-15,18,90,5,2,5.56
MBX00295,2026-05-16,3,21,1,1,4.76
MBX00295,2026-05-17,2,18,0,0,0.0
MBX00295,2026-05-18,19,90,7,0,7.78
MBX00295,2026-05-19,19,96,5,1,5.21
MBX00295,2026-05-20,17,79,1,0,1.27
MBX00295,2026-05-21,18,104,10,1,9.62
MBX00295,2026-05-22,13,100,4,1,4.0
MBX00295,2026-05-23,2,19,1,1,5.26
MBX00295,2026-05-24,2,16,0,0,0.0
MBX00295,2026-05-25,23,98,7,0,7.14
MBX00295,2026-05-26,18,97,4,0,4.12
MBX00295,2026-05-27,26,109,8,2,7.34
MBX00295,2026-05-28,12,93,7,1,7.53
MBX00295,2026-05-29,30,101,6,2,5.94
MBX00295,2026-05-30,3,12,0,1,0.0
MBX00295,2026-05-31,2,19,1,0,5.26
MBX00295,2026-06-01,28,97,2,0,2.06
MBX00295,2026-06-02,21,93,5,0,5.38
MBX00295,2026-06-03,18,75,4,1,5.33
MBX00295,2026-06-04,17,76,3,2,3.95
MBX00295,2026-06-05,22,104,7,0,6.73
MBX00295,2026-06-06,4,17,1,0,5.88
MBX00295,2026-06-07,2,14,2,0,14.29
MBX00295,2026-06-08,19,74,3,0,4.05
MBX00295,2026-06-09,27,87,3,1,3.45
MBX00295,2026-06-10,19,89,5,0,5.62
MBX00295,2026-06-11,19,76,8,2,10.53
MBX00295,2026-06-12,16,94,4,2,4.26
MBX00295,2026-06-13,2,13,2,0,15.38
MBX00295,2026-06-14,1,17,0,0,0.0
MBX00295,2026-06-15,20,98,5,0,5.1
MBX00295,2026-06-16,10,73,8,2,10.96
MBX00295,2026-06-17,14,89,5,0,5.62
MBX00295,2026-06-18,18,94,10,0,10.64
MBX00295,2026-06-19,10,97,4,2,4.12
MBX00295,2026-06-20,1,14,1,0,7.14
MBX00295,2026-06-21,3,8,0,0,0.0
MBX00295,2026-06-22,21,95,5,0,5.26
MBX00295,2026-06-23,19,104,10,1,9.62
MBX00295,2026-06-24,17,101,6,1,5.94
MBX00295,2026-06-25,10,103,9,0,8.74
MBX00295,2026-06-26,21,82,7,5,8.54
MBX00295,2026-06-27,3,12,1,0,8.33
MBX00295,2026-06-28,2,14,1,0,7.14
MBX00295,2026-06-29,22,82,7,0,8.54
MBX00295,2026-06-30,14,88,4,0,4.55
MBX00295,2026-07-01,18,103,8,3,7.77
MBX00295,2026-07-02,15,88,6,0,6.82
MBX00295,2026-07-03,18,97,8,3,8.25
MBX00295,2026-07-04,3,18,1,0,5.56
MBX00295,2026-07-05,3,8,0,0,0.0
MBX00295,2026-07-06,18,95,4,4,4.21
MBX00295,2026-07-07,18,90,9,0,10.0
MBX00295,2026-07-08,15,90,3,1,3.33
MBX00295,2026-07-09,16,85,4,2,4.71
MBX00295,2026-07-10,14,107,3,1,2.8
MBX00295,2026-07-11,3,14,1,0,7.14
MBX00295,2026-07-12,0,16,1,1,6.25
MBX00295,2026-07-13,18,96,4,0,4.17
MBX00295,2026-07-14,18,88,6,1,6.82
MBX00295,2026-07-15,13,81,2,1,2.47
MBX00295,2026-07-16,25,103,5,0,4.85
MBX00295,2026-07-17,15,89,1,0,1.12
MBX00295,2026-07-18,2,13,2,0,15.38
MBX00295,2026-07-19,3,13,0,0,0.0
MBX00295,2026-07-20,16,76,1,2,1.32
MBX00295,2026-07-21,19,76,9,0,11.84
MBX00295,2026-07-22,9,80,2,2,2.5
MBX00295,2026-07-23,13,85,10,1,11.76
MBX00295,2026-07-24,18,92,6,0,6.52
MBX00182,2026-04-26,0,0,0,0,0.0
MBX00182,2026-04-27,0,0,0,0,0.0
MBX00182,2026-04-28,1,1,0,0,0.0
MBX00182,2026-04-29,1,2,0,0,0.0
MBX00182,2026-04-30,1,2,0,0,0.0
MBX00182,2026-05-01,1,2,0,0,0.0
MBX00182,2026-05-02,0,2,0,0,0.0
MBX00182,2026-05-03,0,0,0,0,0.0
MBX00182,2026-05-04,1,0,0,0,0.0
MBX00182,2026-05-05,1,0,0,0,0.0
MBX00182,2026-05-06,0,0,0,0,0.0
MBX00182,2026-05-07,0,4,0,0,0.0
MBX00182,2026-05-08,0,1,0,0,0.0
MBX00182,2026-05-09,0,0,0,0,0.0
MBX00182,2026-05-10,0,0,0,0,0.0
MBX00182,2026-05-11,1,1,0,0,0.0
MBX00182,2026-05-12,0,0,0,0,0.0
MBX00182,2026-05-13,0,1,0,0,0.0
MBX00182,2026-05-14,0,2,0,0,0.0
MBX00182,2026-05-15,1,2,0,0,0.0
MBX00182,2026-05-16,0,0,0,0,0.0
MBX00182,2026-05-17,0,0,0,0,0.0
MBX00182,2026-05-18,2,1,0,0,0.0
MBX00182,2026-05-19,0,0,0,0,0.0
MBX00182,2026-05-20,1,2,1,0,50.0
MBX00182,2026-05-21,0,1,0,0,0.0
MBX00182,2026-05-22,0,1,1,1,100.0
MBX00182,2026-05-23,0,0,0,0,0.0
MBX00182,2026-05-24,0,0,0,0,0.0
MBX00182,2026-05-25,1,2,0,0,0.0
MBX00182,2026-05-26,0,0,0,0,0.0
MBX00182,2026-05-27,0,2,0,0,0.0
MBX00182,2026-05-28,0,5,0,0,0.0
MBX00182,2026-05-29,0,1,0,0,0.0
MBX00182,2026-05-30,0,0,0,0,0.0
MBX00182,2026-05-31,1,0,0,0,0.0
MBX00182,2026-06-01,0,0,0,0,0.0
MBX00182,2026-06-02,0,0,0,0,0.0
MBX00182,2026-06-03,0,1,0,0,0.0
MBX00182,2026-06-04,0,1,0,0,0.0
MBX00182,2026-06-05,0,2,0,0,0.0
MBX00182,2026-06-06,1,0,0,0,0.0
MBX00182,2026-06-07,0,0,0,0,0.0
MBX00182,2026-06-08,1,0,0,0,0.0
MBX00182,2026-06-09,0,0,0,0,0.0
MBX00182,2026-06-10,0,2,0,0,0.0
MBX00182,2026-06-11,0,1,0,0,0.0
MBX00182,2026-06-12,0,2,0,0,0.0
MBX00182,2026-06-13,0,0,0,0,0.0
MBX00182,2026-06-14,1,0,0,0,0.0
MBX00182,2026-06-15,0,2,0,0,0.0
MBX00182,2026-06-16,0,4,0,0,0.0
MBX00182,2026-06-17,1,2,0,0,0.0
MBX00182,2026-06-18,1,1,0,0,0.0
MBX00182,2026-06-19,1,3,0,0,0.0
MBX00182,2026-06-20,0,1,0,0,0.0
MBX00182,2026-06-21,0,0,0,0,0.0
MBX00182,2026-06-22,0,2,0,0,0.0
MBX00182,2026-06-23,0,1,0,0,0.0
MBX00182,2026-06-24,1,1,0,0,0.0
MBX00182,2026-06-25,0,2,0,0,0.0
MBX00182,2026-06-26,1,1,0,0,0.0
MBX00182,2026-06-27,0,0,0,0,0.0
MBX00182,2026-06-28,0,0,0,0,0.0
MBX00182,2026-06-29,2,0,0,0,0.0
MBX00182,2026-06-30,0,2,0,0,0.0
MBX00182,2026-07-01,0,1,0,1,0.0
MBX00182,2026-07-02,1,0,0,0,0.0
MBX00182,2026-07-03,0,0,0,0,0.0
MBX00182,2026-07-04,0,0,0,0,0.0
MBX00182,2026-07-05,0,0,0,0,0.0
MBX00182,2026-07-06,0,0,0,0,0.0
MBX00182,2026-07-07,0,2,0,0,0.0
MBX00182,2026-07-08,1,1,0,0,0.0
MBX00182,2026-07-09,1,0,0,0,0.0
MBX00182,2026-07-10,0,1,0,0,0.0
MBX00182,2026-07-11,0,0,0,0,0.0
MBX00182,2026-07-12,1,0,0,0,0.0
MBX00182,2026-07-13,0,0,0,0,0.0
MBX00182,2026-07-14,0,0,0,0,0.0
MBX00182,2026-07-15,1,2,1,0,50.0
MBX00182,2026-07-16,0,0,0,0,0.0
MBX00182,2026-07-17,0,3,0,0,0.0
MBX00182,2026-07-18,0,0,0,0,0.0
MBX00182,2026-07-19,0,0,0,0,0.0
MBX00182,2026-07-20,0,1,0,0,0.0
MBX00182,2026-07-21,0,0,0,0,0.0
MBX00182,2026-07-22,0,2,0,0,0.0
MBX00182,2026-07-23,1,2,1,0,50.0
MBX00182,2026-07-24,1,0,0,0,0.0
MBX00589,2026-04-26,0,0,0,0,0.0
MBX00589,2026-04-27,0,9,2,0,22.22
MBX00589,2026-04-28,6,7,0,0,0.0
MBX00589,2026-04-29,1,6,1,0,16.67
MBX00589,2026-04-30,3,9,0,0,0.0
MBX00589,2026-05-01,0,9,0,0,0.0
MBX00589,2026-05-02,0,2,0,0,0.0
MBX00589,2026-05-03,0,1,0,0,0.0
MBX00589,2026-05-04,2,10,0,1,0.0
MBX00589,2026-05-05,1,9,0,0,0.0
MBX00589,2026-05-06,0,8,0,0,0.0
MBX00589,2026-05-07,3,7,0,0,0.0
MBX00589,2026-05-08,1,11,0,1,0.0
MBX00589,2026-05-09,0,2,0,0,0.0
MBX00589,2026-05-10,0,3,0,0,0.0
MBX00589,2026-05-11,0,6,0,0,0.0
MBX00589,2026-05-12,2,9,2,0,22.22
MBX00589,2026-05-13,0,10,1,0,10.0
MBX00589,2026-05-14,1,8,0,0,0.0
MBX00589,2026-05-15,4,8,0,0,0.0
MBX00589,2026-05-16,0,1,0,0,0.0
MBX00589,2026-05-17,0,1,0,0,0.0
MBX00589,2026-05-18,0,12,0,0,0.0
MBX00589,2026-05-19,1,9,0,0,0.0
MBX00589,2026-05-20,0,7,0,0,0.0
MBX00589,2026-05-21,0,8,0,0,0.0
MBX00589,2026-05-22,1,9,1,0,11.11
MBX00589,2026-05-23,1,3,0,0,0.0
MBX00589,2026-05-24,0,5,1,0,20.0
MBX00589,2026-05-25,0,6,0,0,0.0
MBX00589,2026-05-26,1,15,2,0,13.33
MBX00589,2026-05-27,4,4,0,0,0.0
MBX00589,2026-05-28,1,8,0,0,0.0
MBX00589,2026-05-29,0,7,1,0,14.29
MBX00589,2026-05-30,0,3,0,0,0.0
MBX00589,2026-05-31,0,0,0,0,0.0
MBX00589,2026-06-01,2,13,1,0,7.69
MBX00589,2026-06-02,1,8,0,0,0.0
MBX00589,2026-06-03,1,8,0,0,0.0
MBX00589,2026-06-04,3,8,0,0,0.0
MBX00589,2026-06-05,0,8,0,0,0.0
MBX00589,2026-06-06,0,0,0,0,0.0
MBX00589,2026-06-07,0,3,0,0,0.0
MBX00589,2026-06-08,1,11,0,0,0.0
MBX00589,2026-06-09,0,11,0,0,0.0
MBX00589,2026-06-10,3,6,0,0,0.0
MBX00589,2026-06-11,0,7,0,0,0.0
MBX00589,2026-06-12,2,9,1,0,11.11
MBX00589,2026-06-13,0,0,0,0,0.0
MBX00589,2026-06-14,0,1,0,0,0.0
MBX00589,2026-06-15,1,8,1,0,12.5
MBX00589,2026-06-16,0,11,0,0,0.0
MBX00589,2026-06-17,1,9,1,1,11.11
MBX00589,2026-06-18,3,13,1,0,7.69
MBX00589,2026-06-19,0,8,1,0,12.5
MBX00589,2026-06-20,0,1,0,0,0.0
MBX00589,2026-06-21,0,2,0,0,0.0
MBX00589,2026-06-22,5,10,0,0,0.0
MBX00589,2026-06-23,4,6,0,0,0.0
MBX00589,2026-06-24,2,10,1,0,10.0
MBX00589,2026-06-25,2,12,0,0,0.0
MBX00589,2026-06-26,2,9,0,0,0.0
MBX00589,2026-06-27,0,0,0,0,0.0
MBX00589,2026-06-28,0,2,0,0,0.0
MBX00589,2026-06-29,1,10,1,1,10.0
MBX00589,2026-06-30,1,9,1,0,11.11
MBX00589,2026-07-01,0,11,2,0,18.18
MBX00589,2026-07-02,0,10,0,0,0.0
MBX00589,2026-07-03,3,11,1,0,9.09
MBX00589,2026-07-04,0,1,0,0,0.0
MBX00589,2026-07-05,1,3,0,0,0.0
MBX00589,2026-07-06,1,12,0,0,0.0
MBX00589,2026-07-07,0,1,0,0,0.0
MBX00589,2026-07-08,3,14,1,0,7.14
MBX00589,2026-07-09,0,10,0,0,0.0
MBX00589,2026-07-10,0,6,0,0,0.0
MBX00589,2026-07-11,0,0,0,0,0.0
MBX00589,2026-07-12,1,2,0,0,0.0
MBX00589,2026-07-13,0,7,1,0,14.29
MBX00589,2026-07-14,1,11,1,0,9.09
MBX00589,2026-07-15,2,13,1,0,7.69
MBX00589,2026-07-16,4,7,0,0,0.0
MBX00589,2026-07-17,0,4,2,0,50.0
MBX00589,2026-07-18,0,1,0,0,0.0
MBX00589,2026-07-19,0,1,0,0,0.0
MBX00589,2026-07-20,0,11,3,1,27.27
MBX00589,2026-07-21,2,10,1,0,10.0
MBX00589,2026-07-22,1,11,1,0,9.09
MBX00589,2026-07-23,1,11,3,0,27.27
MBX00589,2026-07-24,2,8,0,0,0.0
MBX00424,2026-04-26,1,7,1,0,14.29
MBX00424,2026-04-27,3,47,3,0,6.38
MBX00424,2026-04-28,6,50,1,0,2.0
MBX00424,2026-04-29,3,38,1,1,2.63
MBX00424,2026-04-30,5,39,3,1,7.69
MBX00424,2026-05-01,1,41,4,0,9.76
MBX00424,2026-05-02,0,3,0,0,0.0
MBX00424,2026-05-03,1,10,0,0,0.0
MBX00424,2026-05-04,5,45,2,0,4.44
MBX00424,2026-05-05,4,48,2,0,4.17
MBX00424,2026-05-06,3,48,7,0,14.58
MBX00424,2026-05-07,6,45,5,0,11.11
MBX00424,2026-05-08,3,45,1,0,2.22
MBX00424,2026-05-09,1,9,0,0,0.0
MBX00424,2026-05-10,0,2,0,0,0.0
MBX00424,2026-05-11,6,40,1,0,2.5
MBX00424,2026-05-12,6,37,2,0,5.41
MBX00424,2026-05-13,3,44,2,0,4.55
MBX00424,2026-05-14,4,43,4,1,9.3
MBX00424,2026-05-15,2,38,1,1,2.63
MBX00424,2026-05-16,1,8,2,0,25.0
MBX00424,2026-05-17,1,3,1,0,33.33
MBX00424,2026-05-18,5,49,4,2,8.16
MBX00424,2026-05-19,4,49,2,1,4.08
MBX00424,2026-05-20,5,42,3,0,7.14
MBX00424,2026-05-21,8,38,0,0,0.0
MBX00424,2026-05-22,5,38,1,0,2.63
MBX00424,2026-05-23,0,7,0,0,0.0
MBX00424,2026-05-24,1,3,0,0,0.0
MBX00424,2026-05-25,11,39,2,4,5.13
MBX00424,2026-05-26,3,29,2,2,6.9
MBX00424,2026-05-27,5,41,3,1,7.32
MBX00424,2026-05-28,6,36,3,0,8.33
MBX00424,2026-05-29,6,52,6,1,11.54
MBX00424,2026-05-30,2,11,0,0,0.0
MBX00424,2026-05-31,1,12,2,0,16.67
MBX00424,2026-06-01,4,40,2,0,5.0
MBX00424,2026-06-02,3,42,2,0,4.76
MBX00424,2026-06-03,5,39,4,1,10.26
MBX00424,2026-06-04,6,45,4,0,8.89
MBX00424,2026-06-05,4,34,0,1,0.0
MBX00424,2026-06-06,1,5,0,0,0.0
MBX00424,2026-06-07,2,7,0,0,0.0
MBX00424,2026-06-08,6,37,3,0,8.11
MBX00424,2026-06-09,4,38,3,0,7.89
MBX00424,2026-06-10,3,49,6,1,12.24
MBX00424,2026-06-11,5,39,1,0,2.56
MBX00424,2026-06-12,5,50,2,1,4.0
MBX00424,2026-06-13,0,4,0,0,0.0
MBX00424,2026-06-14,0,8,0,0,0.0
MBX00424,2026-06-15,1,51,1,0,1.96
MBX00424,2026-06-16,6,39,3,0,7.69
MBX00424,2026-06-17,2,41,5,1,12.2
MBX00424,2026-06-18,9,42,1,1,2.38
MBX00424,2026-06-19,3,44,4,2,9.09
MBX00424,2026-06-20,0,7,0,0,0.0
MBX00424,2026-06-21,1,5,0,0,0.0
MBX00424,2026-06-22,4,46,4,1,8.7
MBX00424,2026-06-23,7,48,5,0,10.42
MBX00424,2026-06-24,9,47,3,0,6.38
MBX00424,2026-06-25,4,45,4,0,8.89
MBX00424,2026-06-26,7,49,5,0,10.2
MBX00424,2026-06-27,1,5,1,0,20.0
MBX00424,2026-06-28,0,6,1,0,16.67
MBX00424,2026-06-29,5,40,2,1,5.0
MBX00424,2026-06-30,0,44,2,1,4.55
MBX00424,2026-07-01,8,34,3,0,8.82
MBX00424,2026-07-02,6,39,1,0,2.56
MBX00424,2026-07-03,5,38,0,2,0.0
MBX00424,2026-07-04,0,5,0,0,0.0
MBX00424,2026-07-05,0,4,0,0,0.0
MBX00424,2026-07-06,9,35,3,0,8.57
MBX00424,2026-07-07,10,38,1,1,2.63
MBX00424,2026-07-08,9,42,1,0,2.38
MBX00424,2026-07-09,7,52,3,1,5.77
MBX00424,2026-07-10,6,37,3,0,8.11
MBX00424,2026-07-11,0,9,1,0,11.11
MBX00424,2026-07-12,2,6,1,1,16.67
MBX00424,2026-07-13,5,51,3,0,5.88
MBX00424,2026-07-14,4,39,0,0,0.0
MBX00424,2026-07-15,6,46,5,1,10.87
MBX00424,2026-07-16,9,33,3,2,9.09
MBX00424,2026-07-17,3,55,3,0,5.45
MBX00424,2026-07-18,2,9,0,0,0.0
MBX00424,2026-07-19,0,8,0,0,0.0
MBX00424,2026-07-20,4,47,2,1,4.26
MBX00424,2026-07-21,1,40,6,0,15.0
MBX00424,2026-07-22,5,35,3,0,8.57
MBX00424,2026-07-23,6,44,4,0,9.09
MBX00424,2026-07-24,4,40,2,0,5.0
MBX00195,2026-04-26,2,21,1,1,4.76
MBX00195,2026-04-27,7,97,6,4,6.19
MBX00195,2026-04-28,10,84,2,3,2.38
MBX00195,2026-04-29,17,93,8,1,8.6
MBX00195,2026-04-30,14,100,6,0,6.0
MBX00195,2026-05-01,15,102,6,3,5.88
MBX00195,2026-05-02,3,26,0,0,0.0
MBX00195,2026-05-03,4,18,2,0,11.11
MBX00195,2026-05-04,16,99,8,2,8.08
MBX00195,2026-05-05,26,109,6,3,5.5
MBX00195,2026-05-06,15,109,6,0,5.5
MBX00195,2026-05-07,13,113,6,2,5.31
MBX00195,2026-05-08,16,89,4,0,4.49
MBX00195,2026-05-09,2,18,1,0,5.56
MBX00195,2026-05-10,1,7,1,0,14.29
MBX00195,2026-05-11,13,91,9,2,9.89
MBX00195,2026-05-12,15,97,3,0,3.09
MBX00195,2026-05-13,15,96,3,1,3.12
MBX00195,2026-05-14,18,93,10,0,10.75
MBX00195,2026-05-15,18,106,6,0,5.66
MBX00195,2026-05-16,2,15,1,0,6.67
MBX00195,2026-05-17,4,10,3,0,30.0
MBX00195,2026-05-18,7,102,2,0,1.96
MBX00195,2026-05-19,16,99,2,5,2.02
MBX00195,2026-05-20,23,99,6,2,6.06
MBX00195,2026-05-21,10,90,4,1,4.44
MBX00195,2026-05-22,8,89,3,1,3.37
MBX00195,2026-05-23,2,15,2,1,13.33
MBX00195,2026-05-24,1,8,1,1,12.5
MBX00195,2026-05-25,12,103,5,1,4.85
MBX00195,2026-05-26,17,113,14,0,12.39
MBX00195,2026-05-27,19,101,7,4,6.93
MBX00195,2026-05-28,15,94,3,1,3.19
MBX00195,2026-05-29,19,89,4,0,4.49
MBX00195,2026-05-30,0,20,2,0,10.0
MBX00195,2026-05-31,4,13,1,0,7.69
MBX00195,2026-06-01,15,94,7,2,7.45
MBX00195,2026-06-02,22,86,5,0,5.81
MBX00195,2026-06-03,20,118,8,0,6.78
MBX00195,2026-06-04,15,96,11,0,11.46
MBX00195,2026-06-05,14,76,3,1,3.95
MBX00195,2026-06-06,0,14,1,0,7.14
MBX00195,2026-06-07,2,12,2,0,16.67
MBX00195,2026-06-08,17,98,7,1,7.14
MBX00195,2026-06-09,18,97,6,2,6.19
MBX00195,2026-06-10,14,98,3,1,3.06
MBX00195,2026-06-11,15,119,5,2,4.2
MBX00195,2026-06-12,14,92,9,0,9.78
MBX00195,2026-06-13,2,13,0,0,0.0
MBX00195,2026-06-14,0,16,2,0,12.5
MBX00195,2026-06-15,13,94,5,1,5.32
MBX00195,2026-06-16,10,99,6,1,6.06
MBX00195,2026-06-17,21,101,5,0,4.95
MBX00195,2026-06-18,12,102,7,0,6.86
MBX00195,2026-06-19,14,97,8,1,8.25
MBX00195,2026-06-20,0,17,0,0,0.0
MBX00195,2026-06-21,1,10,3,0,30.0
MBX00195,2026-06-22,16,102,6,1,5.88
MBX00195,2026-06-23,16,90,7,1,7.78
MBX00195,2026-06-24,11,87,3,0,3.45
MBX00195,2026-06-25,10,89,4,2,4.49
MBX00195,2026-06-26,17,80,4,1,5.0
MBX00195,2026-06-27,1,13,0,0,0.0
MBX00195,2026-06-28,1,7,0,0,0.0
MBX00195,2026-06-29,21,97,5,3,5.15
MBX00195,2026-06-30,10,98,4,2,4.08
MBX00195,2026-07-01,13,104,9,4,8.65
MBX00195,2026-07-02,15,105,5,0,4.76
MBX00195,2026-07-03,19,99,8,0,8.08
MBX00195,2026-07-04,3,16,0,0,0.0
MBX00195,2026-07-05,5,17,2,0,11.76
MBX00195,2026-07-06,18,82,5,0,6.1
MBX00195,2026-07-07,13,94,6,0,6.38
MBX00195,2026-07-08,12,105,4,1,3.81
MBX00195,2026-07-09,17,93,7,3,7.53
MBX00195,2026-07-10,9,95,3,2,3.16
MBX00195,2026-07-11,0,15,0,0,0.0
MBX00195,2026-07-12,0,12,0,0,0.0
MBX00195,2026-07-13,16,92,7,1,7.61
MBX00195,2026-07-14,16,111,8,2,7.21
MBX00195,2026-07-15,19,103,5,1,4.85
MBX00195,2026-07-16,14,81,3,1,3.7
MBX00195,2026-07-17,13,90,5,0,5.56
MBX00195,2026-07-18,1,16,2,0,12.5
MBX00195,2026-07-19,2,16,2,1,12.5
MBX00195,2026-07-20,8,104,5,4,4.81
MBX00195,2026-07-21,16,98,6,0,6.12
MBX00195,2026-07-22,13,100,9,0,9.0
MBX00195,2026-07-23,13,109,9,0,8.26
MBX00195,2026-07-24,22,102,6,1,5.88
MBX00746,2026-04-26,7,9,1,0,11.11
MBX00746,2026-04-27,30,87,2,2,2.3
MBX00746,2026-04-28,36,86,3,3,3.49
MBX00746,2026-04-29,33,80,3,1,3.75
MBX00746,2026-04-30,30,115,7,3,6.09
MBX00746,2026-05-01,25,99,6,1,6.06
MBX00746,2026-05-02,6,13,0,0,0.0
MBX00746,2026-05-03,6,15,0,0,0.0
MBX00746,2026-05-04,31,86,4,1,4.65
MBX00746,2026-05-05,34,118,12,3,10.17
MBX00746,2026-05-06,35,78,3,0,3.85
MBX00746,2026-05-07,42,97,5,1,5.15
MBX00746,2026-05-08,27,92,2,2,2.17
MBX00746,2026-05-09,4,14,1,0,7.14
MBX00746,2026-05-10,3,25,2,0,8.0
MBX00746,2026-05-11,36,87,5,3,5.75
MBX00746,2026-05-12,31,99,7,1,7.07
MBX00746,2026-05-13,32,103,6,0,5.83
MBX00746,2026-05-14,31,90,2,0,2.22
MBX00746,2026-05-15,47,105,11,1,10.48
MBX00746,2026-05-16,6,11,1,0,9.09
MBX00746,2026-05-17,6,14,1,0,7.14
MBX00746,2026-05-18,35,110,5,2,4.55
MBX00746,2026-05-19,31,82,5,3,6.1
MBX00746,2026-05-20,34,104,4,0,3.85
MBX00746,2026-05-21,36,120,10,1,8.33
MBX00746,2026-05-22,25,90,5,1,5.56
MBX00746,2026-05-23,3,16,2,0,12.5
MBX00746,2026-05-24,6,21,0,0,0.0
MBX00746,2026-05-25,31,112,4,2,3.57
MBX00746,2026-05-26,30,108,8,0,7.41
MBX00746,2026-05-27,31,110,5,1,4.55
MBX00746,2026-05-28,33,75,8,1,10.67
MBX00746,2026-05-29,29,99,5,2,5.05
MBX00746,2026-05-30,4,14,0,0,0.0
MBX00746,2026-05-31,5,16,0,0,0.0
MBX00746,2026-06-01,31,100,9,5,9.0
MBX00746,2026-06-02,33,100,6,1,6.0
MBX00746,2026-06-03,26,91,8,4,8.79
MBX00746,2026-06-04,35,99,6,1,6.06
MBX00746,2026-06-05,32,98,4,0,4.08
MBX00746,2026-06-06,6,13,0,1,0.0
MBX00746,2026-06-07,4,17,1,0,5.88
MBX00746,2026-06-08,32,115,7,4,6.09
MBX00746,2026-06-09,34,107,6,2,5.61
MBX00746,2026-06-10,30,87,6,1,6.9
MBX00746,2026-06-11,34,111,7,0,6.31
MBX00746,2026-06-12,27,107,4,1,3.74
MBX00746,2026-06-13,4,18,1,0,5.56
MBX00746,2026-06-14,8,14,2,1,14.29
MBX00746,2026-06-15,39,75,4,1,5.33
MBX00746,2026-06-16,41,97,6,1,6.19
MBX00746,2026-06-17,34,97,6,0,6.19
MBX00746,2026-06-18,39,103,4,0,3.88
MBX00746,2026-06-19,41,105,8,1,7.62
MBX00746,2026-06-20,3,19,1,0,5.26
MBX00746,2026-06-21,6,14,0,0,0.0
MBX00746,2026-06-22,33,99,5,3,5.05
MBX00746,2026-06-23,24,82,5,1,6.1
MBX00746,2026-06-24,33,93,8,3,8.6
MBX00746,2026-06-25,27,92,4,0,4.35
MBX00746,2026-06-26,34,95,2,1,2.11
MBX00746,2026-06-27,5,17,0,0,0.0
MBX00746,2026-06-28,3,11,0,0,0.0
MBX00746,2026-06-29,31,99,4,2,4.04
MBX00746,2026-06-30,38,93,5,2,5.38
MBX00746,2026-07-01,25,95,10,1,10.53
MBX00746,2026-07-02,31,103,9,1,8.74
MBX00746,2026-07-03,37,84,7,1,8.33
MBX00746,2026-07-04,5,12,1,0,8.33
MBX00746,2026-07-05,5,17,0,1,0.0
MBX00746,2026-07-06,42,104,5,0,4.81
MBX00746,2026-07-07,26,117,12,0,10.26
MBX00746,2026-07-08,36,100,5,1,5.0
MBX00746,2026-07-09,27,102,11,1,10.78
MBX00746,2026-07-10,33,83,6,0,7.23
MBX00746,2026-07-11,3,17,0,0,0.0
MBX00746,2026-07-12,8,9,2,0,22.22
MBX00746,2026-07-13,43,91,5,1,5.49
MBX00746,2026-07-14,31,103,6,0,5.83
MBX00746,2026-07-15,31,79,6,0,7.59
MBX00746,2026-07-16,29,120,11,0,9.17
MBX00746,2026-07-17,27,91,6,0,6.59
MBX00746,2026-07-18,5,10,1,0,10.0
MBX00746,2026-07-19,4,16,1,0,6.25
MBX00746,2026-07-20,24,104,6,2,5.77
MBX00746,2026-07-21,26,82,4,0,4.88
MBX00746,2026-07-22,25,84,5,1,5.95
MBX00746,2026-07-23,35,111,2,1,1.8
MBX00746,2026-07-24,30,89,9,2,10.11
MBX00545,2026-04-26,3,6,0,0,0.0
MBX00545,2026-04-27,22,29,2,1,6.9
MBX00545,2026-04-28,19,33,0,1,0.0
MBX00545,2026-04-29,29,25,2,0,8.0
MBX00545,2026-04-30,23,43,1,0,2.33
MBX00545,2026-05-01,23,37,0,2,0.0
MBX00545,2026-05-02,3,5,0,0,0.0
MBX00545,2026-05-03,1,5,1,0,20.0
MBX00545,2026-05-04,26,26,0,0,0.0
MBX00545,2026-05-05,30,41,1,2,2.44
MBX00545,2026-05-06,30,28,1,0,3.57
MBX00545,2026-05-07,27,44,1,1,2.27
MBX00545,2026-05-08,30,28,2,0,7.14
MBX00545,2026-05-09,2,0,0,0,0.0
MBX00545,2026-05-10,7,4,0,0,0.0
MBX00545,2026-05-11,19,33,1,1,3.03
MBX00545,2026-05-12,24,25,1,2,4.0
MBX00545,2026-05-13,23,29,4,0,13.79
MBX00545,2026-05-14,21,36,3,1,8.33
MBX00545,2026-05-15,21,44,2,0,4.55
MBX00545,2026-05-16,4,5,0,0,0.0
MBX00545,2026-05-17,2,2,0,0,0.0
MBX00545,2026-05-18,18,23,2,0,8.7
MBX00545,2026-05-19,24,33,2,3,6.06
MBX00545,2026-05-20,32,30,5,0,16.67
MBX00545,2026-05-21,16,30,0,1,0.0
MBX00545,2026-05-22,22,34,4,1,11.76
MBX00545,2026-05-23,3,2,0,0,0.0
MBX00545,2026-05-24,1,1,1,0,100.0
MBX00545,2026-05-25,25,36,2,0,5.56
MBX00545,2026-05-26,16,33,1,2,3.03
MBX00545,2026-05-27,28,31,1,0,3.23
MBX00545,2026-05-28,26,33,0,0,0.0
MBX00545,2026-05-29,28,28,2,1,7.14
MBX00545,2026-05-30,4,7,0,0,0.0
MBX00545,2026-05-31,6,3,0,0,0.0
MBX00545,2026-06-01,21,29,2,0,6.9
MBX00545,2026-06-02,16,38,3,1,7.89
MBX00545,2026-06-03,33,32,1,0,3.12
MBX00545,2026-06-04,15,30,3,0,10.0
MBX00545,2026-06-05,20,45,3,0,6.67
MBX00545,2026-06-06,0,8,0,0,0.0
MBX00545,2026-06-07,4,12,1,0,8.33
MBX00545,2026-06-08,26,26,0,0,0.0
MBX00545,2026-06-09,29,30,1,1,3.33
MBX00545,2026-06-10,24,32,4,0,12.5
MBX00545,2026-06-11,20,29,0,0,0.0
MBX00545,2026-06-12,18,32,1,0,3.12
MBX00545,2026-06-13,3,6,1,1,16.67
MBX00545,2026-06-14,2,1,0,0,0.0
MBX00545,2026-06-15,21,23,1,1,4.35
MBX00545,2026-06-16,21,35,2,2,5.71
MBX00545,2026-06-17,20,35,2,0,5.71
MBX00545,2026-06-18,24,28,1,1,3.57
MBX00545,2026-06-19,26,35,3,2,8.57
MBX00545,2026-06-20,4,5,1,0,20.0
MBX00545,2026-06-21,4,3,1,0,33.33
MBX00545,2026-06-22,23,31,4,1,12.9
MBX00545,2026-06-23,19,33,2,0,6.06
MBX00545,2026-06-24,16,29,0,1,0.0
MBX00545,2026-06-25,19,36,0,2,0.0
MBX00545,2026-06-26,23,26,0,1,0.0
MBX00545,2026-06-27,2,4,0,0,0.0
MBX00545,2026-06-28,4,2,1,0,50.0
MBX00545,2026-06-29,17,30,2,0,6.67
MBX00545,2026-06-30,18,25,0,1,0.0
MBX00545,2026-07-01,24,31,1,1,3.23
MBX00545,2026-07-02,24,34,2,1,5.88
MBX00545,2026-07-03,26,35,1,1,2.86
MBX00545,2026-07-04,3,3,0,0,0.0
MBX00545,2026-07-05,1,7,0,1,0.0
MBX00545,2026-07-06,22,39,1,0,2.56
MBX00545,2026-07-07,25,33,2,1,6.06
MBX00545,2026-07-08,23,37,4,0,10.81
MBX00545,2026-07-09,34,37,1,0,2.7
MBX00545,2026-07-10,19,35,3,0,8.57
MBX00545,2026-07-11,3,6,0,0,0.0
MBX00545,2026-07-12,5,2,0,0,0.0
MBX00545,2026-07-13,31,25,0,1,0.0
MBX00545,2026-07-14,24,39,1,1,2.56
MBX00545,2026-07-15,16,29,2,0,6.9
MBX00545,2026-07-16,18,32,0,1,0.0
MBX00545,2026-07-17,25,30,1,0,3.33
MBX00545,2026-07-18,2,3,0,0,0.0
MBX00545,2026-07-19,6,9,0,0,0.0
MBX00545,2026-07-20,25,35,3,2,8.57
MBX00545,2026-07-21,19,30,3,1,10.0
MBX00545,2026-07-22,26,27,1,0,3.7
MBX00545,2026-07-23,21,36,2,1,5.56
MBX00545,2026-07-24,23,44,2,0,4.55
MBX00180,2026-04-26,1,11,1,0,9.09
MBX00180,2026-04-27,14,66,2,1,3.03
MBX00180,2026-04-28,11,69,3,1,4.35
MBX00180,2026-04-29,13,68,6,1,8.82
MBX00180,2026-04-30,13,55,5,1,9.09
MBX00180,2026-05-01,9,71,5,0,7.04
MBX00180,2026-05-02,1,11,1,0,9.09
MBX00180,2026-05-03,1,13,1,0,7.69
MBX00180,2026-05-04,13,68,3,2,4.41
MBX00180,2026-05-05,23,72,5,2,6.94
MBX00180,2026-05-06,17,73,2,0,2.74
MBX00180,2026-05-07,14,75,8,2,10.67
MBX00180,2026-05-08,12,75,3,1,4.0
MBX00180,2026-05-09,3,7,0,0,0.0
MBX00180,2026-05-10,0,12,0,0,0.0
MBX00180,2026-05-11,10,82,6,1,7.32
MBX00180,2026-05-12,10,74,5,0,6.76
MBX00180,2026-05-13,11,75,5,1,6.67
MBX00180,2026-05-14,14,59,2,0,3.39
MBX00180,2026-05-15,11,67,3,0,4.48
MBX00180,2026-05-16,2,9,0,0,0.0
MBX00180,2026-05-17,1,16,1,0,6.25
MBX00180,2026-05-18,11,65,5,1,7.69
MBX00180,2026-05-19,13,75,3,1,4.0
MBX00180,2026-05-20,10,69,9,1,13.04
MBX00180,2026-05-21,10,57,1,0,1.75
MBX00180,2026-05-22,15,74,3,1,4.05
MBX00180,2026-05-23,4,8,1,0,12.5
MBX00180,2026-05-24,2,10,2,0,20.0
MBX00180,2026-05-25,6,72,5,1,6.94
MBX00180,2026-05-26,10,67,4,3,5.97
MBX00180,2026-05-27,14,60,3,0,5.0
MBX00180,2026-05-28,15,55,0,2,0.0
MBX00180,2026-05-29,16,57,2,1,3.51
MBX00180,2026-05-30,4,18,1,0,5.56
MBX00180,2026-05-31,0,13,2,0,15.38
MBX00180,2026-06-01,14,67,3,2,4.48
MBX00180,2026-06-02,4,70,3,0,4.29
MBX00180,2026-06-03,12,72,4,0,5.56
MBX00180,2026-06-04,13,63,6,1,9.52
MBX00180,2026-06-05,14,70,3,1,4.29
MBX00180,2026-06-06,4,23,1,1,4.35
MBX00180,2026-06-07,2,9,1,0,11.11
MBX00180,2026-06-08,9,60,5,0,8.33
MBX00180,2026-06-09,10,64,10,0,15.62
MBX00180,2026-06-10,10,74,4,1,5.41
MBX00180,2026-06-11,14,71,4,1,5.63
MBX00180,2026-06-12,13,66,5,1,7.58
MBX00180,2026-06-13,3,10,1,0,10.0
MBX00180,2026-06-14,4,14,1,0,7.14
MBX00180,2026-06-15,11,68,1,2,1.47
MBX00180,2026-06-16,13,72,3,1,4.17
MBX00180,2026-06-17,15,73,3,0,4.11
MBX00180,2026-06-18,11,63,5,2,7.94
MBX00180,2026-06-19,12,84,5,2,5.95
MBX00180,2026-06-20,3,14,1,2,7.14
MBX00180,2026-06-21,2,9,0,0,0.0
MBX00180,2026-06-22,11,83,4,2,4.82
MBX00180,2026-06-23,9,68,3,0,4.41
MBX00180,2026-06-24,10,76,7,4,9.21
MBX00180,2026-06-25,13,78,4,0,5.13
MBX00180,2026-06-26,12,77,1,0,1.3
MBX00180,2026-06-27,3,8,0,0,0.0
MBX00180,2026-06-28,1,16,2,0,12.5
MBX00180,2026-06-29,16,68,4,2,5.88
MBX00180,2026-06-30,12,75,2,2,2.67
MBX00180,2026-07-01,19,61,5,1,8.2
MBX00180,2026-07-02,15,80,5,0,6.25
MBX00180,2026-07-03,17,75,4,0,5.33
MBX00180,2026-07-04,2,11,5,0,45.45
MBX00180,2026-07-05,4,10,2,0,20.0
MBX00180,2026-07-06,10,66,4,0,6.06
MBX00180,2026-07-07,14,73,2,1,2.74
MBX00180,2026-07-08,10,64,5,1,7.81
MBX00180,2026-07-09,15,74,2,0,2.7
MBX00180,2026-07-10,13,66,2,1,3.03
MBX00180,2026-07-11,1,6,0,0,0.0
MBX00180,2026-07-12,2,17,2,0,11.76
MBX00180,2026-07-13,17,73,4,3,5.48
MBX00180,2026-07-14,13,83,8,0,9.64
MBX00180,2026-07-15,10,77,2,1,2.6
MBX00180,2026-07-16,16,92,5,1,5.43
MBX00180,2026-07-17,7,68,3,1,4.41
MBX00180,2026-07-18,2,8,0,0,0.0
MBX00180,2026-07-19,2,9,1,1,11.11
MBX00180,2026-07-20,9,67,8,0,11.94
MBX00180,2026-07-21,7,74,7,1,9.46
MBX00180,2026-07-22,11,64,4,1,6.25
MBX00180,2026-07-23,10,63,5,0,7.94
MBX00180,2026-07-24,20,56,4,1,7.14
MBX00401,2026-04-26,2,4,1,0,25.0
MBX00401,2026-04-27,16,31,2,0,6.45
MBX00401,2026-04-28,19,36,2,0,5.56
MBX00401,2026-04-29,13,35,3,1,8.57
MBX00401,2026-04-30,13,36,2,0,5.56
MBX00401,2026-05-01,20,34,1,1,2.94
MBX00401,2026-05-02,3,4,0,0,0.0
MBX00401,2026-05-03,6,6,0,0,0.0
MBX00401,2026-05-04,20,28,5,0,17.86
MBX00401,2026-05-05,15,36,3,3,8.33
MBX00401,2026-05-06,12,30,1,0,3.33
MBX00401,2026-05-07,14,32,2,1,6.25
MBX00401,2026-05-08,21,32,2,1,6.25
MBX00401,2026-05-09,1,3,1,0,33.33
MBX00401,2026-05-10,2,3,0,0,0.0
MBX00401,2026-05-11,13,30,0,0,0.0
MBX00401,2026-05-12,20,30,1,0,3.33
MBX00401,2026-05-13,18,30,0,1,0.0
MBX00401,2026-05-14,15,35,3,0,8.57
MBX00401,2026-05-15,18,32,3,1,9.38
MBX00401,2026-05-16,3,5,0,0,0.0
MBX00401,2026-05-17,0,4,0,0,0.0
MBX00401,2026-05-18,23,29,0,0,0.0
MBX00401,2026-05-19,23,43,0,2,0.0
MBX00401,2026-05-20,20,37,5,0,13.51
MBX00401,2026-05-21,16,28,0,0,0.0
MBX00401,2026-05-22,14,41,2,1,4.88
MBX00401,2026-05-23,2,6,0,0,0.0
MBX00401,2026-05-24,3,6,0,0,0.0
MBX00401,2026-05-25,21,36,5,1,13.89
MBX00401,2026-05-26,14,33,1,0,3.03
MBX00401,2026-05-27,17,35,5,0,14.29
MBX00401,2026-05-28,20,29,3,0,10.34
MBX00401,2026-05-29,20,34,2,0,5.88
MBX00401,2026-05-30,3,6,0,0,0.0
MBX00401,2026-05-31,1,6,0,0,0.0
MBX00401,2026-06-01,18,37,2,0,5.41
MBX00401,2026-06-02,11,37,0,0,0.0
MBX00401,2026-06-03,9,38,0,0,0.0
MBX00401,2026-06-04,10,29,2,0,6.9
MBX00401,2026-06-05,16,42,1,0,2.38
MBX00401,2026-06-06,1,4,0,0,0.0
MBX00401,2026-06-07,5,13,1,0,7.69
MBX00401,2026-06-08,16,32,1,0,3.12
MBX00401,2026-06-09,13,38,4,1,10.53
MBX00401,2026-06-10,15,22,3,0,13.64
MBX00401,2026-06-11,16,31,1,0,3.23
MBX00401,2026-06-12,22,33,0,0,0.0
MBX00401,2026-06-13,2,10,2,0,20.0
MBX00401,2026-06-14,1,6,1,0,16.67
MBX00401,2026-06-15,12,35,0,1,0.0
MBX00401,2026-06-16,17,46,2,1,4.35
MBX00401,2026-06-17,19,34,3,0,8.82
MBX00401,2026-06-18,27,30,1,1,3.33
MBX00401,2026-06-19,16,30,2,1,6.67
MBX00401,2026-06-20,2,4,0,0,0.0
MBX00401,2026-06-21,3,7,0,0,0.0
MBX00401,2026-06-22,18,45,5,1,11.11
MBX00401,2026-06-23,15,33,2,0,6.06
MBX00401,2026-06-24,11,33,2,0,6.06
MBX00401,2026-06-25,23,21,2,0,9.52
MBX00401,2026-06-26,20,37,3,1,8.11
MBX00401,2026-06-27,2,5,0,0,0.0
MBX00401,2026-06-28,5,2,0,0,0.0
MBX00401,2026-06-29,13,27,2,1,7.41
MBX00401,2026-06-30,15,34,0,0,0.0
MBX00401,2026-07-01,16,29,1,0,3.45
MBX00401,2026-07-02,24,27,1,0,3.7
MBX00401,2026-07-03,22,31,1,0,3.23
MBX00401,2026-07-04,3,2,0,0,0.0
MBX00401,2026-07-05,3,4,0,0,0.0
MBX00401,2026-07-06,17,38,3,0,7.89
MBX00401,2026-07-07,15,31,2,0,6.45
MBX00401,2026-07-08,21,37,1,1,2.7
MBX00401,2026-07-09,14,38,7,0,18.42
MBX00401,2026-07-10,19,48,2,0,4.17
MBX00401,2026-07-11,1,4,0,1,0.0
MBX00401,2026-07-12,1,2,0,0,0.0
MBX00401,2026-07-13,14,38,2,0,5.26
MBX00401,2026-07-14,19,38,4,2,10.53
MBX00401,2026-07-15,23,37,2,1,5.41
MBX00401,2026-07-16,21,21,4,0,19.05
MBX00401,2026-07-17,13,35,2,2,5.71
MBX00401,2026-07-18,1,5,0,1,0.0
MBX00401,2026-07-19,1,2,0,0,0.0
MBX00401,2026-07-20,10,26,1,0,3.85
MBX00401,2026-07-21,15,37,5,2,13.51
MBX00401,2026-07-22,19,43,1,2,2.33
MBX00401,2026-07-23,12,30,0,1,0.0
MBX00401,2026-07-24,17,39,2,2,5.13
MBX00244,2026-04-26,4,0,0,0,0.0
MBX00244,2026-04-27,29,39,3,1,7.69
MBX00244,2026-04-28,27,21,1,0,4.76
MBX00244,2026-04-29,33,22,0,0,0.0
MBX00244,2026-04-30,32,23,2,1,8.7
MBX00244,2026-05-01,27,21,0,1,0.0
MBX00244,2026-05-02,3,4,0,0,0.0
MBX00244,2026-05-03,3,3,0,0,0.0
MBX00244,2026-05-04,26,19,1,0,5.26
MBX00244,2026-05-05,24,33,4,0,12.12
MBX00244,2026-05-06,20,21,2,0,9.52
MBX00244,2026-05-07,23,19,2,0,10.53
MBX00244,2026-05-08,26,33,3,1,9.09
MBX00244,2026-05-09,4,2,0,0,0.0
MBX00244,2026-05-10,3,6,0,0,0.0
MBX00244,2026-05-11,29,33,1,1,3.03
MBX00244,2026-05-12,23,21,1,0,4.76
MBX00244,2026-05-13,22,22,3,1,13.64
MBX00244,2026-05-14,24,18,2,0,11.11
MBX00244,2026-05-15,27,25,2,1,8.0
MBX00244,2026-05-16,3,1,0,1,0.0
MBX00244,2026-05-17,2,3,0,0,0.0
MBX00244,2026-05-18,24,22,2,1,9.09
MBX00244,2026-05-19,29,23,1,0,4.35
MBX00244,2026-05-20,23,18,0,0,0.0
MBX00244,2026-05-21,24,18,2,1,11.11
MBX00244,2026-05-22,28,18,1,0,5.56
MBX00244,2026-05-23,4,3,0,0,0.0
MBX00244,2026-05-24,2,4,0,0,0.0
MBX00244,2026-05-25,16,31,2,0,6.45
MBX00244,2026-05-26,24,24,3,0,12.5
MBX00244,2026-05-27,32,15,1,3,6.67
MBX00244,2026-05-28,35,25,1,1,4.0
MBX00244,2026-05-29,29,23,1,1,4.35
MBX00244,2026-05-30,3,2,0,0,0.0
MBX00244,2026-05-31,7,5,0,0,0.0
MBX00244,2026-06-01,23,24,0,0,0.0
MBX00244,2026-06-02,23,20,2,1,10.0
MBX00244,2026-06-03,20,28,0,0,0.0
MBX00244,2026-06-04,16,28,1,3,3.57
MBX00244,2026-06-05,18,25,1,0,4.0
MBX00244,2026-06-06,4,3,1,0,33.33
MBX00244,2026-06-07,2,1,0,0,0.0
MBX00244,2026-06-08,30,30,0,2,0.0
MBX00244,2026-06-09,13,26,1,0,3.85
MBX00244,2026-06-10,24,30,1,0,3.33
MBX00244,2026-06-11,26,26,2,0,7.69
MBX00244,2026-06-12,28,22,0,2,0.0
MBX00244,2026-06-13,2,4,0,0,0.0
MBX00244,2026-06-14,2,4,0,0,0.0
MBX00244,2026-06-15,25,13,4,1,30.77
MBX00244,2026-06-16,26,20,2,0,10.0
MBX00244,2026-06-17,20,24,2,0,8.33
MBX00244,2026-06-18,14,24,1,0,4.17
MBX00244,2026-06-19,16,26,2,0,7.69
MBX00244,2026-06-20,2,10,0,0,0.0
MBX00244,2026-06-21,2,0,0,0,0.0
MBX00244,2026-06-22,25,24,0,0,0.0
MBX00244,2026-06-23,15,32,1,1,3.12
MBX00244,2026-06-24,26,20,0,1,0.0
MBX00244,2026-06-25,30,22,1,0,4.55
MBX00244,2026-06-26,26,28,1,0,3.57
MBX00244,2026-06-27,2,5,0,0,0.0
MBX00244,2026-06-28,4,1,0,0,0.0
MBX00244,2026-06-29,32,20,1,0,5.0
MBX00244,2026-06-30,25,26,1,1,3.85
MBX00244,2026-07-01,29,22,2,0,9.09
MBX00244,2026-07-02,28,26,1,0,3.85
MBX00244,2026-07-03,28,23,2,0,8.7
MBX00244,2026-07-04,5,4,1,0,25.0
MBX00244,2026-07-05,3,3,0,0,0.0
MBX00244,2026-07-06,28,29,1,0,3.45
MBX00244,2026-07-07,34,23,1,0,4.35
MBX00244,2026-07-08,21,24,1,0,4.17
MBX00244,2026-07-09,19,19,3,0,15.79
MBX00244,2026-07-10,28,28,1,0,3.57
MBX00244,2026-07-11,5,4,0,1,0.0
MBX00244,2026-07-12,5,4,1,0,25.0
MBX00244,2026-07-13,40,23,0,0,0.0
MBX00244,2026-07-14,27,36,2,0,5.56
MBX00244,2026-07-15,24,16,0,1,0.0
MBX00244,2026-07-16,33,22,1,0,4.55
MBX00244,2026-07-17,28,23,3,0,13.04
MBX00244,2026-07-18,2,5,0,0,0.0
MBX00244,2026-07-19,2,1,0,0,0.0
MBX00244,2026-07-20,22,23,4,0,17.39
MBX00244,2026-07-21,28,24,3,0,12.5
MBX00244,2026-07-22,26,22,1,2,4.55
MBX00244,2026-07-23,24,20,1,1,5.0
MBX00244,2026-07-24,28,18,1,0,5.56
MBX00125,2026-04-26,2,12,3,0,25.0
MBX00125,2026-04-27,10,88,6,1,6.82
MBX00125,2026-04-28,10,92,6,0,6.52
MBX00125,2026-04-29,9,105,4,0,3.81
MBX00125,2026-04-30,11,78,2,0,2.56
MBX00125,2026-05-01,17,75,6,0,8.0
MBX00125,2026-05-02,3,10,1,0,10.0
MBX00125,2026-05-03,2,23,1,0,4.35
MBX00125,2026-05-04,12,99,4,1,4.04
MBX00125,2026-05-05,14,105,13,3,12.38
MBX00125,2026-05-06,6,95,6,0,6.32
MBX00125,2026-05-07,9,110,8,0,7.27
MBX00125,2026-05-08,13,105,7,1,6.67
MBX00125,2026-05-09,1,19,0,0,0.0
MBX00125,2026-05-10,1,16,1,1,6.25
MBX00125,2026-05-11,8,94,7,1,7.45
MBX00125,2026-05-12,13,109,7,1,6.42
MBX00125,2026-05-13,11,98,8,2,8.16
MBX00125,2026-05-14,15,86,5,1,5.81
MBX00125,2026-05-15,6,108,6,0,5.56
MBX00125,2026-05-16,2,14,1,2,7.14
MBX00125,2026-05-17,0,21,1,0,4.76
MBX00125,2026-05-18,12,101,5,0,4.95
MBX00125,2026-05-19,10,106,12,0,11.32
MBX00125,2026-05-20,9,86,3,2,3.49
MBX00125,2026-05-21,15,94,6,1,6.38
MBX00125,2026-05-22,10,95,4,3,4.21
MBX00125,2026-05-23,4,20,0,0,0.0
MBX00125,2026-05-24,1,16,2,0,12.5
MBX00125,2026-05-25,10,102,6,1,5.88
MBX00125,2026-05-26,12,98,9,4,9.18
MBX00125,2026-05-27,19,90,9,1,10.0
MBX00125,2026-05-28,11,77,5,1,6.49
MBX00125,2026-05-29,15,87,6,0,6.9
MBX00125,2026-05-30,3,14,2,0,14.29
MBX00125,2026-05-31,2,9,1,0,11.11
MBX00125,2026-06-01,10,88,11,0,12.5
MBX00125,2026-06-02,13,82,3,0,3.66
MBX00125,2026-06-03,8,95,9,2,9.47
MBX00125,2026-06-04,9,108,8,1,7.41
MBX00125,2026-06-05,13,87,8,1,9.2
MBX00125,2026-06-06,2,17,1,0,5.88
MBX00125,2026-06-07,1,12,1,0,8.33
MBX00125,2026-06-08,15,88,8,1,9.09
MBX00125,2026-06-09,8,81,2,1,2.47
MBX00125,2026-06-10,14,75,2,0,2.67
MBX00125,2026-06-11,10,102,7,1,6.86
MBX00125,2026-06-12,21,97,5,0,5.15
MBX00125,2026-06-13,3,12,0,0,0.0
MBX00125,2026-06-14,2,11,0,0,0.0
MBX00125,2026-06-15,8,101,5,2,4.95
MBX00125,2026-06-16,13,112,3,1,2.68
MBX00125,2026-06-17,9,95,4,0,4.21
MBX00125,2026-06-18,17,99,1,2,1.01
MBX00125,2026-06-19,11,76,7,3,9.21
MBX00125,2026-06-20,1,8,2,0,25.0
MBX00125,2026-06-21,1,17,1,0,5.88
MBX00125,2026-06-22,13,109,5,2,4.59
MBX00125,2026-06-23,8,106,8,1,7.55
MBX00125,2026-06-24,15,107,8,0,7.48
MBX00125,2026-06-25,7,97,6,0,6.19
MBX00125,2026-06-26,9,110,1,0,0.91
MBX00125,2026-06-27,0,17,0,0,0.0
MBX00125,2026-06-28,1,12,0,0,0.0
MBX00125,2026-06-29,12,110,8,2,7.27
MBX00125,2026-06-30,11,99,4,1,4.04
MBX00125,2026-07-01,9,116,5,0,4.31
MBX00125,2026-07-02,9,90,8,1,8.89
MBX00125,2026-07-03,8,98,2,1,2.04
MBX00125,2026-07-04,0,16,3,0,18.75
MBX00125,2026-07-05,0,27,1,0,3.7
MBX00125,2026-07-06,12,86,2,0,2.33
MBX00125,2026-07-07,10,117,4,2,3.42
MBX00125,2026-07-08,15,103,6,1,5.83
MBX00125,2026-07-09,4,108,6,0,5.56
MBX00125,2026-07-10,13,94,6,1,6.38
MBX00125,2026-07-11,2,15,0,0,0.0
MBX00125,2026-07-12,4,13,1,0,7.69
MBX00125,2026-07-13,4,97,3,0,3.09
MBX00125,2026-07-14,13,85,7,1,8.24
MBX00125,2026-07-15,11,86,3,1,3.49
MBX00125,2026-07-16,12,93,7,3,7.53
MBX00125,2026-07-17,7,89,8,1,8.99
MBX00125,2026-07-18,2,18,2,0,11.11
MBX00125,2026-07-19,2,14,1,1,7.14
MBX00125,2026-07-20,14,108,3,0,2.78
MBX00125,2026-07-21,14,102,12,0,11.76
MBX00125,2026-07-22,9,97,6,0,6.19
MBX00125,2026-07-23,13,106,4,0,3.77
MBX00125,2026-07-24,8,100,9,3,9.0
MBX00616,2026-04-26,1,4,0,0,0.0
MBX00616,2026-04-27,8,61,1,2,1.64
MBX00616,2026-04-28,7,52,2,1,3.85
MBX00616,2026-04-29,8,52,4,0,7.69
MBX00616,2026-04-30,7,55,5,0,9.09
MBX00616,2026-05-01,10,68,5,1,7.35
MBX00616,2026-05-02,1,7,0,0,0.0
MBX00616,2026-05-03,1,9,0,0,0.0
MBX00616,2026-05-04,7,60,4,0,6.67
MBX00616,2026-05-05,18,54,6,4,11.11
MBX00616,2026-05-06,13,56,3,0,5.36
MBX00616,2026-05-07,7,48,3,1,6.25
MBX00616,2026-05-08,11,57,4,2,7.02
MBX00616,2026-05-09,1,12,0,0,0.0
MBX00616,2026-05-10,3,6,0,0,0.0
MBX00616,2026-05-11,10,50,3,0,6.0
MBX00616,2026-05-12,8,51,2,1,3.92
MBX00616,2026-05-13,9,48,5,2,10.42
MBX00616,2026-05-14,9,55,4,1,7.27
MBX00616,2026-05-15,13,53,4,1,7.55
MBX00616,2026-05-16,3,10,1,0,10.0
MBX00616,2026-05-17,2,15,1,0,6.67
MBX00616,2026-05-18,14,47,5,1,10.64
MBX00616,2026-05-19,7,49,3,0,6.12
MBX00616,2026-05-20,10,60,3,0,5.0
MBX00616,2026-05-21,10,45,4,0,8.89
MBX00616,2026-05-22,20,74,2,1,2.7
MBX00616,2026-05-23,3,8,0,0,0.0
MBX00616,2026-05-24,0,6,0,0,0.0
MBX00616,2026-05-25,11,46,1,0,2.17
MBX00616,2026-05-26,15,51,3,1,5.88
MBX00616,2026-05-27,8,58,4,1,6.9
MBX00616,2026-05-28,7,53,6,0,11.32
MBX00616,2026-05-29,8,57,5,2,8.77
MBX00616,2026-05-30,1,5,1,0,20.0
MBX00616,2026-05-31,1,8,1,1,12.5
MBX00616,2026-06-01,14,50,2,0,4.0
MBX00616,2026-06-02,7,55,5,1,9.09
MBX00616,2026-06-03,10,39,2,0,5.13
MBX00616,2026-06-04,6,54,2,0,3.7
MBX00616,2026-06-05,7,65,5,0,7.69
MBX00616,2026-06-06,1,13,0,0,0.0
MBX00616,2026-06-07,0,11,0,0,0.0
MBX00616,2026-06-08,6,55,2,1,3.64
MBX00616,2026-06-09,9,47,3,0,6.38
MBX00616,2026-06-10,9,48,1,0,2.08
MBX00616,2026-06-11,8,41,2,0,4.88
MBX00616,2026-06-12,12,51,4,0,7.84
MBX00616,2026-06-13,1,9,1,0,11.11
MBX00616,2026-06-14,0,13,1,0,7.69
MBX00616,2026-06-15,15,61,3,1,4.92
MBX00616,2026-06-16,4,57,4,0,7.02
MBX00616,2026-06-17,6,48,1,0,2.08
MBX00616,2026-06-18,10,63,3,0,4.76
MBX00616,2026-06-19,14,57,2,0,3.51
MBX00616,2026-06-20,2,10,2,0,20.0
MBX00616,2026-06-21,1,13,1,0,7.69
MBX00616,2026-06-22,13,58,2,1,3.45
MBX00616,2026-06-23,11,48,3,0,6.25
MBX00616,2026-06-24,12,53,3,1,5.66
MBX00616,2026-06-25,7,66,4,1,6.06
MBX00616,2026-06-26,9,60,2,1,3.33
MBX00616,2026-06-27,0,10,0,0,0.0
MBX00616,2026-06-28,3,12,0,0,0.0
MBX00616,2026-06-29,15,55,3,1,5.45
MBX00616,2026-06-30,8,64,2,3,3.12
MBX00616,2026-07-01,10,61,4,0,6.56
MBX00616,2026-07-02,12,58,3,1,5.17
MBX00616,2026-07-03,8,64,5,1,7.81
MBX00616,2026-07-04,3,14,0,0,0.0
MBX00616,2026-07-05,1,5,1,0,20.0
MBX00616,2026-07-06,5,67,7,2,10.45
MBX00616,2026-07-07,9,53,4,1,7.55
MBX00616,2026-07-08,1,49,3,1,6.12
MBX00616,2026-07-09,10,39,2,0,5.13
MBX00616,2026-07-10,9,53,3,0,5.66
MBX00616,2026-07-11,0,7,1,0,14.29
MBX00616,2026-07-12,0,7,0,0,0.0
MBX00616,2026-07-13,7,58,5,0,8.62
MBX00616,2026-07-14,8,56,6,0,10.71
MBX00616,2026-07-15,9,57,6,0,10.53
MBX00616,2026-07-16,16,71,5,0,7.04
MBX00616,2026-07-17,7,61,6,0,9.84
MBX00616,2026-07-18,2,5,0,0,0.0
MBX00616,2026-07-19,0,12,2,0,16.67
MBX00616,2026-07-20,11,50,2,0,4.0
MBX00616,2026-07-21,10,53,3,0,5.66
MBX00616,2026-07-22,8,62,6,0,9.68
MBX00616,2026-07-23,6,59,6,0,10.17
MBX00616,2026-07-24,5,48,5,1,10.42
MBX00343,2026-04-26,9,3,0,0,0.0
MBX00343,2026-04-27,38,11,2,1,18.18
MBX00343,2026-04-28,27,15,3,0,20.0
MBX00343,2026-04-29,33,11,1,0,9.09
MBX00343,2026-04-30,34,15,1,0,6.67
MBX00343,2026-05-01,29,15,1,0,6.67
MBX00343,2026-05-02,1,3,0,0,0.0
MBX00343,2026-05-03,7,2,0,0,0.0
MBX00343,2026-05-04,31,11,0,0,0.0
MBX00343,2026-05-05,26,16,1,2,6.25
MBX00343,2026-05-06,41,11,1,0,9.09
MBX00343,2026-05-07,28,10,1,2,10.0
MBX00343,2026-05-08,21,9,3,0,33.33
MBX00343,2026-05-09,6,3,0,0,0.0
MBX00343,2026-05-10,0,2,0,0,0.0
MBX00343,2026-05-11,29,11,0,0,0.0
MBX00343,2026-05-12,54,16,0,1,0.0
MBX00343,2026-05-13,27,20,0,0,0.0
MBX00343,2026-05-14,38,11,0,0,0.0
MBX00343,2026-05-15,33,16,1,1,6.25
MBX00343,2026-05-16,7,2,0,0,0.0
MBX00343,2026-05-17,3,2,0,0,0.0
MBX00343,2026-05-18,29,22,3,0,13.64
MBX00343,2026-05-19,39,6,0,0,0.0
MBX00343,2026-05-20,36,17,1,1,5.88
MBX00343,2026-05-21,32,10,0,0,0.0
MBX00343,2026-05-22,35,16,1,1,6.25
MBX00343,2026-05-23,3,2,1,0,50.0
MBX00343,2026-05-24,8,3,0,0,0.0
MBX00343,2026-05-25,26,11,3,1,27.27
MBX00343,2026-05-26,31,15,1,2,6.67
MBX00343,2026-05-27,44,14,0,2,0.0
MBX00343,2026-05-28,29,11,0,0,0.0
MBX00343,2026-05-29,33,13,1,0,7.69
MBX00343,2026-05-30,5,1,0,0,0.0
MBX00343,2026-05-31,4,1,0,0,0.0
MBX00343,2026-06-01,31,16,0,0,0.0
MBX00343,2026-06-02,39,17,0,0,0.0
MBX00343,2026-06-03,20,13,1,1,7.69
MBX00343,2026-06-04,36,16,2,1,12.5
MBX00343,2026-06-05,34,17,1,2,5.88
MBX00343,2026-06-06,7,3,3,0,100.0
MBX00343,2026-06-07,6,4,0,0,0.0
MBX00343,2026-06-08,41,8,1,0,12.5
MBX00343,2026-06-09,36,17,2,0,11.76
MBX00343,2026-06-10,28,17,2,1,11.76
MBX00343,2026-06-11,24,12,0,3,0.0
MBX00343,2026-06-12,25,14,0,0,0.0
MBX00343,2026-06-13,8,1,0,0,0.0
MBX00343,2026-06-14,6,2,1,0,50.0
MBX00343,2026-06-15,40,18,2,3,11.11
MBX00343,2026-06-16,35,16,1,1,6.25
MBX00343,2026-06-17,31,13,1,0,7.69
MBX00343,2026-06-18,25,13,1,0,7.69
MBX00343,2026-06-19,27,26,2,0,7.69
MBX00343,2026-06-20,5,3,0,0,0.0
MBX00343,2026-06-21,5,1,0,0,0.0
MBX00343,2026-06-22,30,14,1,1,7.14
MBX00343,2026-06-23,33,15,0,3,0.0
MBX00343,2026-06-24,33,15,1,0,6.67
MBX00343,2026-06-25,42,23,1,1,4.35
MBX00343,2026-06-26,27,18,3,0,16.67
MBX00343,2026-06-27,6,2,0,0,0.0
MBX00343,2026-06-28,1,1,0,0,0.0
MBX00343,2026-06-29,33,10,0,0,0.0
MBX00343,2026-06-30,37,16,0,2,0.0
MBX00343,2026-07-01,27,17,0,2,0.0
MBX00343,2026-07-02,41,13,0,0,0.0
MBX00343,2026-07-03,41,16,0,0,0.0
MBX00343,2026-07-04,6,0,0,0,0.0
MBX00343,2026-07-05,5,3,0,0,0.0
MBX00343,2026-07-06,37,21,1,1,4.76
MBX00343,2026-07-07,44,15,0,0,0.0
MBX00343,2026-07-08,29,14,1,1,7.14
MBX00343,2026-07-09,34,19,0,0,0.0
MBX00343,2026-07-10,40,15,0,0,0.0
MBX00343,2026-07-11,2,2,0,0,0.0
MBX00343,2026-07-12,1,3,0,0,0.0
MBX00343,2026-07-13,34,12,1,1,8.33
MBX00343,2026-07-14,29,17,0,0,0.0
MBX00343,2026-07-15,41,16,0,0,0.0
MBX00343,2026-07-16,30,15,2,0,13.33
MBX00343,2026-07-17,25,19,1,1,5.26
MBX00343,2026-07-18,2,3,0,0,0.0
MBX00343,2026-07-19,3,5,0,0,0.0
MBX00343,2026-07-20,33,19,2,0,10.53
MBX00343,2026-07-21,37,20,0,0,0.0
MBX00343,2026-07-22,32,17,3,0,17.65
MBX00343,2026-07-23,34,16,1,1,6.25
MBX00343,2026-07-24,35,17,0,0,0.0
MBX00680,2026-04-26,1,8,0,0,0.0
MBX00680,2026-04-27,8,70,7,0,10.0
MBX00680,2026-04-28,6,91,5,1,5.49
MBX00680,2026-04-29,5,81,2,1,2.47
MBX00680,2026-04-30,2,80,7,1,8.75
MBX00680,2026-05-01,9,87,9,3,10.34
MBX00680,2026-05-02,1,15,2,0,13.33
MBX00680,2026-05-03,1,16,2,0,12.5
MBX00680,2026-05-04,7,73,6,1,8.22
MBX00680,2026-05-05,9,75,4,0,5.33
MBX00680,2026-05-06,8,77,10,1,12.99
MBX00680,2026-05-07,6,77,7,1,9.09
MBX00680,2026-05-08,7,79,8,3,10.13
MBX00680,2026-05-09,0,18,2,1,11.11
MBX00680,2026-05-10,2,12,0,0,0.0
MBX00680,2026-05-11,4,74,6,1,8.11
MBX00680,2026-05-12,8,83,7,2,8.43
MBX00680,2026-05-13,13,80,7,0,8.75
MBX00680,2026-05-14,10,82,6,2,7.32
MBX00680,2026-05-15,7,86,5,1,5.81
MBX00680,2026-05-16,2,12,0,0,0.0
MBX00680,2026-05-17,1,10,1,0,10.0
MBX00680,2026-05-18,11,100,8,2,8.0
MBX00680,2026-05-19,8,75,9,0,12.0
MBX00680,2026-05-20,6,60,4,0,6.67
MBX00680,2026-05-21,6,95,5,0,5.26
MBX00680,2026-05-22,4,83,9,1,10.84
MBX00680,2026-05-23,1,12,2,0,16.67
MBX00680,2026-05-24,1,6,0,0,0.0
MBX00680,2026-05-25,5,91,6,0,6.59
MBX00680,2026-05-26,10,77,6,4,7.79
MBX00680,2026-05-27,8,86,5,0,5.81
MBX00680,2026-05-28,9,82,4,3,4.88
MBX00680,2026-05-29,6,80,6,0,7.5
MBX00680,2026-05-30,0,17,2,0,11.76
MBX00680,2026-05-31,3,10,1,0,10.0
MBX00680,2026-06-01,5,84,3,0,3.57
MBX00680,2026-06-02,2,75,4,0,5.33
MBX00680,2026-06-03,4,70,2,2,2.86
MBX00680,2026-06-04,8,83,8,3,9.64
MBX00680,2026-06-05,12,91,5,2,5.49
MBX00680,2026-06-06,1,11,0,0,0.0
MBX00680,2026-06-07,1,9,0,1,0.0
MBX00680,2026-06-08,9,81,3,0,3.7
MBX00680,2026-06-09,11,83,4,0,4.82
MBX00680,2026-06-10,5,74,5,1,6.76
MBX00680,2026-06-11,6,82,10,1,12.2
MBX00680,2026-06-12,10,95,2,1,2.11
MBX00680,2026-06-13,1,9,0,0,0.0
MBX00680,2026-06-14,0,12,0,0,0.0
MBX00680,2026-06-15,7,72,7,1,9.72
MBX00680,2026-06-16,7,87,6,0,6.9
MBX00680,2026-06-17,4,81,6,1,7.41
MBX00680,2026-06-18,7,90,6,1,6.67
MBX00680,2026-06-19,12,80,5,1,6.25
MBX00680,2026-06-20,3,12,0,0,0.0
MBX00680,2026-06-21,0,18,1,0,5.56
MBX00680,2026-06-22,4,70,3,0,4.29
MBX00680,2026-06-23,10,95,4,1,4.21
MBX00680,2026-06-24,10,93,5,1,5.38
MBX00680,2026-06-25,13,83,6,0,7.23
MBX00680,2026-06-26,9,67,6,0,8.96
MBX00680,2026-06-27,1,17,2,0,11.76
MBX00680,2026-06-28,1,10,0,0,0.0
MBX00680,2026-06-29,8,75,6,0,8.0
MBX00680,2026-06-30,9,99,5,0,5.05
MBX00680,2026-07-01,11,79,7,2,8.86
MBX00680,2026-07-02,7,83,8,0,9.64
MBX00680,2026-07-03,9,105,4,2,3.81
MBX00680,2026-07-04,2,16,0,0,0.0
MBX00680,2026-07-05,2,14,1,0,7.14
MBX00680,2026-07-06,11,62,4,1,6.45
MBX00680,2026-07-07,5,80,3,1,3.75
MBX00680,2026-07-08,6,87,4,0,4.6
MBX00680,2026-07-09,6,89,5,0,5.62
MBX00680,2026-07-10,8,87,4,2,4.6
MBX00680,2026-07-11,0,14,0,0,0.0
MBX00680,2026-07-12,2,20,1,0,5.0
MBX00680,2026-07-13,10,68,3,1,4.41
MBX00680,2026-07-14,6,86,4,0,4.65
MBX00680,2026-07-15,3,76,3,0,3.95
MBX00680,2026-07-16,9,79,2,0,2.53
MBX00680,2026-07-17,9,81,8,1,9.88
MBX00680,2026-07-18,1,8,0,0,0.0
MBX00680,2026-07-19,0,9,0,0,0.0
MBX00680,2026-07-20,7,84,7,0,8.33
MBX00680,2026-07-21,5,76,2,3,2.63
MBX00680,2026-07-22,9,70,2,0,2.86
MBX00680,2026-07-23,8,71,2,1,2.82
MBX00680,2026-07-24,10,83,3,1,3.61
MBX00726,2026-04-26,6,26,2,0,7.69
MBX00726,2026-04-27,30,96,8,1,8.33
MBX00726,2026-04-28,26,99,11,0,11.11
MBX00726,2026-04-29,23,108,5,3,4.63
MBX00726,2026-04-30,20,106,6,1,5.66
MBX00726,2026-05-01,20,112,7,1,6.25
MBX00726,2026-05-02,2,17,0,0,0.0
MBX00726,2026-05-03,1,12,0,0,0.0
MBX00726,2026-05-04,30,124,9,1,7.26
MBX00726,2026-05-05,21,101,9,1,8.91
MBX00726,2026-05-06,21,112,6,3,5.36
MBX00726,2026-05-07,16,94,3,0,3.19
MBX00726,2026-05-08,26,105,7,0,6.67
MBX00726,2026-05-09,3,12,0,0,0.0
MBX00726,2026-05-10,3,19,1,0,5.26
MBX00726,2026-05-11,27,111,4,0,3.6
MBX00726,2026-05-12,30,95,5,1,5.26
MBX00726,2026-05-13,25,101,4,2,3.96
MBX00726,2026-05-14,20,123,6,1,4.88
MBX00726,2026-05-15,25,95,5,0,5.26
MBX00726,2026-05-16,1,18,0,0,0.0
MBX00726,2026-05-17,1,10,0,0,0.0
MBX00726,2026-05-18,26,111,3,0,2.7
MBX00726,2026-05-19,29,91,3,0,3.3
MBX00726,2026-05-20,23,120,13,2,10.83
MBX00726,2026-05-21,20,83,4,1,4.82
MBX00726,2026-05-22,17,104,5,1,4.81
MBX00726,2026-05-23,1,19,1,0,5.26
MBX00726,2026-05-24,1,9,0,1,0.0
MBX00726,2026-05-25,18,107,2,0,1.87
MBX00726,2026-05-26,23,86,5,3,5.81
MBX00726,2026-05-27,25,103,6,1,5.83
MBX00726,2026-05-28,29,119,5,1,4.2
MBX00726,2026-05-29,28,103,9,2,8.74
MBX00726,2026-05-30,2,12,0,0,0.0
MBX00726,2026-05-31,3,20,1,0,5.0
MBX00726,2026-06-01,26,114,10,4,8.77
MBX00726,2026-06-02,25,96,6,1,6.25
MBX00726,2026-06-03,26,103,4,1,3.88
MBX00726,2026-06-04,34,115,7,0,6.09
MBX00726,2026-06-05,23,82,11,1,13.41
MBX00726,2026-06-06,5,14,0,0,0.0
MBX00726,2026-06-07,6,16,2,0,12.5
MBX00726,2026-06-08,25,94,3,1,3.19
MBX00726,2026-06-09,28,93,10,3,10.75
MBX00726,2026-06-10,22,87,5,2,5.75
MBX00726,2026-06-11,22,95,4,2,4.21
MBX00726,2026-06-12,19,110,10,2,9.09
MBX00726,2026-06-13,4,27,0,0,0.0
MBX00726,2026-06-14,5,14,0,0,0.0
MBX00726,2026-06-15,28,116,7,1,6.03
MBX00726,2026-06-16,29,102,4,0,3.92
MBX00726,2026-06-17,23,110,5,3,4.55
MBX00726,2026-06-18,22,72,1,0,1.39
MBX00726,2026-06-19,17,106,5,0,4.72
MBX00726,2026-06-20,7,17,1,0,5.88
MBX00726,2026-06-21,3,15,1,0,6.67
MBX00726,2026-06-22,31,118,8,0,6.78
MBX00726,2026-06-23,36,90,4,0,4.44
MBX00726,2026-06-24,22,114,11,2,9.65
MBX00726,2026-06-25,34,94,5,2,5.32
MBX00726,2026-06-26,22,105,4,1,3.81
MBX00726,2026-06-27,2,16,1,0,6.25
MBX00726,2026-06-28,5,17,0,0,0.0
MBX00726,2026-06-29,24,110,7,3,6.36
MBX00726,2026-06-30,23,99,3,0,3.03
MBX00726,2026-07-01,23,108,5,2,4.63
MBX00726,2026-07-02,26,117,8,2,6.84
MBX00726,2026-07-03,25,75,9,1,12.0
MBX00726,2026-07-04,2,16,1,1,6.25
MBX00726,2026-07-05,3,13,0,1,0.0
MBX00726,2026-07-06,24,103,11,1,10.68
MBX00726,2026-07-07,19,94,1,0,1.06
MBX00726,2026-07-08,19,98,1,2,1.02
MBX00726,2026-07-09,20,107,6,2,5.61
MBX00726,2026-07-10,26,104,6,1,5.77
MBX00726,2026-07-11,3,16,0,2,0.0
MBX00726,2026-07-12,1,25,2,0,8.0
MBX00726,2026-07-13,28,108,3,0,2.78
MBX00726,2026-07-14,23,102,2,2,1.96
MBX00726,2026-07-15,19,98,8,2,8.16
MBX00726,2026-07-16,21,108,8,0,7.41
MBX00726,2026-07-17,30,98,5,0,5.1
MBX00726,2026-07-18,1,17,1,0,5.88
MBX00726,2026-07-19,2,13,0,0,0.0
MBX00726,2026-07-20,20,119,10,0,8.4
MBX00726,2026-07-21,29,103,6,0,5.83
MBX00726,2026-07-22,24,98,4,1,4.08
MBX00726,2026-07-23,27,91,3,0,3.3
MBX00726,2026-07-24,26,106,2,1,1.89
MBX00015,2026-04-26,5,19,3,0,15.79
MBX00015,2026-04-27,30,109,9,1,8.26
MBX00015,2026-04-28,33,113,9,1,7.96
MBX00015,2026-04-29,34,85,8,0,9.41
MBX00015,2026-04-30,39,127,7,3,5.51
MBX00015,2026-05-01,30,124,5,1,4.03
MBX00015,2026-05-02,2,12,1,0,8.33
MBX00015,2026-05-03,6,26,0,0,0.0
MBX00015,2026-05-04,29,112,5,0,4.46
MBX00015,2026-05-05,40,105,10,3,9.52
MBX00015,2026-05-06,38,101,7,0,6.93
MBX00015,2026-05-07,38,123,6,0,4.88
MBX00015,2026-05-08,32,108,4,0,3.7
MBX00015,2026-05-09,8,22,1,1,4.55
MBX00015,2026-05-10,5,18,1,1,5.56
MBX00015,2026-05-11,22,113,8,0,7.08
MBX00015,2026-05-12,38,113,11,0,9.73
MBX00015,2026-05-13,39,113,5,4,4.42
MBX00015,2026-05-14,26,117,10,2,8.55
MBX00015,2026-05-15,36,111,9,0,8.11
MBX00015,2026-05-16,6,19,1,0,5.26
MBX00015,2026-05-17,9,17,1,0,5.88
MBX00015,2026-05-18,39,129,9,1,6.98
MBX00015,2026-05-19,37,101,8,1,7.92
MBX00015,2026-05-20,45,107,11,0,10.28
MBX00015,2026-05-21,37,116,10,2,8.62
MBX00015,2026-05-22,28,127,6,2,4.72
MBX00015,2026-05-23,7,16,0,0,0.0
MBX00015,2026-05-24,6,25,3,3,12.0
MBX00015,2026-05-25,31,115,9,5,7.83
MBX00015,2026-05-26,45,113,5,2,4.42
MBX00015,2026-05-27,33,104,5,3,4.81
MBX00015,2026-05-28,27,110,5,0,4.55
MBX00015,2026-05-29,36,109,6,0,5.5
MBX00015,2026-05-30,9,20,1,0,5.0
MBX00015,2026-05-31,3,13,2,0,15.38
MBX00015,2026-06-01,33,128,10,2,7.81
MBX00015,2026-06-02,23,109,6,0,5.5
MBX00015,2026-06-03,36,115,9,2,7.83
MBX00015,2026-06-04,29,118,3,1,2.54
MBX00015,2026-06-05,33,123,8,0,6.5
MBX00015,2026-06-06,6,16,0,0,0.0
MBX00015,2026-06-07,5,22,2,0,9.09
MBX00015,2026-06-08,29,114,7,1,6.14
MBX00015,2026-06-09,39,112,11,0,9.82
MBX00015,2026-06-10,33,123,8,1,6.5
MBX00015,2026-06-11,42,120,5,2,4.17
MBX00015,2026-06-12,37,113,9,1,7.96
MBX00015,2026-06-13,3,8,0,0,0.0
MBX00015,2026-06-14,7,19,2,1,10.53
MBX00015,2026-06-15,44,113,2,1,1.77
MBX00015,2026-06-16,29,123,7,3,5.69
MBX00015,2026-06-17,33,113,7,2,6.19
MBX00015,2026-06-18,37,119,4,0,3.36
MBX00015,2026-06-19,32,115,9,2,7.83
MBX00015,2026-06-20,4,15,0,0,0.0
MBX00015,2026-06-21,5,21,0,1,0.0
MBX00015,2026-06-22,37,98,3,1,3.06
MBX00015,2026-06-23,28,113,9,0,7.96
MBX00015,2026-06-24,26,118,2,1,1.69
MBX00015,2026-06-25,35,120,7,3,5.83
MBX00015,2026-06-26,34,105,4,0,3.81
MBX00015,2026-06-27,2,20,0,0,0.0
MBX00015,2026-06-28,5,24,2,0,8.33
MBX00015,2026-06-29,29,110,6,0,5.45
MBX00015,2026-06-30,26,122,6,2,4.92
MBX00015,2026-07-01,37,121,7,1,5.79
MBX00015,2026-07-02,34,126,7,0,5.56
MBX00015,2026-07-03,29,118,9,1,7.63
MBX00015,2026-07-04,8,19,1,0,5.26
MBX00015,2026-07-05,5,17,1,1,5.88
MBX00015,2026-07-06,34,104,6,0,5.77
MBX00015,2026-07-07,35,123,6,4,4.88
MBX00015,2026-07-08,38,112,12,0,10.71
MBX00015,2026-07-09,30,123,7,2,5.69
MBX00015,2026-07-10,45,113,4,2,3.54
MBX00015,2026-07-11,9,14,1,0,7.14
MBX00015,2026-07-12,4,12,2,0,16.67
MBX00015,2026-07-13,47,110,4,0,3.64
MBX00015,2026-07-14,36,121,9,0,7.44
MBX00015,2026-07-15,33,115,7,0,6.09
MBX00015,2026-07-16,37,117,6,2,5.13
MBX00015,2026-07-17,48,117,12,3,10.26
MBX00015,2026-07-18,5,23,0,0,0.0
MBX00015,2026-07-19,7,22,1,0,4.55
MBX00015,2026-07-20,37,117,13,1,11.11
MBX00015,2026-07-21,33,112,8,1,7.14
MBX00015,2026-07-22,42,93,9,0,9.68
MBX00015,2026-07-23,38,107,9,4,8.41
MBX00015,2026-07-24,37,111,10,4,9.01
MBX00376,2026-04-26,4,12,0,1,0.0
MBX00376,2026-04-27,10,70,3,1,4.29
MBX00376,2026-04-28,15,86,7,1,8.14
MBX00376,2026-04-29,14,76,1,0,1.32
MBX00376,2026-04-30,16,60,3,1,5.0
MBX00376,2026-05-01,14,87,1,1,1.15
MBX00376,2026-05-02,3,12,0,1,0.0
MBX00376,2026-05-03,2,10,0,0,0.0
MBX00376,2026-05-04,16,74,3,0,4.05
MBX00376,2026-05-05,21,83,6,1,7.23
MBX00376,2026-05-06,24,86,9,0,10.47
MBX00376,2026-05-07,11,68,2,1,2.94
MBX00376,2026-05-08,14,78,8,2,10.26
MBX00376,2026-05-09,0,9,0,0,0.0
MBX00376,2026-05-10,2,11,1,0,9.09
MBX00376,2026-05-11,16,76,3,1,3.95
MBX00376,2026-05-12,11,76,6,1,7.89
MBX00376,2026-05-13,19,74,4,2,5.41
MBX00376,2026-05-14,22,92,5,0,5.43
MBX00376,2026-05-15,11,73,5,0,6.85
MBX00376,2026-05-16,1,12,3,0,25.0
MBX00376,2026-05-17,0,17,2,0,11.76
MBX00376,2026-05-18,21,89,2,1,2.25
MBX00376,2026-05-19,18,102,6,1,5.88
MBX00376,2026-05-20,12,88,6,0,6.82
MBX00376,2026-05-21,12,84,4,2,4.76
MBX00376,2026-05-22,14,77,6,2,7.79
MBX00376,2026-05-23,3,13,1,1,7.69
MBX00376,2026-05-24,1,11,0,0,0.0
MBX00376,2026-05-25,11,78,7,1,8.97
MBX00376,2026-05-26,12,89,1,1,1.12
MBX00376,2026-05-27,16,73,6,2,8.22
MBX00376,2026-05-28,14,84,5,2,5.95
MBX00376,2026-05-29,15,60,5,1,8.33
MBX00376,2026-05-30,1,7,0,0,0.0
MBX00376,2026-05-31,3,8,0,0,0.0
MBX00376,2026-06-01,14,87,8,2,9.2
MBX00376,2026-06-02,11,77,4,1,5.19
MBX00376,2026-06-03,15,63,0,1,0.0
MBX00376,2026-06-04,10,79,4,1,5.06
MBX00376,2026-06-05,17,91,6,1,6.59
MBX00376,2026-06-06,4,9,0,0,0.0
MBX00376,2026-06-07,2,7,0,0,0.0
MBX00376,2026-06-08,6,80,4,1,5.0
MBX00376,2026-06-09,13,80,7,1,8.75
MBX00376,2026-06-10,9,88,6,1,6.82
MBX00376,2026-06-11,19,71,3,2,4.23
MBX00376,2026-06-12,13,91,9,1,9.89
MBX00376,2026-06-13,1,13,0,0,0.0
MBX00376,2026-06-14,0,16,0,0,0.0
MBX00376,2026-06-15,21,85,4,3,4.71
MBX00376,2026-06-16,15,75,1,3,1.33
MBX00376,2026-06-17,19,74,6,1,8.11
MBX00376,2026-06-18,14,81,4,0,4.94
MBX00376,2026-06-19,15,82,5,1,6.1
MBX00376,2026-06-20,3,10,1,2,10.0
MBX00376,2026-06-21,0,11,1,1,9.09
MBX00376,2026-06-22,13,88,9,0,10.23
MBX00376,2026-06-23,20,80,5,1,6.25
MBX00376,2026-06-24,15,71,8,1,11.27
MBX00376,2026-06-25,14,83,5,0,6.02
MBX00376,2026-06-26,11,82,5,0,6.1
MBX00376,2026-06-27,4,14,1,0,7.14
MBX00376,2026-06-28,3,12,1,1,8.33
MBX00376,2026-06-29,16,60,6,0,10.0
MBX00376,2026-06-30,14,79,3,0,3.8
MBX00376,2026-07-01,11,72,3,1,4.17
MBX00376,2026-07-02,16,66,1,1,1.52
MBX00376,2026-07-03,14,81,2,1,2.47
MBX00376,2026-07-04,4,16,2,0,12.5
MBX00376,2026-07-05,4,12,2,0,16.67
MBX00376,2026-07-06,16,85,5,0,5.88
MBX00376,2026-07-07,17,73,4,1,5.48
MBX00376,2026-07-08,23,87,3,0,3.45
MBX00376,2026-07-09,18,92,3,1,3.26
MBX00376,2026-07-10,11,77,5,1,6.49
MBX00376,2026-07-11,1,10,0,0,0.0
MBX00376,2026-07-12,7,10,0,0,0.0
MBX00376,2026-07-13,10,86,5,1,5.81
MBX00376,2026-07-14,13,84,3,1,3.57
MBX00376,2026-07-15,18,62,1,0,1.61
MBX00376,2026-07-16,18,72,6,0,8.33
MBX00376,2026-07-17,19,83,5,1,6.02
MBX00376,2026-07-18,1,6,1,0,16.67
MBX00376,2026-07-19,2,12,0,0,0.0
MBX00376,2026-07-20,16,81,5,0,6.17
MBX00376,2026-07-21,10,67,1,1,1.49
MBX00376,2026-07-22,12,91,3,0,3.3
MBX00376,2026-07-23,10,80,5,1,6.25
MBX00376,2026-07-24,21,80,11,0,13.75
MBX00413,2026-04-26,7,11,0,0,0.0
MBX00413,2026-04-27,22,42,1,0,2.38
MBX00413,2026-04-28,22,48,4,1,8.33
MBX00413,2026-04-29,28,50,2,1,4.0
MBX00413,2026-04-30,26,50,3,1,6.0
MBX00413,2026-05-01,32,54,2,0,3.7
MBX00413,2026-05-02,3,14,1,0,7.14
MBX00413,2026-05-03,3,12,1,0,8.33
MBX00413,2026-05-04,39,44,1,1,2.27
MBX00413,2026-05-05,28,48,4,2,8.33
MBX00413,2026-05-06,43,62,3,1,4.84
MBX00413,2026-05-07,44,76,2,1,2.63
MBX00413,2026-05-08,41,58,4,2,6.9
MBX00413,2026-05-09,6,12,0,1,0.0
MBX00413,2026-05-10,3,14,1,0,7.14
MBX00413,2026-05-11,38,64,3,4,4.69
MBX00413,2026-05-12,39,50,4,0,8.0
MBX00413,2026-05-13,26,63,6,0,9.52
MBX00413,2026-05-14,34,54,3,0,5.56
MBX00413,2026-05-15,29,50,5,3,10.0
MBX00413,2026-05-16,5,8,0,0,0.0
MBX00413,2026-05-17,1,9,0,0,0.0
MBX00413,2026-05-18,30,45,3,2,6.67
MBX00413,2026-05-19,35,48,0,1,0.0
MBX00413,2026-05-20,35,53,5,0,9.43
MBX00413,2026-05-21,34,48,4,1,8.33
MBX00413,2026-05-22,35,57,4,1,7.02
MBX00413,2026-05-23,11,7,0,0,0.0
MBX00413,2026-05-24,9,9,0,0,0.0
MBX00413,2026-05-25,26,55,3,0,5.45
MBX00413,2026-05-26,35,49,3,0,6.12
MBX00413,2026-05-27,35,54,1,1,1.85
MBX00413,2026-05-28,41,54,1,1,1.85
MBX00413,2026-05-29,36,47,5,1,10.64
MBX00413,2026-05-30,6,6,1,1,16.67
MBX00413,2026-05-31,2,10,1,1,10.0
MBX00413,2026-06-01,32,62,3,1,4.84
MBX00413,2026-06-02,34,75,2,3,2.67
MBX00413,2026-06-03,28,55,2,1,3.64
MBX00413,2026-06-04,30,49,1,0,2.04
MBX00413,2026-06-05,32,45,0,1,0.0
MBX00413,2026-06-06,7,10,0,0,0.0
MBX00413,2026-06-07,5,12,2,0,16.67
MBX00413,2026-06-08,31,46,0,1,0.0
MBX00413,2026-06-09,32,51,4,1,7.84
MBX00413,2026-06-10,31,56,5,1,8.93
MBX00413,2026-06-11,29,51,3,1,5.88
MBX00413,2026-06-12,28,48,3,0,6.25
MBX00413,2026-06-13,2,8,1,0,12.5
MBX00413,2026-06-14,4,3,0,0,0.0
MBX00413,2026-06-15,31,72,2,1,2.78
MBX00413,2026-06-16,30,62,4,2,6.45
MBX00413,2026-06-17,37,48,2,1,4.17
MBX00413,2026-06-18,37,38,2,1,5.26
MBX00413,2026-06-19,25,65,5,1,7.69
MBX00413,2026-06-20,3,7,0,0,0.0
MBX00413,2026-06-21,7,4,2,0,50.0
MBX00413,2026-06-22,33,53,4,0,7.55
MBX00413,2026-06-23,38,63,3,0,4.76
MBX00413,2026-06-24,35,35,3,1,8.57
MBX00413,2026-06-25,38,61,4,0,6.56
MBX00413,2026-06-26,26,59,7,0,11.86
MBX00413,2026-06-27,5,7,1,0,14.29
MBX00413,2026-06-28,9,6,1,1,16.67
MBX00413,2026-06-29,38,56,3,1,5.36
MBX00413,2026-06-30,37,57,2,0,3.51
MBX00413,2026-07-01,32,60,3,4,5.0
MBX00413,2026-07-02,37,47,3,1,6.38
MBX00413,2026-07-03,31,48,1,0,2.08
MBX00413,2026-07-04,7,9,1,1,11.11
MBX00413,2026-07-05,5,5,0,0,0.0
MBX00413,2026-07-06,28,45,3,1,6.67
MBX00413,2026-07-07,35,42,2,1,4.76
MBX00413,2026-07-08,25,48,6,0,12.5
MBX00413,2026-07-09,36,47,6,5,12.77
MBX00413,2026-07-10,42,62,2,2,3.23
MBX00413,2026-07-11,5,5,0,0,0.0
MBX00413,2026-07-12,7,6,0,0,0.0
MBX00413,2026-07-13,40,54,3,0,5.56
MBX00413,2026-07-14,29,61,3,1,4.92
MBX00413,2026-07-15,30,60,1,1,1.67
MBX00413,2026-07-16,30,60,6,1,10.0
MBX00413,2026-07-17,30,65,4,0,6.15
MBX00413,2026-07-18,6,10,0,0,0.0
MBX00413,2026-07-19,9,5,0,0,0.0
MBX00413,2026-07-20,27,45,3,0,6.67
MBX00413,2026-07-21,34,68,3,0,4.41
MBX00413,2026-07-22,24,51,5,1,9.8
MBX00413,2026-07-23,31,65,3,3,4.62
MBX00413,2026-07-24,29,50,2,1,4.0
MBX00046,2026-04-26,1,18,1,0,5.56
MBX00046,2026-04-27,9,84,8,0,9.52
MBX00046,2026-04-28,7,120,8,1,6.67
MBX00046,2026-04-29,7,102,7,1,6.86
MBX00046,2026-04-30,9,106,3,0,2.83
MBX00046,2026-05-01,15,100,6,2,6.0
MBX00046,2026-05-02,2,17,2,0,11.76
MBX00046,2026-05-03,2,17,0,0,0.0
MBX00046,2026-05-04,12,86,2,4,2.33
MBX00046,2026-05-05,18,93,6,2,6.45
MBX00046,2026-05-06,12,100,7,0,7.0
MBX00046,2026-05-07,15,76,2,1,2.63
MBX00046,2026-05-08,15,99,7,4,7.07
MBX00046,2026-05-09,2,16,2,0,12.5
MBX00046,2026-05-10,0,20,3,1,15.0
MBX00046,2026-05-11,10,88,7,1,7.95
MBX00046,2026-05-12,17,89,1,0,1.12
MBX00046,2026-05-13,11,105,6,1,5.71
MBX00046,2026-05-14,23,109,5,3,4.59
MBX00046,2026-05-15,7,80,2,1,2.5
MBX00046,2026-05-16,1,15,0,1,0.0
MBX00046,2026-05-17,5,18,1,1,5.56
MBX00046,2026-05-18,8,82,2,1,2.44
MBX00046,2026-05-19,14,85,5,0,5.88
MBX00046,2026-05-20,13,92,6,3,6.52
MBX00046,2026-05-21,6,98,13,1,13.27
MBX00046,2026-05-22,15,97,8,0,8.25
MBX00046,2026-05-23,2,11,0,0,0.0
MBX00046,2026-05-24,0,13,1,0,7.69
MBX00046,2026-05-25,11,93,9,1,9.68
MBX00046,2026-05-26,15,101,3,0,2.97
MBX00046,2026-05-27,17,97,6,0,6.19
MBX00046,2026-05-28,15,93,6,1,6.45
MBX00046,2026-05-29,13,96,9,0,9.38
MBX00046,2026-05-30,1,11,1,0,9.09
MBX00046,2026-05-31,4,15,3,0,20.0
MBX00046,2026-06-01,14,95,7,2,7.37
MBX00046,2026-06-02,15,89,3,2,3.37
MBX00046,2026-06-03,17,99,5,1,5.05
MBX00046,2026-06-04,15,104,7,0,6.73
MBX00046,2026-06-05,10,99,6,2,6.06
MBX00046,2026-06-06,4,18,1,0,5.56
MBX00046,2026-06-07,1,16,0,1,0.0
MBX00046,2026-06-08,20,73,4,2,5.48
MBX00046,2026-06-09,8,105,5,2,4.76
MBX00046,2026-06-10,12,89,10,0,11.24
MBX00046,2026-06-11,11,96,4,0,4.17
MBX00046,2026-06-12,9,106,6,0,5.66
MBX00046,2026-06-13,0,14,1,0,7.14
MBX00046,2026-06-14,2,12,1,0,8.33
MBX00046,2026-06-15,15,89,6,0,6.74
MBX00046,2026-06-16,9,85,7,0,8.24
MBX00046,2026-06-17,15,92,3,3,3.26
MBX00046,2026-06-18,14,95,3,1,3.16
MBX00046,2026-06-19,13,94,4,1,4.26
MBX00046,2026-06-20,3,19,1,0,5.26
MBX00046,2026-06-21,3,9,1,0,11.11
MBX00046,2026-06-22,9,96,5,2,5.21
MBX00046,2026-06-23,6,73,6,1,8.22
MBX00046,2026-06-24,16,104,3,2,2.88
MBX00046,2026-06-25,7,91,4,1,4.4
MBX00046,2026-06-26,5,76,10,1,13.16
MBX00046,2026-06-27,2,11,1,0,9.09
MBX00046,2026-06-28,1,11,0,0,0.0
MBX00046,2026-06-29,16,100,9,0,9.0
MBX00046,2026-06-30,13,101,0,3,0.0
MBX00046,2026-07-01,19,100,4,2,4.0
MBX00046,2026-07-02,7,88,6,1,6.82
MBX00046,2026-07-03,14,116,11,3,9.48
MBX00046,2026-07-04,1,17,2,2,11.76
MBX00046,2026-07-05,0,18,1,0,5.56
MBX00046,2026-07-06,13,86,4,0,4.65
MBX00046,2026-07-07,14,110,7,2,6.36
MBX00046,2026-07-08,10,102,4,0,3.92
MBX00046,2026-07-09,8,93,8,0,8.6
MBX00046,2026-07-10,20,89,6,2,6.74
MBX00046,2026-07-11,1,11,0,0,0.0
MBX00046,2026-07-12,1,11,0,0,0.0
MBX00046,2026-07-13,13,89,7,1,7.87
MBX00046,2026-07-14,9,96,5,2,5.21
MBX00046,2026-07-15,15,94,6,3,6.38
MBX00046,2026-07-16,10,106,5,2,4.72
MBX00046,2026-07-17,9,87,6,2,6.9
MBX00046,2026-07-18,0,13,0,0,0.0
MBX00046,2026-07-19,2,13,1,0,7.69
MBX00046,2026-07-20,9,82,10,0,12.2
MBX00046,2026-07-21,17,97,5,3,5.15
MBX00046,2026-07-22,15,92,5,2,5.43
MBX00046,2026-07-23,13,94,5,1,5.32
MBX00046,2026-07-24,13,99,10,0,10.1
MBX00605,2026-04-26,5,7,0,1,0.0
MBX00605,2026-04-27,28,82,3,2,3.66
MBX00605,2026-04-28,20,61,1,2,1.64
MBX00605,2026-04-29,15,62,9,2,14.52
MBX00605,2026-04-30,23,75,2,1,2.67
MBX00605,2026-05-01,13,70,9,2,12.86
MBX00605,2026-05-02,1,16,0,1,0.0
MBX00605,2026-05-03,5,7,0,1,0.0
MBX00605,2026-05-04,18,74,4,1,5.41
MBX00605,2026-05-05,22,86,3,0,3.49
MBX00605,2026-05-06,29,68,3,1,4.41
MBX00605,2026-05-07,33,74,9,1,12.16
MBX00605,2026-05-08,29,80,3,4,3.75
MBX00605,2026-05-09,2,17,0,0,0.0
MBX00605,2026-05-10,5,13,1,0,7.69
MBX00605,2026-05-11,24,84,8,0,9.52
MBX00605,2026-05-12,27,89,6,1,6.74
MBX00605,2026-05-13,26,71,5,2,7.04
MBX00605,2026-05-14,26,90,6,2,6.67
MBX00605,2026-05-15,22,71,8,1,11.27
MBX00605,2026-05-16,5,11,1,0,9.09
MBX00605,2026-05-17,2,15,1,0,6.67
MBX00605,2026-05-18,37,70,2,1,2.86
MBX00605,2026-05-19,28,78,6,1,7.69
MBX00605,2026-05-20,33,90,5,2,5.56
MBX00605,2026-05-21,34,94,7,2,7.45
MBX00605,2026-05-22,27,75,5,1,6.67
MBX00605,2026-05-23,3,11,0,1,0.0
MBX00605,2026-05-24,4,11,2,0,18.18
MBX00605,2026-05-25,31,82,4,1,4.88
MBX00605,2026-05-26,29,86,3,1,3.49
MBX00605,2026-05-27,19,72,4,0,5.56
MBX00605,2026-05-28,29,90,5,2,5.56
MBX00605,2026-05-29,21,80,7,2,8.75
MBX00605,2026-05-30,8,10,0,0,0.0
MBX00605,2026-05-31,5,7,0,0,0.0
MBX00605,2026-06-01,37,65,3,1,4.62
MBX00605,2026-06-02,27,87,5,1,5.75
MBX00605,2026-06-03,29,75,3,0,4.0
MBX00605,2026-06-04,24,75,3,0,4.0
MBX00605,2026-06-05,21,81,6,0,7.41
MBX00605,2026-06-06,4,12,1,0,8.33
MBX00605,2026-06-07,3,13,1,1,7.69
MBX00605,2026-06-08,29,68,3,0,4.41
MBX00605,2026-06-09,22,76,6,1,7.89
MBX00605,2026-06-10,33,89,5,1,5.62
MBX00605,2026-06-11,33,77,5,0,6.49
MBX00605,2026-06-12,36,79,4,2,5.06
MBX00605,2026-06-13,1,10,1,0,10.0
MBX00605,2026-06-14,7,15,0,0,0.0
MBX00605,2026-06-15,25,80,4,1,5.0
MBX00605,2026-06-16,24,83,11,0,13.25
MBX00605,2026-06-17,23,65,3,0,4.62
MBX00605,2026-06-18,32,73,4,2,5.48
MBX00605,2026-06-19,17,82,3,1,3.66
MBX00605,2026-06-20,3,16,1,0,6.25
MBX00605,2026-06-21,3,7,0,0,0.0
MBX00605,2026-06-22,21,65,4,0,6.15
MBX00605,2026-06-23,18,75,3,3,4.0
MBX00605,2026-06-24,23,77,3,0,3.9
MBX00605,2026-06-25,35,65,4,1,6.15
MBX00605,2026-06-26,23,71,3,1,4.23
MBX00605,2026-06-27,3,26,2,2,7.69
MBX00605,2026-06-28,0,8,1,0,12.5
MBX00605,2026-06-29,22,80,4,1,5.0
MBX00605,2026-06-30,22,82,3,1,3.66
MBX00605,2026-07-01,22,78,4,1,5.13
MBX00605,2026-07-02,29,63,3,1,4.76
MBX00605,2026-07-03,24,80,2,1,2.5
MBX00605,2026-07-04,3,11,0,0,0.0
MBX00605,2026-07-05,3,9,1,0,11.11
MBX00605,2026-07-06,28,81,5,0,6.17
MBX00605,2026-07-07,30,57,5,1,8.77
MBX00605,2026-07-08,27,85,6,1,7.06
MBX00605,2026-07-09,37,83,5,0,6.02
MBX00605,2026-07-10,28,86,12,1,13.95
MBX00605,2026-07-11,4,9,0,0,0.0
MBX00605,2026-07-12,6,10,0,0,0.0
MBX00605,2026-07-13,24,74,2,0,2.7
MBX00605,2026-07-14,34,75,6,1,8.0
MBX00605,2026-07-15,17,78,6,1,7.69
MBX00605,2026-07-16,32,77,6,1,7.79
MBX00605,2026-07-17,21,94,6,2,6.38
MBX00605,2026-07-18,5,10,2,0,20.0
MBX00605,2026-07-19,4,12,1,1,8.33
MBX00605,2026-07-20,29,85,4,0,4.71
MBX00605,2026-07-21,19,73,5,0,6.85
MBX00605,2026-07-22,29,64,3,2,4.69
MBX00605,2026-07-23,24,80,4,1,5.0
MBX00605,2026-07-24,17,99,4,1,4.04
MBX00409,2026-04-26,0,0,0,0,0.0
MBX00409,2026-04-27,0,0,0,0,0.0
MBX00409,2026-04-28,0,1,0,0,0.0
MBX00409,2026-04-29,0,0,0,0,0.0
MBX00409,2026-04-30,0,0,0,0,0.0
MBX00409,2026-05-01,0,0,0,0,0.0
MBX00409,2026-05-02,0,0,0,0,0.0
MBX00409,2026-05-03,0,0,0,0,0.0
MBX00409,2026-05-04,0,0,0,0,0.0
MBX00409,2026-05-05,0,0,0,0,0.0
MBX00409,2026-05-06,0,1,0,0,0.0
MBX00409,2026-05-07,0,0,0,0,0.0
MBX00409,2026-05-08,0,0,0,0,0.0
MBX00409,2026-05-09,0,0,0,0,0.0
MBX00409,2026-05-10,0,1,0,0,0.0
MBX00409,2026-05-11,0,0,0,0,0.0
MBX00409,2026-05-12,0,0,0,0,0.0
MBX00409,2026-05-13,0,0,0,0,0.0
MBX00409,2026-05-14,0,0,0,0,0.0
MBX00409,2026-05-15,0,0,0,0,0.0
MBX00409,2026-05-16,0,0,0,0,0.0
MBX00409,2026-05-17,0,0,0,0,0.0
MBX00409,2026-05-18,0,1,0,0,0.0
MBX00409,2026-05-19,0,0,0,0,0.0
MBX00409,2026-05-20,0,0,0,0,0.0
MBX00409,2026-05-21,0,0,0,0,0.0
MBX00409,2026-05-22,0,1,0,0,0.0
MBX00409,2026-05-23,0,0,0,0,0.0
MBX00409,2026-05-24,0,0,0,0,0.0
MBX00409,2026-05-25,0,1,0,0,0.0
MBX00409,2026-05-26,0,0,0,0,0.0
MBX00409,2026-05-27,0,1,0,0,0.0
MBX00409,2026-05-28,0,1,1,0,100.0
MBX00409,2026-05-29,0,0,0,0,0.0
MBX00409,2026-05-30,0,0,0,0,0.0
MBX00409,2026-05-31,0,0,0,0,0.0
MBX00409,2026-06-01,0,2,0,0,0.0
MBX00409,2026-06-02,0,0,0,0,0.0
MBX00409,2026-06-03,0,1,0,0,0.0
MBX00409,2026-06-04,0,1,0,0,0.0
MBX00409,2026-06-05,0,0,0,0,0.0
MBX00409,2026-06-06,0,0,0,0,0.0
MBX00409,2026-06-07,0,0,0,0,0.0
MBX00409,2026-06-08,0,0,0,0,0.0
MBX00409,2026-06-09,0,0,0,0,0.0
MBX00409,2026-06-10,1,0,0,0,0.0
MBX00409,2026-06-11,0,0,0,0,0.0
MBX00409,2026-06-12,0,0,0,0,0.0
MBX00409,2026-06-13,0,0,0,0,0.0
MBX00409,2026-06-14,0,0,0,0,0.0
MBX00409,2026-06-15,0,0,0,0,0.0
MBX00409,2026-06-16,1,1,0,0,0.0
MBX00409,2026-06-17,0,0,0,0,0.0
MBX00409,2026-06-18,0,0,0,0,0.0
MBX00409,2026-06-19,0,0,0,0,0.0
MBX00409,2026-06-20,0,0,0,0,0.0
MBX00409,2026-06-21,0,0,0,0,0.0
MBX00409,2026-06-22,0,3,0,0,0.0
MBX00409,2026-06-23,0,0,0,0,0.0
MBX00409,2026-06-24,0,0,0,0,0.0
MBX00409,2026-06-25,0,0,0,0,0.0
MBX00409,2026-06-26,0,1,0,0,0.0
MBX00409,2026-06-27,0,0,0,0,0.0
MBX00409,2026-06-28,0,0,0,0,0.0
MBX00409,2026-06-29,0,1,0,0,0.0
MBX00409,2026-06-30,0,0,0,0,0.0
MBX00409,2026-07-01,0,0,0,0,0.0
MBX00409,2026-07-02,0,0,0,0,0.0
MBX00409,2026-07-03,0,1,0,0,0.0
MBX00409,2026-07-04,0,0,0,0,0.0
MBX00409,2026-07-05,0,1,0,0,0.0
MBX00409,2026-07-06,0,2,0,0,0.0
MBX00409,2026-07-07,0,0,0,0,0.0
MBX00409,2026-07-08,0,0,0,0,0.0
MBX00409,2026-07-09,0,1,0,0,0.0
MBX00409,2026-07-10,0,0,0,0,0.0
MBX00409,2026-07-11,0,0,0,0,0.0
MBX00409,2026-07-12,0,0,0,0,0.0
MBX00409,2026-07-13,0,0,0,0,0.0
MBX00409,2026-07-14,0,1,0,0,0.0
MBX00409,2026-07-15,0,0,0,0,0.0
MBX00409,2026-07-16,0,1,0,0,0.0
MBX00409,2026-07-17,0,0,0,0,0.0
MBX00409,2026-07-18,0,0,0,0,0.0
MBX00409,2026-07-19,0,0,0,0,0.0
MBX00409,2026-07-20,0,0,0,0,0.0
MBX00409,2026-07-21,0,1,0,0,0.0
MBX00409,2026-07-22,0,0,0,0,0.0
MBX00409,2026-07-23,0,0,0,0,0.0
MBX00409,2026-07-24,0,1,0,0,0.0
MBX00065,2026-04-26,3,6,0,0,0.0
MBX00065,2026-04-27,15,44,2,1,4.55
MBX00065,2026-04-28,10,33,1,0,3.03
MBX00065,2026-04-29,14,37,4,0,10.81
MBX00065,2026-04-30,9,42,2,0,4.76
MBX00065,2026-05-01,10,29,0,0,0.0
MBX00065,2026-05-02,0,8,1,0,12.5
MBX00065,2026-05-03,0,2,1,0,50.0
MBX00065,2026-05-04,12,35,3,1,8.57
MBX00065,2026-05-05,6,31,2,0,6.45
MBX00065,2026-05-06,4,32,1,1,3.12
MBX00065,2026-05-07,17,49,2,1,4.08
MBX00065,2026-05-08,7,44,2,1,4.55
MBX00065,2026-05-09,1,5,3,0,60.0
MBX00065,2026-05-10,1,4,0,0,0.0
MBX00065,2026-05-11,14,33,1,1,3.03
MBX00065,2026-05-12,11,36,5,0,13.89
MBX00065,2026-05-13,11,29,2,0,6.9
MBX00065,2026-05-14,9,47,3,0,6.38
MBX00065,2026-05-15,12,36,2,0,5.56
MBX00065,2026-05-16,2,9,2,0,22.22
MBX00065,2026-05-17,1,6,1,0,16.67
MBX00065,2026-05-18,10,36,1,1,2.78
MBX00065,2026-05-19,13,20,2,0,10.0
MBX00065,2026-05-20,4,32,4,0,12.5
MBX00065,2026-05-21,14,47,3,0,6.38
MBX00065,2026-05-22,9,32,1,1,3.12
MBX00065,2026-05-23,1,4,1,0,25.0
MBX00065,2026-05-24,2,8,1,0,12.5
MBX00065,2026-05-25,8,36,2,1,5.56
MBX00065,2026-05-26,7,34,1,0,2.94
MBX00065,2026-05-27,10,38,2,0,5.26
MBX00065,2026-05-28,12,38,3,0,7.89
MBX00065,2026-05-29,11,33,0,1,0.0
MBX00065,2026-05-30,3,3,0,1,0.0
MBX00065,2026-05-31,1,11,0,0,0.0
MBX00065,2026-06-01,14,32,1,2,3.12
MBX00065,2026-06-02,15,42,4,0,9.52
MBX00065,2026-06-03,12,35,3,1,8.57
MBX00065,2026-06-04,9,34,5,0,14.71
MBX00065,2026-06-05,10,42,3,2,7.14
MBX00065,2026-06-06,2,6,0,0,0.0
MBX00065,2026-06-07,0,8,0,1,0.0
MBX00065,2026-06-08,8,33,0,1,0.0
MBX00065,2026-06-09,11,36,0,0,0.0
MBX00065,2026-06-10,11,47,2,0,4.26
MBX00065,2026-06-11,8,31,6,1,19.35
MBX00065,2026-06-12,10,34,2,0,5.88
MBX00065,2026-06-13,2,2,0,0,0.0
MBX00065,2026-06-14,0,5,0,0,0.0
MBX00065,2026-06-15,8,40,0,0,0.0
MBX00065,2026-06-16,14,32,3,0,9.38
MBX00065,2026-06-17,9,37,3,1,8.11
MBX00065,2026-06-18,7,34,2,0,5.88
MBX00065,2026-06-19,13,29,1,0,3.45
MBX00065,2026-06-20,4,6,1,0,16.67
MBX00065,2026-06-21,1,5,0,0,0.0
MBX00065,2026-06-22,13,36,2,0,5.56
MBX00065,2026-06-23,8,29,2,0,6.9
MBX00065,2026-06-24,10,30,1,1,3.33
MBX00065,2026-06-25,9,35,3,0,8.57
MBX00065,2026-06-26,13,34,2,3,5.88
MBX00065,2026-06-27,3,1,0,0,0.0
MBX00065,2026-06-28,1,6,0,0,0.0
MBX00065,2026-06-29,16,38,3,0,7.89
MBX00065,2026-06-30,6,34,0,1,0.0
MBX00065,2026-07-01,12,37,4,0,10.81
MBX00065,2026-07-02,13,34,2,0,5.88
MBX00065,2026-07-03,10,33,2,0,6.06
MBX00065,2026-07-04,0,5,0,0,0.0
MBX00065,2026-07-05,1,9,0,0,0.0
MBX00065,2026-07-06,9,47,2,1,4.26
MBX00065,2026-07-07,10,41,2,0,4.88
MBX00065,2026-07-08,9,37,3,0,8.11
MBX00065,2026-07-09,12,35,2,1,5.71
MBX00065,2026-07-10,6,42,1,1,2.38
MBX00065,2026-07-11,3,6,0,0,0.0
MBX00065,2026-07-12,1,3,2,0,66.67
MBX00065,2026-07-13,15,30,2,1,6.67
MBX00065,2026-07-14,14,32,1,1,3.12
MBX00065,2026-07-15,10,32,1,1,3.12
MBX00065,2026-07-16,11,35,5,0,14.29
MBX00065,2026-07-17,13,36,2,0,5.56
MBX00065,2026-07-18,1,7,0,0,0.0
MBX00065,2026-07-19,1,2,0,0,0.0
MBX00065,2026-07-20,12,40,2,1,5.0
MBX00065,2026-07-21,6,27,3,0,11.11
MBX00065,2026-07-22,11,33,2,0,6.06
MBX00065,2026-07-23,10,34,1,0,2.94
MBX00065,2026-07-24,12,45,3,0,6.67
MBX00434,2026-04-26,9,11,2,0,18.18
MBX00434,2026-04-27,36,51,1,4,1.96
MBX00434,2026-04-28,30,53,3,0,5.66
MBX00434,2026-04-29,31,45,6,1,13.33
MBX00434,2026-04-30,30,53,3,1,5.66
MBX00434,2026-05-01,32,39,3,2,7.69
MBX00434,2026-05-02,5,6,1,0,16.67
MBX00434,2026-05-03,3,7,1,0,14.29
MBX00434,2026-05-04,28,49,3,1,6.12
MBX00434,2026-05-05,31,46,3,0,6.52
MBX00434,2026-05-06,27,39,4,2,10.26
MBX00434,2026-05-07,37,60,4,3,6.67
MBX00434,2026-05-08,38,56,5,1,8.93
MBX00434,2026-05-09,5,11,3,0,27.27
MBX00434,2026-05-10,5,8,0,0,0.0
MBX00434,2026-05-11,29,45,2,2,4.44
MBX00434,2026-05-12,27,44,0,0,0.0
MBX00434,2026-05-13,31,51,5,1,9.8
MBX00434,2026-05-14,30,49,3,0,6.12
MBX00434,2026-05-15,34,54,5,2,9.26
MBX00434,2026-05-16,2,6,2,0,33.33
MBX00434,2026-05-17,3,4,1,0,25.0
MBX00434,2026-05-18,22,47,1,1,2.13
MBX00434,2026-05-19,20,55,5,0,9.09
MBX00434,2026-05-20,26,50,1,3,2.0
MBX00434,2026-05-21,42,47,1,0,2.13
MBX00434,2026-05-22,31,52,3,0,5.77
MBX00434,2026-05-23,5,8,0,0,0.0
MBX00434,2026-05-24,4,12,0,2,0.0
MBX00434,2026-05-25,26,51,6,3,11.76
MBX00434,2026-05-26,39,47,3,1,6.38
MBX00434,2026-05-27,32,47,0,1,0.0
MBX00434,2026-05-28,42,33,2,1,6.06
MBX00434,2026-05-29,25,67,3,0,4.48
MBX00434,2026-05-30,7,9,1,0,11.11
MBX00434,2026-05-31,4,7,0,0,0.0
MBX00434,2026-06-01,26,37,2,2,5.41
MBX00434,2026-06-02,41,73,4,1,5.48
MBX00434,2026-06-03,29,46,3,1,6.52
MBX00434,2026-06-04,26,57,4,0,7.02
MBX00434,2026-06-05,28,61,2,0,3.28
MBX00434,2026-06-06,3,11,0,0,0.0
MBX00434,2026-06-07,0,8,2,0,25.0
MBX00434,2026-06-08,39,47,1,0,2.13
MBX00434,2026-06-09,32,38,3,1,7.89
MBX00434,2026-06-10,28,42,2,0,4.76
MBX00434,2026-06-11,37,42,0,0,0.0
MBX00434,2026-06-12,26,42,3,0,7.14
MBX00434,2026-06-13,3,11,0,0,0.0
MBX00434,2026-06-14,4,6,1,0,16.67
MBX00434,2026-06-15,36,56,6,2,10.71
MBX00434,2026-06-16,29,53,3,0,5.66
MBX00434,2026-06-17,28,51,5,2,9.8
MBX00434,2026-06-18,35,48,3,0,6.25
MBX00434,2026-06-19,30,61,4,1,6.56
MBX00434,2026-06-20,3,6,0,0,0.0
MBX00434,2026-06-21,5,6,0,0,0.0
MBX00434,2026-06-22,32,49,3,0,6.12
MBX00434,2026-06-23,26,53,4,1,7.55
MBX00434,2026-06-24,33,47,2,1,4.26
MBX00434,2026-06-25,35,42,1,1,2.38
MBX00434,2026-06-26,24,45,5,1,11.11
MBX00434,2026-06-27,3,7,0,0,0.0
MBX00434,2026-06-28,6,5,1,0,20.0
MBX00434,2026-06-29,35,43,3,1,6.98
MBX00434,2026-06-30,28,49,3,0,6.12
MBX00434,2026-07-01,29,43,2,0,4.65
MBX00434,2026-07-02,27,51,4,1,7.84
MBX00434,2026-07-03,36,43,0,1,0.0
MBX00434,2026-07-04,7,7,0,0,0.0
MBX00434,2026-07-05,7,13,3,0,23.08
MBX00434,2026-07-06,29,67,2,1,2.99
MBX00434,2026-07-07,31,46,4,0,8.7
MBX00434,2026-07-08,36,55,3,1,5.45
MBX00434,2026-07-09,33,54,1,0,1.85
MBX00434,2026-07-10,32,54,7,1,12.96
MBX00434,2026-07-11,5,4,1,0,25.0
MBX00434,2026-07-12,3,11,1,0,9.09
MBX00434,2026-07-13,33,60,2,1,3.33
MBX00434,2026-07-14,35,57,0,0,0.0
MBX00434,2026-07-15,26,49,1,0,2.04
MBX00434,2026-07-16,21,54,4,1,7.41
MBX00434,2026-07-17,27,44,6,0,13.64
MBX00434,2026-07-18,3,1,0,0,0.0
MBX00434,2026-07-19,4,9,0,0,0.0
MBX00434,2026-07-20,26,45,7,3,15.56
MBX00434,2026-07-21,27,57,2,4,3.51
MBX00434,2026-07-22,31,51,2,1,3.92
MBX00434,2026-07-23,27,61,1,2,1.64
MBX00434,2026-07-24,43,41,3,1,7.32
MBX00516,2026-04-26,3,12,1,0,8.33
MBX00516,2026-04-27,11,59,4,2,6.78
MBX00516,2026-04-28,21,85,6,3,7.06
MBX00516,2026-04-29,12,67,1,0,1.49
MBX00516,2026-04-30,18,55,3,1,5.45
MBX00516,2026-05-01,24,54,6,1,11.11
MBX00516,2026-05-02,3,10,0,0,0.0
MBX00516,2026-05-03,4,12,1,0,8.33
MBX00516,2026-05-04,18,71,3,0,4.23
MBX00516,2026-05-05,23,56,1,0,1.79
MBX00516,2026-05-06,13,73,4,0,5.48
MBX00516,2026-05-07,20,66,5,1,7.58
MBX00516,2026-05-08,15,74,2,0,2.7
MBX00516,2026-05-09,2,14,1,0,7.14
MBX00516,2026-05-10,3,9,1,0,11.11
MBX00516,2026-05-11,16,79,3,0,3.8
MBX00516,2026-05-12,11,79,6,0,7.59
MBX00516,2026-05-13,18,70,3,1,4.29
MBX00516,2026-05-14,10,77,3,1,3.9
MBX00516,2026-05-15,12,66,2,1,3.03
MBX00516,2026-05-16,4,18,3,1,16.67
MBX00516,2026-05-17,1,11,1,0,9.09
MBX00516,2026-05-18,23,79,5,0,6.33
MBX00516,2026-05-19,17,60,1,1,1.67
MBX00516,2026-05-20,13,75,6,2,8.0
MBX00516,2026-05-21,12,69,3,0,4.35
MBX00516,2026-05-22,18,69,3,0,4.35
MBX00516,2026-05-23,1,14,1,0,7.14
MBX00516,2026-05-24,3,8,0,1,0.0
MBX00516,2026-05-25,10,69,2,0,2.9
MBX00516,2026-05-26,16,72,7,2,9.72
MBX00516,2026-05-27,19,67,1,1,1.49
MBX00516,2026-05-28,17,56,3,0,5.36
MBX00516,2026-05-29,13,71,6,0,8.45
MBX00516,2026-05-30,0,9,0,0,0.0
MBX00516,2026-05-31,3,13,0,0,0.0
MBX00516,2026-06-01,18,57,6,0,10.53
MBX00516,2026-06-02,13,57,1,0,1.75
MBX00516,2026-06-03,19,75,3,0,4.0
MBX00516,2026-06-04,9,65,5,0,7.69
MBX00516,2026-06-05,19,76,7,0,9.21
MBX00516,2026-06-06,2,11,3,0,27.27
MBX00516,2026-06-07,3,11,0,0,0.0
MBX00516,2026-06-08,10,61,7,1,11.48
MBX00516,2026-06-09,18,65,7,0,10.77
MBX00516,2026-06-10,11,77,2,0,2.6
MBX00516,2026-06-11,17,69,6,0,8.7
MBX00516,2026-06-12,18,68,4,0,5.88
MBX00516,2026-06-13,3,11,1,0,9.09
MBX00516,2026-06-14,1,9,1,0,11.11
MBX00516,2026-06-15,20,70,10,1,14.29
MBX00516,2026-06-16,13,54,5,0,9.26
MBX00516,2026-06-17,13,88,4,1,4.55
MBX00516,2026-06-18,17,95,8,1,8.42
MBX00516,2026-06-19,21,67,5,3,7.46
MBX00516,2026-06-20,4,14,3,0,21.43
MBX00516,2026-06-21,3,14,0,1,0.0
MBX00516,2026-06-22,21,80,5,1,6.25
MBX00516,2026-06-23,13,68,4,0,5.88
MBX00516,2026-06-24,9,82,4,1,4.88
MBX00516,2026-06-25,10,65,3,0,4.62
MBX00516,2026-06-26,19,63,3,0,4.76
MBX00516,2026-06-27,3,8,2,0,25.0
MBX00516,2026-06-28,2,12,0,0,0.0
MBX00516,2026-06-29,15,59,2,1,3.39
MBX00516,2026-06-30,19,70,1,1,1.43
MBX00516,2026-07-01,23,54,3,0,5.56
MBX00516,2026-07-02,15,59,4,0,6.78
MBX00516,2026-07-03,19,58,4,1,6.9
MBX00516,2026-07-04,6,9,1,0,11.11
MBX00516,2026-07-05,3,8,1,0,12.5
MBX00516,2026-07-06,10,63,4,1,6.35
MBX00516,2026-07-07,13,69,2,2,2.9
MBX00516,2026-07-08,15,56,2,1,3.57
MBX00516,2026-07-09,12,73,4,1,5.48
MBX00516,2026-07-10,14,70,5,1,7.14
MBX00516,2026-07-11,2,12,0,0,0.0
MBX00516,2026-07-12,4,9,0,1,0.0
MBX00516,2026-07-13,24,72,6,1,8.33
MBX00516,2026-07-14,19,60,5,1,8.33
MBX00516,2026-07-15,19,66,2,4,3.03
MBX00516,2026-07-16,20,81,9,0,11.11
MBX00516,2026-07-17,17,56,1,1,1.79
MBX00516,2026-07-18,1,10,0,1,0.0
MBX00516,2026-07-19,1,10,3,0,30.0
MBX00516,2026-07-20,22,64,7,0,10.94
MBX00516,2026-07-21,15,60,4,0,6.67
MBX00516,2026-07-22,19,61,4,0,6.56
MBX00516,2026-07-23,14,75,6,1,8.0
MBX00516,2026-07-24,16,61,2,2,3.28
MBX00093,2026-04-26,5,13,1,1,7.69
MBX00093,2026-04-27,24,56,3,2,5.36
MBX00093,2026-04-28,29,47,4,2,8.51
MBX00093,2026-04-29,28,41,1,1,2.44
MBX00093,2026-04-30,25,66,3,0,4.55
MBX00093,2026-05-01,14,60,5,1,8.33
MBX00093,2026-05-02,1,9,0,0,0.0
MBX00093,2026-05-03,3,5,1,0,20.0
MBX00093,2026-05-04,25,51,2,0,3.92
MBX00093,2026-05-05,19,63,4,1,6.35
MBX00093,2026-05-06,28,54,1,2,1.85
MBX00093,2026-05-07,19,54,2,1,3.7
MBX00093,2026-05-08,28,67,9,0,13.43
MBX00093,2026-05-09,1,15,1,0,6.67
MBX00093,2026-05-10,3,7,0,0,0.0
MBX00093,2026-05-11,29,45,3,1,6.67
MBX00093,2026-05-12,23,65,3,5,4.62
MBX00093,2026-05-13,27,50,5,2,10.0
MBX00093,2026-05-14,33,54,6,2,11.11
MBX00093,2026-05-15,35,59,3,1,5.08
MBX00093,2026-05-16,6,4,0,0,0.0
MBX00093,2026-05-17,3,9,1,0,11.11
MBX00093,2026-05-18,32,45,5,1,11.11
MBX00093,2026-05-19,18,45,3,0,6.67
MBX00093,2026-05-20,21,63,5,0,7.94
MBX00093,2026-05-21,27,54,2,0,3.7
MBX00093,2026-05-22,23,48,1,1,2.08
MBX00093,2026-05-23,6,9,0,0,0.0
MBX00093,2026-05-24,6,10,0,0,0.0
MBX00093,2026-05-25,24,59,2,1,3.39
MBX00093,2026-05-26,24,54,5,0,9.26
MBX00093,2026-05-27,27,79,3,1,3.8
MBX00093,2026-05-28,21,63,4,1,6.35
MBX00093,2026-05-29,18,60,5,0,8.33
MBX00093,2026-05-30,5,7,0,0,0.0
MBX00093,2026-05-31,3,4,0,0,0.0
MBX00093,2026-06-01,29,61,2,0,3.28
MBX00093,2026-06-02,19,60,4,2,6.67
MBX00093,2026-06-03,23,58,3,0,5.17
MBX00093,2026-06-04,30,55,1,1,1.82
MBX00093,2026-06-05,24,57,3,0,5.26
MBX00093,2026-06-06,4,9,0,0,0.0
MBX00093,2026-06-07,6,8,2,0,25.0
MBX00093,2026-06-08,32,62,4,2,6.45
MBX00093,2026-06-09,33,42,2,3,4.76
MBX00093,2026-06-10,22,64,3,0,4.69
MBX00093,2026-06-11,26,54,5,1,9.26
MBX00093,2026-06-12,25,47,5,1,10.64
MBX00093,2026-06-13,5,10,0,0,0.0
MBX00093,2026-06-14,4,10,0,0,0.0
MBX00093,2026-06-15,36,67,2,1,2.99
MBX00093,2026-06-16,29,49,10,2,20.41
MBX00093,2026-06-17,25,72,2,1,2.78
MBX00093,2026-06-18,23,51,5,0,9.8
MBX00093,2026-06-19,27,46,1,0,2.17
MBX00093,2026-06-20,4,8,0,0,0.0
MBX00093,2026-06-21,5,13,1,0,7.69
MBX00093,2026-06-22,25,69,0,0,0.0
MBX00093,2026-06-23,38,77,2,1,2.6
MBX00093,2026-06-24,36,67,6,2,8.96
MBX00093,2026-06-25,32,60,3,0,5.0
MBX00093,2026-06-26,21,56,2,0,3.57
MBX00093,2026-06-27,0,10,0,0,0.0
MBX00093,2026-06-28,6,9,0,0,0.0
MBX00093,2026-06-29,30,48,5,0,10.42
MBX00093,2026-06-30,23,53,1,1,1.89
MBX00093,2026-07-01,28,58,7,0,12.07
MBX00093,2026-07-02,23,45,2,1,4.44
MBX00093,2026-07-03,28,60,7,0,11.67
MBX00093,2026-07-04,2,10,1,0,10.0
MBX00093,2026-07-05,4,11,0,0,0.0
MBX00093,2026-07-06,27,59,0,0,0.0
MBX00093,2026-07-07,29,51,2,0,3.92
MBX00093,2026-07-08,32,60,3,3,5.0
MBX00093,2026-07-09,34,67,3,2,4.48
MBX00093,2026-07-10,38,62,2,0,3.23
MBX00093,2026-07-11,4,9,0,0,0.0
MBX00093,2026-07-12,9,8,0,1,0.0
MBX00093,2026-07-13,25,52,3,0,5.77
MBX00093,2026-07-14,37,46,3,1,6.52
MBX00093,2026-07-15,23,55,3,0,5.45
MBX00093,2026-07-16,31,57,2,0,3.51
MBX00093,2026-07-17,16,65,3,2,4.62
MBX00093,2026-07-18,7,7,0,0,0.0
MBX00093,2026-07-19,5,7,0,0,0.0
MBX00093,2026-07-20,30,52,7,0,13.46
MBX00093,2026-07-21,27,64,2,1,3.12
MBX00093,2026-07-22,22,54,4,0,7.41
MBX00093,2026-07-23,24,52,2,1,3.85
MBX00093,2026-07-24,31,61,1,0,1.64
MBX00254,2026-04-26,5,19,1,0,5.26
MBX00254,2026-04-27,28,82,6,0,7.32
MBX00254,2026-04-28,33,88,12,1,13.64
MBX00254,2026-04-29,23,93,5,0,5.38
MBX00254,2026-04-30,36,82,5,0,6.1
MBX00254,2026-05-01,29,76,1,2,1.32
MBX00254,2026-05-02,4,12,1,0,8.33
MBX00254,2026-05-03,2,7,0,0,0.0
MBX00254,2026-05-04,25,82,4,2,4.88
MBX00254,2026-05-05,30,65,4,1,6.15
MBX00254,2026-05-06,28,86,9,0,10.47
MBX00254,2026-05-07,26,97,2,1,2.06
MBX00254,2026-05-08,31,95,8,2,8.42
MBX00254,2026-05-09,5,12,2,0,16.67
MBX00254,2026-05-10,6,12,0,0,0.0
MBX00254,2026-05-11,37,88,8,1,9.09
MBX00254,2026-05-12,23,95,4,2,4.21
MBX00254,2026-05-13,31,92,6,0,6.52
MBX00254,2026-05-14,28,72,3,2,4.17
MBX00254,2026-05-15,29,87,4,0,4.6
MBX00254,2026-05-16,4,10,0,0,0.0
MBX00254,2026-05-17,5,15,0,0,0.0
MBX00254,2026-05-18,30,76,6,0,7.89
MBX00254,2026-05-19,30,87,3,4,3.45
MBX00254,2026-05-20,17,82,4,0,4.88
MBX00254,2026-05-21,30,95,4,2,4.21
MBX00254,2026-05-22,29,96,5,1,5.21
MBX00254,2026-05-23,5,13,1,0,7.69
MBX00254,2026-05-24,3,13,0,0,0.0
MBX00254,2026-05-25,25,103,7,2,6.8
MBX00254,2026-05-26,21,83,7,2,8.43
MBX00254,2026-05-27,24,81,2,1,2.47
MBX00254,2026-05-28,35,71,3,0,4.23
MBX00254,2026-05-29,30,68,3,1,4.41
MBX00254,2026-05-30,4,10,0,0,0.0
MBX00254,2026-05-31,4,17,2,0,11.76
MBX00254,2026-06-01,28,100,14,5,14.0
MBX00254,2026-06-02,29,68,9,0,13.24
MBX00254,2026-06-03,28,99,6,0,6.06
MBX00254,2026-06-04,27,89,7,0,7.87
MBX00254,2026-06-05,36,91,5,1,5.49
MBX00254,2026-06-06,2,13,2,0,15.38
MBX00254,2026-06-07,4,12,2,0,16.67
MBX00254,2026-06-08,23,83,4,1,4.82
MBX00254,2026-06-09,36,88,3,2,3.41
MBX00254,2026-06-10,34,108,8,4,7.41
MBX00254,2026-06-11,28,70,3,1,4.29
MBX00254,2026-06-12,18,75,2,1,2.67
MBX00254,2026-06-13,4,10,1,0,10.0
MBX00254,2026-06-14,5,8,2,1,25.0
MBX00254,2026-06-15,30,74,4,2,5.41
MBX00254,2026-06-16,28,75,3,2,4.0
MBX00254,2026-06-17,28,104,2,3,1.92
MBX00254,2026-06-18,27,98,5,0,5.1
MBX00254,2026-06-19,24,84,2,1,2.38
MBX00254,2026-06-20,7,8,0,1,0.0
MBX00254,2026-06-21,6,9,0,0,0.0
MBX00254,2026-06-22,25,88,6,5,6.82
MBX00254,2026-06-23,30,87,7,1,8.05
MBX00254,2026-06-24,26,95,11,1,11.58
MBX00254,2026-06-25,25,80,4,0,5.0
MBX00254,2026-06-26,36,89,5,2,5.62
MBX00254,2026-06-27,1,18,0,0,0.0
MBX00254,2026-06-28,4,15,1,0,6.67
MBX00254,2026-06-29,31,97,8,2,8.25
MBX00254,2026-06-30,28,84,6,3,7.14
MBX00254,2026-07-01,23,85,9,1,10.59
MBX00254,2026-07-02,30,88,3,0,3.41
MBX00254,2026-07-03,26,96,3,0,3.12
MBX00254,2026-07-04,7,13,2,0,15.38
MBX00254,2026-07-05,4,15,0,0,0.0
MBX00254,2026-07-06,32,77,6,3,7.79
MBX00254,2026-07-07,31,81,7,1,8.64
MBX00254,2026-07-08,24,105,6,3,5.71
MBX00254,2026-07-09,33,90,5,1,5.56
MBX00254,2026-07-10,25,84,5,0,5.95
MBX00254,2026-07-11,6,15,1,0,6.67
MBX00254,2026-07-12,3,13,0,0,0.0
MBX00254,2026-07-13,30,78,4,2,5.13
MBX00254,2026-07-14,23,70,3,0,4.29
MBX00254,2026-07-15,35,95,7,0,7.37
MBX00254,2026-07-16,26,88,5,0,5.68
MBX00254,2026-07-17,36,90,7,0,7.78
MBX00254,2026-07-18,4,8,1,0,12.5
MBX00254,2026-07-19,6,11,1,0,9.09
MBX00254,2026-07-20,30,78,0,0,0.0
MBX00254,2026-07-21,30,73,8,1,10.96
MBX00254,2026-07-22,37,83,6,0,7.23
MBX00254,2026-07-23,32,72,4,3,5.56
MBX00254,2026-07-24,35,78,5,2,6.41
MBX00653,2026-04-26,2,12,0,0,0.0
MBX00653,2026-04-27,11,41,2,0,4.88
MBX00653,2026-04-28,9,45,4,0,8.89
MBX00653,2026-04-29,9,40,2,1,5.0
MBX00653,2026-04-30,9,47,2,1,4.26
MBX00653,2026-05-01,15,55,7,1,12.73
MBX00653,2026-05-02,2,9,0,0,0.0
MBX00653,2026-05-03,2,9,1,0,11.11
MBX00653,2026-05-04,13,32,4,1,12.5
MBX00653,2026-05-05,14,42,3,0,7.14
MBX00653,2026-05-06,15,43,1,0,2.33
MBX00653,2026-05-07,11,41,1,1,2.44
MBX00653,2026-05-08,14,37,3,1,8.11
MBX00653,2026-05-09,2,9,2,0,22.22
MBX00653,2026-05-10,2,7,0,0,0.0
MBX00653,2026-05-11,11,41,0,2,0.0
MBX00653,2026-05-12,12,50,5,1,10.0
MBX00653,2026-05-13,13,38,5,0,13.16
MBX00653,2026-05-14,8,43,3,2,6.98
MBX00653,2026-05-15,11,46,3,0,6.52
MBX00653,2026-05-16,2,8,0,0,0.0
MBX00653,2026-05-17,2,2,0,0,0.0
MBX00653,2026-05-18,11,46,3,0,6.52
MBX00653,2026-05-19,8,41,2,1,4.88
MBX00653,2026-05-20,7,40,1,0,2.5
MBX00653,2026-05-21,11,54,5,1,9.26
MBX00653,2026-05-22,11,45,4,2,8.89
MBX00653,2026-05-23,2,10,0,0,0.0
MBX00653,2026-05-24,2,7,1,0,14.29
MBX00653,2026-05-25,9,34,3,0,8.82
MBX00653,2026-05-26,12,39,2,0,5.13
MBX00653,2026-05-27,11,53,1,1,1.89
MBX00653,2026-05-28,8,52,4,1,7.69
MBX00653,2026-05-29,17,40,3,0,7.5
MBX00653,2026-05-30,3,6,0,0,0.0
MBX00653,2026-05-31,0,6,0,0,0.0
MBX00653,2026-06-01,4,41,2,0,4.88
MBX00653,2026-06-02,9,49,3,0,6.12
MBX00653,2026-06-03,15,43,1,0,2.33
MBX00653,2026-06-04,12,36,3,0,8.33
MBX00653,2026-06-05,11,44,1,0,2.27
MBX00653,2026-06-06,1,9,0,0,0.0
MBX00653,2026-06-07,0,11,1,0,9.09
MBX00653,2026-06-08,7,33,0,0,0.0
MBX00653,2026-06-09,13,52,5,2,9.62
MBX00653,2026-06-10,8,35,4,0,11.43
MBX00653,2026-06-11,10,38,4,0,10.53
MBX00653,2026-06-12,7,50,2,0,4.0
MBX00653,2026-06-13,0,4,0,0,0.0
MBX00653,2026-06-14,3,6,1,0,16.67
MBX00653,2026-06-15,8,46,1,2,2.17
MBX00653,2026-06-16,14,54,5,0,9.26
MBX00653,2026-06-17,13,41,3,1,7.32
MBX00653,2026-06-18,9,47,2,0,4.26
MBX00653,2026-06-19,7,41,2,1,4.88
MBX00653,2026-06-20,0,7,0,0,0.0
MBX00653,2026-06-21,1,3,0,0,0.0
MBX00653,2026-06-22,16,45,3,0,6.67
MBX00653,2026-06-23,13,50,5,0,10.0
MBX00653,2026-06-24,12,43,5,0,11.63
MBX00653,2026-06-25,8,52,2,0,3.85
MBX00653,2026-06-26,6,56,2,0,3.57
MBX00653,2026-06-27,0,8,0,0,0.0
MBX00653,2026-06-28,1,6,0,0,0.0
MBX00653,2026-06-29,9,55,1,3,1.82
MBX00653,2026-06-30,14,28,0,0,0.0
MBX00653,2026-07-01,12,49,1,1,2.04
MBX00653,2026-07-02,13,46,3,1,6.52
MBX00653,2026-07-03,15,38,2,3,5.26
MBX00653,2026-07-04,2,3,0,0,0.0
MBX00653,2026-07-05,5,4,0,0,0.0
MBX00653,2026-07-06,10,32,1,1,3.12
MBX00653,2026-07-07,12,44,2,0,4.55
MBX00653,2026-07-08,8,49,2,0,4.08
MBX00653,2026-07-09,17,34,2,0,5.88
MBX00653,2026-07-10,17,47,0,0,0.0
MBX00653,2026-07-11,1,9,1,1,11.11
MBX00653,2026-07-12,4,5,1,0,20.0
MBX00653,2026-07-13,12,51,2,1,3.92
MBX00653,2026-07-14,13,48,3,0,6.25
MBX00653,2026-07-15,4,44,1,0,2.27
MBX00653,2026-07-16,11,35,1,1,2.86
MBX00653,2026-07-17,14,41,2,2,4.88
MBX00653,2026-07-18,2,6,0,0,0.0
MBX00653,2026-07-19,3,7,1,0,14.29
MBX00653,2026-07-20,14,37,1,1,2.7
MBX00653,2026-07-21,15,40,2,1,5.0
MBX00653,2026-07-22,10,43,5,0,11.63
MBX00653,2026-07-23,11,56,2,0,3.57
MBX00653,2026-07-24,15,41,2,0,4.88
MBX00614,2026-04-26,6,17,2,0,11.76
MBX00614,2026-04-27,28,121,7,4,5.79
MBX00614,2026-04-28,25,143,5,2,3.5
MBX00614,2026-04-29,38,103,8,3,7.77
MBX00614,2026-04-30,45,92,5,3,5.43
MBX00614,2026-05-01,39,97,5,1,5.15
MBX00614,2026-05-02,4,12,0,0,0.0
MBX00614,2026-05-03,5,13,0,0,0.0
MBX00614,2026-05-04,32,99,3,3,3.03
MBX00614,2026-05-05,33,114,8,0,7.02
MBX00614,2026-05-06,49,117,7,3,5.98
MBX00614,2026-05-07,36,108,8,3,7.41
MBX00614,2026-05-08,42,123,7,2,5.69
MBX00614,2026-05-09,5,16,1,0,6.25
MBX00614,2026-05-10,5,18,2,1,11.11
MBX00614,2026-05-11,45,122,7,5,5.74
MBX00614,2026-05-12,37,98,3,0,3.06
MBX00614,2026-05-13,42,119,6,1,5.04
MBX00614,2026-05-14,38,94,6,3,6.38
MBX00614,2026-05-15,46,116,9,3,7.76
MBX00614,2026-05-16,9,11,0,0,0.0
MBX00614,2026-05-17,5,12,3,0,25.0
MBX00614,2026-05-18,40,112,6,1,5.36
MBX00614,2026-05-19,40,93,8,0,8.6
MBX00614,2026-05-20,35,117,7,3,5.98
MBX00614,2026-05-21,44,115,10,4,8.7
MBX00614,2026-05-22,35,102,4,1,3.92
MBX00614,2026-05-23,7,16,0,1,0.0
MBX00614,2026-05-24,5,12,2,0,16.67
MBX00614,2026-05-25,48,97,7,0,7.22
MBX00614,2026-05-26,34,108,8,0,7.41
MBX00614,2026-05-27,31,119,8,2,6.72
MBX00614,2026-05-28,36,103,6,1,5.83
MBX00614,2026-05-29,35,105,7,0,6.67
MBX00614,2026-05-30,6,12,0,0,0.0
MBX00614,2026-05-31,4,25,1,0,4.0
MBX00614,2026-06-01,34,113,10,2,8.85
MBX00614,2026-06-02,39,107,9,1,8.41
MBX00614,2026-06-03,46,110,4,1,3.64
MBX00614,2026-06-04,30,96,4,0,4.17
MBX00614,2026-06-05,33,110,12,3,10.91
MBX00614,2026-06-06,4,16,2,2,12.5
MBX00614,2026-06-07,7,14,1,0,7.14
MBX00614,2026-06-08,30,93,8,0,8.6
MBX00614,2026-06-09,22,125,6,3,4.8
MBX00614,2026-06-10,36,115,5,1,4.35
MBX00614,2026-06-11,36,135,6,0,4.44
MBX00614,2026-06-12,26,96,4,2,4.17
MBX00614,2026-06-13,5,20,1,1,5.0
MBX00614,2026-06-14,7,11,2,0,18.18
MBX00614,2026-06-15,37,111,6,2,5.41
MBX00614,2026-06-16,42,117,11,0,9.4
MBX00614,2026-06-17,38,107,9,0,8.41
MBX00614,2026-06-18,39,100,6,0,6.0
MBX00614,2026-06-19,42,108,8,0,7.41
MBX00614,2026-06-20,6,14,2,0,14.29
MBX00614,2026-06-21,5,19,1,0,5.26
MBX00614,2026-06-22,42,86,3,4,3.49
MBX00614,2026-06-23,26,99,8,0,8.08
MBX00614,2026-06-24,31,121,6,1,4.96
MBX00614,2026-06-25,33,109,13,1,11.93
MBX00614,2026-06-26,34,127,10,1,7.87
MBX00614,2026-06-27,13,27,0,0,0.0
MBX00614,2026-06-28,7,15,0,0,0.0
MBX00614,2026-06-29,34,105,5,0,4.76
MBX00614,2026-06-30,32,115,9,0,7.83
MBX00614,2026-07-01,28,112,5,4,4.46
MBX00614,2026-07-02,44,109,5,2,4.59
MBX00614,2026-07-03,41,125,3,1,2.4
MBX00614,2026-07-04,6,17,3,0,17.65
MBX00614,2026-07-05,5,12,0,0,0.0
MBX00614,2026-07-06,36,116,5,1,4.31
MBX00614,2026-07-07,26,100,5,1,5.0
MBX00614,2026-07-08,30,104,4,1,3.85
MBX00614,2026-07-09,40,119,4,0,3.36
MBX00614,2026-07-10,40,109,5,1,4.59
MBX00614,2026-07-11,9,9,2,1,22.22
MBX00614,2026-07-12,6,15,2,0,13.33
MBX00614,2026-07-13,37,110,1,1,0.91
MBX00614,2026-07-14,36,107,7,2,6.54
MBX00614,2026-07-15,35,94,4,0,4.26
MBX00614,2026-07-16,35,113,3,1,2.65
MBX00614,2026-07-17,36,93,2,2,2.15
MBX00614,2026-07-18,4,20,0,0,0.0
MBX00614,2026-07-19,7,14,0,1,0.0
MBX00614,2026-07-20,30,95,3,2,3.16
MBX00614,2026-07-21,39,127,8,0,6.3
MBX00614,2026-07-22,33,99,8,0,8.08
MBX00614,2026-07-23,38,120,10,3,8.33
MBX00614,2026-07-24,24,88,2,1,2.27
MBX00268,2026-04-26,1,9,1,0,11.11
MBX00268,2026-04-27,6,90,4,1,4.44
MBX00268,2026-04-28,6,83,0,0,0.0
MBX00268,2026-04-29,6,74,5,1,6.76
MBX00268,2026-04-30,9,88,4,0,4.55
MBX00268,2026-05-01,12,85,3,0,3.53
MBX00268,2026-05-02,0,4,0,0,0.0
MBX00268,2026-05-03,0,4,0,0,0.0
MBX00268,2026-05-04,7,83,5,1,6.02
MBX00268,2026-05-05,6,76,4,1,5.26
MBX00268,2026-05-06,7,87,3,1,3.45
MBX00268,2026-05-07,8,77,1,1,1.3
MBX00268,2026-05-08,5,85,6,0,7.06
MBX00268,2026-05-09,0,10,1,0,10.0
MBX00268,2026-05-10,2,12,0,0,0.0
MBX00268,2026-05-11,9,87,3,0,3.45
MBX00268,2026-05-12,2,87,6,1,6.9
MBX00268,2026-05-13,8,84,2,1,2.38
MBX00268,2026-05-14,10,87,10,1,11.49
MBX00268,2026-05-15,13,75,9,1,12.0
MBX00268,2026-05-16,0,7,1,0,14.29
MBX00268,2026-05-17,0,10,0,0,0.0
MBX00268,2026-05-18,8,77,3,1,3.9
MBX00268,2026-05-19,7,82,9,0,10.98
MBX00268,2026-05-20,5,82,7,2,8.54
MBX00268,2026-05-21,8,76,6,0,7.89
MBX00268,2026-05-22,9,78,2,2,2.56
MBX00268,2026-05-23,3,12,1,0,8.33
MBX00268,2026-05-24,0,9,1,0,11.11
MBX00268,2026-05-25,6,71,1,0,1.41
MBX00268,2026-05-26,8,76,5,1,6.58
MBX00268,2026-05-27,8,77,7,0,9.09
MBX00268,2026-05-28,13,78,6,0,7.69
MBX00268,2026-05-29,9,81,4,1,4.94
MBX00268,2026-05-30,0,8,1,0,12.5
MBX00268,2026-05-31,5,19,0,0,0.0
MBX00268,2026-06-01,12,78,4,0,5.13
MBX00268,2026-06-02,11,76,4,1,5.26
MBX00268,2026-06-03,9,66,1,0,1.52
MBX00268,2026-06-04,12,86,3,1,3.49
MBX00268,2026-06-05,11,81,3,1,3.7
MBX00268,2026-06-06,1,14,2,0,14.29
MBX00268,2026-06-07,1,8,0,1,0.0
MBX00268,2026-06-08,10,79,2,1,2.53
MBX00268,2026-06-09,10,88,1,0,1.14
MBX00268,2026-06-10,6,78,5,1,6.41
MBX00268,2026-06-11,10,65,3,0,4.62
MBX00268,2026-06-12,6,76,6,1,7.89
MBX00268,2026-06-13,2,9,0,0,0.0
MBX00268,2026-06-14,0,8,0,0,0.0
MBX00268,2026-06-15,11,67,4,0,5.97
MBX00268,2026-06-16,12,75,2,2,2.67
MBX00268,2026-06-17,6,82,3,0,3.66
MBX00268,2026-06-18,2,82,5,0,6.1
MBX00268,2026-06-19,5,104,1,1,0.96
MBX00268,2026-06-20,1,18,0,0,0.0
MBX00268,2026-06-21,2,16,1,0,6.25
MBX00268,2026-06-22,7,83,1,2,1.2
MBX00268,2026-06-23,8,85,5,1,5.88
MBX00268,2026-06-24,10,72,4,0,5.56
MBX00268,2026-06-25,8,69,3,0,4.35
MBX00268,2026-06-26,8,101,5,2,4.95
MBX00268,2026-06-27,4,15,1,0,6.67
MBX00268,2026-06-28,1,8,1,0,12.5
MBX00268,2026-06-29,12,76,4,2,5.26
MBX00268,2026-06-30,6,86,6,0,6.98
MBX00268,2026-07-01,6,74,4,0,5.41
MBX00268,2026-07-02,10,84,7,0,8.33
MBX00268,2026-07-03,5,88,3,2,3.41
MBX00268,2026-07-04,1,14,0,0,0.0
MBX00268,2026-07-05,2,15,0,0,0.0
MBX00268,2026-07-06,3,80,4,1,5.0
MBX00268,2026-07-07,6,72,3,1,4.17
MBX00268,2026-07-08,8,92,6,1,6.52
MBX00268,2026-07-09,4,76,7,0,9.21
MBX00268,2026-07-10,9,99,5,0,5.05
MBX00268,2026-07-11,1,18,1,0,5.56
MBX00268,2026-07-12,1,18,1,1,5.56
MBX00268,2026-07-13,14,90,11,0,12.22
MBX00268,2026-07-14,10,82,12,2,14.63
MBX00268,2026-07-15,6,88,4,1,4.55
MBX00268,2026-07-16,14,74,6,0,8.11
MBX00268,2026-07-17,4,97,6,3,6.19
MBX00268,2026-07-18,1,13,0,0,0.0
MBX00268,2026-07-19,2,10,0,0,0.0
MBX00268,2026-07-20,10,77,7,0,9.09
MBX00268,2026-07-21,6,83,6,0,7.23
MBX00268,2026-07-22,17,83,4,1,4.82
MBX00268,2026-07-23,6,79,3,2,3.8
MBX00268,2026-07-24,14,77,5,1,6.49
MBX00716,2026-04-26,1,8,1,0,12.5
MBX00716,2026-04-27,37,61,5,0,8.2
MBX00716,2026-04-28,30,60,2,1,3.33
MBX00716,2026-04-29,31,61,4,2,6.56
MBX00716,2026-04-30,24,58,2,0,3.45
MBX00716,2026-05-01,27,67,3,3,4.48
MBX00716,2026-05-02,3,11,0,0,0.0
MBX00716,2026-05-03,4,7,0,0,0.0
MBX00716,2026-05-04,27,60,1,2,1.67
MBX00716,2026-05-05,24,65,4,1,6.15
MBX00716,2026-05-06,25,70,9,1,12.86
MBX00716,2026-05-07,27,59,3,3,5.08
MBX00716,2026-05-08,20,66,2,2,3.03
MBX00716,2026-05-09,5,17,1,1,5.88
MBX00716,2026-05-10,4,2,0,0,0.0
MBX00716,2026-05-11,31,65,3,1,4.62
MBX00716,2026-05-12,32,61,5,0,8.2
MBX00716,2026-05-13,33,73,3,0,4.11
MBX00716,2026-05-14,29,53,3,0,5.66
MBX00716,2026-05-15,22,61,3,1,4.92
MBX00716,2026-05-16,6,11,1,1,9.09
MBX00716,2026-05-17,6,14,0,0,0.0
MBX00716,2026-05-18,25,66,1,1,1.52
MBX00716,2026-05-19,28,71,2,1,2.82
MBX00716,2026-05-20,31,63,4,1,6.35
MBX00716,2026-05-21,21,61,6,1,9.84
MBX00716,2026-05-22,22,49,3,0,6.12
MBX00716,2026-05-23,3,10,0,0,0.0
MBX00716,2026-05-24,6,10,0,0,0.0
MBX00716,2026-05-25,26,39,0,1,0.0
MBX00716,2026-05-26,32,59,7,0,11.86
MBX00716,2026-05-27,26,75,6,0,8.0
MBX00716,2026-05-28,20,65,2,0,3.08
MBX00716,2026-05-29,16,69,7,1,10.14
MBX00716,2026-05-30,3,10,0,0,0.0
MBX00716,2026-05-31,2,8,0,0,0.0
MBX00716,2026-06-01,18,62,2,0,3.23
MBX00716,2026-06-02,37,57,5,0,8.77
MBX00716,2026-06-03,29,65,0,1,0.0
MBX00716,2026-06-04,27,64,4,0,6.25
MBX00716,2026-06-05,33,66,3,0,4.55
MBX00716,2026-06-06,7,2,0,0,0.0
MBX00716,2026-06-07,1,7,1,0,14.29
MBX00716,2026-06-08,20,58,1,0,1.72
MBX00716,2026-06-09,23,62,1,0,1.61
MBX00716,2026-06-10,22,46,1,0,2.17
MBX00716,2026-06-11,30,68,3,2,4.41
MBX00716,2026-06-12,28,63,5,1,7.94
MBX00716,2026-06-13,5,13,0,0,0.0
MBX00716,2026-06-14,7,3,0,0,0.0
MBX00716,2026-06-15,24,60,4,2,6.67
MBX00716,2026-06-16,33,67,11,0,16.42
MBX00716,2026-06-17,32,64,6,1,9.38
MBX00716,2026-06-18,44,59,6,2,10.17
MBX00716,2026-06-19,31,51,3,2,5.88
MBX00716,2026-06-20,4,7,1,0,14.29
MBX00716,2026-06-21,4,12,3,0,25.0
MBX00716,2026-06-22,18,59,2,1,3.39
MBX00716,2026-06-23,21,59,5,1,8.47
MBX00716,2026-06-24,35,76,6,1,7.89
MBX00716,2026-06-25,20,54,2,1,3.7
MBX00716,2026-06-26,23,69,3,0,4.35
MBX00716,2026-06-27,4,11,1,0,9.09
MBX00716,2026-06-28,5,10,1,1,10.0
MBX00716,2026-06-29,32,63,3,3,4.76
MBX00716,2026-06-30,30,63,3,2,4.76
MBX00716,2026-07-01,29,64,3,0,4.69
MBX00716,2026-07-02,37,69,8,0,11.59
MBX00716,2026-07-03,24,64,6,1,9.38
MBX00716,2026-07-04,1,8,0,0,0.0
MBX00716,2026-07-05,3,11,0,0,0.0
MBX00716,2026-07-06,24,60,2,0,3.33
MBX00716,2026-07-07,32,58,2,0,3.45
MBX00716,2026-07-08,29,57,4,1,7.02
MBX00716,2026-07-09,24,57,1,0,1.75
MBX00716,2026-07-10,19,64,2,1,3.12
MBX00716,2026-07-11,4,6,1,0,16.67
MBX00716,2026-07-12,3,10,1,1,10.0
MBX00716,2026-07-13,31,69,6,1,8.7
MBX00716,2026-07-14,24,72,6,1,8.33
MBX00716,2026-07-15,27,67,2,0,2.99
MBX00716,2026-07-16,33,67,4,4,5.97
MBX00716,2026-07-17,31,64,2,0,3.12
MBX00716,2026-07-18,3,13,1,0,7.69
MBX00716,2026-07-19,3,4,0,0,0.0
MBX00716,2026-07-20,20,66,3,1,4.55
MBX00716,2026-07-21,33,56,4,0,7.14
MBX00716,2026-07-22,33,58,4,4,6.9
MBX00716,2026-07-23,26,46,0,0,0.0
MBX00716,2026-07-24,19,63,4,2,6.35
MBX00648,2026-04-26,5,8,0,0,0.0
MBX00648,2026-04-27,33,69,3,1,4.35
MBX00648,2026-04-28,35,58,2,0,3.45
MBX00648,2026-04-29,30,67,2,0,2.99
MBX00648,2026-04-30,36,61,4,0,6.56
MBX00648,2026-05-01,37,69,6,2,8.7
MBX00648,2026-05-02,5,17,1,1,5.88
MBX00648,2026-05-03,7,6,0,0,0.0
MBX00648,2026-05-04,34,61,5,1,8.2
MBX00648,2026-05-05,23,68,6,0,8.82
MBX00648,2026-05-06,27,78,5,0,6.41
MBX00648,2026-05-07,37,61,3,3,4.92
MBX00648,2026-05-08,32,77,4,1,5.19
MBX00648,2026-05-09,3,8,1,0,12.5
MBX00648,2026-05-10,5,8,0,0,0.0
MBX00648,2026-05-11,32,68,4,1,5.88
MBX00648,2026-05-12,31,71,8,0,11.27
MBX00648,2026-05-13,33,53,1,1,1.89
MBX00648,2026-05-14,35,65,4,0,6.15
MBX00648,2026-05-15,26,67,2,0,2.99
MBX00648,2026-05-16,8,13,0,0,0.0
MBX00648,2026-05-17,5,8,1,0,12.5
MBX00648,2026-05-18,34,89,6,0,6.74
MBX00648,2026-05-19,29,78,6,0,7.69
MBX00648,2026-05-20,41,70,2,1,2.86
MBX00648,2026-05-21,35,63,3,1,4.76
MBX00648,2026-05-22,31,75,4,0,5.33
MBX00648,2026-05-23,0,11,1,0,9.09
MBX00648,2026-05-24,6,11,0,1,0.0
MBX00648,2026-05-25,37,73,2,3,2.74
MBX00648,2026-05-26,33,65,2,1,3.08
MBX00648,2026-05-27,23,62,6,0,9.68
MBX00648,2026-05-28,33,79,5,3,6.33
MBX00648,2026-05-29,34,71,7,2,9.86
MBX00648,2026-05-30,5,10,0,0,0.0
MBX00648,2026-05-31,6,9,0,0,0.0
MBX00648,2026-06-01,30,88,2,1,2.27
MBX00648,2026-06-02,34,71,4,2,5.63
MBX00648,2026-06-03,29,76,5,0,6.58
MBX00648,2026-06-04,30,62,7,1,11.29
MBX00648,2026-06-05,39,58,2,0,3.45
MBX00648,2026-06-06,6,8,1,0,12.5
MBX00648,2026-06-07,7,11,0,0,0.0
MBX00648,2026-06-08,45,70,6,1,8.57
MBX00648,2026-06-09,36,67,3,1,4.48
MBX00648,2026-06-10,31,54,1,0,1.85
MBX00648,2026-06-11,36,73,3,0,4.11
MBX00648,2026-06-12,36,48,4,0,8.33
MBX00648,2026-06-13,13,11,0,0,0.0
MBX00648,2026-06-14,7,11,0,0,0.0
MBX00648,2026-06-15,29,71,8,1,11.27
MBX00648,2026-06-16,37,60,2,0,3.33
MBX00648,2026-06-17,31,72,4,4,5.56
MBX00648,2026-06-18,46,67,4,3,5.97
MBX00648,2026-06-19,22,49,1,1,2.04
MBX00648,2026-06-20,6,12,0,0,0.0
MBX00648,2026-06-21,3,14,0,0,0.0
MBX00648,2026-06-22,36,65,6,1,9.23
MBX00648,2026-06-23,30,60,4,0,6.67
MBX00648,2026-06-24,28,66,5,0,7.58
MBX00648,2026-06-25,31,82,4,1,4.88
MBX00648,2026-06-26,39,78,6,1,7.69
MBX00648,2026-06-27,4,6,1,0,16.67
MBX00648,2026-06-28,6,14,0,0,0.0
MBX00648,2026-06-29,35,60,5,0,8.33
MBX00648,2026-06-30,32,79,6,1,7.59
MBX00648,2026-07-01,45,56,4,1,7.14
MBX00648,2026-07-02,32,73,6,0,8.22
MBX00648,2026-07-03,29,72,5,1,6.94
MBX00648,2026-07-04,6,9,0,0,0.0
MBX00648,2026-07-05,4,9,1,0,11.11
MBX00648,2026-07-06,30,74,3,3,4.05
MBX00648,2026-07-07,35,66,1,3,1.52
MBX00648,2026-07-08,42,76,7,0,9.21
MBX00648,2026-07-09,33,71,5,1,7.04
MBX00648,2026-07-10,32,68,8,1,11.76
MBX00648,2026-07-11,5,11,0,1,0.0
MBX00648,2026-07-12,2,16,3,0,18.75
MBX00648,2026-07-13,24,45,2,1,4.44
MBX00648,2026-07-14,36,72,7,1,9.72
MBX00648,2026-07-15,43,76,6,0,7.89
MBX00648,2026-07-16,37,68,2,1,2.94
MBX00648,2026-07-17,37,79,4,2,5.06
MBX00648,2026-07-18,4,16,1,0,6.25
MBX00648,2026-07-19,6,6,0,0,0.0
MBX00648,2026-07-20,30,73,8,3,10.96
MBX00648,2026-07-21,33,75,7,3,9.33
MBX00648,2026-07-22,31,80,4,0,5.0
MBX00648,2026-07-23,37,60,2,1,3.33
MBX00648,2026-07-24,29,54,3,0,5.56
MBX00503,2026-04-26,12,10,0,0,0.0
MBX00503,2026-04-27,42,92,2,1,2.17
MBX00503,2026-04-28,36,110,8,1,7.27
MBX00503,2026-04-29,30,104,6,0,5.77
MBX00503,2026-04-30,34,105,6,3,5.71
MBX00503,2026-05-01,34,107,9,1,8.41
MBX00503,2026-05-02,8,11,1,1,9.09
MBX00503,2026-05-03,9,18,2,0,11.11
MBX00503,2026-05-04,28,107,6,1,5.61
MBX00503,2026-05-05,31,125,10,2,8.0
MBX00503,2026-05-06,57,95,8,2,8.42
MBX00503,2026-05-07,36,102,5,5,4.9
MBX00503,2026-05-08,27,118,6,2,5.08
MBX00503,2026-05-09,8,11,2,0,18.18
MBX00503,2026-05-10,5,11,0,0,0.0
MBX00503,2026-05-11,33,98,4,0,4.08
MBX00503,2026-05-12,39,102,3,1,2.94
MBX00503,2026-05-13,28,109,6,2,5.5
MBX00503,2026-05-14,43,113,4,0,3.54
MBX00503,2026-05-15,30,101,5,1,4.95
MBX00503,2026-05-16,5,10,0,0,0.0
MBX00503,2026-05-17,8,17,1,1,5.88
MBX00503,2026-05-18,43,100,5,0,5.0
MBX00503,2026-05-19,45,107,3,1,2.8
MBX00503,2026-05-20,47,109,8,1,7.34
MBX00503,2026-05-21,42,97,6,1,6.19
MBX00503,2026-05-22,40,121,5,3,4.13
MBX00503,2026-05-23,7,9,0,0,0.0
MBX00503,2026-05-24,7,16,0,0,0.0
MBX00503,2026-05-25,37,110,4,0,3.64
MBX00503,2026-05-26,41,90,5,0,5.56
MBX00503,2026-05-27,39,98,4,2,4.08
MBX00503,2026-05-28,36,114,5,1,4.39
MBX00503,2026-05-29,43,109,3,3,2.75
MBX00503,2026-05-30,5,12,2,1,16.67
MBX00503,2026-05-31,4,21,2,1,9.52
MBX00503,2026-06-01,44,99,8,0,8.08
MBX00503,2026-06-02,46,112,4,3,3.57
MBX00503,2026-06-03,36,105,10,2,9.52
MBX00503,2026-06-04,37,98,3,3,3.06
MBX00503,2026-06-05,27,102,5,3,4.9
MBX00503,2026-06-06,2,12,0,0,0.0
MBX00503,2026-06-07,4,14,1,0,7.14
MBX00503,2026-06-08,36,99,3,2,3.03
MBX00503,2026-06-09,37,103,5,1,4.85
MBX00503,2026-06-10,30,110,5,1,4.55
MBX00503,2026-06-11,37,112,6,0,5.36
MBX00503,2026-06-12,39,124,6,0,4.84
MBX00503,2026-06-13,2,15,0,0,0.0
MBX00503,2026-06-14,6,15,0,0,0.0
MBX00503,2026-06-15,41,101,5,0,4.95
MBX00503,2026-06-16,43,96,5,1,5.21
MBX00503,2026-06-17,44,101,5,1,4.95
MBX00503,2026-06-18,41,103,11,1,10.68
MBX00503,2026-06-19,39,130,19,0,14.62
MBX00503,2026-06-20,7,9,1,1,11.11
MBX00503,2026-06-21,9,18,0,0,0.0
MBX00503,2026-06-22,37,114,14,5,12.28
MBX00503,2026-06-23,29,102,5,2,4.9
MBX00503,2026-06-24,47,101,5,3,4.95
MBX00503,2026-06-25,40,115,9,1,7.83
MBX00503,2026-06-26,37,107,5,2,4.67
MBX00503,2026-06-27,5,17,1,1,5.88
MBX00503,2026-06-28,2,13,0,1,0.0
MBX00503,2026-06-29,38,103,12,3,11.65
MBX00503,2026-06-30,22,111,7,1,6.31
MBX00503,2026-07-01,28,105,7,1,6.67
MBX00503,2026-07-02,43,112,5,4,4.46
MBX00503,2026-07-03,50,117,6,2,5.13
MBX00503,2026-07-04,5,16,2,0,12.5
MBX00503,2026-07-05,7,15,1,0,6.67
MBX00503,2026-07-06,32,116,1,1,0.86
MBX00503,2026-07-07,35,101,5,2,4.95
MBX00503,2026-07-08,31,100,11,1,11.0
MBX00503,2026-07-09,44,100,9,1,9.0
MBX00503,2026-07-10,31,113,5,2,4.42
MBX00503,2026-07-11,3,14,1,0,7.14
MBX00503,2026-07-12,4,17,0,0,0.0
MBX00503,2026-07-13,32,103,6,2,5.83
MBX00503,2026-07-14,35,112,9,2,8.04
MBX00503,2026-07-15,33,112,4,2,3.57
MBX00503,2026-07-16,32,100,5,0,5.0
MBX00503,2026-07-17,34,98,9,2,9.18
MBX00503,2026-07-18,7,16,1,0,6.25
MBX00503,2026-07-19,5,21,0,0,0.0
MBX00503,2026-07-20,32,119,5,0,4.2
MBX00503,2026-07-21,32,118,3,1,2.54
MBX00503,2026-07-22,39,98,9,0,9.18
MBX00503,2026-07-23,39,115,9,1,7.83
MBX00503,2026-07-24,38,90,4,0,4.44
MBX00657,2026-04-26,7,16,1,0,6.25
MBX00657,2026-04-27,35,107,6,0,5.61
MBX00657,2026-04-28,35,129,4,3,3.1
MBX00657,2026-04-29,28,106,4,3,3.77
MBX00657,2026-04-30,42,97,4,0,4.12
MBX00657,2026-05-01,37,119,4,4,3.36
MBX00657,2026-05-02,1,8,0,0,0.0
MBX00657,2026-05-03,8,12,0,0,0.0
MBX00657,2026-05-04,44,116,5,3,4.31
MBX00657,2026-05-05,36,105,3,1,2.86
MBX00657,2026-05-06,41,123,10,0,8.13
MBX00657,2026-05-07,32,108,6,0,5.56
MBX00657,2026-05-08,35,101,7,2,6.93
MBX00657,2026-05-09,11,18,1,1,5.56
MBX00657,2026-05-10,5,15,0,1,0.0
MBX00657,2026-05-11,36,94,4,2,4.26
MBX00657,2026-05-12,28,113,9,2,7.96
MBX00657,2026-05-13,37,97,4,0,4.12
MBX00657,2026-05-14,39,109,9,4,8.26
MBX00657,2026-05-15,43,107,6,1,5.61
MBX00657,2026-05-16,7,16,0,1,0.0
MBX00657,2026-05-17,10,12,1,0,8.33
MBX00657,2026-05-18,36,96,13,0,13.54
MBX00657,2026-05-19,38,102,8,1,7.84
MBX00657,2026-05-20,35,105,8,1,7.62
MBX00657,2026-05-21,38,107,4,1,3.74
MBX00657,2026-05-22,37,99,2,0,2.02
MBX00657,2026-05-23,5,17,3,0,17.65
MBX00657,2026-05-24,7,11,1,0,9.09
MBX00657,2026-05-25,44,107,3,0,2.8
MBX00657,2026-05-26,39,101,5,2,4.95
MBX00657,2026-05-27,41,93,3,0,3.23
MBX00657,2026-05-28,36,104,8,1,7.69
MBX00657,2026-05-29,41,90,9,2,10.0
MBX00657,2026-05-30,7,15,1,1,6.67
MBX00657,2026-05-31,4,22,5,0,22.73
MBX00657,2026-06-01,35,97,9,2,9.28
MBX00657,2026-06-02,38,108,11,2,10.19
MBX00657,2026-06-03,42,116,8,5,6.9
MBX00657,2026-06-04,36,103,4,1,3.88
MBX00657,2026-06-05,24,98,7,1,7.14
MBX00657,2026-06-06,7,15,0,0,0.0
MBX00657,2026-06-07,0,19,0,0,0.0
MBX00657,2026-06-08,34,101,2,1,1.98
MBX00657,2026-06-09,50,120,6,0,5.0
MBX00657,2026-06-10,39,111,7,2,6.31
MBX00657,2026-06-11,33,86,7,1,8.14
MBX00657,2026-06-12,28,107,8,2,7.48
MBX00657,2026-06-13,7,14,0,0,0.0
MBX00657,2026-06-14,4,23,2,0,8.7
MBX00657,2026-06-15,31,102,3,1,2.94
MBX00657,2026-06-16,45,117,8,1,6.84
MBX00657,2026-06-17,20,99,5,0,5.05
MBX00657,2026-06-18,29,106,9,0,8.49
MBX00657,2026-06-19,36,98,4,2,4.08
MBX00657,2026-06-20,5,17,2,0,11.76
MBX00657,2026-06-21,8,21,1,0,4.76
MBX00657,2026-06-22,34,107,10,0,9.35
MBX00657,2026-06-23,35,106,5,0,4.72
MBX00657,2026-06-24,38,115,7,1,6.09
MBX00657,2026-06-25,37,101,7,0,6.93
MBX00657,2026-06-26,39,99,10,1,10.1
MBX00657,2026-06-27,3,21,1,0,4.76
MBX00657,2026-06-28,2,16,0,0,0.0
MBX00657,2026-06-29,33,123,6,2,4.88
MBX00657,2026-06-30,35,96,5,0,5.21
MBX00657,2026-07-01,39,115,13,0,11.3
MBX00657,2026-07-02,33,104,10,0,9.62
MBX00657,2026-07-03,29,105,8,1,7.62
MBX00657,2026-07-04,3,17,1,0,5.88
MBX00657,2026-07-05,3,23,2,0,8.7
MBX00657,2026-07-06,38,98,5,0,5.1
MBX00657,2026-07-07,41,102,6,0,5.88
MBX00657,2026-07-08,28,98,8,2,8.16
MBX00657,2026-07-09,33,111,5,2,4.5
MBX00657,2026-07-10,29,105,9,3,8.57
MBX00657,2026-07-11,3,16,1,0,6.25
MBX00657,2026-07-12,4,21,2,0,9.52
MBX00657,2026-07-13,45,100,10,1,10.0
MBX00657,2026-07-14,31,99,3,1,3.03
MBX00657,2026-07-15,36,111,6,2,5.41
MBX00657,2026-07-16,36,109,7,5,6.42
MBX00657,2026-07-17,42,99,9,1,9.09
MBX00657,2026-07-18,2,17,2,0,11.76
MBX00657,2026-07-19,10,9,0,0,0.0
MBX00657,2026-07-20,45,111,7,2,6.31
MBX00657,2026-07-21,35,116,11,1,9.48
MBX00657,2026-07-22,28,95,3,1,3.16
MBX00657,2026-07-23,42,103,10,1,9.71
MBX00657,2026-07-24,38,93,5,2,5.38
MBX00159,2026-04-26,0,13,2,0,15.38
MBX00159,2026-04-27,7,124,9,1,7.26
MBX00159,2026-04-28,10,113,5,2,4.42
MBX00159,2026-04-29,6,99,7,1,7.07
MBX00159,2026-04-30,10,95,4,0,4.21
MBX00159,2026-05-01,10,93,7,2,7.53
MBX00159,2026-05-02,2,12,0,0,0.0
MBX00159,2026-05-03,2,18,0,0,0.0
MBX00159,2026-05-04,6,98,4,1,4.08
MBX00159,2026-05-05,5,98,4,0,4.08
MBX00159,2026-05-06,7,80,5,2,6.25
MBX00159,2026-05-07,11,81,8,2,9.88
MBX00159,2026-05-08,10,102,4,1,3.92
MBX00159,2026-05-09,3,17,0,2,0.0
MBX00159,2026-05-10,2,13,1,0,7.69
MBX00159,2026-05-11,14,75,6,1,8.0
MBX00159,2026-05-12,8,90,4,0,4.44
MBX00159,2026-05-13,7,83,6,3,7.23
MBX00159,2026-05-14,12,91,8,2,8.79
MBX00159,2026-05-15,9,95,5,0,5.26
MBX00159,2026-05-16,1,17,0,1,0.0
MBX00159,2026-05-17,0,10,1,0,10.0
MBX00159,2026-05-18,10,89,7,1,7.87
MBX00159,2026-05-19,8,89,6,1,6.74
MBX00159,2026-05-20,9,93,3,0,3.23
MBX00159,2026-05-21,13,83,4,3,4.82
MBX00159,2026-05-22,7,93,1,1,1.08
MBX00159,2026-05-23,2,15,1,0,6.67
MBX00159,2026-05-24,1,17,1,0,5.88
MBX00159,2026-05-25,10,84,9,3,10.71
MBX00159,2026-05-26,8,92,3,3,3.26
MBX00159,2026-05-27,15,96,3,0,3.12
MBX00159,2026-05-28,13,95,4,4,4.21
MBX00159,2026-05-29,10,101,5,3,4.95
MBX00159,2026-05-30,2,13,1,0,7.69
MBX00159,2026-05-31,0,10,0,0,0.0
MBX00159,2026-06-01,11,87,4,0,4.6
MBX00159,2026-06-02,17,89,11,3,12.36
MBX00159,2026-06-03,9,88,5,1,5.68
MBX00159,2026-06-04,6,89,8,0,8.99
MBX00159,2026-06-05,8,92,7,0,7.61
MBX00159,2026-06-06,0,10,0,0,0.0
MBX00159,2026-06-07,0,10,1,0,10.0
MBX00159,2026-06-08,11,94,6,1,6.38
MBX00159,2026-06-09,4,83,3,1,3.61
MBX00159,2026-06-10,12,83,2,0,2.41
MBX00159,2026-06-11,15,104,4,0,3.85
MBX00159,2026-06-12,7,96,5,1,5.21
MBX00159,2026-06-13,0,12,2,0,16.67
MBX00159,2026-06-14,3,13,0,0,0.0
MBX00159,2026-06-15,9,102,8,0,7.84
MBX00159,2026-06-16,7,90,4,1,4.44
MBX00159,2026-06-17,11,101,5,1,4.95
MBX00159,2026-06-18,9,84,4,2,4.76
MBX00159,2026-06-19,16,85,5,1,5.88
MBX00159,2026-06-20,3,16,1,0,6.25
MBX00159,2026-06-21,2,14,0,0,0.0
MBX00159,2026-06-22,5,83,4,1,4.82
MBX00159,2026-06-23,8,90,3,2,3.33
MBX00159,2026-06-24,9,97,5,0,5.15
MBX00159,2026-06-25,6,114,9,1,7.89
MBX00159,2026-06-26,9,96,12,0,12.5
MBX00159,2026-06-27,0,17,1,0,5.88
MBX00159,2026-06-28,2,15,1,0,6.67
MBX00159,2026-06-29,9,100,6,0,6.0
MBX00159,2026-06-30,7,84,4,0,4.76
MBX00159,2026-07-01,8,94,7,1,7.45
MBX00159,2026-07-02,9,88,5,3,5.68
MBX00159,2026-07-03,5,111,9,2,8.11
MBX00159,2026-07-04,3,8,0,0,0.0
MBX00159,2026-07-05,1,15,0,0,0.0
MBX00159,2026-07-06,5,118,8,0,6.78
MBX00159,2026-07-07,5,93,7,2,7.53
MBX00159,2026-07-08,11,98,6,1,6.12
MBX00159,2026-07-09,12,95,8,1,8.42
MBX00159,2026-07-10,10,70,7,2,10.0
MBX00159,2026-07-11,1,12,0,0,0.0
MBX00159,2026-07-12,0,20,1,0,5.0
MBX00159,2026-07-13,8,94,5,0,5.32
MBX00159,2026-07-14,6,83,1,1,1.2
MBX00159,2026-07-15,8,101,7,1,6.93
MBX00159,2026-07-16,9,97,6,1,6.19
MBX00159,2026-07-17,7,93,5,1,5.38
MBX00159,2026-07-18,1,12,1,0,8.33
MBX00159,2026-07-19,0,15,1,0,6.67
MBX00159,2026-07-20,2,109,4,1,3.67
MBX00159,2026-07-21,10,87,10,1,11.49
MBX00159,2026-07-22,7,89,3,1,3.37
MBX00159,2026-07-23,6,73,5,0,6.85
MBX00159,2026-07-24,15,97,5,1,5.15
MBX00390,2026-04-26,0,19,0,1,0.0
MBX00390,2026-04-27,8,85,8,0,9.41
MBX00390,2026-04-28,16,82,5,0,6.1
MBX00390,2026-04-29,8,77,6,0,7.79
MBX00390,2026-04-30,12,88,3,1,3.41
MBX00390,2026-05-01,11,80,4,0,5.0
MBX00390,2026-05-02,5,15,0,0,0.0
MBX00390,2026-05-03,3,16,3,0,18.75
MBX00390,2026-05-04,20,90,12,0,13.33
MBX00390,2026-05-05,20,83,4,1,4.82
MBX00390,2026-05-06,15,86,9,0,10.47
MBX00390,2026-05-07,9,73,2,1,2.74
MBX00390,2026-05-08,16,99,7,0,7.07
MBX00390,2026-05-09,2,10,1,1,10.0
MBX00390,2026-05-10,4,12,2,0,16.67
MBX00390,2026-05-11,14,69,3,1,4.35
MBX00390,2026-05-12,11,82,4,3,4.88
MBX00390,2026-05-13,18,89,3,3,3.37
MBX00390,2026-05-14,15,91,3,1,3.3
MBX00390,2026-05-15,17,76,3,1,3.95
MBX00390,2026-05-16,4,13,1,0,7.69
MBX00390,2026-05-17,2,15,0,0,0.0
MBX00390,2026-05-18,16,87,4,0,4.6
MBX00390,2026-05-19,13,92,8,0,8.7
MBX00390,2026-05-20,15,96,7,2,7.29
MBX00390,2026-05-21,17,92,5,3,5.43
MBX00390,2026-05-22,21,93,10,1,10.75
MBX00390,2026-05-23,1,10,0,0,0.0
MBX00390,2026-05-24,1,6,0,0,0.0
MBX00390,2026-05-25,9,85,7,0,8.24
MBX00390,2026-05-26,17,94,5,1,5.32
MBX00390,2026-05-27,19,85,2,1,2.35
MBX00390,2026-05-28,14,67,6,1,8.96
MBX00390,2026-05-29,13,76,8,1,10.53
MBX00390,2026-05-30,3,9,0,0,0.0
MBX00390,2026-05-31,4,12,1,0,8.33
MBX00390,2026-06-01,14,97,11,0,11.34
MBX00390,2026-06-02,13,84,1,2,1.19
MBX00390,2026-06-03,21,83,1,2,1.2
MBX00390,2026-06-04,18,96,6,1,6.25
MBX00390,2026-06-05,19,89,5,1,5.62
MBX00390,2026-06-06,3,7,0,0,0.0
MBX00390,2026-06-07,1,9,0,0,0.0
MBX00390,2026-06-08,15,85,4,1,4.71
MBX00390,2026-06-09,8,90,6,1,6.67
MBX00390,2026-06-10,16,101,4,0,3.96
MBX00390,2026-06-11,15,81,7,0,8.64
MBX00390,2026-06-12,17,87,7,3,8.05
MBX00390,2026-06-13,2,20,3,0,15.0
MBX00390,2026-06-14,5,18,0,0,0.0
MBX00390,2026-06-15,13,77,5,0,6.49
MBX00390,2026-06-16,18,77,4,2,5.19
MBX00390,2026-06-17,15,100,6,3,6.0
MBX00390,2026-06-18,20,78,3,0,3.85
MBX00390,2026-06-19,14,75,2,0,2.67
MBX00390,2026-06-20,1,14,5,0,35.71
MBX00390,2026-06-21,2,12,2,0,16.67
MBX00390,2026-06-22,16,78,6,0,7.69
MBX00390,2026-06-23,17,92,6,0,6.52
MBX00390,2026-06-24,24,94,10,0,10.64
MBX00390,2026-06-25,17,64,4,0,6.25
MBX00390,2026-06-26,18,90,7,2,7.78
MBX00390,2026-06-27,1,11,2,0,18.18
MBX00390,2026-06-28,2,10,2,0,20.0
MBX00390,2026-06-29,13,83,5,3,6.02
MBX00390,2026-06-30,11,90,1,0,1.11
MBX00390,2026-07-01,19,87,4,0,4.6
MBX00390,2026-07-02,16,75,6,1,8.0
MBX00390,2026-07-03,20,78,3,1,3.85
MBX00390,2026-07-04,1,13,1,1,7.69
MBX00390,2026-07-05,4,9,0,0,0.0
MBX00390,2026-07-06,21,100,7,0,7.0
MBX00390,2026-07-07,21,81,8,0,9.88
MBX00390,2026-07-08,18,76,8,0,10.53
MBX00390,2026-07-09,14,77,3,2,3.9
MBX00390,2026-07-10,15,91,3,1,3.3
MBX00390,2026-07-11,2,10,0,0,0.0
MBX00390,2026-07-12,2,14,0,0,0.0
MBX00390,2026-07-13,18,97,5,1,5.15
MBX00390,2026-07-14,14,84,5,0,5.95
MBX00390,2026-07-15,16,76,2,4,2.63
MBX00390,2026-07-16,13,94,8,0,8.51
MBX00390,2026-07-17,11,97,9,1,9.28
MBX00390,2026-07-18,2,16,0,1,0.0
MBX00390,2026-07-19,1,22,1,0,4.55
MBX00390,2026-07-20,15,79,2,0,2.53
MBX00390,2026-07-21,22,87,7,1,8.05
MBX00390,2026-07-22,16,79,5,0,6.33
MBX00390,2026-07-23,18,85,1,1,1.18
MBX00390,2026-07-24,19,79,4,2,5.06
MBX00207,2026-04-26,2,6,1,0,16.67
MBX00207,2026-04-27,15,66,2,0,3.03
MBX00207,2026-04-28,13,66,7,3,10.61
MBX00207,2026-04-29,19,67,2,0,2.99
MBX00207,2026-04-30,23,64,4,2,6.25
MBX00207,2026-05-01,11,74,2,3,2.7
MBX00207,2026-05-02,0,8,0,0,0.0
MBX00207,2026-05-03,1,13,1,0,7.69
MBX00207,2026-05-04,17,66,8,1,12.12
MBX00207,2026-05-05,18,60,3,0,5.0
MBX00207,2026-05-06,22,56,1,4,1.79
MBX00207,2026-05-07,24,73,4,2,5.48
MBX00207,2026-05-08,24,79,5,2,6.33
MBX00207,2026-05-09,5,7,0,1,0.0
MBX00207,2026-05-10,2,13,0,0,0.0
MBX00207,2026-05-11,18,71,6,1,8.45
MBX00207,2026-05-12,22,69,6,0,8.7
MBX00207,2026-05-13,15,73,3,0,4.11
MBX00207,2026-05-14,13,58,0,0,0.0
MBX00207,2026-05-15,18,61,4,0,6.56
MBX00207,2026-05-16,5,14,0,0,0.0
MBX00207,2026-05-17,4,8,0,0,0.0
MBX00207,2026-05-18,20,76,5,0,6.58
MBX00207,2026-05-19,16,91,9,0,9.89
MBX00207,2026-05-20,20,60,2,1,3.33
MBX00207,2026-05-21,15,48,3,2,6.25
MBX00207,2026-05-22,18,64,5,1,7.81
MBX00207,2026-05-23,4,14,2,0,14.29
MBX00207,2026-05-24,1,15,1,0,6.67
MBX00207,2026-05-25,16,86,8,0,9.3
MBX00207,2026-05-26,17,61,4,2,6.56
MBX00207,2026-05-27,15,55,3,0,5.45
MBX00207,2026-05-28,22,74,3,0,4.05
MBX00207,2026-05-29,18,62,2,1,3.23
MBX00207,2026-05-30,2,6,0,0,0.0
MBX00207,2026-05-31,1,11,0,0,0.0
MBX00207,2026-06-01,16,68,1,0,1.47
MBX00207,2026-06-02,18,58,4,1,6.9
MBX00207,2026-06-03,22,77,3,2,3.9
MBX00207,2026-06-04,14,60,4,2,6.67
MBX00207,2026-06-05,24,72,6,0,8.33
MBX00207,2026-06-06,2,8,0,0,0.0
MBX00207,2026-06-07,7,8,2,0,25.0
MBX00207,2026-06-08,14,69,4,0,5.8
MBX00207,2026-06-09,17,58,8,1,13.79
MBX00207,2026-06-10,16,61,7,1,11.48
MBX00207,2026-06-11,14,86,7,0,8.14
MBX00207,2026-06-12,16,70,8,0,11.43
MBX00207,2026-06-13,4,15,0,0,0.0
MBX00207,2026-06-14,1,7,0,0,0.0
MBX00207,2026-06-15,18,70,5,2,7.14
MBX00207,2026-06-16,15,63,5,0,7.94
MBX00207,2026-06-17,15,52,2,1,3.85
MBX00207,2026-06-18,19,69,5,4,7.25
MBX00207,2026-06-19,13,73,4,0,5.48
MBX00207,2026-06-20,2,11,0,1,0.0
MBX00207,2026-06-21,4,11,1,0,9.09
MBX00207,2026-06-22,19,71,2,1,2.82
MBX00207,2026-06-23,23,65,4,1,6.15
MBX00207,2026-06-24,20,70,2,0,2.86
MBX00207,2026-06-25,16,91,5,0,5.49
MBX00207,2026-06-26,29,61,2,0,3.28
MBX00207,2026-06-27,1,12,0,0,0.0
MBX00207,2026-06-28,5,8,2,0,25.0
MBX00207,2026-06-29,21,61,4,2,6.56
MBX00207,2026-06-30,16,66,4,0,6.06
MBX00207,2026-07-01,16,68,2,1,2.94
MBX00207,2026-07-02,15,67,8,0,11.94
MBX00207,2026-07-03,18,72,2,1,2.78
MBX00207,2026-07-04,4,13,0,0,0.0
MBX00207,2026-07-05,1,17,0,0,0.0
MBX00207,2026-07-06,18,66,7,1,10.61
MBX00207,2026-07-07,18,87,3,0,3.45
MBX00207,2026-07-08,11,58,2,0,3.45
MBX00207,2026-07-09,14,64,2,0,3.12
MBX00207,2026-07-10,13,61,4,1,6.56
MBX00207,2026-07-11,0,11,0,0,0.0
MBX00207,2026-07-12,1,11,0,0,0.0
MBX00207,2026-07-13,22,57,3,2,5.26
MBX00207,2026-07-14,20,61,2,0,3.28
MBX00207,2026-07-15,17,68,5,3,7.35
MBX00207,2026-07-16,17,70,5,1,7.14
MBX00207,2026-07-17,19,69,5,0,7.25
MBX00207,2026-07-18,3,8,0,0,0.0
MBX00207,2026-07-19,3,9,0,0,0.0
MBX00207,2026-07-20,22,56,0,2,0.0
MBX00207,2026-07-21,16,69,4,0,5.8
MBX00207,2026-07-22,12,70,2,0,2.86
MBX00207,2026-07-23,13,73,5,0,6.85
MBX00207,2026-07-24,15,60,6,0,10.0
MBX00275,2026-04-26,4,10,0,0,0.0
MBX00275,2026-04-27,32,47,0,0,0.0
MBX00275,2026-04-28,31,58,0,1,0.0
MBX00275,2026-04-29,29,57,2,2,3.51
MBX00275,2026-04-30,27,36,0,0,0.0
MBX00275,2026-05-01,27,49,3,0,6.12
MBX00275,2026-05-02,1,8,0,0,0.0
MBX00275,2026-05-03,6,6,0,0,0.0
MBX00275,2026-05-04,44,61,5,0,8.2
MBX00275,2026-05-05,36,39,2,5,5.13
MBX00275,2026-05-06,33,58,3,4,5.17
MBX00275,2026-05-07,23,45,3,1,6.67
MBX00275,2026-05-08,38,55,2,0,3.64
MBX00275,2026-05-09,8,10,0,2,0.0
MBX00275,2026-05-10,8,4,0,0,0.0
MBX00275,2026-05-11,28,64,1,3,1.56
MBX00275,2026-05-12,40,52,2,1,3.85
MBX00275,2026-05-13,35,50,4,0,8.0
MBX00275,2026-05-14,36,56,1,1,1.79
MBX00275,2026-05-15,28,66,6,1,9.09
MBX00275,2026-05-16,3,9,2,0,22.22
MBX00275,2026-05-17,7,6,0,0,0.0
MBX00275,2026-05-18,36,54,3,1,5.56
MBX00275,2026-05-19,41,57,6,0,10.53
MBX00275,2026-05-20,27,63,5,0,7.94
MBX00275,2026-05-21,30,51,0,0,0.0
MBX00275,2026-05-22,22,48,6,1,12.5
MBX00275,2026-05-23,7,6,0,0,0.0
MBX00275,2026-05-24,5,4,0,0,0.0
MBX00275,2026-05-25,39,58,6,0,10.34
MBX00275,2026-05-26,33,67,5,1,7.46
MBX00275,2026-05-27,28,53,4,0,7.55
MBX00275,2026-05-28,29,63,5,0,7.94
MBX00275,2026-05-29,21,61,6,1,9.84
MBX00275,2026-05-30,3,8,0,0,0.0
MBX00275,2026-05-31,2,12,1,0,8.33
MBX00275,2026-06-01,40,57,5,1,8.77
MBX00275,2026-06-02,23,51,2,1,3.92
MBX00275,2026-06-03,38,59,4,3,6.78
MBX00275,2026-06-04,40,44,1,1,2.27
MBX00275,2026-06-05,39,44,3,0,6.82
MBX00275,2026-06-06,2,7,2,0,28.57
MBX00275,2026-06-07,2,6,0,1,0.0
MBX00275,2026-06-08,37,54,3,3,5.56
MBX00275,2026-06-09,39,53,2,3,3.77
MBX00275,2026-06-10,28,60,6,0,10.0
MBX00275,2026-06-11,30,40,3,1,7.5
MBX00275,2026-06-12,34,47,1,2,2.13
MBX00275,2026-06-13,3,14,4,0,28.57
MBX00275,2026-06-14,7,4,1,0,25.0
MBX00275,2026-06-15,36,66,4,4,6.06
MBX00275,2026-06-16,34,47,3,1,6.38
MBX00275,2026-06-17,37,56,6,2,10.71
MBX00275,2026-06-18,36,56,3,0,5.36
MBX00275,2026-06-19,32,48,1,1,2.08
MBX00275,2026-06-20,6,10,1,1,10.0
MBX00275,2026-06-21,2,8,3,0,37.5
MBX00275,2026-06-22,33,51,1,2,1.96
MBX00275,2026-06-23,28,50,6,0,12.0
MBX00275,2026-06-24,28,57,2,2,3.51
MBX00275,2026-06-25,40,57,6,2,10.53
MBX00275,2026-06-26,40,71,4,0,5.63
MBX00275,2026-06-27,5,15,0,0,0.0
MBX00275,2026-06-28,2,9,1,0,11.11
MBX00275,2026-06-29,27,57,5,0,8.77
MBX00275,2026-06-30,30,53,2,2,3.77
MBX00275,2026-07-01,32,51,7,1,13.73
MBX00275,2026-07-02,33,60,2,0,3.33
MBX00275,2026-07-03,30,45,2,1,4.44
MBX00275,2026-07-04,5,6,0,0,0.0
MBX00275,2026-07-05,4,7,0,0,0.0
MBX00275,2026-07-06,34,60,3,1,5.0
MBX00275,2026-07-07,30,62,7,1,11.29
MBX00275,2026-07-08,38,49,4,1,8.16
MBX00275,2026-07-09,46,48,2,2,4.17
MBX00275,2026-07-10,28,55,8,0,14.55
MBX00275,2026-07-11,6,3,0,0,0.0
MBX00275,2026-07-12,6,10,1,0,10.0
MBX00275,2026-07-13,40,61,2,2,3.28
MBX00275,2026-07-14,33,64,3,2,4.69
MBX00275,2026-07-15,34,53,1,0,1.89
MBX00275,2026-07-16,27,64,1,2,1.56
MBX00275,2026-07-17,34,59,5,0,8.47
MBX00275,2026-07-18,4,6,0,1,0.0
MBX00275,2026-07-19,2,10,0,0,0.0
MBX00275,2026-07-20,36,50,2,1,4.0
MBX00275,2026-07-21,33,57,4,0,7.02
MBX00275,2026-07-22,29,53,2,1,3.77
MBX00275,2026-07-23,33,61,1,1,1.64
MBX00275,2026-07-24,29,45,2,1,4.44
MBX00074,2026-04-26,6,21,2,0,9.52
MBX00074,2026-04-27,36,97,1,1,1.03
MBX00074,2026-04-28,38,124,6,2,4.84
MBX00074,2026-04-29,20,114,5,0,4.39
MBX00074,2026-04-30,28,113,7,2,6.19
MBX00074,2026-05-01,30,130,7,5,5.38
MBX00074,2026-05-02,2,18,2,0,11.11
MBX00074,2026-05-03,5,16,0,1,0.0
MBX00074,2026-05-04,28,102,5,3,4.9
MBX00074,2026-05-05,35,124,6,0,4.84
MBX00074,2026-05-06,35,106,9,2,8.49
MBX00074,2026-05-07,23,107,7,0,6.54
MBX00074,2026-05-08,22,120,8,2,6.67
MBX00074,2026-05-09,3,14,1,0,7.14
MBX00074,2026-05-10,2,15,0,0,0.0
MBX00074,2026-05-11,22,108,7,2,6.48
MBX00074,2026-05-12,31,109,6,2,5.5
MBX00074,2026-05-13,29,112,3,1,2.68
MBX00074,2026-05-14,30,105,7,1,6.67
MBX00074,2026-05-15,32,88,2,1,2.27
MBX00074,2026-05-16,3,15,1,0,6.67
MBX00074,2026-05-17,4,17,2,0,11.76
MBX00074,2026-05-18,21,101,5,0,4.95
MBX00074,2026-05-19,32,115,6,2,5.22
MBX00074,2026-05-20,36,96,7,1,7.29
MBX00074,2026-05-21,27,121,10,2,8.26
MBX00074,2026-05-22,31,106,1,3,0.94
MBX00074,2026-05-23,3,22,0,0,0.0
MBX00074,2026-05-24,2,22,4,0,18.18
MBX00074,2026-05-25,40,128,4,1,3.12
MBX00074,2026-05-26,42,112,10,1,8.93
MBX00074,2026-05-27,37,125,9,1,7.2
MBX00074,2026-05-28,21,107,9,0,8.41
MBX00074,2026-05-29,32,119,8,1,6.72
MBX00074,2026-05-30,1,14,1,0,7.14
MBX00074,2026-05-31,6,17,1,0,5.88
MBX00074,2026-06-01,23,131,10,2,7.63
MBX00074,2026-06-02,24,141,5,5,3.55
MBX00074,2026-06-03,32,103,11,2,10.68
MBX00074,2026-06-04,29,101,11,1,10.89
MBX00074,2026-06-05,25,110,12,1,10.91
MBX00074,2026-06-06,8,20,0,0,0.0
MBX00074,2026-06-07,5,18,1,0,5.56
MBX00074,2026-06-08,28,120,7,0,5.83
MBX00074,2026-06-09,35,119,7,3,5.88
MBX00074,2026-06-10,30,117,5,1,4.27
MBX00074,2026-06-11,28,111,9,6,8.11
MBX00074,2026-06-12,24,113,8,4,7.08
MBX00074,2026-06-13,2,18,0,1,0.0
MBX00074,2026-06-14,6,17,0,0,0.0
MBX00074,2026-06-15,39,109,10,2,9.17
MBX00074,2026-06-16,27,125,5,1,4.0
MBX00074,2026-06-17,31,114,7,1,6.14
MBX00074,2026-06-18,33,116,7,1,6.03
MBX00074,2026-06-19,26,117,9,1,7.69
MBX00074,2026-06-20,5,15,1,0,6.67
MBX00074,2026-06-21,8,17,0,0,0.0
MBX00074,2026-06-22,27,117,5,1,4.27
MBX00074,2026-06-23,38,97,5,1,5.15
MBX00074,2026-06-24,37,113,12,3,10.62
MBX00074,2026-06-25,36,88,6,1,6.82
MBX00074,2026-06-26,29,116,4,3,3.45
MBX00074,2026-06-27,6,17,0,1,0.0
MBX00074,2026-06-28,4,25,1,2,4.0
MBX00074,2026-06-29,33,86,8,1,9.3
MBX00074,2026-06-30,26,115,6,0,5.22
MBX00074,2026-07-01,28,114,7,1,6.14
MBX00074,2026-07-02,30,114,10,1,8.77
MBX00074,2026-07-03,28,112,4,1,3.57
MBX00074,2026-07-04,3,11,0,0,0.0
MBX00074,2026-07-05,6,18,1,0,5.56
MBX00074,2026-07-06,28,118,7,2,5.93
MBX00074,2026-07-07,29,107,9,2,8.41
MBX00074,2026-07-08,22,113,11,4,9.73
MBX00074,2026-07-09,30,84,3,0,3.57
MBX00074,2026-07-10,28,105,9,0,8.57
MBX00074,2026-07-11,7,20,1,0,5.0
MBX00074,2026-07-12,6,13,1,0,7.69
MBX00074,2026-07-13,35,123,10,1,8.13
MBX00074,2026-07-14,45,122,9,1,7.38
MBX00074,2026-07-15,22,111,14,1,12.61
MBX00074,2026-07-16,19,114,8,1,7.02
MBX00074,2026-07-17,33,113,7,1,6.19
MBX00074,2026-07-18,5,13,1,0,7.69
MBX00074,2026-07-19,4,18,1,0,5.56
MBX00074,2026-07-20,34,102,7,2,6.86
MBX00074,2026-07-21,40,108,6,1,5.56
MBX00074,2026-07-22,33,118,6,1,5.08
MBX00074,2026-07-23,22,123,8,1,6.5
MBX00074,2026-07-24,33,126,10,4,7.94
MBX00212,2026-04-26,5,7,1,0,14.29
MBX00212,2026-04-27,36,41,5,0,12.2
MBX00212,2026-04-28,21,40,5,2,12.5
MBX00212,2026-04-29,30,50,0,0,0.0
MBX00212,2026-04-30,31,41,2,0,4.88
MBX00212,2026-05-01,28,41,3,1,7.32
MBX00212,2026-05-02,4,6,0,0,0.0
MBX00212,2026-05-03,3,4,1,0,25.0
MBX00212,2026-05-04,25,33,3,3,9.09
MBX00212,2026-05-05,33,32,2,0,6.25
MBX00212,2026-05-06,26,47,1,1,2.13
MBX00212,2026-05-07,30,39,2,0,5.13
MBX00212,2026-05-08,29,31,0,0,0.0
MBX00212,2026-05-09,2,8,0,2,0.0
MBX00212,2026-05-10,8,6,0,0,0.0
MBX00212,2026-05-11,42,34,2,0,5.88
MBX00212,2026-05-12,31,42,3,0,7.14
MBX00212,2026-05-13,30,24,0,0,0.0
MBX00212,2026-05-14,31,32,2,1,6.25
MBX00212,2026-05-15,32,31,0,0,0.0
MBX00212,2026-05-16,7,2,0,0,0.0
MBX00212,2026-05-17,2,6,2,0,33.33
MBX00212,2026-05-18,28,29,3,1,10.34
MBX00212,2026-05-19,24,37,6,0,16.22
MBX00212,2026-05-20,37,36,1,0,2.78
MBX00212,2026-05-21,33,40,3,1,7.5
MBX00212,2026-05-22,25,26,4,0,15.38
MBX00212,2026-05-23,7,2,0,0,0.0
MBX00212,2026-05-24,7,7,0,0,0.0
MBX00212,2026-05-25,31,37,4,2,10.81
MBX00212,2026-05-26,30,49,5,0,10.2
MBX00212,2026-05-27,28,40,5,1,12.5
MBX00212,2026-05-28,35,38,1,2,2.63
MBX00212,2026-05-29,37,35,6,0,17.14
MBX00212,2026-05-30,4,10,1,0,10.0
MBX00212,2026-05-31,4,2,0,1,0.0
MBX00212,2026-06-01,35,30,0,0,0.0
MBX00212,2026-06-02,40,34,1,0,2.94
MBX00212,2026-06-03,30,41,1,0,2.44
MBX00212,2026-06-04,34,32,2,0,6.25
MBX00212,2026-06-05,31,37,0,0,0.0
MBX00212,2026-06-06,11,5,1,0,20.0
MBX00212,2026-06-07,6,5,0,0,0.0
MBX00212,2026-06-08,26,37,3,0,8.11
MBX00212,2026-06-09,30,51,1,0,1.96
MBX00212,2026-06-10,19,35,1,1,2.86
MBX00212,2026-06-11,30,36,5,0,13.89
MBX00212,2026-06-12,33,28,0,0,0.0
MBX00212,2026-06-13,3,6,1,0,16.67
MBX00212,2026-06-14,5,6,0,0,0.0
MBX00212,2026-06-15,28,38,2,1,5.26
MBX00212,2026-06-16,32,34,5,1,14.71
MBX00212,2026-06-17,24,46,2,1,4.35
MBX00212,2026-06-18,44,47,1,0,2.13
MBX00212,2026-06-19,32,35,2,0,5.71
MBX00212,2026-06-20,4,3,1,0,33.33
MBX00212,2026-06-21,3,4,0,0,0.0
MBX00212,2026-06-22,22,36,4,3,11.11
MBX00212,2026-06-23,30,38,0,0,0.0
MBX00212,2026-06-24,21,32,1,1,3.12
MBX00212,2026-06-25,21,45,3,1,6.67
MBX00212,2026-06-26,29,39,2,0,5.13
MBX00212,2026-06-27,5,5,0,0,0.0
MBX00212,2026-06-28,6,10,0,0,0.0
MBX00212,2026-06-29,25,44,3,0,6.82
MBX00212,2026-06-30,29,41,2,0,4.88
MBX00212,2026-07-01,23,42,1,1,2.38
MBX00212,2026-07-02,25,31,3,0,9.68
MBX00212,2026-07-03,27,37,0,2,0.0
MBX00212,2026-07-04,5,8,1,0,12.5
MBX00212,2026-07-05,5,2,1,0,50.0
MBX00212,2026-07-06,31,34,4,0,11.76
MBX00212,2026-07-07,22,36,1,0,2.78
MBX00212,2026-07-08,27,36,2,0,5.56
MBX00212,2026-07-09,35,35,3,0,8.57
MBX00212,2026-07-10,33,42,2,0,4.76
MBX00212,2026-07-11,6,9,0,0,0.0
MBX00212,2026-07-12,4,2,1,0,50.0
MBX00212,2026-07-13,31,32,2,0,6.25
MBX00212,2026-07-14,23,33,3,0,9.09
MBX00212,2026-07-15,33,37,1,0,2.7
MBX00212,2026-07-16,27,33,1,2,3.03
MBX00212,2026-07-17,18,39,3,1,7.69
MBX00212,2026-07-18,3,5,0,0,0.0
MBX00212,2026-07-19,5,7,0,0,0.0
MBX00212,2026-07-20,25,46,1,0,2.17
MBX00212,2026-07-21,28,37,3,1,8.11
MBX00212,2026-07-22,14,42,3,1,7.14
MBX00212,2026-07-23,24,41,3,0,7.32
MBX00212,2026-07-24,32,39,1,2,2.56
MBX00106,2026-04-26,4,4,0,0,0.0
MBX00106,2026-04-27,34,52,1,3,1.92
MBX00106,2026-04-28,32,57,5,1,8.77
MBX00106,2026-04-29,35,51,0,0,0.0
MBX00106,2026-04-30,27,59,2,3,3.39
MBX00106,2026-05-01,39,52,1,1,1.92
MBX00106,2026-05-02,4,14,2,0,14.29
MBX00106,2026-05-03,6,9,0,0,0.0
MBX00106,2026-05-04,43,60,3,2,5.0
MBX00106,2026-05-05,27,71,2,1,2.82
MBX00106,2026-05-06,33,53,5,1,9.43
MBX00106,2026-05-07,27,58,5,0,8.62
MBX00106,2026-05-08,28,49,4,0,8.16
MBX00106,2026-05-09,2,10,0,0,0.0
MBX00106,2026-05-10,3,10,1,1,10.0
MBX00106,2026-05-11,30,60,6,1,10.0
MBX00106,2026-05-12,20,62,5,2,8.06
MBX00106,2026-05-13,37,53,1,0,1.89
MBX00106,2026-05-14,24,56,2,2,3.57
MBX00106,2026-05-15,33,60,2,0,3.33
MBX00106,2026-05-16,5,10,0,0,0.0
MBX00106,2026-05-17,3,5,0,0,0.0
MBX00106,2026-05-18,38,47,3,0,6.38
MBX00106,2026-05-19,29,54,4,1,7.41
MBX00106,2026-05-20,25,59,4,1,6.78
MBX00106,2026-05-21,31,75,4,2,5.33
MBX00106,2026-05-22,34,71,5,1,7.04
MBX00106,2026-05-23,5,3,0,0,0.0
MBX00106,2026-05-24,5,8,1,1,12.5
MBX00106,2026-05-25,47,47,3,2,6.38
MBX00106,2026-05-26,30,50,3,0,6.0
MBX00106,2026-05-27,33,50,4,2,8.0
MBX00106,2026-05-28,22,57,2,1,3.51
MBX00106,2026-05-29,31,66,5,2,7.58
MBX00106,2026-05-30,4,14,1,0,7.14
MBX00106,2026-05-31,1,13,2,0,15.38
MBX00106,2026-06-01,28,41,1,0,2.44
MBX00106,2026-06-02,34,65,1,0,1.54
MBX00106,2026-06-03,28,55,6,3,10.91
MBX00106,2026-06-04,26,53,3,0,5.66
MBX00106,2026-06-05,32,61,7,1,11.48
MBX00106,2026-06-06,6,15,0,0,0.0
MBX00106,2026-06-07,6,7,0,0,0.0
MBX00106,2026-06-08,31,61,2,0,3.28
MBX00106,2026-06-09,34,57,1,3,1.75
MBX00106,2026-06-10,26,50,4,0,8.0
MBX00106,2026-06-11,28,53,1,0,1.89
MBX00106,2026-06-12,31,71,4,1,5.63
MBX00106,2026-06-13,4,8,1,0,12.5
MBX00106,2026-06-14,5,1,0,0,0.0
MBX00106,2026-06-15,46,61,6,2,9.84
MBX00106,2026-06-16,31,73,5,2,6.85
MBX00106,2026-06-17,28,67,2,1,2.99
MBX00106,2026-06-18,28,57,4,0,7.02
MBX00106,2026-06-19,28,69,4,0,5.8
MBX00106,2026-06-20,2,7,0,0,0.0
MBX00106,2026-06-21,1,10,1,0,10.0
MBX00106,2026-06-22,31,50,5,1,10.0
MBX00106,2026-06-23,36,52,1,0,1.92
MBX00106,2026-06-24,31,69,6,1,8.7
MBX00106,2026-06-25,38,62,3,3,4.84
MBX00106,2026-06-26,42,54,1,1,1.85
MBX00106,2026-06-27,7,7,1,0,14.29
MBX00106,2026-06-28,4,10,0,0,0.0
MBX00106,2026-06-29,31,68,2,2,2.94
MBX00106,2026-06-30,19,61,7,2,11.48
MBX00106,2026-07-01,31,55,5,0,9.09
MBX00106,2026-07-02,34,58,3,0,5.17
MBX00106,2026-07-03,52,59,1,0,1.69
MBX00106,2026-07-04,9,8,0,0,0.0
MBX00106,2026-07-05,4,9,0,0,0.0
MBX00106,2026-07-06,27,57,4,3,7.02
MBX00106,2026-07-07,42,51,3,1,5.88
MBX00106,2026-07-08,33,46,4,1,8.7
MBX00106,2026-07-09,28,60,5,2,8.33
MBX00106,2026-07-10,39,57,1,0,1.75
MBX00106,2026-07-11,5,4,1,0,25.0
MBX00106,2026-07-12,3,12,0,0,0.0
MBX00106,2026-07-13,34,54,2,1,3.7
MBX00106,2026-07-14,52,69,2,3,2.9
MBX00106,2026-07-15,29,49,3,1,6.12
MBX00106,2026-07-16,27,69,4,2,5.8
MBX00106,2026-07-17,26,53,3,2,5.66
MBX00106,2026-07-18,4,11,1,0,9.09
MBX00106,2026-07-19,2,5,0,1,0.0
MBX00106,2026-07-20,33,57,3,0,5.26
MBX00106,2026-07-21,35,64,4,0,6.25
MBX00106,2026-07-22,25,55,5,1,9.09
MBX00106,2026-07-23,32,59,2,0,3.39
MBX00106,2026-07-24,31,74,6,0,8.11
MBX00397,2026-04-26,2,11,0,1,0.0
MBX00397,2026-04-27,13,51,6,0,11.76
MBX00397,2026-04-28,13,52,4,0,7.69
MBX00397,2026-04-29,13,49,2,1,4.08
MBX00397,2026-04-30,8,43,3,0,6.98
MBX00397,2026-05-01,5,44,2,1,4.55
MBX00397,2026-05-02,1,5,0,0,0.0
MBX00397,2026-05-03,1,9,1,0,11.11
MBX00397,2026-05-04,12,52,3,1,5.77
MBX00397,2026-05-05,11,54,4,0,7.41
MBX00397,2026-05-06,4,46,5,1,10.87
MBX00397,2026-05-07,9,47,0,0,0.0
MBX00397,2026-05-08,13,51,1,0,1.96
MBX00397,2026-05-09,2,7,0,0,0.0
MBX00397,2026-05-10,2,6,0,1,0.0
MBX00397,2026-05-11,13,48,3,1,6.25
MBX00397,2026-05-12,11,53,1,0,1.89
MBX00397,2026-05-13,13,47,1,0,2.13
MBX00397,2026-05-14,13,56,3,0,5.36
MBX00397,2026-05-15,9,46,4,0,8.7
MBX00397,2026-05-16,1,9,0,0,0.0
MBX00397,2026-05-17,2,13,1,1,7.69
MBX00397,2026-05-18,13,51,5,0,9.8
MBX00397,2026-05-19,9,37,2,0,5.41
MBX00397,2026-05-20,10,46,3,1,6.52
MBX00397,2026-05-21,8,49,1,1,2.04
MBX00397,2026-05-22,12,41,1,1,2.44
MBX00397,2026-05-23,1,5,0,0,0.0
MBX00397,2026-05-24,3,5,0,0,0.0
MBX00397,2026-05-25,8,45,5,0,11.11
MBX00397,2026-05-26,10,67,3,1,4.48
MBX00397,2026-05-27,10,60,5,2,8.33
MBX00397,2026-05-28,9,51,6,0,11.76
MBX00397,2026-05-29,9,60,3,2,5.0
MBX00397,2026-05-30,1,10,0,1,0.0
MBX00397,2026-05-31,2,10,0,0,0.0
MBX00397,2026-06-01,7,57,2,1,3.51
MBX00397,2026-06-02,10,42,6,0,14.29
MBX00397,2026-06-03,13,52,2,1,3.85
MBX00397,2026-06-04,6,50,3,0,6.0
MBX00397,2026-06-05,11,63,2,2,3.17
MBX00397,2026-06-06,1,5,0,0,0.0
MBX00397,2026-06-07,5,8,0,0,0.0
MBX00397,2026-06-08,13,45,1,0,2.22
MBX00397,2026-06-09,13,43,2,0,4.65
MBX00397,2026-06-10,11,57,3,0,5.26
MBX00397,2026-06-11,20,49,4,2,8.16
MBX00397,2026-06-12,2,44,1,1,2.27
MBX00397,2026-06-13,3,5,0,0,0.0
MBX00397,2026-06-14,0,11,1,0,9.09
MBX00397,2026-06-15,11,59,3,1,5.08
MBX00397,2026-06-16,9,63,5,0,7.94
MBX00397,2026-06-17,9,51,3,1,5.88
MBX00397,2026-06-18,7,42,3,0,7.14
MBX00397,2026-06-19,13,42,2,1,4.76
MBX00397,2026-06-20,0,12,0,0,0.0
MBX00397,2026-06-21,1,2,0,0,0.0
MBX00397,2026-06-22,14,51,6,1,11.76
MBX00397,2026-06-23,6,40,1,0,2.5
MBX00397,2026-06-24,9,52,5,0,9.62
MBX00397,2026-06-25,9,37,4,0,10.81
MBX00397,2026-06-26,10,36,1,1,2.78
MBX00397,2026-06-27,0,4,0,0,0.0
MBX00397,2026-06-28,0,6,2,0,33.33
MBX00397,2026-06-29,9,54,7,0,12.96
MBX00397,2026-06-30,5,53,2,0,3.77
MBX00397,2026-07-01,5,49,4,0,8.16
MBX00397,2026-07-02,9,52,5,1,9.62
MBX00397,2026-07-03,11,48,1,0,2.08
MBX00397,2026-07-04,1,7,1,1,14.29
MBX00397,2026-07-05,0,9,0,0,0.0
MBX00397,2026-07-06,9,49,2,3,4.08
MBX00397,2026-07-07,5,41,3,0,7.32
MBX00397,2026-07-08,10,47,3,0,6.38
MBX00397,2026-07-09,13,54,2,1,3.7
MBX00397,2026-07-10,11,49,1,1,2.04
MBX00397,2026-07-11,1,5,0,0,0.0
MBX00397,2026-07-12,3,8,0,0,0.0
MBX00397,2026-07-13,11,44,3,1,6.82
MBX00397,2026-07-14,9,49,2,0,4.08
MBX00397,2026-07-15,5,51,3,0,5.88
MBX00397,2026-07-16,6,38,1,0,2.63
MBX00397,2026-07-17,10,46,6,0,13.04
MBX00397,2026-07-18,5,7,0,0,0.0
MBX00397,2026-07-19,1,9,1,0,11.11
MBX00397,2026-07-20,7,47,1,0,2.13
MBX00397,2026-07-21,9,39,3,0,7.69
MBX00397,2026-07-22,19,63,7,0,11.11
MBX00397,2026-07-23,7,45,3,2,6.67
MBX00397,2026-07-24,11,45,2,1,4.44
MBX00504,2026-04-26,8,8,0,0,0.0
MBX00504,2026-04-27,30,49,4,1,8.16
MBX00504,2026-04-28,37,60,6,2,10.0
MBX00504,2026-04-29,42,58,8,2,13.79
MBX00504,2026-04-30,40,61,5,0,8.2
MBX00504,2026-05-01,31,48,4,1,8.33
MBX00504,2026-05-02,9,6,1,0,16.67
MBX00504,2026-05-03,6,6,0,0,0.0
MBX00504,2026-05-04,32,69,2,2,2.9
MBX00504,2026-05-05,31,67,2,1,2.99
MBX00504,2026-05-06,46,55,3,0,5.45
MBX00504,2026-05-07,38,52,2,2,3.85
MBX00504,2026-05-08,38,52,2,1,3.85
MBX00504,2026-05-09,6,3,0,0,0.0
MBX00504,2026-05-10,3,11,2,0,18.18
MBX00504,2026-05-11,32,44,1,3,2.27
MBX00504,2026-05-12,34,56,3,1,5.36
MBX00504,2026-05-13,41,51,1,3,1.96
MBX00504,2026-05-14,32,57,1,2,1.75
MBX00504,2026-05-15,42,49,2,2,4.08
MBX00504,2026-05-16,7,7,0,0,0.0
MBX00504,2026-05-17,6,11,1,0,9.09
MBX00504,2026-05-18,33,62,5,0,8.06
MBX00504,2026-05-19,45,56,7,1,12.5
MBX00504,2026-05-20,36,58,3,1,5.17
MBX00504,2026-05-21,38,51,4,1,7.84
MBX00504,2026-05-22,32,60,2,1,3.33
MBX00504,2026-05-23,5,9,0,0,0.0
MBX00504,2026-05-24,4,13,1,0,7.69
MBX00504,2026-05-25,35,62,2,2,3.23
MBX00504,2026-05-26,35,56,3,1,5.36
MBX00504,2026-05-27,32,46,4,0,8.7
MBX00504,2026-05-28,36,56,3,1,5.36
MBX00504,2026-05-29,30,47,1,0,2.13
MBX00504,2026-05-30,6,7,1,1,14.29
MBX00504,2026-05-31,1,5,1,0,20.0
MBX00504,2026-06-01,31,40,1,0,2.5
MBX00504,2026-06-02,41,67,2,2,2.99
MBX00504,2026-06-03,34,54,4,0,7.41
MBX00504,2026-06-04,31,45,7,0,15.56
MBX00504,2026-06-05,47,47,3,2,6.38
MBX00504,2026-06-06,4,14,1,0,7.14
MBX00504,2026-06-07,5,9,0,1,0.0
MBX00504,2026-06-08,35,38,3,2,7.89
MBX00504,2026-06-09,34,62,4,0,6.45
MBX00504,2026-06-10,50,53,2,0,3.77
MBX00504,2026-06-11,31,55,3,0,5.45
MBX00504,2026-06-12,37,53,1,1,1.89
MBX00504,2026-06-13,4,8,0,0,0.0
MBX00504,2026-06-14,4,9,0,1,0.0
MBX00504,2026-06-15,30,52,3,1,5.77
MBX00504,2026-06-16,36,48,4,1,8.33
MBX00504,2026-06-17,32,55,3,0,5.45
MBX00504,2026-06-18,42,55,6,2,10.91
MBX00504,2026-06-19,39,54,4,2,7.41
MBX00504,2026-06-20,6,5,0,0,0.0
MBX00504,2026-06-21,7,8,0,0,0.0
MBX00504,2026-06-22,37,58,4,0,6.9
MBX00504,2026-06-23,39,49,4,2,8.16
MBX00504,2026-06-24,35,62,3,1,4.84
MBX00504,2026-06-25,33,52,4,1,7.69
MBX00504,2026-06-26,43,59,2,1,3.39
MBX00504,2026-06-27,6,15,0,0,0.0
MBX00504,2026-06-28,8,18,2,1,11.11
MBX00504,2026-06-29,32,53,2,1,3.77
MBX00504,2026-06-30,34,73,5,1,6.85
MBX00504,2026-07-01,44,61,1,3,1.64
MBX00504,2026-07-02,39,51,1,2,1.96
MBX00504,2026-07-03,33,71,5,0,7.04
MBX00504,2026-07-04,6,6,0,0,0.0
MBX00504,2026-07-05,4,8,0,0,0.0
MBX00504,2026-07-06,53,47,4,0,8.51
MBX00504,2026-07-07,27,58,1,2,1.72
MBX00504,2026-07-08,30,43,3,1,6.98
MBX00504,2026-07-09,44,71,3,1,4.23
MBX00504,2026-07-10,38,46,3,2,6.52
MBX00504,2026-07-11,6,4,0,1,0.0
MBX00504,2026-07-12,6,7,0,0,0.0
MBX00504,2026-07-13,31,57,4,2,7.02
MBX00504,2026-07-14,31,52,4,1,7.69
MBX00504,2026-07-15,47,59,1,0,1.69
MBX00504,2026-07-16,33,54,5,0,9.26
MBX00504,2026-07-17,44,45,2,1,4.44
MBX00504,2026-07-18,6,9,0,1,0.0
MBX00504,2026-07-19,1,8,0,0,0.0
MBX00504,2026-07-20,36,53,2,0,3.77
MBX00504,2026-07-21,38,59,5,1,8.47
MBX00504,2026-07-22,26,58,5,2,8.62
MBX00504,2026-07-23,34,57,4,0,7.02
MBX00504,2026-07-24,30,44,6,1,13.64
MBX00651,2026-04-26,3,3,0,0,0.0
MBX00651,2026-04-27,18,38,1,0,2.63
MBX00651,2026-04-28,28,39,2,0,5.13
MBX00651,2026-04-29,35,32,3,3,9.38
MBX00651,2026-04-30,33,37,4,0,10.81
MBX00651,2026-05-01,42,31,1,0,3.23
MBX00651,2026-05-02,6,10,0,0,0.0
MBX00651,2026-05-03,7,8,1,0,12.5
MBX00651,2026-05-04,35,29,1,1,3.45
MBX00651,2026-05-05,33,28,2,2,7.14
MBX00651,2026-05-06,41,31,5,0,16.13
MBX00651,2026-05-07,42,34,1,0,2.94
MBX00651,2026-05-08,43,34,8,0,23.53
MBX00651,2026-05-09,2,3,0,0,0.0
MBX00651,2026-05-10,7,5,1,0,20.0
MBX00651,2026-05-11,36,31,3,0,9.68
MBX00651,2026-05-12,26,24,3,2,12.5
MBX00651,2026-05-13,32,32,2,1,6.25
MBX00651,2026-05-14,40,36,3,0,8.33
MBX00651,2026-05-15,34,30,2,0,6.67
MBX00651,2026-05-16,4,2,0,0,0.0
MBX00651,2026-05-17,4,3,0,0,0.0
MBX00651,2026-05-18,29,38,5,0,13.16
MBX00651,2026-05-19,31,28,4,1,14.29
MBX00651,2026-05-20,33,35,5,0,14.29
MBX00651,2026-05-21,26,42,3,0,7.14
MBX00651,2026-05-22,31,36,4,0,11.11
MBX00651,2026-05-23,5,3,0,0,0.0
MBX00651,2026-05-24,2,8,0,0,0.0
MBX00651,2026-05-25,40,27,2,0,7.41
MBX00651,2026-05-26,32,31,1,0,3.23
MBX00651,2026-05-27,35,34,1,0,2.94
MBX00651,2026-05-28,34,39,5,4,12.82
MBX00651,2026-05-29,30,27,2,1,7.41
MBX00651,2026-05-30,6,6,1,0,16.67
MBX00651,2026-05-31,3,4,0,0,0.0
MBX00651,2026-06-01,32,27,1,1,3.7
MBX00651,2026-06-02,26,27,1,0,3.7
MBX00651,2026-06-03,36,35,3,0,8.57
MBX00651,2026-06-04,37,30,1,0,3.33
MBX00651,2026-06-05,32,34,4,0,11.76
MBX00651,2026-06-06,2,2,0,0,0.0
MBX00651,2026-06-07,4,6,0,0,0.0
MBX00651,2026-06-08,29,34,2,1,5.88
MBX00651,2026-06-09,33,39,1,0,2.56
MBX00651,2026-06-10,38,20,2,0,10.0
MBX00651,2026-06-11,27,41,2,0,4.88
MBX00651,2026-06-12,42,41,2,1,4.88
MBX00651,2026-06-13,2,2,0,0,0.0
MBX00651,2026-06-14,5,4,1,0,25.0
MBX00651,2026-06-15,34,49,4,0,8.16
MBX00651,2026-06-16,30,34,3,0,8.82
MBX00651,2026-06-17,39,37,3,0,8.11
MBX00651,2026-06-18,33,37,0,1,0.0
MBX00651,2026-06-19,35,21,1,0,4.76
MBX00651,2026-06-20,5,4,0,0,0.0
MBX00651,2026-06-21,7,3,1,0,33.33
MBX00651,2026-06-22,35,37,3,3,8.11
MBX00651,2026-06-23,32,41,9,1,21.95
MBX00651,2026-06-24,38,46,2,1,4.35
MBX00651,2026-06-25,33,44,3,1,6.82
MBX00651,2026-06-26,27,32,1,0,3.12
MBX00651,2026-06-27,3,7,0,0,0.0
MBX00651,2026-06-28,4,8,0,0,0.0
MBX00651,2026-06-29,37,41,2,1,4.88
MBX00651,2026-06-30,36,31,2,1,6.45
MBX00651,2026-07-01,29,39,3,0,7.69
MBX00651,2026-07-02,29,35,2,1,5.71
MBX00651,2026-07-03,29,30,1,1,3.33
MBX00651,2026-07-04,3,9,0,0,0.0
MBX00651,2026-07-05,5,6,0,0,0.0
MBX00651,2026-07-06,37,31,1,0,3.23
MBX00651,2026-07-07,26,37,4,0,10.81
MBX00651,2026-07-08,26,33,4,0,12.12
MBX00651,2026-07-09,38,27,0,1,0.0
MBX00651,2026-07-10,33,29,2,1,6.9
MBX00651,2026-07-11,7,3,1,0,33.33
MBX00651,2026-07-12,5,4,0,0,0.0
MBX00651,2026-07-13,30,35,0,0,0.0
MBX00651,2026-07-14,39,33,4,1,12.12
MBX00651,2026-07-15,28,37,3,1,8.11
MBX00651,2026-07-16,31,21,1,0,4.76
MBX00651,2026-07-17,32,31,3,1,9.68
MBX00651,2026-07-18,10,6,1,0,16.67
MBX00651,2026-07-19,5,1,0,0,0.0
MBX00651,2026-07-20,33,25,2,0,8.0
MBX00651,2026-07-21,26,30,0,0,0.0
MBX00651,2026-07-22,24,36,1,0,2.78
MBX00651,2026-07-23,28,25,2,0,8.0
MBX00651,2026-07-24,32,30,1,0,3.33
MBX00743,2026-04-26,1,7,2,0,28.57
MBX00743,2026-04-27,12,59,3,1,5.08
MBX00743,2026-04-28,6,76,5,2,6.58
MBX00743,2026-04-29,9,68,7,0,10.29
MBX00743,2026-04-30,11,56,1,0,1.79
MBX00743,2026-05-01,9,67,6,0,8.96
MBX00743,2026-05-02,1,16,0,0,0.0
MBX00743,2026-05-03,2,9,0,0,0.0
MBX00743,2026-05-04,6,64,1,0,1.56
MBX00743,2026-05-05,7,54,3,0,5.56
MBX00743,2026-05-06,4,63,6,1,9.52
MBX00743,2026-05-07,5,61,4,2,6.56
MBX00743,2026-05-08,8,76,3,1,3.95
MBX00743,2026-05-09,0,12,1,1,8.33
MBX00743,2026-05-10,2,13,1,0,7.69
MBX00743,2026-05-11,7,71,6,0,8.45
MBX00743,2026-05-12,7,75,3,1,4.0
MBX00743,2026-05-13,10,59,3,2,5.08
MBX00743,2026-05-14,6,57,0,0,0.0
MBX00743,2026-05-15,10,68,4,1,5.88
MBX00743,2026-05-16,0,7,0,0,0.0
MBX00743,2026-05-17,0,9,0,0,0.0
MBX00743,2026-05-18,11,59,6,1,10.17
MBX00743,2026-05-19,9,56,7,0,12.5
MBX00743,2026-05-20,7,77,5,1,6.49
MBX00743,2026-05-21,6,55,3,1,5.45
MBX00743,2026-05-22,11,56,1,2,1.79
MBX00743,2026-05-23,2,9,0,0,0.0
MBX00743,2026-05-24,0,6,0,0,0.0
MBX00743,2026-05-25,10,71,5,0,7.04
MBX00743,2026-05-26,9,87,8,1,9.2
MBX00743,2026-05-27,4,63,5,1,7.94
MBX00743,2026-05-28,9,67,8,0,11.94
MBX00743,2026-05-29,13,80,3,1,3.75
MBX00743,2026-05-30,2,10,1,0,10.0
MBX00743,2026-05-31,3,8,1,0,12.5
MBX00743,2026-06-01,15,68,2,2,2.94
MBX00743,2026-06-02,11,72,4,0,5.56
MBX00743,2026-06-03,7,65,2,2,3.08
MBX00743,2026-06-04,8,62,4,2,6.45
MBX00743,2026-06-05,9,78,5,0,6.41
MBX00743,2026-06-06,2,7,1,0,14.29
MBX00743,2026-06-07,1,8,3,0,37.5
MBX00743,2026-06-08,8,54,2,2,3.7
MBX00743,2026-06-09,12,62,3,1,4.84
MBX00743,2026-06-10,11,94,7,0,7.45
MBX00743,2026-06-11,4,76,3,2,3.95
MBX00743,2026-06-12,7,64,5,1,7.81
MBX00743,2026-06-13,1,8,1,0,12.5
MBX00743,2026-06-14,1,11,1,1,9.09
MBX00743,2026-06-15,12,69,7,1,10.14
MBX00743,2026-06-16,6,56,4,0,7.14
MBX00743,2026-06-17,8,56,4,1,7.14
MBX00743,2026-06-18,8,60,1,2,1.67
MBX00743,2026-06-19,5,76,7,1,9.21
MBX00743,2026-06-20,0,5,0,0,0.0
MBX00743,2026-06-21,3,9,1,0,11.11
MBX00743,2026-06-22,10,72,4,0,5.56
MBX00743,2026-06-23,15,74,6,3,8.11
MBX00743,2026-06-24,6,64,4,0,6.25
MBX00743,2026-06-25,10,56,6,0,10.71
MBX00743,2026-06-26,16,67,3,0,4.48
MBX00743,2026-06-27,1,8,0,0,0.0
MBX00743,2026-06-28,0,4,1,0,25.0
MBX00743,2026-06-29,8,61,4,0,6.56
MBX00743,2026-06-30,8,70,4,0,5.71
MBX00743,2026-07-01,7,55,4,1,7.27
MBX00743,2026-07-02,5,58,8,0,13.79
MBX00743,2026-07-03,14,73,4,1,5.48
MBX00743,2026-07-04,2,6,0,0,0.0
MBX00743,2026-07-05,1,11,0,0,0.0
MBX00743,2026-07-06,10,72,6,0,8.33
MBX00743,2026-07-07,10,72,2,1,2.78
MBX00743,2026-07-08,5,74,7,1,9.46
MBX00743,2026-07-09,9,75,1,1,1.33
MBX00743,2026-07-10,8,64,3,2,4.69
MBX00743,2026-07-11,1,10,2,0,20.0
MBX00743,2026-07-12,2,12,1,0,8.33
MBX00743,2026-07-13,7,61,2,2,3.28
MBX00743,2026-07-14,10,67,7,2,10.45
MBX00743,2026-07-15,6,55,5,1,9.09
MBX00743,2026-07-16,11,59,4,0,6.78
MBX00743,2026-07-17,6,72,3,0,4.17
MBX00743,2026-07-18,1,14,0,0,0.0
MBX00743,2026-07-19,1,13,0,0,0.0
MBX00743,2026-07-20,6,64,1,2,1.56
MBX00743,2026-07-21,5,60,3,0,5.0
MBX00743,2026-07-22,8,68,3,0,4.41
MBX00743,2026-07-23,12,69,1,0,1.45
MBX00743,2026-07-24,10,72,7,0,9.72
MBX00097,2026-04-26,3,7,0,0,0.0
MBX00097,2026-04-27,16,74,2,1,2.7
MBX00097,2026-04-28,19,57,1,1,1.75
MBX00097,2026-04-29,23,70,1,5,1.43
MBX00097,2026-04-30,27,65,3,2,4.62
MBX00097,2026-05-01,26,70,10,1,14.29
MBX00097,2026-05-02,2,6,0,0,0.0
MBX00097,2026-05-03,4,10,3,1,30.0
MBX00097,2026-05-04,24,87,1,0,1.15
MBX00097,2026-05-05,21,59,4,2,6.78
MBX00097,2026-05-06,24,68,4,2,5.88
MBX00097,2026-05-07,26,48,5,2,10.42
MBX00097,2026-05-08,15,60,3,1,5.0
MBX00097,2026-05-09,6,15,2,1,13.33
MBX00097,2026-05-10,1,8,0,0,0.0
MBX00097,2026-05-11,20,71,9,0,12.68
MBX00097,2026-05-12,17,68,2,0,2.94
MBX00097,2026-05-13,19,76,3,1,3.95
MBX00097,2026-05-14,15,71,3,2,4.23
MBX00097,2026-05-15,23,71,6,0,8.45
MBX00097,2026-05-16,3,14,1,0,7.14
MBX00097,2026-05-17,9,9,2,0,22.22
MBX00097,2026-05-18,31,58,5,0,8.62
MBX00097,2026-05-19,26,60,4,0,6.67
MBX00097,2026-05-20,28,71,3,1,4.23
MBX00097,2026-05-21,21,49,1,2,2.04
MBX00097,2026-05-22,22,67,3,1,4.48
MBX00097,2026-05-23,1,7,0,0,0.0
MBX00097,2026-05-24,3,8,0,0,0.0
MBX00097,2026-05-25,24,57,4,0,7.02
MBX00097,2026-05-26,17,45,3,1,6.67
MBX00097,2026-05-27,18,63,1,0,1.59
MBX00097,2026-05-28,25,65,8,0,12.31
MBX00097,2026-05-29,17,61,3,2,4.92
MBX00097,2026-05-30,2,13,1,0,7.69
MBX00097,2026-05-31,4,7,0,0,0.0
MBX00097,2026-06-01,26,73,3,1,4.11
MBX00097,2026-06-02,24,64,0,1,0.0
MBX00097,2026-06-03,19,67,3,0,4.48
MBX00097,2026-06-04,24,59,5,0,8.47
MBX00097,2026-06-05,22,69,1,2,1.45
MBX00097,2026-06-06,6,7,0,0,0.0
MBX00097,2026-06-07,5,13,0,0,0.0
MBX00097,2026-06-08,24,71,4,3,5.63
MBX00097,2026-06-09,19,69,5,2,7.25
MBX00097,2026-06-10,22,64,4,0,6.25
MBX00097,2026-06-11,23,70,1,4,1.43
MBX00097,2026-06-12,24,78,4,0,5.13
MBX00097,2026-06-13,2,13,1,0,7.69
MBX00097,2026-06-14,4,9,1,0,11.11
MBX00097,2026-06-15,18,71,6,1,8.45
MBX00097,2026-06-16,20,58,3,0,5.17
MBX00097,2026-06-17,22,68,5,1,7.35
MBX00097,2026-06-18,33,60,2,0,3.33
MBX00097,2026-06-19,27,44,1,0,2.27
MBX00097,2026-06-20,4,7,0,1,0.0
MBX00097,2026-06-21,2,12,0,0,0.0
MBX00097,2026-06-22,28,41,2,2,4.88
MBX00097,2026-06-23,23,60,2,0,3.33
MBX00097,2026-06-24,27,64,7,0,10.94
MBX00097,2026-06-25,19,57,2,1,3.51
MBX00097,2026-06-26,28,66,3,2,4.55
MBX00097,2026-06-27,4,11,0,1,0.0
MBX00097,2026-06-28,3,12,1,0,8.33
MBX00097,2026-06-29,25,59,2,1,3.39
MBX00097,2026-06-30,20,60,6,1,10.0
MBX00097,2026-07-01,24,62,4,2,6.45
MBX00097,2026-07-02,26,64,5,1,7.81
MBX00097,2026-07-03,25,57,2,1,3.51
MBX00097,2026-07-04,4,6,1,0,16.67
MBX00097,2026-07-05,6,5,0,0,0.0
MBX00097,2026-07-06,19,77,6,2,7.79
MBX00097,2026-07-07,22,69,3,1,4.35
MBX00097,2026-07-08,23,69,4,1,5.8
MBX00097,2026-07-09,27,70,3,1,4.29
MBX00097,2026-07-10,29,58,2,0,3.45
MBX00097,2026-07-11,2,3,0,0,0.0
MBX00097,2026-07-12,6,16,1,0,6.25
MBX00097,2026-07-13,27,64,4,3,6.25
MBX00097,2026-07-14,22,55,4,1,7.27
MBX00097,2026-07-15,31,52,6,1,11.54
MBX00097,2026-07-16,20,53,2,1,3.77
MBX00097,2026-07-17,27,60,5,0,8.33
MBX00097,2026-07-18,6,9,0,0,0.0
MBX00097,2026-07-19,3,6,1,0,16.67
MBX00097,2026-07-20,27,61,5,0,8.2
MBX00097,2026-07-21,29,67,4,0,5.97
MBX00097,2026-07-22,23,74,3,0,4.05
MBX00097,2026-07-23,20,66,2,1,3.03
MBX00097,2026-07-24,22,62,5,0,8.06
MBX00344,2026-04-26,2,11,1,0,9.09
MBX00344,2026-04-27,16,94,2,1,2.13
MBX00344,2026-04-28,27,78,6,0,7.69
MBX00344,2026-04-29,25,77,1,0,1.3
MBX00344,2026-04-30,18,94,5,0,5.32
MBX00344,2026-05-01,11,92,3,3,3.26
MBX00344,2026-05-02,2,11,0,0,0.0
MBX00344,2026-05-03,1,10,1,0,10.0
MBX00344,2026-05-04,24,87,10,1,11.49
MBX00344,2026-05-05,18,90,1,3,1.11
MBX00344,2026-05-06,20,89,8,2,8.99
MBX00344,2026-05-07,19,85,5,2,5.88
MBX00344,2026-05-08,21,78,2,1,2.56
MBX00344,2026-05-09,2,10,0,0,0.0
MBX00344,2026-05-10,1,17,1,0,5.88
MBX00344,2026-05-11,12,90,3,1,3.33
MBX00344,2026-05-12,21,108,11,1,10.19
MBX00344,2026-05-13,15,90,8,2,8.89
MBX00344,2026-05-14,19,78,4,0,5.13
MBX00344,2026-05-15,27,80,3,1,3.75
MBX00344,2026-05-16,3,14,1,1,7.14
MBX00344,2026-05-17,3,11,1,1,9.09
MBX00344,2026-05-18,30,88,1,1,1.14
MBX00344,2026-05-19,25,102,11,0,10.78
MBX00344,2026-05-20,22,60,3,0,5.0
MBX00344,2026-05-21,30,90,4,0,4.44
MBX00344,2026-05-22,20,82,7,0,8.54
MBX00344,2026-05-23,2,14,0,1,0.0
MBX00344,2026-05-24,5,13,0,0,0.0
MBX00344,2026-05-25,17,100,7,2,7.0
MBX00344,2026-05-26,17,73,1,0,1.37
MBX00344,2026-05-27,17,88,3,3,3.41
MBX00344,2026-05-28,21,85,4,2,4.71
MBX00344,2026-05-29,18,107,6,1,5.61
MBX00344,2026-05-30,3,15,3,0,20.0
MBX00344,2026-05-31,3,17,1,1,5.88
MBX00344,2026-06-01,30,101,12,0,11.88
MBX00344,2026-06-02,19,94,4,0,4.26
MBX00344,2026-06-03,21,86,5,1,5.81
MBX00344,2026-06-04,11,94,8,0,8.51
MBX00344,2026-06-05,17,90,3,1,3.33
MBX00344,2026-06-06,6,13,0,0,0.0
MBX00344,2026-06-07,2,16,2,0,12.5
MBX00344,2026-06-08,16,91,4,0,4.4
MBX00344,2026-06-09,16,83,5,1,6.02
MBX00344,2026-06-10,18,78,3,2,3.85
MBX00344,2026-06-11,20,92,3,1,3.26
MBX00344,2026-06-12,14,81,6,2,7.41
MBX00344,2026-06-13,2,15,1,0,6.67
MBX00344,2026-06-14,4,16,0,1,0.0
MBX00344,2026-06-15,18,86,5,1,5.81
MBX00344,2026-06-16,21,87,6,2,6.9
MBX00344,2026-06-17,19,78,2,2,2.56
MBX00344,2026-06-18,19,87,6,1,6.9
MBX00344,2026-06-19,26,82,4,1,4.88
MBX00344,2026-06-20,1,20,0,0,0.0
MBX00344,2026-06-21,6,16,1,0,6.25
MBX00344,2026-06-22,20,100,6,0,6.0
MBX00344,2026-06-23,25,77,8,0,10.39
MBX00344,2026-06-24,14,85,6,0,7.06
MBX00344,2026-06-25,17,68,2,0,2.94
MBX00344,2026-06-26,21,85,8,0,9.41
MBX00344,2026-06-27,3,8,0,0,0.0
MBX00344,2026-06-28,4,10,2,0,20.0
MBX00344,2026-06-29,27,83,4,0,4.82
MBX00344,2026-06-30,21,110,7,2,6.36
MBX00344,2026-07-01,21,80,6,0,7.5
MBX00344,2026-07-02,20,86,1,2,1.16
MBX00344,2026-07-03,16,81,5,0,6.17
MBX00344,2026-07-04,3,12,1,0,8.33
MBX00344,2026-07-05,3,12,4,0,33.33
MBX00344,2026-07-06,22,84,5,1,5.95
MBX00344,2026-07-07,16,76,2,0,2.63
MBX00344,2026-07-08,20,82,5,1,6.1
MBX00344,2026-07-09,18,96,2,0,2.08
MBX00344,2026-07-10,17,106,9,0,8.49
MBX00344,2026-07-11,1,17,0,0,0.0
MBX00344,2026-07-12,3,17,0,1,0.0
MBX00344,2026-07-13,20,80,2,2,2.5
MBX00344,2026-07-14,16,93,5,4,5.38
MBX00344,2026-07-15,16,101,6,1,5.94
MBX00344,2026-07-16,35,86,7,0,8.14
MBX00344,2026-07-17,15,92,2,0,2.17
MBX00344,2026-07-18,3,12,0,0,0.0
MBX00344,2026-07-19,4,20,1,0,5.0
MBX00344,2026-07-20,20,95,5,1,5.26
MBX00344,2026-07-21,19,92,4,2,4.35
MBX00344,2026-07-22,16,82,5,0,6.1
MBX00344,2026-07-23,19,76,7,0,9.21
MBX00344,2026-07-24,20,112,3,1,2.68
MBX00389,2026-04-26,1,11,0,0,0.0
MBX00389,2026-04-27,16,56,5,1,8.93
MBX00389,2026-04-28,28,60,3,2,5.0
MBX00389,2026-04-29,24,66,5,1,7.58
MBX00389,2026-04-30,20,80,3,1,3.75
MBX00389,2026-05-01,19,92,8,0,8.7
MBX00389,2026-05-02,5,8,1,0,12.5
MBX00389,2026-05-03,4,11,1,0,9.09
MBX00389,2026-05-04,21,68,1,0,1.47
MBX00389,2026-05-05,10,69,3,2,4.35
MBX00389,2026-05-06,24,69,7,1,10.14
MBX00389,2026-05-07,17,63,6,0,9.52
MBX00389,2026-05-08,29,67,3,4,4.48
MBX00389,2026-05-09,2,10,2,0,20.0
MBX00389,2026-05-10,4,13,1,0,7.69
MBX00389,2026-05-11,16,77,7,0,9.09
MBX00389,2026-05-12,20,75,3,2,4.0
MBX00389,2026-05-13,13,83,4,1,4.82
MBX00389,2026-05-14,17,69,5,2,7.25
MBX00389,2026-05-15,19,62,4,0,6.45
MBX00389,2026-05-16,3,11,0,0,0.0
MBX00389,2026-05-17,1,3,0,0,0.0
MBX00389,2026-05-18,19,59,5,0,8.47
MBX00389,2026-05-19,23,60,5,2,8.33
MBX00389,2026-05-20,16,57,1,1,1.75
MBX00389,2026-05-21,18,67,4,0,5.97
MBX00389,2026-05-22,19,64,3,1,4.69
MBX00389,2026-05-23,7,12,1,0,8.33
MBX00389,2026-05-24,4,6,0,0,0.0
MBX00389,2026-05-25,15,68,3,2,4.41
MBX00389,2026-05-26,24,63,3,0,4.76
MBX00389,2026-05-27,21,59,3,3,5.08
MBX00389,2026-05-28,16,66,4,0,6.06
MBX00389,2026-05-29,21,76,7,0,9.21
MBX00389,2026-05-30,2,10,2,0,20.0
MBX00389,2026-05-31,1,9,0,0,0.0
MBX00389,2026-06-01,14,59,5,2,8.47
MBX00389,2026-06-02,21,75,6,1,8.0
MBX00389,2026-06-03,21,60,4,1,6.67
MBX00389,2026-06-04,17,63,6,2,9.52
MBX00389,2026-06-05,17,64,4,0,6.25
MBX00389,2026-06-06,1,14,1,0,7.14
MBX00389,2026-06-07,3,17,1,0,5.88
MBX00389,2026-06-08,28,59,7,2,11.86
MBX00389,2026-06-09,27,73,6,0,8.22
MBX00389,2026-06-10,27,58,3,1,5.17
MBX00389,2026-06-11,24,71,4,0,5.63
MBX00389,2026-06-12,22,78,7,1,8.97
MBX00389,2026-06-13,4,12,0,0,0.0
MBX00389,2026-06-14,2,5,0,1,0.0
MBX00389,2026-06-15,20,64,1,0,1.56
MBX00389,2026-06-16,11,81,4,2,4.94
MBX00389,2026-06-17,27,58,2,0,3.45
MBX00389,2026-06-18,23,88,6,0,6.82
MBX00389,2026-06-19,20,70,4,1,5.71
MBX00389,2026-06-20,3,14,1,0,7.14
MBX00389,2026-06-21,3,9,2,1,22.22
MBX00389,2026-06-22,24,68,5,1,7.35
MBX00389,2026-06-23,11,77,3,0,3.9
MBX00389,2026-06-24,24,68,3,0,4.41
MBX00389,2026-06-25,23,75,3,1,4.0
MBX00389,2026-06-26,22,67,5,0,7.46
MBX00389,2026-06-27,4,11,0,0,0.0
MBX00389,2026-06-28,5,10,1,1,10.0
MBX00389,2026-06-29,15,46,4,1,8.7
MBX00389,2026-06-30,19,69,4,0,5.8
MBX00389,2026-07-01,19,58,1,0,1.72
MBX00389,2026-07-02,16,68,4,1,5.88
MBX00389,2026-07-03,19,70,4,2,5.71
MBX00389,2026-07-04,8,9,0,0,0.0
MBX00389,2026-07-05,1,8,1,0,12.5
MBX00389,2026-07-06,21,65,6,0,9.23
MBX00389,2026-07-07,17,64,4,2,6.25
MBX00389,2026-07-08,18,66,5,3,7.58
MBX00389,2026-07-09,21,73,2,1,2.74
MBX00389,2026-07-10,22,63,1,1,1.59
MBX00389,2026-07-11,1,11,0,0,0.0
MBX00389,2026-07-12,4,8,0,0,0.0
MBX00389,2026-07-13,19,70,5,0,7.14
MBX00389,2026-07-14,24,68,5,0,7.35
MBX00389,2026-07-15,16,55,2,1,3.64
MBX00389,2026-07-16,20,63,6,0,9.52
MBX00389,2026-07-17,32,72,4,0,5.56
MBX00389,2026-07-18,0,9,0,0,0.0
MBX00389,2026-07-19,4,10,0,0,0.0
MBX00389,2026-07-20,20,62,4,0,6.45
MBX00389,2026-07-21,16,77,4,1,5.19
MBX00389,2026-07-22,31,86,6,1,6.98
MBX00389,2026-07-23,17,59,1,1,1.69
MBX00389,2026-07-24,20,55,5,1,9.09
MBX00248,2026-04-26,6,20,0,1,0.0
MBX00248,2026-04-27,40,119,5,0,4.2
MBX00248,2026-04-28,34,106,6,0,5.66
MBX00248,2026-04-29,41,115,5,1,4.35
MBX00248,2026-04-30,35,115,9,4,7.83
MBX00248,2026-05-01,33,111,6,2,5.41
MBX00248,2026-05-02,2,24,1,0,4.17
MBX00248,2026-05-03,5,19,1,0,5.26
MBX00248,2026-05-04,46,130,6,0,4.62
MBX00248,2026-05-05,36,114,5,0,4.39
MBX00248,2026-05-06,52,125,8,1,6.4
MBX00248,2026-05-07,42,108,7,0,6.48
MBX00248,2026-05-08,40,118,4,1,3.39
MBX00248,2026-05-09,7,16,1,0,6.25
MBX00248,2026-05-10,8,17,0,0,0.0
MBX00248,2026-05-11,36,116,4,0,3.45
MBX00248,2026-05-12,36,119,7,3,5.88
MBX00248,2026-05-13,44,97,5,2,5.15
MBX00248,2026-05-14,39,109,10,3,9.17
MBX00248,2026-05-15,43,108,5,0,4.63
MBX00248,2026-05-16,5,10,1,0,10.0
MBX00248,2026-05-17,8,18,1,0,5.56
MBX00248,2026-05-18,38,107,6,6,5.61
MBX00248,2026-05-19,36,109,12,0,11.01
MBX00248,2026-05-20,39,107,3,2,2.8
MBX00248,2026-05-21,48,113,6,3,5.31
MBX00248,2026-05-22,46,119,10,0,8.4
MBX00248,2026-05-23,9,15,0,0,0.0
MBX00248,2026-05-24,4,25,2,1,8.0
MBX00248,2026-05-25,35,120,11,4,9.17
MBX00248,2026-05-26,49,125,5,1,4.0
MBX00248,2026-05-27,41,127,7,1,5.51
MBX00248,2026-05-28,39,120,7,3,5.83
MBX00248,2026-05-29,54,102,7,5,6.86
MBX00248,2026-05-30,10,19,1,0,5.26
MBX00248,2026-05-31,8,13,0,1,0.0
MBX00248,2026-06-01,35,96,4,0,4.17
MBX00248,2026-06-02,43,101,5,2,4.95
MBX00248,2026-06-03,38,92,7,1,7.61
MBX00248,2026-06-04,44,105,5,1,4.76
MBX00248,2026-06-05,32,111,4,1,3.6
MBX00248,2026-06-06,5,19,1,0,5.26
MBX00248,2026-06-07,6,18,0,0,0.0
MBX00248,2026-06-08,48,129,7,1,5.43
MBX00248,2026-06-09,35,111,7,1,6.31
MBX00248,2026-06-10,35,122,5,1,4.1
MBX00248,2026-06-11,50,104,8,1,7.69
MBX00248,2026-06-12,36,104,3,1,2.88
MBX00248,2026-06-13,4,10,0,1,0.0
MBX00248,2026-06-14,3,10,0,0,0.0
MBX00248,2026-06-15,38,89,7,1,7.87
MBX00248,2026-06-16,41,133,10,1,7.52
MBX00248,2026-06-17,41,120,12,0,10.0
MBX00248,2026-06-18,42,125,5,2,4.0
MBX00248,2026-06-19,43,110,8,2,7.27
MBX00248,2026-06-20,11,17,1,0,5.88
MBX00248,2026-06-21,6,14,0,1,0.0
MBX00248,2026-06-22,43,108,7,1,6.48
MBX00248,2026-06-23,32,123,7,1,5.69
MBX00248,2026-06-24,31,130,5,1,3.85
MBX00248,2026-06-25,41,124,5,0,4.03
MBX00248,2026-06-26,48,108,12,2,11.11
MBX00248,2026-06-27,7,13,2,0,15.38
MBX00248,2026-06-28,4,23,0,0,0.0
MBX00248,2026-06-29,40,100,8,2,8.0
MBX00248,2026-06-30,36,109,3,4,2.75
MBX00248,2026-07-01,36,113,7,2,6.19
MBX00248,2026-07-02,42,119,4,3,3.36
MBX00248,2026-07-03,39,111,3,3,2.7
MBX00248,2026-07-04,6,14,0,0,0.0
MBX00248,2026-07-05,9,16,0,0,0.0
MBX00248,2026-07-06,41,113,6,3,5.31
MBX00248,2026-07-07,37,119,9,3,7.56
MBX00248,2026-07-08,39,111,9,1,8.11
MBX00248,2026-07-09,44,98,7,1,7.14
MBX00248,2026-07-10,39,98,4,1,4.08
MBX00248,2026-07-11,5,14,1,0,7.14
MBX00248,2026-07-12,8,19,3,0,15.79
MBX00248,2026-07-13,37,110,8,1,7.27
MBX00248,2026-07-14,33,119,10,3,8.4
MBX00248,2026-07-15,40,93,6,0,6.45
MBX00248,2026-07-16,39,112,4,0,3.57
MBX00248,2026-07-17,39,124,9,0,7.26
MBX00248,2026-07-18,6,12,1,0,8.33
MBX00248,2026-07-19,6,17,2,0,11.76
MBX00248,2026-07-20,46,105,6,2,5.71
MBX00248,2026-07-21,37,129,9,2,6.98
MBX00248,2026-07-22,38,118,6,1,5.08
MBX00248,2026-07-23,37,100,5,3,5.0
MBX00248,2026-07-24,51,112,11,2,9.82
MBX00196,2026-04-26,3,12,0,0,0.0
MBX00196,2026-04-27,18,83,6,0,7.23
MBX00196,2026-04-28,11,82,4,0,4.88
MBX00196,2026-04-29,14,88,2,0,2.27
MBX00196,2026-04-30,18,79,5,3,6.33
MBX00196,2026-05-01,16,88,8,0,9.09
MBX00196,2026-05-02,1,9,0,0,0.0
MBX00196,2026-05-03,2,8,1,0,12.5
MBX00196,2026-05-04,13,78,3,1,3.85
MBX00196,2026-05-05,16,69,6,0,8.7
MBX00196,2026-05-06,10,78,5,0,6.41
MBX00196,2026-05-07,13,79,1,2,1.27
MBX00196,2026-05-08,14,73,2,1,2.74
MBX00196,2026-05-09,4,10,1,0,10.0
MBX00196,2026-05-10,2,19,2,1,10.53
MBX00196,2026-05-11,13,85,7,1,8.24
MBX00196,2026-05-12,18,72,4,0,5.56
MBX00196,2026-05-13,17,73,2,0,2.74
MBX00196,2026-05-14,20,84,2,0,2.38
MBX00196,2026-05-15,15,67,7,0,10.45
MBX00196,2026-05-16,2,12,0,0,0.0
MBX00196,2026-05-17,1,10,0,0,0.0
MBX00196,2026-05-18,11,79,3,0,3.8
MBX00196,2026-05-19,18,82,6,1,7.32
MBX00196,2026-05-20,19,84,4,0,4.76
MBX00196,2026-05-21,18,85,1,2,1.18
MBX00196,2026-05-22,16,74,5,1,6.76
MBX00196,2026-05-23,1,12,0,0,0.0
MBX00196,2026-05-24,2,14,1,0,7.14
MBX00196,2026-05-25,12,77,6,1,7.79
MBX00196,2026-05-26,15,73,3,1,4.11
MBX00196,2026-05-27,13,76,4,0,5.26
MBX00196,2026-05-28,16,76,6,1,7.89
MBX00196,2026-05-29,14,84,9,0,10.71
MBX00196,2026-05-30,4,12,3,0,25.0
MBX00196,2026-05-31,5,17,1,0,5.88
MBX00196,2026-06-01,16,66,3,0,4.55
MBX00196,2026-06-02,26,94,4,0,4.26
MBX00196,2026-06-03,17,76,6,1,7.89
MBX00196,2026-06-04,8,82,4,1,4.88
MBX00196,2026-06-05,9,87,5,1,5.75
MBX00196,2026-06-06,2,8,1,0,12.5
MBX00196,2026-06-07,1,10,0,0,0.0
MBX00196,2026-06-08,12,77,2,0,2.6
MBX00196,2026-06-09,15,62,2,1,3.23
MBX00196,2026-06-10,15,88,7,1,7.95
MBX00196,2026-06-11,18,70,3,0,4.29
MBX00196,2026-06-12,14,71,5,0,7.04
MBX00196,2026-06-13,1,18,1,0,5.56
MBX00196,2026-06-14,0,13,0,0,0.0
MBX00196,2026-06-15,14,73,0,0,0.0
MBX00196,2026-06-16,19,72,4,0,5.56
MBX00196,2026-06-17,9,67,2,2,2.99
MBX00196,2026-06-18,15,97,4,1,4.12
MBX00196,2026-06-19,10,96,6,1,6.25
MBX00196,2026-06-20,1,11,1,0,9.09
MBX00196,2026-06-21,3,7,2,0,28.57
MBX00196,2026-06-22,14,65,5,0,7.69
MBX00196,2026-06-23,16,78,8,1,10.26
MBX00196,2026-06-24,14,62,4,2,6.45
MBX00196,2026-06-25,15,81,4,0,4.94
MBX00196,2026-06-26,25,81,3,3,3.7
MBX00196,2026-06-27,1,16,1,0,6.25
MBX00196,2026-06-28,3,12,0,0,0.0
MBX00196,2026-06-29,17,75,7,1,9.33
MBX00196,2026-06-30,19,77,3,1,3.9
MBX00196,2026-07-01,12,80,4,0,5.0
MBX00196,2026-07-02,15,87,10,0,11.49
MBX00196,2026-07-03,18,77,8,1,10.39
MBX00196,2026-07-04,0,17,0,0,0.0
MBX00196,2026-07-05,0,13,3,0,23.08
MBX00196,2026-07-06,17,68,6,1,8.82
MBX00196,2026-07-07,14,72,7,0,9.72
MBX00196,2026-07-08,17,90,5,1,5.56
MBX00196,2026-07-09,16,74,7,2,9.46
MBX00196,2026-07-10,17,84,6,0,7.14
MBX00196,2026-07-11,3,14,0,0,0.0
MBX00196,2026-07-12,1,12,1,0,8.33
MBX00196,2026-07-13,18,79,1,2,1.27
MBX00196,2026-07-14,11,71,3,1,4.23
MBX00196,2026-07-15,9,78,3,1,3.85
MBX00196,2026-07-16,19,74,2,0,2.7
MBX00196,2026-07-17,20,77,6,1,7.79
MBX00196,2026-07-18,4,10,0,0,0.0
MBX00196,2026-07-19,0,16,0,0,0.0
MBX00196,2026-07-20,13,87,4,0,4.6
MBX00196,2026-07-21,21,65,1,1,1.54
MBX00196,2026-07-22,13,102,4,4,3.92
MBX00196,2026-07-23,13,87,5,0,5.75
MBX00196,2026-07-24,11,79,1,0,1.27
MBX00350,2026-04-26,0,0,0,0,0.0
MBX00350,2026-04-27,0,0,0,0,0.0
MBX00350,2026-04-28,2,0,0,0,0.0
MBX00350,2026-04-29,2,6,0,0,0.0
MBX00350,2026-04-30,0,3,0,0,0.0
MBX00350,2026-05-01,1,2,0,0,0.0
MBX00350,2026-05-02,0,1,0,0,0.0
MBX00350,2026-05-03,0,0,0,0,0.0
MBX00350,2026-05-04,1,1,0,0,0.0
MBX00350,2026-05-05,0,1,1,0,100.0
MBX00350,2026-05-06,0,4,1,0,25.0
MBX00350,2026-05-07,2,2,0,0,0.0
MBX00350,2026-05-08,2,2,1,0,50.0
MBX00350,2026-05-09,0,0,0,0,0.0
MBX00350,2026-05-10,0,0,0,0,0.0
MBX00350,2026-05-11,0,1,0,0,0.0
MBX00350,2026-05-12,0,3,0,0,0.0
MBX00350,2026-05-13,0,2,0,0,0.0
MBX00350,2026-05-14,1,1,0,0,0.0
MBX00350,2026-05-15,1,2,0,0,0.0
MBX00350,2026-05-16,0,0,0,0,0.0
MBX00350,2026-05-17,0,0,0,0,0.0
MBX00350,2026-05-18,0,3,0,0,0.0
MBX00350,2026-05-19,0,2,0,0,0.0
MBX00350,2026-05-20,1,3,0,0,0.0
MBX00350,2026-05-21,0,1,0,0,0.0
MBX00350,2026-05-22,0,3,1,0,33.33
MBX00350,2026-05-23,0,0,0,0,0.0
MBX00350,2026-05-24,0,0,0,0,0.0
MBX00350,2026-05-25,0,1,0,0,0.0
MBX00350,2026-05-26,0,4,0,0,0.0
MBX00350,2026-05-27,0,4,0,0,0.0
MBX00350,2026-05-28,2,4,0,0,0.0
MBX00350,2026-05-29,1,1,0,0,0.0
MBX00350,2026-05-30,0,1,0,0,0.0
MBX00350,2026-05-31,0,0,0,0,0.0
MBX00350,2026-06-01,0,2,0,0,0.0
MBX00350,2026-06-02,1,1,0,0,0.0
MBX00350,2026-06-03,2,3,1,1,33.33
MBX00350,2026-06-04,1,1,0,0,0.0
MBX00350,2026-06-05,0,7,0,0,0.0
MBX00350,2026-06-06,0,0,0,0,0.0
MBX00350,2026-06-07,0,1,0,1,0.0
MBX00350,2026-06-08,0,3,0,0,0.0
MBX00350,2026-06-09,0,4,0,0,0.0
MBX00350,2026-06-10,0,2,0,0,0.0
MBX00350,2026-06-11,1,4,0,0,0.0
MBX00350,2026-06-12,1,1,0,0,0.0
MBX00350,2026-06-13,0,0,0,0,0.0
MBX00350,2026-06-14,0,0,0,0,0.0
MBX00350,2026-06-15,0,0,0,0,0.0
MBX00350,2026-06-16,0,2,0,0,0.0
MBX00350,2026-06-17,1,0,0,0,0.0
MBX00350,2026-06-18,1,1,0,0,0.0
MBX00350,2026-06-19,0,4,0,0,0.0
MBX00350,2026-06-20,0,0,0,0,0.0
MBX00350,2026-06-21,0,0,0,0,0.0
MBX00350,2026-06-22,2,4,0,0,0.0
MBX00350,2026-06-23,2,2,0,0,0.0
MBX00350,2026-06-24,2,1,0,0,0.0
MBX00350,2026-06-25,0,1,0,0,0.0
MBX00350,2026-06-26,1,1,0,0,0.0
MBX00350,2026-06-27,0,1,0,0,0.0
MBX00350,2026-06-28,0,0,0,0,0.0
MBX00350,2026-06-29,0,5,0,0,0.0
MBX00350,2026-06-30,0,1,0,0,0.0
MBX00350,2026-07-01,1,0,0,0,0.0
MBX00350,2026-07-02,0,5,0,0,0.0
MBX00350,2026-07-03,0,2,0,0,0.0
MBX00350,2026-07-04,0,0,0,0,0.0
MBX00350,2026-07-05,0,1,0,0,0.0
MBX00350,2026-07-06,0,3,1,0,33.33
MBX00350,2026-07-07,1,5,0,0,0.0
MBX00350,2026-07-08,0,2,0,0,0.0
MBX00350,2026-07-09,1,4,0,0,0.0
MBX00350,2026-07-10,2,3,0,0,0.0
MBX00350,2026-07-11,0,0,0,0,0.0
MBX00350,2026-07-12,0,1,0,0,0.0
MBX00350,2026-07-13,0,0,0,0,0.0
MBX00350,2026-07-14,2,1,0,0,0.0
MBX00350,2026-07-15,1,1,0,0,0.0
MBX00350,2026-07-16,0,2,0,0,0.0
MBX00350,2026-07-17,1,1,0,0,0.0
MBX00350,2026-07-18,0,0,0,0,0.0
MBX00350,2026-07-19,0,1,0,0,0.0
MBX00350,2026-07-20,0,1,0,0,0.0
MBX00350,2026-07-21,0,6,0,0,0.0
MBX00350,2026-07-22,2,3,0,0,0.0
MBX00350,2026-07-23,0,2,0,0,0.0
MBX00350,2026-07-24,0,1,0,0,0.0
MBX00505,2026-04-26,5,17,0,0,0.0
MBX00505,2026-04-27,11,94,5,0,5.32
MBX00505,2026-04-28,25,127,6,2,4.72
MBX00505,2026-04-29,24,89,10,3,11.24
MBX00505,2026-04-30,18,125,7,1,5.6
MBX00505,2026-05-01,16,113,8,4,7.08
MBX00505,2026-05-02,3,14,0,0,0.0
MBX00505,2026-05-03,2,21,2,0,9.52
MBX00505,2026-05-04,15,114,7,1,6.14
MBX00505,2026-05-05,24,124,8,1,6.45
MBX00505,2026-05-06,17,107,7,2,6.54
MBX00505,2026-05-07,25,119,5,2,4.2
MBX00505,2026-05-08,14,105,8,3,7.62
MBX00505,2026-05-09,3,20,1,0,5.0
MBX00505,2026-05-10,9,13,4,0,30.77
MBX00505,2026-05-11,20,111,7,0,6.31
MBX00505,2026-05-12,17,120,9,2,7.5
MBX00505,2026-05-13,11,115,2,1,1.74
MBX00505,2026-05-14,16,116,8,2,6.9
MBX00505,2026-05-15,22,110,5,0,4.55
MBX00505,2026-05-16,5,23,0,1,0.0
MBX00505,2026-05-17,2,22,3,0,13.64
MBX00505,2026-05-18,14,105,6,1,5.71
MBX00505,2026-05-19,15,136,13,0,9.56
MBX00505,2026-05-20,13,108,2,0,1.85
MBX00505,2026-05-21,14,127,12,1,9.45
MBX00505,2026-05-22,17,113,5,0,4.42
MBX00505,2026-05-23,3,11,0,0,0.0
MBX00505,2026-05-24,4,20,1,0,5.0
MBX00505,2026-05-25,22,130,9,3,6.92
MBX00505,2026-05-26,20,108,8,2,7.41
MBX00505,2026-05-27,13,127,9,1,7.09
MBX00505,2026-05-28,16,119,9,3,7.56
MBX00505,2026-05-29,18,124,11,0,8.87
MBX00505,2026-05-30,3,17,0,0,0.0
MBX00505,2026-05-31,4,19,2,0,10.53
MBX00505,2026-06-01,18,105,9,3,8.57
MBX00505,2026-06-02,11,117,9,1,7.69
MBX00505,2026-06-03,18,111,6,1,5.41
MBX00505,2026-06-04,18,104,3,1,2.88
MBX00505,2026-06-05,16,114,5,2,4.39
MBX00505,2026-06-06,4,16,1,0,6.25
MBX00505,2026-06-07,1,14,3,0,21.43
MBX00505,2026-06-08,18,121,6,0,4.96
MBX00505,2026-06-09,14,124,9,1,7.26
MBX00505,2026-06-10,20,141,11,2,7.8
MBX00505,2026-06-11,13,116,3,3,2.59
MBX00505,2026-06-12,21,120,5,2,4.17
MBX00505,2026-06-13,4,19,2,0,10.53
MBX00505,2026-06-14,2,25,1,0,4.0
MBX00505,2026-06-15,15,110,7,1,6.36
MBX00505,2026-06-16,26,116,4,0,3.45
MBX00505,2026-06-17,16,109,8,1,7.34
MBX00505,2026-06-18,15,104,7,1,6.73
MBX00505,2026-06-19,18,130,9,3,6.92
MBX00505,2026-06-20,2,22,1,0,4.55
MBX00505,2026-06-21,4,23,1,1,4.35
MBX00505,2026-06-22,17,127,8,0,6.3
MBX00505,2026-06-23,20,117,8,0,6.84
MBX00505,2026-06-24,20,117,4,3,3.42
MBX00505,2026-06-25,15,113,9,2,7.96
MBX00505,2026-06-26,15,107,5,2,4.67
MBX00505,2026-06-27,6,22,0,0,0.0
MBX00505,2026-06-28,6,18,0,0,0.0
MBX00505,2026-06-29,16,118,11,3,9.32
MBX00505,2026-06-30,11,120,6,2,5.0
MBX00505,2026-07-01,16,125,8,3,6.4
MBX00505,2026-07-02,12,109,4,2,3.67
MBX00505,2026-07-03,7,122,14,0,11.48
MBX00505,2026-07-04,1,18,3,0,16.67
MBX00505,2026-07-05,1,25,1,0,4.0
MBX00505,2026-07-06,22,115,5,1,4.35
MBX00505,2026-07-07,16,107,4,1,3.74
MBX00505,2026-07-08,18,108,4,1,3.7
MBX00505,2026-07-09,12,118,5,0,4.24
MBX00505,2026-07-10,20,97,8,2,8.25
MBX00505,2026-07-11,1,20,2,1,10.0
MBX00505,2026-07-12,6,13,1,0,7.69
MBX00505,2026-07-13,17,102,5,0,4.9
MBX00505,2026-07-14,16,100,11,1,11.0
MBX00505,2026-07-15,20,118,7,1,5.93
MBX00505,2026-07-16,16,108,5,1,4.63
MBX00505,2026-07-17,19,117,6,0,5.13
MBX00505,2026-07-18,2,20,2,0,10.0
MBX00505,2026-07-19,3,14,0,0,0.0
MBX00505,2026-07-20,17,114,3,1,2.63
MBX00505,2026-07-21,21,112,12,0,10.71
MBX00505,2026-07-22,14,103,4,1,3.88
MBX00505,2026-07-23,14,99,3,1,3.03
MBX00505,2026-07-24,17,110,6,1,5.45
MBX00038,2026-04-26,2,7,0,0,0.0
MBX00038,2026-04-27,8,47,4,0,8.51
MBX00038,2026-04-28,16,46,3,0,6.52
MBX00038,2026-04-29,12,53,2,2,3.77
MBX00038,2026-04-30,12,59,5,1,8.47
MBX00038,2026-05-01,7,44,6,1,13.64
MBX00038,2026-05-02,1,11,1,0,9.09
MBX00038,2026-05-03,0,6,0,0,0.0
MBX00038,2026-05-04,11,49,1,1,2.04
MBX00038,2026-05-05,11,49,3,0,6.12
MBX00038,2026-05-06,16,53,2,0,3.77
MBX00038,2026-05-07,14,56,8,0,14.29
MBX00038,2026-05-08,10,59,5,1,8.47
MBX00038,2026-05-09,0,5,0,0,0.0
MBX00038,2026-05-10,1,10,0,0,0.0
MBX00038,2026-05-11,14,42,5,2,11.9
MBX00038,2026-05-12,11,56,4,2,7.14
MBX00038,2026-05-13,11,52,7,1,13.46
MBX00038,2026-05-14,12,56,6,0,10.71
MBX00038,2026-05-15,4,53,3,1,5.66
MBX00038,2026-05-16,0,9,0,0,0.0
MBX00038,2026-05-17,0,9,0,0,0.0
MBX00038,2026-05-18,10,65,6,1,9.23
MBX00038,2026-05-19,9,46,6,0,13.04
MBX00038,2026-05-20,9,55,3,1,5.45
MBX00038,2026-05-21,5,52,2,1,3.85
MBX00038,2026-05-22,11,61,2,1,3.28
MBX00038,2026-05-23,0,6,0,0,0.0
MBX00038,2026-05-24,2,8,1,0,12.5
MBX00038,2026-05-25,8,60,2,1,3.33
MBX00038,2026-05-26,8,58,0,0,0.0
MBX00038,2026-05-27,12,47,2,0,4.26
MBX00038,2026-05-28,11,58,3,1,5.17
MBX00038,2026-05-29,14,55,4,0,7.27
MBX00038,2026-05-30,2,15,1,0,6.67
MBX00038,2026-05-31,3,9,1,0,11.11
MBX00038,2026-06-01,7,46,4,0,8.7
MBX00038,2026-06-02,9,63,3,1,4.76
MBX00038,2026-06-03,21,52,1,1,1.92
MBX00038,2026-06-04,15,61,5,0,8.2
MBX00038,2026-06-05,9,46,2,1,4.35
MBX00038,2026-06-06,1,8,0,0,0.0
MBX00038,2026-06-07,1,4,1,0,25.0
MBX00038,2026-06-08,10,54,2,1,3.7
MBX00038,2026-06-09,9,55,2,0,3.64
MBX00038,2026-06-10,8,45,5,1,11.11
MBX00038,2026-06-11,9,49,3,0,6.12
MBX00038,2026-06-12,11,49,2,1,4.08
MBX00038,2026-06-13,1,10,1,0,10.0
MBX00038,2026-06-14,1,9,1,0,11.11
MBX00038,2026-06-15,11,61,3,2,4.92
MBX00038,2026-06-16,12,50,5,1,10.0
MBX00038,2026-06-17,11,56,8,0,14.29
MBX00038,2026-06-18,8,41,6,0,14.63
MBX00038,2026-06-19,5,43,3,0,6.98
MBX00038,2026-06-20,2,9,1,0,11.11
MBX00038,2026-06-21,1,4,2,0,50.0
MBX00038,2026-06-22,13,58,4,1,6.9
MBX00038,2026-06-23,16,42,3,0,7.14
MBX00038,2026-06-24,12,56,1,0,1.79
MBX00038,2026-06-25,9,51,1,0,1.96
MBX00038,2026-06-26,7,46,1,2,2.17
MBX00038,2026-06-27,0,10,0,1,0.0
MBX00038,2026-06-28,0,10,1,0,10.0
MBX00038,2026-06-29,14,46,1,2,2.17
MBX00038,2026-06-30,6,48,3,1,6.25
MBX00038,2026-07-01,6,37,2,2,5.41
MBX00038,2026-07-02,9,61,1,0,1.64
MBX00038,2026-07-03,10,34,2,0,5.88
MBX00038,2026-07-04,3,5,0,0,0.0
MBX00038,2026-07-05,2,2,0,0,0.0
MBX00038,2026-07-06,5,61,5,1,8.2
MBX00038,2026-07-07,8,52,3,0,5.77
MBX00038,2026-07-08,7,57,3,0,5.26
MBX00038,2026-07-09,9,49,2,0,4.08
MBX00038,2026-07-10,7,49,3,1,6.12
MBX00038,2026-07-11,1,8,1,0,12.5
MBX00038,2026-07-12,2,7,0,0,0.0
MBX00038,2026-07-13,10,56,7,1,12.5
MBX00038,2026-07-14,10,57,3,1,5.26
MBX00038,2026-07-15,13,46,1,2,2.17
MBX00038,2026-07-16,10,49,3,2,6.12
MBX00038,2026-07-17,10,50,2,2,4.0
MBX00038,2026-07-18,1,6,0,0,0.0
MBX00038,2026-07-19,2,7,1,0,14.29
MBX00038,2026-07-20,9,53,5,0,9.43
MBX00038,2026-07-21,9,50,6,0,12.0
MBX00038,2026-07-22,11,65,3,0,4.62
MBX00038,2026-07-23,7,70,1,2,1.43
MBX00038,2026-07-24,8,63,6,2,9.52
MBX00731,2026-04-26,0,1,0,0,0.0
MBX00731,2026-04-27,9,17,2,1,11.76
MBX00731,2026-04-28,11,15,1,0,6.67
MBX00731,2026-04-29,3,12,0,1,0.0
MBX00731,2026-04-30,10,11,1,0,9.09
MBX00731,2026-05-01,10,10,1,0,10.0
MBX00731,2026-05-02,2,1,0,0,0.0
MBX00731,2026-05-03,1,4,1,0,25.0
MBX00731,2026-05-04,9,11,0,0,0.0
MBX00731,2026-05-05,4,19,1,0,5.26
MBX00731,2026-05-06,10,12,0,0,0.0
MBX00731,2026-05-07,11,13,4,0,30.77
MBX00731,2026-05-08,10,15,2,0,13.33
MBX00731,2026-05-09,1,2,0,0,0.0
MBX00731,2026-05-10,0,3,0,0,0.0
MBX00731,2026-05-11,9,18,0,0,0.0
MBX00731,2026-05-12,9,14,3,0,21.43
MBX00731,2026-05-13,13,11,0,0,0.0
MBX00731,2026-05-14,12,14,1,0,7.14
MBX00731,2026-05-15,13,10,1,0,10.0
MBX00731,2026-05-16,3,2,0,0,0.0
MBX00731,2026-05-17,2,0,0,0,0.0
MBX00731,2026-05-18,9,15,1,0,6.67
MBX00731,2026-05-19,16,13,0,1,0.0
MBX00731,2026-05-20,4,10,1,0,10.0
MBX00731,2026-05-21,9,11,1,1,9.09
MBX00731,2026-05-22,8,11,1,0,9.09
MBX00731,2026-05-23,1,1,0,0,0.0
MBX00731,2026-05-24,0,4,0,0,0.0
MBX00731,2026-05-25,15,10,0,0,0.0
MBX00731,2026-05-26,6,12,0,0,0.0
MBX00731,2026-05-27,8,12,2,0,16.67
MBX00731,2026-05-28,6,12,0,0,0.0
MBX00731,2026-05-29,10,19,1,1,5.26
MBX00731,2026-05-30,1,7,1,0,14.29
MBX00731,2026-05-31,1,3,1,0,33.33
MBX00731,2026-06-01,9,9,4,0,44.44
MBX00731,2026-06-02,11,22,1,0,4.55
MBX00731,2026-06-03,9,10,1,0,10.0
MBX00731,2026-06-04,11,12,0,0,0.0
MBX00731,2026-06-05,14,13,0,1,0.0
MBX00731,2026-06-06,1,5,0,0,0.0
MBX00731,2026-06-07,1,0,0,0,0.0
MBX00731,2026-06-08,6,15,1,0,6.67
MBX00731,2026-06-09,9,11,1,0,9.09
MBX00731,2026-06-10,10,12,3,0,25.0
MBX00731,2026-06-11,14,12,0,0,0.0
MBX00731,2026-06-12,15,18,0,0,0.0
MBX00731,2026-06-13,0,5,0,0,0.0
MBX00731,2026-06-14,2,2,0,0,0.0
MBX00731,2026-06-15,8,13,2,0,15.38
MBX00731,2026-06-16,5,17,1,0,5.88
MBX00731,2026-06-17,10,13,0,1,0.0
MBX00731,2026-06-18,8,17,0,0,0.0
MBX00731,2026-06-19,11,15,1,1,6.67
MBX00731,2026-06-20,2,4,1,0,25.0
MBX00731,2026-06-21,2,2,0,0,0.0
MBX00731,2026-06-22,8,11,0,0,0.0
MBX00731,2026-06-23,13,17,0,0,0.0
MBX00731,2026-06-24,14,15,1,1,6.67
MBX00731,2026-06-25,13,12,1,0,8.33
MBX00731,2026-06-26,7,14,2,1,14.29
MBX00731,2026-06-27,0,1,1,0,100.0
MBX00731,2026-06-28,2,4,0,0,0.0
MBX00731,2026-06-29,11,14,0,1,0.0
MBX00731,2026-06-30,7,15,0,0,0.0
MBX00731,2026-07-01,9,9,1,0,11.11
MBX00731,2026-07-02,4,16,0,0,0.0
MBX00731,2026-07-03,17,19,1,0,5.26
MBX00731,2026-07-04,2,1,0,0,0.0
MBX00731,2026-07-05,1,2,0,0,0.0
MBX00731,2026-07-06,6,14,4,0,28.57
MBX00731,2026-07-07,5,19,1,0,5.26
MBX00731,2026-07-08,12,12,0,0,0.0
MBX00731,2026-07-09,15,20,2,1,10.0
MBX00731,2026-07-10,12,12,0,0,0.0
MBX00731,2026-07-11,1,4,0,0,0.0
MBX00731,2026-07-12,0,3,1,0,33.33
MBX00731,2026-07-13,6,21,2,0,9.52
MBX00731,2026-07-14,9,13,0,0,0.0
MBX00731,2026-07-15,4,17,0,0,0.0
MBX00731,2026-07-16,11,17,0,1,0.0
MBX00731,2026-07-17,13,11,1,0,9.09
MBX00731,2026-07-18,2,0,0,0,0.0
MBX00731,2026-07-19,0,2,1,0,50.0
MBX00731,2026-07-20,16,18,1,0,5.56
MBX00731,2026-07-21,10,19,1,0,5.26
MBX00731,2026-07-22,7,8,0,0,0.0
MBX00731,2026-07-23,15,9,1,0,11.11
MBX00731,2026-07-24,7,15,2,0,13.33
MBX00586,2026-04-26,2,6,1,0,16.67
MBX00586,2026-04-27,31,50,3,1,6.0
MBX00586,2026-04-28,25,62,7,1,11.29
MBX00586,2026-04-29,31,59,2,1,3.39
MBX00586,2026-04-30,30,53,1,1,1.89
MBX00586,2026-05-01,34,52,1,0,1.92
MBX00586,2026-05-02,4,6,0,0,0.0
MBX00586,2026-05-03,6,10,0,0,0.0
MBX00586,2026-05-04,42,53,4,0,7.55
MBX00586,2026-05-05,34,54,0,1,0.0
MBX00586,2026-05-06,41,64,5,3,7.81
MBX00586,2026-05-07,30,67,6,1,8.96
MBX00586,2026-05-08,38,57,3,4,5.26
MBX00586,2026-05-09,8,9,2,0,22.22
MBX00586,2026-05-10,6,8,0,0,0.0
MBX00586,2026-05-11,34,36,3,0,8.33
MBX00586,2026-05-12,34,66,4,3,6.06
MBX00586,2026-05-13,34,69,0,1,0.0
MBX00586,2026-05-14,36,61,10,1,16.39
MBX00586,2026-05-15,25,55,1,1,1.82
MBX00586,2026-05-16,6,8,1,0,12.5
MBX00586,2026-05-17,5,14,2,0,14.29
MBX00586,2026-05-18,46,65,1,0,1.54
MBX00586,2026-05-19,42,64,2,2,3.12
MBX00586,2026-05-20,46,59,5,1,8.47
MBX00586,2026-05-21,32,53,0,0,0.0
MBX00586,2026-05-22,31,63,6,1,9.52
MBX00586,2026-05-23,8,7,0,0,0.0
MBX00586,2026-05-24,4,4,0,0,0.0
MBX00586,2026-05-25,27,43,3,2,6.98
MBX00586,2026-05-26,31,50,6,0,12.0
MBX00586,2026-05-27,35,41,4,1,9.76
MBX00586,2026-05-28,35,57,2,1,3.51
MBX00586,2026-05-29,31,57,5,0,8.77
MBX00586,2026-05-30,6,9,1,0,11.11
MBX00586,2026-05-31,8,7,3,0,42.86
MBX00586,2026-06-01,55,66,3,1,4.55
MBX00586,2026-06-02,40,59,3,0,5.08
MBX00586,2026-06-03,36,70,9,2,12.86
MBX00586,2026-06-04,44,56,2,1,3.57
MBX00586,2026-06-05,43,60,7,2,11.67
MBX00586,2026-06-06,7,13,0,0,0.0
MBX00586,2026-06-07,8,8,0,0,0.0
MBX00586,2026-06-08,30,63,6,1,9.52
MBX00586,2026-06-09,27,43,2,1,4.65
MBX00586,2026-06-10,37,55,5,2,9.09
MBX00586,2026-06-11,25,57,3,0,5.26
MBX00586,2026-06-12,37,51,5,0,9.8
MBX00586,2026-06-13,4,8,0,0,0.0
MBX00586,2026-06-14,6,10,0,0,0.0
MBX00586,2026-06-15,40,60,4,2,6.67
MBX00586,2026-06-16,38,59,3,1,5.08
MBX00586,2026-06-17,48,62,3,3,4.84
MBX00586,2026-06-18,37,53,1,3,1.89
MBX00586,2026-06-19,46,49,1,0,2.04
MBX00586,2026-06-20,2,5,1,0,20.0
MBX00586,2026-06-21,2,10,0,1,0.0
MBX00586,2026-06-22,38,49,2,2,4.08
MBX00586,2026-06-23,32,55,5,0,9.09
MBX00586,2026-06-24,36,58,4,0,6.9
MBX00586,2026-06-25,27,62,3,1,4.84
MBX00586,2026-06-26,39,54,3,3,5.56
MBX00586,2026-06-27,4,9,2,0,22.22
MBX00586,2026-06-28,3,5,0,1,0.0
MBX00586,2026-06-29,35,49,2,1,4.08
MBX00586,2026-06-30,42,67,3,1,4.48
MBX00586,2026-07-01,39,65,5,0,7.69
MBX00586,2026-07-02,28,63,2,0,3.17
MBX00586,2026-07-03,32,38,0,2,0.0
MBX00586,2026-07-04,5,10,0,0,0.0
MBX00586,2026-07-05,8,2,0,0,0.0
MBX00586,2026-07-06,34,72,6,0,8.33
MBX00586,2026-07-07,41,62,8,0,12.9
MBX00586,2026-07-08,35,63,1,0,1.59
MBX00586,2026-07-09,39,53,2,0,3.77
MBX00586,2026-07-10,45,49,5,0,10.2
MBX00586,2026-07-11,4,7,0,1,0.0
MBX00586,2026-07-12,4,5,1,0,20.0
MBX00586,2026-07-13,39,56,1,0,1.79
MBX00586,2026-07-14,28,55,7,1,12.73
MBX00586,2026-07-15,51,55,5,1,9.09
MBX00586,2026-07-16,28,60,4,0,6.67
MBX00586,2026-07-17,41,52,4,2,7.69
MBX00586,2026-07-18,10,8,1,0,12.5
MBX00586,2026-07-19,4,5,0,0,0.0
MBX00586,2026-07-20,40,47,1,0,2.13
MBX00586,2026-07-21,49,62,1,3,1.61
MBX00586,2026-07-22,38,77,2,3,2.6
MBX00586,2026-07-23,36,47,3,0,6.38
MBX00586,2026-07-24,33,64,7,1,10.94
MBX00404,2026-04-26,4,15,0,0,0.0
MBX00404,2026-04-27,23,96,3,0,3.12
MBX00404,2026-04-28,32,95,8,2,8.42
MBX00404,2026-04-29,21,92,10,3,10.87
MBX00404,2026-04-30,35,90,2,2,2.22
MBX00404,2026-05-01,22,105,7,0,6.67
MBX00404,2026-05-02,1,11,0,0,0.0
MBX00404,2026-05-03,6,11,0,0,0.0
MBX00404,2026-05-04,20,94,8,0,8.51
MBX00404,2026-05-05,24,105,10,2,9.52
MBX00404,2026-05-06,20,97,6,3,6.19
MBX00404,2026-05-07,11,95,6,2,6.32
MBX00404,2026-05-08,19,91,5,1,5.49
MBX00404,2026-05-09,5,23,2,3,8.7
MBX00404,2026-05-10,4,15,3,0,20.0
MBX00404,2026-05-11,25,87,5,2,5.75
MBX00404,2026-05-12,23,103,10,1,9.71
MBX00404,2026-05-13,22,101,4,2,3.96
MBX00404,2026-05-14,14,107,8,2,7.48
MBX00404,2026-05-15,20,95,10,0,10.53
MBX00404,2026-05-16,2,14,2,0,14.29
MBX00404,2026-05-17,2,13,1,0,7.69
MBX00404,2026-05-18,18,108,2,1,1.85
MBX00404,2026-05-19,19,99,5,3,5.05
MBX00404,2026-05-20,24,88,3,0,3.41
MBX00404,2026-05-21,23,82,7,1,8.54
MBX00404,2026-05-22,22,88,5,1,5.68
MBX00404,2026-05-23,5,19,1,0,5.26
MBX00404,2026-05-24,8,10,1,0,10.0
MBX00404,2026-05-25,21,115,5,1,4.35
MBX00404,2026-05-26,27,88,10,2,11.36
MBX00404,2026-05-27,20,90,7,0,7.78
MBX00404,2026-05-28,23,94,2,1,2.13
MBX00404,2026-05-29,15,87,5,0,5.75
MBX00404,2026-05-30,4,15,0,0,0.0
MBX00404,2026-05-31,6,11,1,0,9.09
MBX00404,2026-06-01,19,108,3,1,2.78
MBX00404,2026-06-02,14,97,5,3,5.15
MBX00404,2026-06-03,17,86,5,0,5.81
MBX00404,2026-06-04,22,102,1,0,0.98
MBX00404,2026-06-05,19,113,4,4,3.54
MBX00404,2026-06-06,3,17,1,1,5.88
MBX00404,2026-06-07,7,13,2,0,15.38
MBX00404,2026-06-08,22,89,5,0,5.62
MBX00404,2026-06-09,20,100,5,1,5.0
MBX00404,2026-06-10,26,102,2,4,1.96
MBX00404,2026-06-11,23,109,8,3,7.34
MBX00404,2026-06-12,32,89,5,2,5.62
MBX00404,2026-06-13,3,8,1,0,12.5
MBX00404,2026-06-14,5,15,2,0,13.33
MBX00404,2026-06-15,23,80,4,1,5.0
MBX00404,2026-06-16,16,97,6,1,6.19
MBX00404,2026-06-17,18,97,3,2,3.09
MBX00404,2026-06-18,19,96,3,0,3.12
MBX00404,2026-06-19,18,88,6,3,6.82
MBX00404,2026-06-20,6,10,1,0,10.0
MBX00404,2026-06-21,0,12,0,0,0.0
MBX00404,2026-06-22,25,96,4,1,4.17
MBX00404,2026-06-23,27,103,3,1,2.91
MBX00404,2026-06-24,24,101,5,0,4.95
MBX00404,2026-06-25,22,94,4,2,4.26
MBX00404,2026-06-26,22,93,6,2,6.45
MBX00404,2026-06-27,3,17,1,0,5.88
MBX00404,2026-06-28,0,7,0,0,0.0
MBX00404,2026-06-29,19,87,6,1,6.9
MBX00404,2026-06-30,24,106,6,2,5.66
MBX00404,2026-07-01,16,88,4,1,4.55
MBX00404,2026-07-02,19,91,2,0,2.2
MBX00404,2026-07-03,20,88,6,0,6.82
MBX00404,2026-07-04,3,20,0,0,0.0
MBX00404,2026-07-05,0,13,1,0,7.69
MBX00404,2026-07-06,29,99,6,0,6.06
MBX00404,2026-07-07,25,110,6,1,5.45
MBX00404,2026-07-08,25,101,5,3,4.95
MBX00404,2026-07-09,27,83,3,1,3.61
MBX00404,2026-07-10,23,109,10,0,9.17
MBX00404,2026-07-11,1,16,1,0,6.25
MBX00404,2026-07-12,4,17,0,0,0.0
MBX00404,2026-07-13,26,96,6,1,6.25
MBX00404,2026-07-14,17,105,4,2,3.81
MBX00404,2026-07-15,23,91,4,2,4.4
MBX00404,2026-07-16,22,104,5,3,4.81
MBX00404,2026-07-17,20,92,2,2,2.17
MBX00404,2026-07-18,3,12,2,1,16.67
MBX00404,2026-07-19,3,11,1,0,9.09
MBX00404,2026-07-20,16,93,2,2,2.15
MBX00404,2026-07-21,20,98,6,2,6.12
MBX00404,2026-07-22,28,100,8,2,8.0
MBX00404,2026-07-23,18,110,7,0,6.36
MBX00404,2026-07-24,21,89,6,1,6.74
MBX00340,2026-04-26,4,9,0,0,0.0
MBX00340,2026-04-27,19,57,2,1,3.51
MBX00340,2026-04-28,16,61,1,2,1.64
MBX00340,2026-04-29,19,67,2,0,2.99
MBX00340,2026-04-30,18,53,3,1,5.66
MBX00340,2026-05-01,14,60,4,4,6.67
MBX00340,2026-05-02,4,14,0,0,0.0
MBX00340,2026-05-03,5,9,0,0,0.0
MBX00340,2026-05-04,18,52,4,2,7.69
MBX00340,2026-05-05,23,70,4,1,5.71
MBX00340,2026-05-06,14,64,6,0,9.38
MBX00340,2026-05-07,23,66,8,0,12.12
MBX00340,2026-05-08,20,61,3,1,4.92
MBX00340,2026-05-09,2,6,0,0,0.0
MBX00340,2026-05-10,5,7,0,0,0.0
MBX00340,2026-05-11,19,54,1,0,1.85
MBX00340,2026-05-12,9,65,8,0,12.31
MBX00340,2026-05-13,26,54,3,0,5.56
MBX00340,2026-05-14,15,57,3,0,5.26
MBX00340,2026-05-15,13,50,3,0,6.0
MBX00340,2026-05-16,2,9,0,0,0.0
MBX00340,2026-05-17,3,10,0,0,0.0
MBX00340,2026-05-18,24,61,3,1,4.92
MBX00340,2026-05-19,15,50,6,6,12.0
MBX00340,2026-05-20,15,57,1,0,1.75
MBX00340,2026-05-21,21,49,5,1,10.2
MBX00340,2026-05-22,22,58,3,4,5.17
MBX00340,2026-05-23,2,8,0,0,0.0
MBX00340,2026-05-24,2,13,0,1,0.0
MBX00340,2026-05-25,17,53,2,2,3.77
MBX00340,2026-05-26,20,57,2,0,3.51
MBX00340,2026-05-27,24,57,4,2,7.02
MBX00340,2026-05-28,17,52,1,1,1.92
MBX00340,2026-05-29,15,58,4,1,6.9
MBX00340,2026-05-30,6,5,0,0,0.0
MBX00340,2026-05-31,2,6,0,0,0.0
MBX00340,2026-06-01,13,54,3,0,5.56
MBX00340,2026-06-02,16,61,6,1,9.84
MBX00340,2026-06-03,16,69,1,0,1.45
MBX00340,2026-06-04,21,46,0,2,0.0
MBX00340,2026-06-05,12,62,1,0,1.61
MBX00340,2026-06-06,5,6,0,0,0.0
MBX00340,2026-06-07,2,10,0,0,0.0
MBX00340,2026-06-08,17,60,2,2,3.33
MBX00340,2026-06-09,25,51,3,0,5.88
MBX00340,2026-06-10,12,50,3,0,6.0
MBX00340,2026-06-11,17,64,6,0,9.38
MBX00340,2026-06-12,15,54,2,0,3.7
MBX00340,2026-06-13,3,11,1,0,9.09
MBX00340,2026-06-14,2,10,0,0,0.0
MBX00340,2026-06-15,20,58,4,1,6.9
MBX00340,2026-06-16,21,67,4,3,5.97
MBX00340,2026-06-17,24,67,5,1,7.46
MBX00340,2026-06-18,20,62,7,0,11.29
MBX00340,2026-06-19,10,52,3,1,5.77
MBX00340,2026-06-20,1,15,4,0,26.67
MBX00340,2026-06-21,1,5,0,0,0.0
MBX00340,2026-06-22,29,73,8,0,10.96
MBX00340,2026-06-23,24,51,4,2,7.84
MBX00340,2026-06-24,19,72,7,4,9.72
MBX00340,2026-06-25,24,54,1,0,1.85
MBX00340,2026-06-26,19,55,2,3,3.64
MBX00340,2026-06-27,3,10,0,0,0.0
MBX00340,2026-06-28,8,10,0,0,0.0
MBX00340,2026-06-29,22,58,7,2,12.07
MBX00340,2026-06-30,17,76,7,2,9.21
MBX00340,2026-07-01,19,62,6,0,9.68
MBX00340,2026-07-02,21,51,2,1,3.92
MBX00340,2026-07-03,18,48,4,0,8.33
MBX00340,2026-07-04,1,5,2,0,40.0
MBX00340,2026-07-05,4,12,0,0,0.0
MBX00340,2026-07-06,22,49,2,1,4.08
MBX00340,2026-07-07,17,58,4,1,6.9
MBX00340,2026-07-08,26,67,1,0,1.49
MBX00340,2026-07-09,18,58,7,1,12.07
MBX00340,2026-07-10,21,46,1,0,2.17
MBX00340,2026-07-11,4,9,0,0,0.0
MBX00340,2026-07-12,0,7,0,0,0.0
MBX00340,2026-07-13,16,60,0,0,0.0
MBX00340,2026-07-14,13,60,4,1,6.67
MBX00340,2026-07-15,21,54,5,0,9.26
MBX00340,2026-07-16,21,44,3,0,6.82
MBX00340,2026-07-17,20,62,3,0,4.84
MBX00340,2026-07-18,6,7,1,0,14.29
MBX00340,2026-07-19,2,9,0,1,0.0
MBX00340,2026-07-20,16,72,2,1,2.78
MBX00340,2026-07-21,19,57,2,0,3.51
MBX00340,2026-07-22,21,52,4,1,7.69
MBX00340,2026-07-23,20,59,6,1,10.17
MBX00340,2026-07-24,10,52,3,0,5.77
MBX00694,2026-04-26,1,22,1,1,4.55
MBX00694,2026-04-27,43,73,5,0,6.85
MBX00694,2026-04-28,34,87,7,0,8.05
MBX00694,2026-04-29,43,93,5,3,5.38
MBX00694,2026-04-30,37,79,4,1,5.06
MBX00694,2026-05-01,27,93,12,4,12.9
MBX00694,2026-05-02,3,10,1,0,10.0
MBX00694,2026-05-03,1,12,0,0,0.0
MBX00694,2026-05-04,27,97,4,0,4.12
MBX00694,2026-05-05,32,98,10,2,10.2
MBX00694,2026-05-06,30,86,6,0,6.98
MBX00694,2026-05-07,32,80,4,2,5.0
MBX00694,2026-05-08,40,92,11,2,11.96
MBX00694,2026-05-09,1,14,1,1,7.14
MBX00694,2026-05-10,7,16,0,1,0.0
MBX00694,2026-05-11,27,87,6,0,6.9
MBX00694,2026-05-12,29,100,6,0,6.0
MBX00694,2026-05-13,35,109,11,0,10.09
MBX00694,2026-05-14,35,99,10,1,10.1
MBX00694,2026-05-15,29,94,3,0,3.19
MBX00694,2026-05-16,2,12,0,0,0.0
MBX00694,2026-05-17,4,19,2,1,10.53
MBX00694,2026-05-18,30,97,6,3,6.19
MBX00694,2026-05-19,41,90,9,1,10.0
MBX00694,2026-05-20,51,96,8,3,8.33
MBX00694,2026-05-21,33,80,5,1,6.25
MBX00694,2026-05-22,33,104,4,1,3.85
MBX00694,2026-05-23,7,21,1,0,4.76
MBX00694,2026-05-24,10,20,2,1,10.0
MBX00694,2026-05-25,35,101,8,2,7.92
MBX00694,2026-05-26,36,103,13,1,12.62
MBX00694,2026-05-27,28,98,4,0,4.08
MBX00694,2026-05-28,33,91,9,3,9.89
MBX00694,2026-05-29,34,75,2,2,2.67
MBX00694,2026-05-30,6,14,2,2,14.29
MBX00694,2026-05-31,5,13,0,1,0.0
MBX00694,2026-06-01,32,95,7,0,7.37
MBX00694,2026-06-02,27,92,7,0,7.61
MBX00694,2026-06-03,30,81,4,1,4.94
MBX00694,2026-06-04,29,105,6,1,5.71
MBX00694,2026-06-05,31,89,3,3,3.37
MBX00694,2026-06-06,9,14,1,0,7.14
MBX00694,2026-06-07,7,14,0,0,0.0
MBX00694,2026-06-08,38,90,5,4,5.56
MBX00694,2026-06-09,27,83,3,2,3.61
MBX00694,2026-06-10,37,104,12,1,11.54
MBX00694,2026-06-11,29,88,7,2,7.95
MBX00694,2026-06-12,26,86,2,1,2.33
MBX00694,2026-06-13,4,11,2,1,18.18
MBX00694,2026-06-14,3,16,0,1,0.0
MBX00694,2026-06-15,32,104,6,1,5.77
MBX00694,2026-06-16,38,82,6,3,7.32
MBX00694,2026-06-17,29,86,6,0,6.98
MBX00694,2026-06-18,41,83,6,1,7.23
MBX00694,2026-06-19,35,74,2,1,2.7
MBX00694,2026-06-20,8,15,0,0,0.0
MBX00694,2026-06-21,7,23,3,0,13.04
MBX00694,2026-06-22,32,86,9,4,10.47
MBX00694,2026-06-23,34,91,6,2,6.59
MBX00694,2026-06-24,29,93,3,1,3.23
MBX00694,2026-06-25,38,89,6,3,6.74
MBX00694,2026-06-26,36,82,8,1,9.76
MBX00694,2026-06-27,7,13,2,0,15.38
MBX00694,2026-06-28,5,12,0,0,0.0
MBX00694,2026-06-29,35,102,4,1,3.92
MBX00694,2026-06-30,31,91,6,0,6.59
MBX00694,2026-07-01,34,94,6,0,6.38
MBX00694,2026-07-02,36,70,8,0,11.43
MBX00694,2026-07-03,40,94,2,1,2.13
MBX00694,2026-07-04,6,16,2,0,12.5
MBX00694,2026-07-05,7,17,1,0,5.88
MBX00694,2026-07-06,39,85,8,1,9.41
MBX00694,2026-07-07,37,87,5,1,5.75
MBX00694,2026-07-08,31,104,5,2,4.81
MBX00694,2026-07-09,32,81,3,2,3.7
MBX00694,2026-07-10,31,92,8,0,8.7
MBX00694,2026-07-11,4,15,0,0,0.0
MBX00694,2026-07-12,9,7,1,1,14.29
MBX00694,2026-07-13,51,84,5,1,5.95
MBX00694,2026-07-14,30,100,4,1,4.0
MBX00694,2026-07-15,26,78,1,1,1.28
MBX00694,2026-07-16,31,75,2,2,2.67
MBX00694,2026-07-17,34,81,4,2,4.94
MBX00694,2026-07-18,2,9,0,0,0.0
MBX00694,2026-07-19,8,11,0,0,0.0
MBX00694,2026-07-20,27,85,7,1,8.24
MBX00694,2026-07-21,41,86,6,1,6.98
MBX00694,2026-07-22,25,81,2,0,2.47
MBX00694,2026-07-23,34,83,6,0,7.23
MBX00694,2026-07-24,27,79,6,0,7.59
MBX00370,2026-04-26,1,9,1,1,11.11
MBX00370,2026-04-27,29,88,2,0,2.27
MBX00370,2026-04-28,24,69,8,0,11.59
MBX00370,2026-04-29,21,83,5,1,6.02
MBX00370,2026-04-30,23,75,5,0,6.67
MBX00370,2026-05-01,25,78,0,0,0.0
MBX00370,2026-05-02,5,16,0,0,0.0
MBX00370,2026-05-03,4,7,1,0,14.29
MBX00370,2026-05-04,26,75,5,0,6.67
MBX00370,2026-05-05,25,89,5,1,5.62
MBX00370,2026-05-06,24,81,6,2,7.41
MBX00370,2026-05-07,24,67,2,0,2.99
MBX00370,2026-05-08,17,82,3,2,3.66
MBX00370,2026-05-09,6,13,1,0,7.69
MBX00370,2026-05-10,0,15,0,0,0.0
MBX00370,2026-05-11,18,72,10,1,13.89
MBX00370,2026-05-12,15,91,6,0,6.59
MBX00370,2026-05-13,21,93,8,2,8.6
MBX00370,2026-05-14,23,77,2,1,2.6
MBX00370,2026-05-15,25,78,5,2,6.41
MBX00370,2026-05-16,3,9,0,0,0.0
MBX00370,2026-05-17,6,9,1,0,11.11
MBX00370,2026-05-18,19,84,5,3,5.95
MBX00370,2026-05-19,30,87,7,0,8.05
MBX00370,2026-05-20,25,78,7,3,8.97
MBX00370,2026-05-21,22,74,4,0,5.41
MBX00370,2026-05-22,21,68,3,0,4.41
MBX00370,2026-05-23,2,15,0,1,0.0
MBX00370,2026-05-24,3,9,0,0,0.0
MBX00370,2026-05-25,24,79,2,0,2.53
MBX00370,2026-05-26,23,82,7,0,8.54
MBX00370,2026-05-27,19,84,8,1,9.52
MBX00370,2026-05-28,24,87,4,1,4.6
MBX00370,2026-05-29,25,86,4,1,4.65
MBX00370,2026-05-30,1,8,0,0,0.0
MBX00370,2026-05-31,3,13,0,0,0.0
MBX00370,2026-06-01,29,70,4,2,5.71
MBX00370,2026-06-02,24,82,2,3,2.44
MBX00370,2026-06-03,24,72,3,2,4.17
MBX00370,2026-06-04,21,69,3,2,4.35
MBX00370,2026-06-05,13,80,11,1,13.75
MBX00370,2026-06-06,5,13,1,0,7.69
MBX00370,2026-06-07,1,17,4,0,23.53
MBX00370,2026-06-08,23,96,4,0,4.17
MBX00370,2026-06-09,13,77,5,1,6.49
MBX00370,2026-06-10,19,86,8,2,9.3
MBX00370,2026-06-11,31,83,4,2,4.82
MBX00370,2026-06-12,30,82,10,2,12.2
MBX00370,2026-06-13,5,18,1,0,5.56
MBX00370,2026-06-14,3,16,0,0,0.0
MBX00370,2026-06-15,28,75,7,1,9.33
MBX00370,2026-06-16,11,67,6,0,8.96
MBX00370,2026-06-17,26,74,2,0,2.7
MBX00370,2026-06-18,17,71,3,3,4.23
MBX00370,2026-06-19,24,94,7,2,7.45
MBX00370,2026-06-20,4,13,2,0,15.38
MBX00370,2026-06-21,4,14,1,0,7.14
MBX00370,2026-06-22,30,76,8,4,10.53
MBX00370,2026-06-23,22,79,3,1,3.8
MBX00370,2026-06-24,18,85,1,0,1.18
MBX00370,2026-06-25,21,94,3,1,3.19
MBX00370,2026-06-26,21,78,8,0,10.26
MBX00370,2026-06-27,5,14,0,1,0.0
MBX00370,2026-06-28,5,7,1,0,14.29
MBX00370,2026-06-29,26,76,1,1,1.32
MBX00370,2026-06-30,19,83,8,0,9.64
MBX00370,2026-07-01,25,92,5,0,5.43
MBX00370,2026-07-02,16,83,6,0,7.23
MBX00370,2026-07-03,29,96,2,2,2.08
MBX00370,2026-07-04,7,11,0,0,0.0
MBX00370,2026-07-05,1,10,1,0,10.0
MBX00370,2026-07-06,28,99,7,2,7.07
MBX00370,2026-07-07,20,93,4,2,4.3
MBX00370,2026-07-08,17,72,2,0,2.78
MBX00370,2026-07-09,24,81,5,0,6.17
MBX00370,2026-07-10,15,72,2,0,2.78
MBX00370,2026-07-11,5,14,2,0,14.29
MBX00370,2026-07-12,9,13,1,0,7.69
MBX00370,2026-07-13,19,81,8,0,9.88
MBX00370,2026-07-14,21,90,10,5,11.11
MBX00370,2026-07-15,25,81,6,1,7.41
MBX00370,2026-07-16,20,76,4,0,5.26
MBX00370,2026-07-17,15,78,5,1,6.41
MBX00370,2026-07-18,2,13,1,0,7.69
MBX00370,2026-07-19,3,13,0,0,0.0
MBX00370,2026-07-20,26,82,5,0,6.1
MBX00370,2026-07-21,24,81,5,1,6.17
MBX00370,2026-07-22,23,80,6,3,7.5
MBX00370,2026-07-23,27,93,4,3,4.3
MBX00370,2026-07-24,19,81,5,0,6.17
MBX00531,2026-04-26,2,2,0,0,0.0
MBX00531,2026-04-27,23,20,0,2,0.0
MBX00531,2026-04-28,26,19,0,0,0.0
MBX00531,2026-04-29,33,13,1,0,7.69
MBX00531,2026-04-30,33,16,1,1,6.25
MBX00531,2026-05-01,28,9,0,0,0.0
MBX00531,2026-05-02,8,3,0,0,0.0
MBX00531,2026-05-03,5,1,1,0,100.0
MBX00531,2026-05-04,37,13,2,0,15.38
MBX00531,2026-05-05,28,19,1,0,5.26
MBX00531,2026-05-06,28,18,2,1,11.11
MBX00531,2026-05-07,32,15,0,0,0.0
MBX00531,2026-05-08,21,15,0,1,0.0
MBX00531,2026-05-09,3,0,0,0,0.0
MBX00531,2026-05-10,5,3,0,0,0.0
MBX00531,2026-05-11,26,24,2,1,8.33
MBX00531,2026-05-12,24,11,1,0,9.09
MBX00531,2026-05-13,26,14,3,0,21.43
MBX00531,2026-05-14,26,9,2,0,22.22
MBX00531,2026-05-15,27,22,1,0,4.55
MBX00531,2026-05-16,8,1,0,0,0.0
MBX00531,2026-05-17,9,3,0,0,0.0
MBX00531,2026-05-18,21,11,0,1,0.0
MBX00531,2026-05-19,28,21,2,0,9.52
MBX00531,2026-05-20,30,13,0,2,0.0
MBX00531,2026-05-21,25,16,0,0,0.0
MBX00531,2026-05-22,27,9,0,0,0.0
MBX00531,2026-05-23,7,1,0,0,0.0
MBX00531,2026-05-24,7,1,0,0,0.0
MBX00531,2026-05-25,27,14,1,0,7.14
MBX00531,2026-05-26,28,11,0,0,0.0
MBX00531,2026-05-27,25,16,1,0,6.25
MBX00531,2026-05-28,39,16,2,3,12.5
MBX00531,2026-05-29,23,13,0,0,0.0
MBX00531,2026-05-30,4,1,0,0,0.0
MBX00531,2026-05-31,3,1,0,0,0.0
MBX00531,2026-06-01,27,23,0,0,0.0
MBX00531,2026-06-02,21,10,1,0,10.0
MBX00531,2026-06-03,22,13,1,0,7.69
MBX00531,2026-06-04,26,15,0,2,0.0
MBX00531,2026-06-05,28,18,1,1,5.56
MBX00531,2026-06-06,4,4,0,0,0.0
MBX00531,2026-06-07,5,6,0,0,0.0
MBX00531,2026-06-08,21,18,0,0,0.0
MBX00531,2026-06-09,33,21,0,1,0.0
MBX00531,2026-06-10,23,16,0,0,0.0
MBX00531,2026-06-11,26,11,0,0,0.0
MBX00531,2026-06-12,33,7,0,2,0.0
MBX00531,2026-06-13,6,1,0,0,0.0
MBX00531,2026-06-14,1,3,1,0,33.33
MBX00531,2026-06-15,35,13,0,1,0.0
MBX00531,2026-06-16,25,12,1,0,8.33
MBX00531,2026-06-17,20,13,1,0,7.69
MBX00531,2026-06-18,30,17,1,2,5.88
MBX00531,2026-06-19,23,13,0,0,0.0
MBX00531,2026-06-20,3,0,0,0,0.0
MBX00531,2026-06-21,2,5,1,1,20.0
MBX00531,2026-06-22,18,15,1,0,6.67
MBX00531,2026-06-23,22,11,0,0,0.0
MBX00531,2026-06-24,28,24,3,0,12.5
MBX00531,2026-06-25,30,16,2,2,12.5
MBX00531,2026-06-26,40,20,0,0,0.0
MBX00531,2026-06-27,6,3,0,0,0.0
MBX00531,2026-06-28,3,5,0,0,0.0
MBX00531,2026-06-29,33,12,1,0,8.33
MBX00531,2026-06-30,28,17,2,0,11.76
MBX00531,2026-07-01,37,10,0,0,0.0
MBX00531,2026-07-02,15,19,0,1,0.0
MBX00531,2026-07-03,32,13,0,0,0.0
MBX00531,2026-07-04,7,3,0,0,0.0
MBX00531,2026-07-05,4,5,0,0,0.0
MBX00531,2026-07-06,40,17,1,1,5.88
MBX00531,2026-07-07,16,16,1,1,6.25
MBX00531,2026-07-08,27,16,1,1,6.25
MBX00531,2026-07-09,24,22,3,2,13.64
MBX00531,2026-07-10,26,10,0,0,0.0
MBX00531,2026-07-11,7,2,1,0,50.0
MBX00531,2026-07-12,1,6,0,0,0.0
MBX00531,2026-07-13,24,11,0,0,0.0
MBX00531,2026-07-14,27,14,0,0,0.0
MBX00531,2026-07-15,24,20,1,0,5.0
MBX00531,2026-07-16,31,11,2,0,18.18
MBX00531,2026-07-17,32,17,0,0,0.0
MBX00531,2026-07-18,5,1,0,1,0.0
MBX00531,2026-07-19,4,4,1,0,25.0
MBX00531,2026-07-20,42,17,4,1,23.53
MBX00531,2026-07-21,20,19,2,0,10.53
MBX00531,2026-07-22,31,9,0,0,0.0
MBX00531,2026-07-23,23,25,0,0,0.0
MBX00531,2026-07-24,23,14,0,0,0.0
MBX00153,2026-04-26,2,3,0,0,0.0
MBX00153,2026-04-27,24,46,3,0,6.52
MBX00153,2026-04-28,20,33,1,1,3.03
MBX00153,2026-04-29,12,46,4,1,8.7
MBX00153,2026-04-30,17,40,7,1,17.5
MBX00153,2026-05-01,17,40,2,2,5.0
MBX00153,2026-05-02,2,3,0,0,0.0
MBX00153,2026-05-03,3,5,0,0,0.0
MBX00153,2026-05-04,18,39,4,0,10.26
MBX00153,2026-05-05,19,57,4,1,7.02
MBX00153,2026-05-06,17,31,4,1,12.9
MBX00153,2026-05-07,33,34,3,0,8.82
MBX00153,2026-05-08,32,38,2,1,5.26
MBX00153,2026-05-09,3,8,1,0,12.5
MBX00153,2026-05-10,3,7,0,0,0.0
MBX00153,2026-05-11,15,36,1,1,2.78
MBX00153,2026-05-12,19,37,2,0,5.41
MBX00153,2026-05-13,21,52,1,2,1.92
MBX00153,2026-05-14,17,36,2,0,5.56
MBX00153,2026-05-15,19,27,1,0,3.7
MBX00153,2026-05-16,3,5,0,1,0.0
MBX00153,2026-05-17,2,6,0,0,0.0
MBX00153,2026-05-18,20,38,1,0,2.63
MBX00153,2026-05-19,16,39,3,0,7.69
MBX00153,2026-05-20,32,38,7,0,18.42
MBX00153,2026-05-21,22,42,2,1,4.76
MBX00153,2026-05-22,23,36,1,0,2.78
MBX00153,2026-05-23,4,6,1,0,16.67
MBX00153,2026-05-24,6,1,0,0,0.0
MBX00153,2026-05-25,24,36,2,0,5.56
MBX00153,2026-05-26,15,37,1,2,2.7
MBX00153,2026-05-27,20,35,2,0,5.71
MBX00153,2026-05-28,25,35,1,1,2.86
MBX00153,2026-05-29,17,47,4,2,8.51
MBX00153,2026-05-30,7,4,0,0,0.0
MBX00153,2026-05-31,2,5,1,0,20.0
MBX00153,2026-06-01,23,35,1,0,2.86
MBX00153,2026-06-02,22,37,1,1,2.7
MBX00153,2026-06-03,22,34,2,0,5.88
MBX00153,2026-06-04,23,41,2,1,4.88
MBX00153,2026-06-05,21,31,2,0,6.45
MBX00153,2026-06-06,5,8,1,0,12.5
MBX00153,2026-06-07,3,3,0,0,0.0
MBX00153,2026-06-08,27,40,2,2,5.0
MBX00153,2026-06-09,16,44,5,0,11.36
MBX00153,2026-06-10,18,54,4,0,7.41
MBX00153,2026-06-11,17,35,3,1,8.57
MBX00153,2026-06-12,25,35,5,1,14.29
MBX00153,2026-06-13,3,3,0,1,0.0
MBX00153,2026-06-14,0,9,0,0,0.0
MBX00153,2026-06-15,18,41,3,0,7.32
MBX00153,2026-06-16,20,27,1,0,3.7
MBX00153,2026-06-17,19,35,3,0,8.57
MBX00153,2026-06-18,23,34,5,2,14.71
MBX00153,2026-06-19,24,33,3,0,9.09
MBX00153,2026-06-20,8,4,1,0,25.0
MBX00153,2026-06-21,4,4,0,0,0.0
MBX00153,2026-06-22,27,41,1,1,2.44
MBX00153,2026-06-23,23,48,2,0,4.17
MBX00153,2026-06-24,24,36,2,0,5.56
MBX00153,2026-06-25,17,33,1,0,3.03
MBX00153,2026-06-26,14,43,3,1,6.98
MBX00153,2026-06-27,5,8,1,0,12.5
MBX00153,2026-06-28,4,2,0,0,0.0
MBX00153,2026-06-29,26,41,1,0,2.44
MBX00153,2026-06-30,24,41,3,2,7.32
MBX00153,2026-07-01,28,27,2,0,7.41
MBX00153,2026-07-02,28,43,3,0,6.98
MBX00153,2026-07-03,11,34,0,1,0.0
MBX00153,2026-07-04,4,5,0,0,0.0
MBX00153,2026-07-05,1,4,0,0,0.0
MBX00153,2026-07-06,20,33,1,1,3.03
MBX00153,2026-07-07,19,40,2,1,5.0
MBX00153,2026-07-08,21,39,4,2,10.26
MBX00153,2026-07-09,24,44,0,0,0.0
MBX00153,2026-07-10,19,36,4,1,11.11
MBX00153,2026-07-11,5,11,2,0,18.18
MBX00153,2026-07-12,0,4,1,0,25.0
MBX00153,2026-07-13,24,38,0,1,0.0
MBX00153,2026-07-14,19,33,2,1,6.06
MBX00153,2026-07-15,28,41,0,2,0.0
MBX00153,2026-07-16,27,37,2,0,5.41
MBX00153,2026-07-17,13,31,6,0,19.35
MBX00153,2026-07-18,4,6,2,0,33.33
MBX00153,2026-07-19,2,2,0,0,0.0
MBX00153,2026-07-20,21,33,1,0,3.03
MBX00153,2026-07-21,24,40,3,1,7.5
MBX00153,2026-07-22,22,28,1,0,3.57
MBX00153,2026-07-23,23,34,2,0,5.88
MBX00153,2026-07-24,28,37,2,2,5.41
MBX00169,2026-04-26,0,3,0,0,0.0
MBX00169,2026-04-27,19,48,3,0,6.25
MBX00169,2026-04-28,13,40,3,1,7.5
MBX00169,2026-04-29,14,38,0,2,0.0
MBX00169,2026-04-30,15,51,5,0,9.8
MBX00169,2026-05-01,21,33,0,1,0.0
MBX00169,2026-05-02,2,7,0,0,0.0
MBX00169,2026-05-03,3,5,0,0,0.0
MBX00169,2026-05-04,9,39,2,0,5.13
MBX00169,2026-05-05,17,52,2,0,3.85
MBX00169,2026-05-06,19,49,5,0,10.2
MBX00169,2026-05-07,18,44,1,0,2.27
MBX00169,2026-05-08,13,56,2,1,3.57
MBX00169,2026-05-09,3,5,0,0,0.0
MBX00169,2026-05-10,5,7,1,0,14.29
MBX00169,2026-05-11,8,35,1,0,2.86
MBX00169,2026-05-12,19,55,2,0,3.64
MBX00169,2026-05-13,18,44,5,0,11.36
MBX00169,2026-05-14,17,40,0,1,0.0
MBX00169,2026-05-15,16,42,0,1,0.0
MBX00169,2026-05-16,1,3,1,1,33.33
MBX00169,2026-05-17,3,8,0,0,0.0
MBX00169,2026-05-18,16,45,1,1,2.22
MBX00169,2026-05-19,20,44,1,0,2.27
MBX00169,2026-05-20,14,45,6,2,13.33
MBX00169,2026-05-21,20,65,5,1,7.69
MBX00169,2026-05-22,12,54,3,3,5.56
MBX00169,2026-05-23,2,6,1,0,16.67
MBX00169,2026-05-24,4,7,0,0,0.0
MBX00169,2026-05-25,11,41,1,0,2.44
MBX00169,2026-05-26,22,36,2,0,5.56
MBX00169,2026-05-27,13,46,4,0,8.7
MBX00169,2026-05-28,16,53,7,1,13.21
MBX00169,2026-05-29,20,41,2,0,4.88
MBX00169,2026-05-30,2,12,0,0,0.0
MBX00169,2026-05-31,1,9,0,0,0.0
MBX00169,2026-06-01,15,41,1,2,2.44
MBX00169,2026-06-02,11,51,4,0,7.84
MBX00169,2026-06-03,18,46,4,1,8.7
MBX00169,2026-06-04,19,56,4,1,7.14
MBX00169,2026-06-05,12,52,2,1,3.85
MBX00169,2026-06-06,2,5,2,0,40.0
MBX00169,2026-06-07,1,5,0,0,0.0
MBX00169,2026-06-08,17,53,3,0,5.66
MBX00169,2026-06-09,14,31,4,1,12.9
MBX00169,2026-06-10,11,46,4,0,8.7
MBX00169,2026-06-11,17,39,0,0,0.0
MBX00169,2026-06-12,20,48,3,1,6.25
MBX00169,2026-06-13,6,8,0,0,0.0
MBX00169,2026-06-14,3,11,0,0,0.0
MBX00169,2026-06-15,15,46,7,0,15.22
MBX00169,2026-06-16,13,46,3,0,6.52
MBX00169,2026-06-17,14,46,4,1,8.7
MBX00169,2026-06-18,17,55,2,0,3.64
MBX00169,2026-06-19,19,37,0,1,0.0
MBX00169,2026-06-20,2,9,2,0,22.22
MBX00169,2026-06-21,4,8,1,0,12.5
MBX00169,2026-06-22,12,53,3,1,5.66
MBX00169,2026-06-23,18,41,4,0,9.76
MBX00169,2026-06-24,23,46,1,0,2.17
MBX00169,2026-06-25,15,49,4,2,8.16
MBX00169,2026-06-26,16,45,2,0,4.44
MBX00169,2026-06-27,0,10,0,1,0.0
MBX00169,2026-06-28,4,5,0,0,0.0
MBX00169,2026-06-29,16,45,0,0,0.0
MBX00169,2026-06-30,17,31,2,0,6.45
MBX00169,2026-07-01,16,48,2,1,4.17
MBX00169,2026-07-02,14,32,0,2,0.0
MBX00169,2026-07-03,14,44,0,0,0.0
MBX00169,2026-07-04,4,10,0,0,0.0
MBX00169,2026-07-05,1,11,0,0,0.0
MBX00169,2026-07-06,17,54,2,1,3.7
MBX00169,2026-07-07,12,37,2,1,5.41
MBX00169,2026-07-08,17,35,3,0,8.57
MBX00169,2026-07-09,15,55,4,0,7.27
MBX00169,2026-07-10,15,54,3,1,5.56
MBX00169,2026-07-11,5,11,0,0,0.0
MBX00169,2026-07-12,1,9,1,0,11.11
MBX00169,2026-07-13,15,48,2,1,4.17
MBX00169,2026-07-14,16,36,0,0,0.0
MBX00169,2026-07-15,16,48,3,3,6.25
MBX00169,2026-07-16,23,54,1,1,1.85
MBX00169,2026-07-17,20,36,2,0,5.56
MBX00169,2026-07-18,3,11,0,0,0.0
MBX00169,2026-07-19,4,3,0,0,0.0
MBX00169,2026-07-20,19,33,1,0,3.03
MBX00169,2026-07-21,15,60,3,0,5.0
MBX00169,2026-07-22,11,47,4,1,8.51
MBX00169,2026-07-23,19,46,2,0,4.35
MBX00169,2026-07-24,17,48,5,1,10.42
MBX00001,2026-04-26,0,2,0,0,0.0
MBX00001,2026-04-27,2,3,0,0,0.0
MBX00001,2026-04-28,4,2,0,0,0.0
MBX00001,2026-04-29,1,1,0,0,0.0
MBX00001,2026-04-30,1,7,2,0,28.57
MBX00001,2026-05-01,0,1,1,0,100.0
MBX00001,2026-05-02,0,1,0,0,0.0
MBX00001,2026-05-03,0,0,0,0,0.0
MBX00001,2026-05-04,0,6,0,0,0.0
MBX00001,2026-05-05,4,5,0,1,0.0
MBX00001,2026-05-06,1,4,0,0,0.0
MBX00001,2026-05-07,0,2,0,0,0.0
MBX00001,2026-05-08,2,3,0,0,0.0
MBX00001,2026-05-09,0,0,0,0,0.0
MBX00001,2026-05-10,0,1,1,0,100.0
MBX00001,2026-05-11,0,3,0,0,0.0
MBX00001,2026-05-12,0,5,0,0,0.0
MBX00001,2026-05-13,0,4,0,0,0.0
MBX00001,2026-05-14,2,2,0,0,0.0
MBX00001,2026-05-15,0,5,0,0,0.0
MBX00001,2026-05-16,0,0,0,0,0.0
MBX00001,2026-05-17,0,1,0,0,0.0
MBX00001,2026-05-18,1,4,0,0,0.0
MBX00001,2026-05-19,2,3,0,0,0.0
MBX00001,2026-05-20,0,2,0,0,0.0
MBX00001,2026-05-21,0,5,0,0,0.0
MBX00001,2026-05-22,0,4,2,0,50.0
MBX00001,2026-05-23,0,0,0,0,0.0
MBX00001,2026-05-24,0,0,0,0,0.0
MBX00001,2026-05-25,1,2,0,0,0.0
MBX00001,2026-05-26,1,3,0,0,0.0
MBX00001,2026-05-27,2,4,0,0,0.0
MBX00001,2026-05-28,0,4,0,0,0.0
MBX00001,2026-05-29,1,3,0,0,0.0
MBX00001,2026-05-30,0,1,1,0,100.0
MBX00001,2026-05-31,0,0,0,0,0.0
MBX00001,2026-06-01,1,2,0,0,0.0
MBX00001,2026-06-02,1,2,0,0,0.0
MBX00001,2026-06-03,3,2,0,0,0.0
MBX00001,2026-06-04,1,0,0,0,0.0
MBX00001,2026-06-05,4,4,0,1,0.0
MBX00001,2026-06-06,0,0,0,0,0.0
MBX00001,2026-06-07,0,0,0,0,0.0
MBX00001,2026-06-08,2,7,0,0,0.0
MBX00001,2026-06-09,0,9,0,0,0.0
MBX00001,2026-06-10,1,5,0,0,0.0
MBX00001,2026-06-11,1,4,0,0,0.0
MBX00001,2026-06-12,2,2,0,0,0.0
MBX00001,2026-06-13,1,0,0,0,0.0
MBX00001,2026-06-14,1,2,0,0,0.0
MBX00001,2026-06-15,1,4,0,0,0.0
MBX00001,2026-06-16,1,3,0,0,0.0
MBX00001,2026-06-17,1,2,0,0,0.0
MBX00001,2026-06-18,0,6,0,0,0.0
MBX00001,2026-06-19,4,7,0,0,0.0
MBX00001,2026-06-20,0,1,0,0,0.0
MBX00001,2026-06-21,0,0,0,0,0.0
MBX00001,2026-06-22,3,4,0,0,0.0
MBX00001,2026-06-23,0,4,0,0,0.0
MBX00001,2026-06-24,1,3,0,0,0.0
MBX00001,2026-06-25,3,2,0,0,0.0
MBX00001,2026-06-26,2,4,0,0,0.0
MBX00001,2026-06-27,0,0,0,0,0.0
MBX00001,2026-06-28,0,0,0,0,0.0
MBX00001,2026-06-29,3,6,1,0,16.67
MBX00001,2026-06-30,2,3,0,0,0.0
MBX00001,2026-07-01,2,2,0,0,0.0
MBX00001,2026-07-02,0,1,0,0,0.0
MBX00001,2026-07-03,0,7,1,0,14.29
MBX00001,2026-07-04,0,0,0,0,0.0
MBX00001,2026-07-05,0,1,0,0,0.0
MBX00001,2026-07-06,1,2,0,0,0.0
MBX00001,2026-07-07,0,2,0,0,0.0
MBX00001,2026-07-08,1,2,0,0,0.0
MBX00001,2026-07-09,2,6,2,0,33.33
MBX00001,2026-07-10,2,8,0,0,0.0
MBX00001,2026-07-11,0,0,0,0,0.0
MBX00001,2026-07-12,0,2,0,0,0.0
MBX00001,2026-07-13,1,5,1,0,20.0
MBX00001,2026-07-14,1,6,1,0,16.67
MBX00001,2026-07-15,1,1,0,0,0.0
MBX00001,2026-07-16,0,5,0,0,0.0
MBX00001,2026-07-17,2,3,0,0,0.0
MBX00001,2026-07-18,0,1,0,0,0.0
MBX00001,2026-07-19,0,0,0,0,0.0
MBX00001,2026-07-20,2,6,1,0,16.67
MBX00001,2026-07-21,2,5,1,0,20.0
MBX00001,2026-07-22,1,3,2,0,66.67
MBX00001,2026-07-23,3,3,1,0,33.33
MBX00001,2026-07-24,2,6,0,0,0.0
MBX00135,2026-04-26,0,6,2,0,33.33
MBX00135,2026-04-27,8,61,0,0,0.0
MBX00135,2026-04-28,4,41,1,0,2.44
MBX00135,2026-04-29,4,40,2,0,5.0
MBX00135,2026-04-30,7,53,3,0,5.66
MBX00135,2026-05-01,9,50,3,1,6.0
MBX00135,2026-05-02,1,6,1,0,16.67
MBX00135,2026-05-03,2,10,1,0,10.0
MBX00135,2026-05-04,6,51,4,0,7.84
MBX00135,2026-05-05,9,52,3,1,5.77
MBX00135,2026-05-06,8,50,3,2,6.0
MBX00135,2026-05-07,5,51,1,0,1.96
MBX00135,2026-05-08,5,49,3,0,6.12
MBX00135,2026-05-09,2,8,1,1,12.5
MBX00135,2026-05-10,0,12,1,1,8.33
MBX00135,2026-05-11,9,44,5,0,11.36
MBX00135,2026-05-12,8,57,3,3,5.26
MBX00135,2026-05-13,10,63,5,2,7.94
MBX00135,2026-05-14,5,55,2,0,3.64
MBX00135,2026-05-15,3,48,4,0,8.33
MBX00135,2026-05-16,1,8,0,0,0.0
MBX00135,2026-05-17,1,6,1,0,16.67
MBX00135,2026-05-18,6,61,3,0,4.92
MBX00135,2026-05-19,6,54,1,0,1.85
MBX00135,2026-05-20,4,41,1,0,2.44
MBX00135,2026-05-21,6,56,2,0,3.57
MBX00135,2026-05-22,7,46,3,1,6.52
MBX00135,2026-05-23,3,8,0,0,0.0
MBX00135,2026-05-24,1,4,0,0,0.0
MBX00135,2026-05-25,4,56,1,0,1.79
MBX00135,2026-05-26,5,68,5,2,7.35
MBX00135,2026-05-27,9,48,4,1,8.33
MBX00135,2026-05-28,8,52,5,0,9.62
MBX00135,2026-05-29,5,50,3,2,6.0
MBX00135,2026-05-30,1,12,2,0,16.67
MBX00135,2026-05-31,3,7,0,0,0.0
MBX00135,2026-06-01,3,61,2,2,3.28
MBX00135,2026-06-02,7,39,2,1,5.13
MBX00135,2026-06-03,5,48,2,1,4.17
MBX00135,2026-06-04,10,50,1,2,2.0
MBX00135,2026-06-05,3,52,7,0,13.46
MBX00135,2026-06-06,0,6,0,0,0.0
MBX00135,2026-06-07,1,9,1,0,11.11
MBX00135,2026-06-08,3,63,3,0,4.76
MBX00135,2026-06-09,4,66,2,1,3.03
MBX00135,2026-06-10,7,49,3,1,6.12
MBX00135,2026-06-11,5,42,2,0,4.76
MBX00135,2026-06-12,9,65,1,1,1.54
MBX00135,2026-06-13,2,6,1,0,16.67
MBX00135,2026-06-14,0,5,0,0,0.0
MBX00135,2026-06-15,6,53,3,1,5.66
MBX00135,2026-06-16,4,54,5,0,9.26
MBX00135,2026-06-17,8,61,5,0,8.2
MBX00135,2026-06-18,3,55,3,0,5.45
MBX00135,2026-06-19,8,48,1,2,2.08
MBX00135,2026-06-20,0,5,0,0,0.0
MBX00135,2026-06-21,2,8,0,0,0.0
MBX00135,2026-06-22,5,48,3,1,6.25
MBX00135,2026-06-23,9,57,5,0,8.77
MBX00135,2026-06-24,10,50,1,1,2.0
MBX00135,2026-06-25,5,46,5,2,10.87
MBX00135,2026-06-26,6,53,2,0,3.77
MBX00135,2026-06-27,1,6,0,0,0.0
MBX00135,2026-06-28,1,11,0,0,0.0
MBX00135,2026-06-29,4,68,5,0,7.35
MBX00135,2026-06-30,9,56,0,0,0.0
MBX00135,2026-07-01,9,47,2,0,4.26
MBX00135,2026-07-02,15,59,3,1,5.08
MBX00135,2026-07-03,9,64,4,0,6.25
MBX00135,2026-07-04,1,14,1,0,7.14
MBX00135,2026-07-05,1,8,0,0,0.0
MBX00135,2026-07-06,4,50,1,0,2.0
MBX00135,2026-07-07,7,54,2,0,3.7
MBX00135,2026-07-08,3,61,4,2,6.56
MBX00135,2026-07-09,8,51,5,0,9.8
MBX00135,2026-07-10,10,54,3,0,5.56
MBX00135,2026-07-11,0,8,0,0,0.0
MBX00135,2026-07-12,0,11,0,0,0.0
MBX00135,2026-07-13,5,45,1,0,2.22
MBX00135,2026-07-14,4,66,4,0,6.06
MBX00135,2026-07-15,6,56,5,0,8.93
MBX00135,2026-07-16,6,44,1,1,2.27
MBX00135,2026-07-17,5,49,4,0,8.16
MBX00135,2026-07-18,2,6,0,0,0.0
MBX00135,2026-07-19,2,7,0,0,0.0
MBX00135,2026-07-20,10,56,0,0,0.0
MBX00135,2026-07-21,8,45,5,0,11.11
MBX00135,2026-07-22,5,48,3,0,6.25
MBX00135,2026-07-23,7,59,3,1,5.08
MBX00135,2026-07-24,7,48,4,0,8.33
MBX00020,2026-04-26,3,12,1,1,8.33
MBX00020,2026-04-27,35,91,3,1,3.3
MBX00020,2026-04-28,32,94,10,0,10.64
MBX00020,2026-04-29,33,78,6,0,7.69
MBX00020,2026-04-30,34,88,5,1,5.68
MBX00020,2026-05-01,24,78,2,1,2.56
MBX00020,2026-05-02,1,12,0,1,0.0
MBX00020,2026-05-03,6,14,1,0,7.14
MBX00020,2026-05-04,28,89,1,0,1.12
MBX00020,2026-05-05,35,87,4,0,4.6
MBX00020,2026-05-06,45,97,4,2,4.12
MBX00020,2026-05-07,35,74,4,1,5.41
MBX00020,2026-05-08,39,79,8,5,10.13
MBX00020,2026-05-09,3,13,2,0,15.38
MBX00020,2026-05-10,1,11,1,0,9.09
MBX00020,2026-05-11,21,85,6,1,7.06
MBX00020,2026-05-12,28,76,7,1,9.21
MBX00020,2026-05-13,33,85,3,3,3.53
MBX00020,2026-05-14,34,73,4,0,5.48
MBX00020,2026-05-15,34,93,4,3,4.3
MBX00020,2026-05-16,5,12,2,0,16.67
MBX00020,2026-05-17,6,17,3,1,17.65
MBX00020,2026-05-18,26,88,8,2,9.09
MBX00020,2026-05-19,37,78,3,3,3.85
MBX00020,2026-05-20,38,99,2,1,2.02
MBX00020,2026-05-21,34,87,8,0,9.2
MBX00020,2026-05-22,36,75,4,0,5.33
MBX00020,2026-05-23,4,10,1,0,10.0
MBX00020,2026-05-24,4,14,1,0,7.14
MBX00020,2026-05-25,25,73,1,1,1.37
MBX00020,2026-05-26,29,95,5,0,5.26
MBX00020,2026-05-27,31,91,5,2,5.49
MBX00020,2026-05-28,41,82,8,0,9.76
MBX00020,2026-05-29,25,79,3,1,3.8
MBX00020,2026-05-30,7,13,2,0,15.38
MBX00020,2026-05-31,3,9,2,0,22.22
MBX00020,2026-06-01,27,70,5,1,7.14
MBX00020,2026-06-02,27,93,3,1,3.23
MBX00020,2026-06-03,35,84,7,2,8.33
MBX00020,2026-06-04,27,62,4,1,6.45
MBX00020,2026-06-05,29,78,5,0,6.41
MBX00020,2026-06-06,4,9,1,0,11.11
MBX00020,2026-06-07,3,15,1,0,6.67
MBX00020,2026-06-08,17,82,6,1,7.32
MBX00020,2026-06-09,24,84,6,2,7.14
MBX00020,2026-06-10,33,83,5,0,6.02
MBX00020,2026-06-11,31,87,3,1,3.45
MBX00020,2026-06-12,26,77,0,3,0.0
MBX00020,2026-06-13,3,15,1,0,6.67
MBX00020,2026-06-14,5,17,0,0,0.0
MBX00020,2026-06-15,25,83,4,1,4.82
MBX00020,2026-06-16,25,77,4,1,5.19
MBX00020,2026-06-17,32,80,8,1,10.0
MBX00020,2026-06-18,35,105,9,4,8.57
MBX00020,2026-06-19,33,112,6,1,5.36
MBX00020,2026-06-20,3,13,0,0,0.0
MBX00020,2026-06-21,3,9,1,0,11.11
MBX00020,2026-06-22,37,102,8,1,7.84
MBX00020,2026-06-23,26,82,3,2,3.66
MBX00020,2026-06-24,22,77,6,0,7.79
MBX00020,2026-06-25,31,97,9,0,9.28
MBX00020,2026-06-26,31,97,7,1,7.22
MBX00020,2026-06-27,3,15,0,1,0.0
MBX00020,2026-06-28,4,8,0,0,0.0
MBX00020,2026-06-29,28,87,10,0,11.49
MBX00020,2026-06-30,36,90,10,2,11.11
MBX00020,2026-07-01,23,71,4,0,5.63
MBX00020,2026-07-02,30,88,8,0,9.09
MBX00020,2026-07-03,36,97,1,0,1.03
MBX00020,2026-07-04,4,17,2,0,11.76
MBX00020,2026-07-05,4,8,1,0,12.5
MBX00020,2026-07-06,33,93,3,1,3.23
MBX00020,2026-07-07,39,93,7,1,7.53
MBX00020,2026-07-08,32,88,3,0,3.41
MBX00020,2026-07-09,31,91,0,1,0.0
MBX00020,2026-07-10,25,89,6,2,6.74
MBX00020,2026-07-11,9,12,1,0,8.33
MBX00020,2026-07-12,5,10,2,0,20.0
MBX00020,2026-07-13,27,73,4,1,5.48
MBX00020,2026-07-14,22,76,5,3,6.58
MBX00020,2026-07-15,26,92,7,1,7.61
MBX00020,2026-07-16,22,80,3,0,3.75
MBX00020,2026-07-17,29,77,4,1,5.19
MBX00020,2026-07-18,3,15,1,0,6.67
MBX00020,2026-07-19,6,7,0,0,0.0
MBX00020,2026-07-20,42,108,9,0,8.33
MBX00020,2026-07-21,32,79,2,1,2.53
MBX00020,2026-07-22,27,76,6,3,7.89
MBX00020,2026-07-23,28,83,0,1,0.0
MBX00020,2026-07-24,35,88,3,2,3.41
MBX00480,2026-04-26,0,10,0,0,0.0
MBX00480,2026-04-27,12,50,2,1,4.0
MBX00480,2026-04-28,16,61,2,0,3.28
MBX00480,2026-04-29,17,75,6,1,8.0
MBX00480,2026-04-30,13,67,4,0,5.97
MBX00480,2026-05-01,17,57,2,0,3.51
MBX00480,2026-05-02,4,15,1,0,6.67
MBX00480,2026-05-03,3,4,0,0,0.0
MBX00480,2026-05-04,15,67,7,2,10.45
MBX00480,2026-05-05,14,52,2,0,3.85
MBX00480,2026-05-06,11,76,3,1,3.95
MBX00480,2026-05-07,15,54,5,0,9.26
MBX00480,2026-05-08,10,65,3,0,4.62
MBX00480,2026-05-09,2,8,1,0,12.5
MBX00480,2026-05-10,3,10,0,0,0.0
MBX00480,2026-05-11,13,72,3,0,4.17
MBX00480,2026-05-12,11,61,3,0,4.92
MBX00480,2026-05-13,13,60,4,0,6.67
MBX00480,2026-05-14,11,62,2,0,3.23
MBX00480,2026-05-15,13,73,5,0,6.85
MBX00480,2026-05-16,3,12,1,1,8.33
MBX00480,2026-05-17,3,9,1,0,11.11
MBX00480,2026-05-18,13,70,3,0,4.29
MBX00480,2026-05-19,12,65,7,2,10.77
MBX00480,2026-05-20,21,62,2,1,3.23
MBX00480,2026-05-21,13,71,3,1,4.23
MBX00480,2026-05-22,10,53,1,0,1.89
MBX00480,2026-05-23,5,12,0,0,0.0
MBX00480,2026-05-24,1,5,0,0,0.0
MBX00480,2026-05-25,11,66,3,0,4.55
MBX00480,2026-05-26,11,59,1,0,1.69
MBX00480,2026-05-27,14,73,3,0,4.11
MBX00480,2026-05-28,20,64,6,0,9.38
MBX00480,2026-05-29,14,60,3,2,5.0
MBX00480,2026-05-30,3,11,0,0,0.0
MBX00480,2026-05-31,2,3,0,0,0.0
MBX00480,2026-06-01,20,52,3,0,5.77
MBX00480,2026-06-02,15,74,3,2,4.05
MBX00480,2026-06-03,11,65,3,1,4.62
MBX00480,2026-06-04,16,65,4,2,6.15
MBX00480,2026-06-05,15,53,5,0,9.43
MBX00480,2026-06-06,4,12,3,0,25.0
MBX00480,2026-06-07,2,10,0,0,0.0
MBX00480,2026-06-08,18,55,4,0,7.27
MBX00480,2026-06-09,18,70,5,2,7.14
MBX00480,2026-06-10,13,74,6,0,8.11
MBX00480,2026-06-11,15,72,3,0,4.17
MBX00480,2026-06-12,18,61,2,2,3.28
MBX00480,2026-06-13,4,10,0,0,0.0
MBX00480,2026-06-14,2,9,0,1,0.0
MBX00480,2026-06-15,17,62,2,2,3.23
MBX00480,2026-06-16,18,77,4,0,5.19
MBX00480,2026-06-17,14,63,7,2,11.11
MBX00480,2026-06-18,14,59,2,0,3.39
MBX00480,2026-06-19,20,58,3,1,5.17
MBX00480,2026-06-20,4,9,1,0,11.11
MBX00480,2026-06-21,1,7,1,0,14.29
MBX00480,2026-06-22,13,68,3,0,4.41
MBX00480,2026-06-23,15,70,2,1,2.86
MBX00480,2026-06-24,13,55,5,2,9.09
MBX00480,2026-06-25,9,63,2,0,3.17
MBX00480,2026-06-26,20,54,1,0,1.85
MBX00480,2026-06-27,0,7,0,0,0.0
MBX00480,2026-06-28,3,10,1,0,10.0
MBX00480,2026-06-29,18,70,4,2,5.71
MBX00480,2026-06-30,16,63,6,1,9.52
MBX00480,2026-07-01,15,70,4,1,5.71
MBX00480,2026-07-02,16,65,4,1,6.15
MBX00480,2026-07-03,17,71,2,0,2.82
MBX00480,2026-07-04,2,10,0,0,0.0
MBX00480,2026-07-05,0,16,1,0,6.25
MBX00480,2026-07-06,17,60,3,0,5.0
MBX00480,2026-07-07,8,56,3,0,5.36
MBX00480,2026-07-08,15,70,8,0,11.43
MBX00480,2026-07-09,10,70,2,0,2.86
MBX00480,2026-07-10,18,68,1,0,1.47
MBX00480,2026-07-11,2,9,0,0,0.0
MBX00480,2026-07-12,3,10,0,1,0.0
MBX00480,2026-07-13,13,72,2,0,2.78
MBX00480,2026-07-14,16,76,5,0,6.58
MBX00480,2026-07-15,18,68,2,0,2.94
MBX00480,2026-07-16,18,76,3,2,3.95
MBX00480,2026-07-17,10,64,2,0,3.12
MBX00480,2026-07-18,3,7,0,0,0.0
MBX00480,2026-07-19,2,10,0,0,0.0
MBX00480,2026-07-20,22,57,4,1,7.02
MBX00480,2026-07-21,17,77,5,0,6.49
MBX00480,2026-07-22,18,77,4,0,5.19
MBX00480,2026-07-23,12,70,2,0,2.86
MBX00480,2026-07-24,15,76,3,1,3.95
MBX00604,2026-04-26,2,2,1,0,50.0
MBX00604,2026-04-27,16,54,2,0,3.7
MBX00604,2026-04-28,12,56,3,0,5.36
MBX00604,2026-04-29,19,54,4,1,7.41
MBX00604,2026-04-30,13,28,4,0,14.29
MBX00604,2026-05-01,19,50,2,0,4.0
MBX00604,2026-05-02,3,7,0,0,0.0
MBX00604,2026-05-03,2,6,0,0,0.0
MBX00604,2026-05-04,13,50,3,1,6.0
MBX00604,2026-05-05,12,48,2,0,4.17
MBX00604,2026-05-06,13,46,5,1,10.87
MBX00604,2026-05-07,14,54,2,0,3.7
MBX00604,2026-05-08,13,50,3,0,6.0
MBX00604,2026-05-09,0,4,0,0,0.0
MBX00604,2026-05-10,1,10,0,0,0.0
MBX00604,2026-05-11,16,45,6,0,13.33
MBX00604,2026-05-12,19,46,0,0,0.0
MBX00604,2026-05-13,11,49,3,1,6.12
MBX00604,2026-05-14,23,47,3,1,6.38
MBX00604,2026-05-15,11,45,2,0,4.44
MBX00604,2026-05-16,2,9,1,0,11.11
MBX00604,2026-05-17,1,9,0,0,0.0
MBX00604,2026-05-18,13,53,7,0,13.21
MBX00604,2026-05-19,12,54,1,1,1.85
MBX00604,2026-05-20,13,39,1,2,2.56
MBX00604,2026-05-21,12,47,2,0,4.26
MBX00604,2026-05-22,9,51,2,0,3.92
MBX00604,2026-05-23,0,6,0,0,0.0
MBX00604,2026-05-24,2,14,1,0,7.14
MBX00604,2026-05-25,10,51,1,0,1.96
MBX00604,2026-05-26,11,46,5,1,10.87
MBX00604,2026-05-27,20,45,1,1,2.22
MBX00604,2026-05-28,13,44,2,0,4.55
MBX00604,2026-05-29,14,42,3,0,7.14
MBX00604,2026-05-30,2,3,1,0,33.33
MBX00604,2026-05-31,0,9,0,0,0.0
MBX00604,2026-06-01,14,37,2,0,5.41
MBX00604,2026-06-02,13,44,4,0,9.09
MBX00604,2026-06-03,11,48,2,1,4.17
MBX00604,2026-06-04,15,53,3,0,5.66
MBX00604,2026-06-05,14,40,3,1,7.5
MBX00604,2026-06-06,3,3,0,1,0.0
MBX00604,2026-06-07,3,6,1,0,16.67
MBX00604,2026-06-08,12,46,3,0,6.52
MBX00604,2026-06-09,15,50,2,1,4.0
MBX00604,2026-06-10,9,47,4,0,8.51
MBX00604,2026-06-11,10,62,6,1,9.68
MBX00604,2026-06-12,12,48,1,0,2.08
MBX00604,2026-06-13,1,4,0,0,0.0
MBX00604,2026-06-14,1,7,0,0,0.0
MBX00604,2026-06-15,8,55,2,2,3.64
MBX00604,2026-06-16,11,54,2,1,3.7
MBX00604,2026-06-17,15,43,1,0,2.33
MBX00604,2026-06-18,21,52,4,3,7.69
MBX00604,2026-06-19,13,50,3,1,6.0
MBX00604,2026-06-20,3,7,0,0,0.0
MBX00604,2026-06-21,3,4,0,1,0.0
MBX00604,2026-06-22,19,57,2,1,3.51
MBX00604,2026-06-23,16,51,5,2,9.8
MBX00604,2026-06-24,10,37,5,1,13.51
MBX00604,2026-06-25,9,35,0,0,0.0
MBX00604,2026-06-26,10,66,2,0,3.03
MBX00604,2026-06-27,2,7,1,1,14.29
MBX00604,2026-06-28,2,6,1,0,16.67
MBX00604,2026-06-29,16,51,3,0,5.88
MBX00604,2026-06-30,7,51,4,1,7.84
MBX00604,2026-07-01,15,42,4,1,9.52
MBX00604,2026-07-02,22,43,4,0,9.3
MBX00604,2026-07-03,14,50,4,0,8.0
MBX00604,2026-07-04,1,7,0,0,0.0
MBX00604,2026-07-05,7,7,1,0,14.29
MBX00604,2026-07-06,11,43,1,0,2.33
MBX00604,2026-07-07,13,41,1,1,2.44
MBX00604,2026-07-08,11,33,1,0,3.03
MBX00604,2026-07-09,9,58,5,0,8.62
MBX00604,2026-07-10,18,41,7,0,17.07
MBX00604,2026-07-11,1,9,0,0,0.0
MBX00604,2026-07-12,0,4,0,0,0.0
MBX00604,2026-07-13,13,51,2,2,3.92
MBX00604,2026-07-14,13,54,4,0,7.41
MBX00604,2026-07-15,11,45,4,3,8.89
MBX00604,2026-07-16,8,54,3,3,5.56
MBX00604,2026-07-17,14,48,2,4,4.17
MBX00604,2026-07-18,1,5,1,0,20.0
MBX00604,2026-07-19,2,5,0,0,0.0
MBX00604,2026-07-20,17,42,0,1,0.0
MBX00604,2026-07-21,19,49,0,3,0.0
MBX00604,2026-07-22,10,46,4,0,8.7
MBX00604,2026-07-23,17,46,1,0,2.17
MBX00604,2026-07-24,7,37,4,0,10.81
MBX00591,2026-04-26,3,2,0,0,0.0
MBX00591,2026-04-27,35,18,0,1,0.0
MBX00591,2026-04-28,30,13,0,0,0.0
MBX00591,2026-04-29,37,16,1,1,6.25
MBX00591,2026-04-30,42,19,1,0,5.26
MBX00591,2026-05-01,40,14,2,0,14.29
MBX00591,2026-05-02,2,1,0,0,0.0
MBX00591,2026-05-03,9,3,0,0,0.0
MBX00591,2026-05-04,33,14,1,1,7.14
MBX00591,2026-05-05,38,16,2,0,12.5
MBX00591,2026-05-06,38,17,0,0,0.0
MBX00591,2026-05-07,51,16,0,0,0.0
MBX00591,2026-05-08,35,16,2,0,12.5
MBX00591,2026-05-09,2,1,0,0,0.0
MBX00591,2026-05-10,8,4,0,0,0.0
MBX00591,2026-05-11,43,11,0,0,0.0
MBX00591,2026-05-12,30,16,0,0,0.0
MBX00591,2026-05-13,33,20,0,0,0.0
MBX00591,2026-05-14,42,16,4,1,25.0
MBX00591,2026-05-15,39,18,1,1,5.56
MBX00591,2026-05-16,6,2,0,0,0.0
MBX00591,2026-05-17,3,5,1,0,20.0
MBX00591,2026-05-18,31,23,2,0,8.7
MBX00591,2026-05-19,41,9,0,1,0.0
MBX00591,2026-05-20,26,19,1,0,5.26
MBX00591,2026-05-21,32,25,2,1,8.0
MBX00591,2026-05-22,36,15,0,1,0.0
MBX00591,2026-05-23,5,1,0,0,0.0
MBX00591,2026-05-24,5,3,0,0,0.0
MBX00591,2026-05-25,33,14,1,0,7.14
MBX00591,2026-05-26,43,12,0,0,0.0
MBX00591,2026-05-27,42,7,0,0,0.0
MBX00591,2026-05-28,47,8,0,1,0.0
MBX00591,2026-05-29,34,8,0,0,0.0
MBX00591,2026-05-30,7,3,0,1,0.0
MBX00591,2026-05-31,6,1,0,0,0.0
MBX00591,2026-06-01,41,13,0,0,0.0
MBX00591,2026-06-02,55,16,1,0,6.25
MBX00591,2026-06-03,42,23,0,1,0.0
MBX00591,2026-06-04,34,17,1,0,5.88
MBX00591,2026-06-05,34,14,1,0,7.14
MBX00591,2026-06-06,8,3,0,0,0.0
MBX00591,2026-06-07,4,0,0,0,0.0
MBX00591,2026-06-08,38,15,0,0,0.0
MBX00591,2026-06-09,31,17,1,3,5.88
MBX00591,2026-06-10,51,23,0,1,0.0
MBX00591,2026-06-11,42,16,0,1,0.0
MBX00591,2026-06-12,32,12,0,0,0.0
MBX00591,2026-06-13,5,1,0,0,0.0
MBX00591,2026-06-14,8,1,0,0,0.0
MBX00591,2026-06-15,34,15,1,2,6.67
MBX00591,2026-06-16,30,11,1,0,9.09
MBX00591,2026-06-17,40,18,3,0,16.67
MBX00591,2026-06-18,38,19,2,1,10.53
MBX00591,2026-06-19,40,21,1,3,4.76
MBX00591,2026-06-20,5,2,0,0,0.0
MBX00591,2026-06-21,7,1,0,0,0.0
MBX00591,2026-06-22,38,18,2,0,11.11
MBX00591,2026-06-23,43,23,0,2,0.0
MBX00591,2026-06-24,37,18,0,1,0.0
MBX00591,2026-06-25,31,28,2,0,7.14
MBX00591,2026-06-26,30,17,1,0,5.88
MBX00591,2026-06-27,5,4,0,0,0.0
MBX00591,2026-06-28,4,2,0,0,0.0
MBX00591,2026-06-29,28,21,2,0,9.52
MBX00591,2026-06-30,41,15,0,1,0.0
MBX00591,2026-07-01,40,14,0,0,0.0
MBX00591,2026-07-02,39,24,1,2,4.17
MBX00591,2026-07-03,39,17,1,0,5.88
MBX00591,2026-07-04,5,2,1,0,50.0
MBX00591,2026-07-05,6,1,0,0,0.0
MBX00591,2026-07-06,40,17,1,3,5.88
MBX00591,2026-07-07,34,21,2,0,9.52
MBX00591,2026-07-08,34,21,2,0,9.52
MBX00591,2026-07-09,39,13,2,0,15.38
MBX00591,2026-07-10,33,24,2,0,8.33
MBX00591,2026-07-11,9,2,0,0,0.0
MBX00591,2026-07-12,5,2,0,0,0.0
MBX00591,2026-07-13,32,16,0,0,0.0
MBX00591,2026-07-14,40,14,0,0,0.0
MBX00591,2026-07-15,30,14,0,0,0.0
MBX00591,2026-07-16,37,16,0,0,0.0
MBX00591,2026-07-17,39,17,0,0,0.0
MBX00591,2026-07-18,4,1,0,0,0.0
MBX00591,2026-07-19,8,2,0,0,0.0
MBX00591,2026-07-20,26,20,0,1,0.0
MBX00591,2026-07-21,34,14,0,0,0.0
MBX00591,2026-07-22,46,15,0,0,0.0
MBX00591,2026-07-23,40,20,0,0,0.0
MBX00591,2026-07-24,37,20,0,2,0.0
MBX00094,2026-04-26,0,0,0,0,0.0
MBX00094,2026-04-27,0,0,0,0,0.0
MBX00094,2026-04-28,0,1,0,0,0.0
MBX00094,2026-04-29,0,0,0,0,0.0
MBX00094,2026-04-30,0,1,0,0,0.0
MBX00094,2026-05-01,0,2,0,0,0.0
MBX00094,2026-05-02,0,0,0,0,0.0
MBX00094,2026-05-03,0,0,0,0,0.0
MBX00094,2026-05-04,0,0,0,0,0.0
MBX00094,2026-05-05,1,2,0,0,0.0
MBX00094,2026-05-06,0,0,0,0,0.0
MBX00094,2026-05-07,0,1,0,0,0.0
MBX00094,2026-05-08,0,1,0,0,0.0
MBX00094,2026-05-09,0,0,0,0,0.0
MBX00094,2026-05-10,0,0,0,0,0.0
MBX00094,2026-05-11,1,1,0,0,0.0
MBX00094,2026-05-12,0,0,0,0,0.0
MBX00094,2026-05-13,0,0,0,0,0.0
MBX00094,2026-05-14,0,2,1,0,50.0
MBX00094,2026-05-15,0,0,0,0,0.0
MBX00094,2026-05-16,0,0,0,0,0.0
MBX00094,2026-05-17,0,0,0,0,0.0
MBX00094,2026-05-18,1,0,0,0,0.0
MBX00094,2026-05-19,0,1,0,0,0.0
MBX00094,2026-05-20,0,0,0,0,0.0
MBX00094,2026-05-21,0,0,0,0,0.0
MBX00094,2026-05-22,0,0,0,0,0.0
MBX00094,2026-05-23,0,0,0,0,0.0
MBX00094,2026-05-24,0,0,0,0,0.0
MBX00094,2026-05-25,0,0,0,0,0.0
MBX00094,2026-05-26,0,0,0,0,0.0
MBX00094,2026-05-27,1,0,0,0,0.0
MBX00094,2026-05-28,0,0,0,0,0.0
MBX00094,2026-05-29,0,0,0,0,0.0
MBX00094,2026-05-30,0,0,0,0,0.0
MBX00094,2026-05-31,0,0,0,0,0.0
MBX00094,2026-06-01,0,0,0,0,0.0
MBX00094,2026-06-02,0,0,0,0,0.0
MBX00094,2026-06-03,1,0,0,0,0.0
MBX00094,2026-06-04,0,1,0,0,0.0
MBX00094,2026-06-05,0,0,0,0,0.0
MBX00094,2026-06-06,0,0,0,0,0.0
MBX00094,2026-06-07,0,0,0,0,0.0
MBX00094,2026-06-08,0,0,0,0,0.0
MBX00094,2026-06-09,0,1,0,0,0.0
MBX00094,2026-06-10,0,1,0,0,0.0
MBX00094,2026-06-11,0,0,0,0,0.0
MBX00094,2026-06-12,1,0,0,0,0.0
MBX00094,2026-06-13,0,0,0,0,0.0
MBX00094,2026-06-14,0,1,0,0,0.0
MBX00094,2026-06-15,0,1,0,0,0.0
MBX00094,2026-06-16,0,0,0,0,0.0
MBX00094,2026-06-17,0,0,0,0,0.0
MBX00094,2026-06-18,1,0,0,0,0.0
MBX00094,2026-06-19,0,1,0,0,0.0
MBX00094,2026-06-20,0,1,0,0,0.0
MBX00094,2026-06-21,0,0,0,0,0.0
MBX00094,2026-06-22,0,0,0,0,0.0
MBX00094,2026-06-23,0,0,0,0,0.0
MBX00094,2026-06-24,1,0,0,0,0.0
MBX00094,2026-06-25,0,0,0,0,0.0
MBX00094,2026-06-26,0,0,0,0,0.0
MBX00094,2026-06-27,0,0,0,0,0.0
MBX00094,2026-06-28,0,0,0,0,0.0
MBX00094,2026-06-29,0,0,0,0,0.0
MBX00094,2026-06-30,1,1,0,0,0.0
MBX00094,2026-07-01,0,0,0,0,0.0
MBX00094,2026-07-02,0,0,0,0,0.0
MBX00094,2026-07-03,0,1,0,0,0.0
MBX00094,2026-07-04,0,0,0,0,0.0
MBX00094,2026-07-05,0,0,0,0,0.0
MBX00094,2026-07-06,0,0,0,0,0.0
MBX00094,2026-07-07,0,2,0,0,0.0
MBX00094,2026-07-08,1,0,0,0,0.0
MBX00094,2026-07-09,0,0,0,0,0.0
MBX00094,2026-07-10,0,0,0,0,0.0
MBX00094,2026-07-11,0,0,0,0,0.0
MBX00094,2026-07-12,0,0,0,0,0.0
MBX00094,2026-07-13,0,0,0,0,0.0
MBX00094,2026-07-14,1,0,0,0,0.0
MBX00094,2026-07-15,0,0,0,0,0.0
MBX00094,2026-07-16,0,0,0,0,0.0
MBX00094,2026-07-17,0,1,0,0,0.0
MBX00094,2026-07-18,0,0,0,0,0.0
MBX00094,2026-07-19,0,0,0,0,0.0
MBX00094,2026-07-20,0,0,0,0,0.0
MBX00094,2026-07-21,0,1,1,0,100.0
MBX00094,2026-07-22,0,1,0,0,0.0
MBX00094,2026-07-23,0,0,0,0,0.0
MBX00094,2026-07-24,0,0,0,0,0.0
MBX00150,2026-04-26,1,7,0,0,0.0
MBX00150,2026-04-27,4,64,4,1,6.25
MBX00150,2026-04-28,2,67,6,0,8.96
MBX00150,2026-04-29,6,55,3,0,5.45
MBX00150,2026-04-30,3,49,1,0,2.04
MBX00150,2026-05-01,2,51,3,0,5.88
MBX00150,2026-05-02,1,5,0,0,0.0
MBX00150,2026-05-03,0,9,0,0,0.0
MBX00150,2026-05-04,10,51,4,0,7.84
MBX00150,2026-05-05,4,67,4,0,5.97
MBX00150,2026-05-06,8,56,2,0,3.57
MBX00150,2026-05-07,4,40,0,0,0.0
MBX00150,2026-05-08,7,58,1,0,1.72
MBX00150,2026-05-09,0,8,1,0,12.5
MBX00150,2026-05-10,0,6,0,0,0.0
MBX00150,2026-05-11,6,55,2,0,3.64
MBX00150,2026-05-12,10,44,2,0,4.55
MBX00150,2026-05-13,4,64,2,0,3.12
MBX00150,2026-05-14,7,55,4,0,7.27
MBX00150,2026-05-15,8,65,1,0,1.54
MBX00150,2026-05-16,3,7,0,1,0.0
MBX00150,2026-05-17,1,7,1,0,14.29
MBX00150,2026-05-18,1,51,2,0,3.92
MBX00150,2026-05-19,2,62,5,1,8.06
MBX00150,2026-05-20,2,47,3,2,6.38
MBX00150,2026-05-21,7,50,2,1,4.0
MBX00150,2026-05-22,5,54,2,0,3.7
MBX00150,2026-05-23,0,5,1,0,20.0
MBX00150,2026-05-24,1,10,0,0,0.0
MBX00150,2026-05-25,5,50,1,0,2.0
MBX00150,2026-05-26,4,65,7,1,10.77
MBX00150,2026-05-27,5,65,4,0,6.15
MBX00150,2026-05-28,8,47,5,1,10.64
MBX00150,2026-05-29,7,62,5,0,8.06
MBX00150,2026-05-30,0,11,1,0,9.09
MBX00150,2026-05-31,2,6,0,0,0.0
MBX00150,2026-06-01,7,62,6,0,9.68
MBX00150,2026-06-02,8,71,3,0,4.23
MBX00150,2026-06-03,6,57,1,2,1.75
MBX00150,2026-06-04,4,47,5,0,10.64
MBX00150,2026-06-05,4,57,2,1,3.51
MBX00150,2026-06-06,1,10,1,1,10.0
MBX00150,2026-06-07,1,10,0,0,0.0
MBX00150,2026-06-08,3,54,5,1,9.26
MBX00150,2026-06-09,8,53,3,2,5.66
MBX00150,2026-06-10,3,55,3,1,5.45
MBX00150,2026-06-11,5,61,5,0,8.2
MBX00150,2026-06-12,5,63,7,1,11.11
MBX00150,2026-06-13,2,12,3,0,25.0
MBX00150,2026-06-14,2,9,0,0,0.0
MBX00150,2026-06-15,5,62,4,0,6.45
MBX00150,2026-06-16,6,61,8,0,13.11
MBX00150,2026-06-17,5,46,1,0,2.17
MBX00150,2026-06-18,3,71,0,2,0.0
MBX00150,2026-06-19,3,55,3,1,5.45
MBX00150,2026-06-20,0,6,0,0,0.0
MBX00150,2026-06-21,0,4,2,0,50.0
MBX00150,2026-06-22,5,52,1,0,1.92
MBX00150,2026-06-23,1,59,1,1,1.69
MBX00150,2026-06-24,7,58,3,1,5.17
MBX00150,2026-06-25,7,52,3,0,5.77
MBX00150,2026-06-26,11,58,0,1,0.0
MBX00150,2026-06-27,0,13,0,0,0.0
MBX00150,2026-06-28,2,8,3,0,37.5
MBX00150,2026-06-29,9,63,2,1,3.17
MBX00150,2026-06-30,2,53,4,1,7.55
MBX00150,2026-07-01,8,57,5,0,8.77
MBX00150,2026-07-02,7,48,4,1,8.33
MBX00150,2026-07-03,9,51,2,1,3.92
MBX00150,2026-07-04,0,7,1,0,14.29
MBX00150,2026-07-05,4,12,2,0,16.67
MBX00150,2026-07-06,6,68,3,2,4.41
MBX00150,2026-07-07,4,54,6,0,11.11
MBX00150,2026-07-08,3,55,7,0,12.73
MBX00150,2026-07-09,5,61,6,2,9.84
MBX00150,2026-07-10,8,61,3,3,4.92
MBX00150,2026-07-11,1,6,1,0,16.67
MBX00150,2026-07-12,1,10,2,1,20.0
MBX00150,2026-07-13,6,57,5,2,8.77
MBX00150,2026-07-14,6,57,3,0,5.26
MBX00150,2026-07-15,10,52,4,0,7.69
MBX00150,2026-07-16,6,47,5,1,10.64
MBX00150,2026-07-17,5,49,3,1,6.12
MBX00150,2026-07-18,1,9,1,0,11.11
MBX00150,2026-07-19,1,4,0,1,0.0
MBX00150,2026-07-20,7,60,2,0,3.33
MBX00150,2026-07-21,6,53,3,1,5.66
MBX00150,2026-07-22,11,53,2,0,3.77
MBX00150,2026-07-23,3,61,2,0,3.28
MBX00150,2026-07-24,7,53,2,1,3.77
MBX00688,2026-04-26,0,9,0,0,0.0
MBX00688,2026-04-27,11,50,1,1,2.0
MBX00688,2026-04-28,13,35,3,2,8.57
MBX00688,2026-04-29,9,36,2,2,5.56
MBX00688,2026-04-30,8,39,1,0,2.56
MBX00688,2026-05-01,12,33,1,0,3.03
MBX00688,2026-05-02,0,8,1,0,12.5
MBX00688,2026-05-03,1,7,0,1,0.0
MBX00688,2026-05-04,12,36,2,0,5.56
MBX00688,2026-05-05,12,38,4,2,10.53
MBX00688,2026-05-06,8,45,4,1,8.89
MBX00688,2026-05-07,20,39,1,1,2.56
MBX00688,2026-05-08,11,40,2,0,5.0
MBX00688,2026-05-09,2,5,1,0,20.0
MBX00688,2026-05-10,2,7,0,1,0.0
MBX00688,2026-05-11,9,26,3,0,11.54
MBX00688,2026-05-12,12,49,4,1,8.16
MBX00688,2026-05-13,8,26,4,0,15.38
MBX00688,2026-05-14,14,46,1,0,2.17
MBX00688,2026-05-15,15,42,1,2,2.38
MBX00688,2026-05-16,2,7,0,0,0.0
MBX00688,2026-05-17,2,3,0,0,0.0
MBX00688,2026-05-18,15,33,3,1,9.09
MBX00688,2026-05-19,16,42,0,0,0.0
MBX00688,2026-05-20,14,41,1,0,2.44
MBX00688,2026-05-21,12,38,6,0,15.79
MBX00688,2026-05-22,14,37,1,1,2.7
MBX00688,2026-05-23,1,7,1,1,14.29
MBX00688,2026-05-24,3,8,1,1,12.5
MBX00688,2026-05-25,13,32,1,0,3.12
MBX00688,2026-05-26,11,38,2,1,5.26
MBX00688,2026-05-27,11,44,2,0,4.55
MBX00688,2026-05-28,6,35,3,0,8.57
MBX00688,2026-05-29,16,33,1,0,3.03
MBX00688,2026-05-30,0,2,0,0,0.0
MBX00688,2026-05-31,1,6,1,0,16.67
MBX00688,2026-06-01,7,36,2,1,5.56
MBX00688,2026-06-02,11,33,3,0,9.09
MBX00688,2026-06-03,13,34,1,0,2.94
MBX00688,2026-06-04,11,46,2,2,4.35
MBX00688,2026-06-05,10,32,0,0,0.0
MBX00688,2026-06-06,0,5,0,0,0.0
MBX00688,2026-06-07,1,9,2,0,22.22
MBX00688,2026-06-08,15,36,2,1,5.56
MBX00688,2026-06-09,10,42,5,0,11.9
MBX00688,2026-06-10,12,38,3,0,7.89
MBX00688,2026-06-11,6,35,3,0,8.57
MBX00688,2026-06-12,12,31,3,0,9.68
MBX00688,2026-06-13,1,5,0,0,0.0
MBX00688,2026-06-14,3,8,1,0,12.5
MBX00688,2026-06-15,7,35,7,0,20.0
MBX00688,2026-06-16,12,46,2,2,4.35
MBX00688,2026-06-17,11,43,8,1,18.6
MBX00688,2026-06-18,13,41,2,1,4.88
MBX00688,2026-06-19,16,48,2,3,4.17
MBX00688,2026-06-20,5,4,1,0,25.0
MBX00688,2026-06-21,0,8,1,0,12.5
MBX00688,2026-06-22,18,38,1,1,2.63
MBX00688,2026-06-23,13,36,2,2,5.56
MBX00688,2026-06-24,8,52,3,0,5.77
MBX00688,2026-06-25,16,38,1,0,2.63
MBX00688,2026-06-26,19,53,1,1,1.89
MBX00688,2026-06-27,4,8,0,1,0.0
MBX00688,2026-06-28,3,11,1,0,9.09
MBX00688,2026-06-29,12,46,0,0,0.0
MBX00688,2026-06-30,15,46,4,0,8.7
MBX00688,2026-07-01,11,40,0,0,0.0
MBX00688,2026-07-02,12,35,3,0,8.57
MBX00688,2026-07-03,10,30,2,1,6.67
MBX00688,2026-07-04,4,5,0,0,0.0
MBX00688,2026-07-05,2,3,0,1,0.0
MBX00688,2026-07-06,15,40,1,0,2.5
MBX00688,2026-07-07,13,45,5,0,11.11
MBX00688,2026-07-08,15,34,1,1,2.94
MBX00688,2026-07-09,10,38,1,0,2.63
MBX00688,2026-07-10,9,41,3,0,7.32
MBX00688,2026-07-11,3,4,0,0,0.0
MBX00688,2026-07-12,3,6,0,0,0.0
MBX00688,2026-07-13,7,41,3,1,7.32
MBX00688,2026-07-14,11,34,4,0,11.76
MBX00688,2026-07-15,13,36,3,0,8.33
MBX00688,2026-07-16,11,51,3,1,5.88
MBX00688,2026-07-17,20,35,4,0,11.43
MBX00688,2026-07-18,1,7,0,0,0.0
MBX00688,2026-07-19,2,6,1,0,16.67
MBX00688,2026-07-20,6,48,2,0,4.17
MBX00688,2026-07-21,11,42,0,0,0.0
MBX00688,2026-07-22,11,36,1,1,2.78
MBX00688,2026-07-23,6,41,3,0,7.32
MBX00688,2026-07-24,10,49,2,0,4.08
MBX00468,2026-04-26,0,3,0,0,0.0
MBX00468,2026-04-27,12,26,0,0,0.0
MBX00468,2026-04-28,4,25,2,0,8.0
MBX00468,2026-04-29,5,34,4,0,11.76
MBX00468,2026-04-30,12,21,0,0,0.0
MBX00468,2026-05-01,7,24,2,0,8.33
MBX00468,2026-05-02,0,4,0,0,0.0
MBX00468,2026-05-03,1,8,1,0,12.5
MBX00468,2026-05-04,9,27,2,1,7.41
MBX00468,2026-05-05,3,27,3,1,11.11
MBX00468,2026-05-06,4,37,3,0,8.11
MBX00468,2026-05-07,7,34,3,1,8.82
MBX00468,2026-05-08,8,23,1,0,4.35
MBX00468,2026-05-09,1,8,0,0,0.0
MBX00468,2026-05-10,2,5,0,0,0.0
MBX00468,2026-05-11,4,22,0,0,0.0
MBX00468,2026-05-12,5,30,3,2,10.0
MBX00468,2026-05-13,8,32,7,0,21.88
MBX00468,2026-05-14,8,32,0,1,0.0
MBX00468,2026-05-15,5,24,2,1,8.33
MBX00468,2026-05-16,1,6,0,0,0.0
MBX00468,2026-05-17,0,3,1,0,33.33
MBX00468,2026-05-18,5,23,1,0,4.35
MBX00468,2026-05-19,5,23,3,0,13.04
MBX00468,2026-05-20,6,27,0,0,0.0
MBX00468,2026-05-21,7,30,1,0,3.33
MBX00468,2026-05-22,10,24,2,0,8.33
MBX00468,2026-05-23,0,5,1,0,20.0
MBX00468,2026-05-24,2,4,0,0,0.0
MBX00468,2026-05-25,4,25,0,1,0.0
MBX00468,2026-05-26,9,28,1,0,3.57
MBX00468,2026-05-27,10,30,1,0,3.33
MBX00468,2026-05-28,7,25,1,0,4.0
MBX00468,2026-05-29,8,32,4,0,12.5
MBX00468,2026-05-30,1,2,0,0,0.0
MBX00468,2026-05-31,3,1,1,0,100.0
MBX00468,2026-06-01,4,38,6,0,15.79
MBX00468,2026-06-02,5,23,1,0,4.35
MBX00468,2026-06-03,6,28,2,0,7.14
MBX00468,2026-06-04,4,28,1,0,3.57
MBX00468,2026-06-05,5,21,0,0,0.0
MBX00468,2026-06-06,0,1,0,0,0.0
MBX00468,2026-06-07,1,6,0,0,0.0
MBX00468,2026-06-08,2,27,2,1,7.41
MBX00468,2026-06-09,8,31,4,0,12.9
MBX00468,2026-06-10,7,26,1,0,3.85
MBX00468,2026-06-11,6,31,2,0,6.45
MBX00468,2026-06-12,6,26,2,0,7.69
MBX00468,2026-06-13,1,4,0,0,0.0
MBX00468,2026-06-14,3,6,0,0,0.0
MBX00468,2026-06-15,6,31,0,1,0.0
MBX00468,2026-06-16,5,25,6,0,24.0
MBX00468,2026-06-17,4,28,4,0,14.29
MBX00468,2026-06-18,1,35,4,0,11.43
MBX00468,2026-06-19,5,21,1,0,4.76
MBX00468,2026-06-20,1,5,0,0,0.0
MBX00468,2026-06-21,0,1,0,0,0.0
MBX00468,2026-06-22,10,22,1,0,4.55
MBX00468,2026-06-23,12,29,1,0,3.45
MBX00468,2026-06-24,11,16,0,0,0.0
MBX00468,2026-06-25,4,23,0,0,0.0
MBX00468,2026-06-26,7,21,2,0,9.52
MBX00468,2026-06-27,0,6,2,0,33.33
MBX00468,2026-06-28,1,4,0,0,0.0
MBX00468,2026-06-29,4,24,1,0,4.17
MBX00468,2026-06-30,5,22,2,1,9.09
MBX00468,2026-07-01,5,32,1,0,3.12
MBX00468,2026-07-02,6,36,3,0,8.33
MBX00468,2026-07-03,7,29,1,0,3.45
MBX00468,2026-07-04,0,5,0,0,0.0
MBX00468,2026-07-05,1,7,0,0,0.0
MBX00468,2026-07-06,7,23,2,1,8.7
MBX00468,2026-07-07,4,33,2,0,6.06
MBX00468,2026-07-08,9,20,0,2,0.0
MBX00468,2026-07-09,4,31,1,1,3.23
MBX00468,2026-07-10,5,30,1,0,3.33
MBX00468,2026-07-11,1,4,0,0,0.0
MBX00468,2026-07-12,3,3,0,0,0.0
MBX00468,2026-07-13,9,40,1,1,2.5
MBX00468,2026-07-14,6,22,1,1,4.55
MBX00468,2026-07-15,7,22,0,0,0.0
MBX00468,2026-07-16,10,21,3,0,14.29
MBX00468,2026-07-17,5,27,1,1,3.7
MBX00468,2026-07-18,0,10,0,0,0.0
MBX00468,2026-07-19,1,4,0,1,0.0
MBX00468,2026-07-20,7,29,0,0,0.0
MBX00468,2026-07-21,7,32,0,0,0.0
MBX00468,2026-07-22,6,17,0,0,0.0
MBX00468,2026-07-23,7,32,2,0,6.25
MBX00468,2026-07-24,7,34,1,0,2.94
MBX00619,2026-04-26,5,4,0,0,0.0
MBX00619,2026-04-27,23,63,1,0,1.59
MBX00619,2026-04-28,26,86,5,0,5.81
MBX00619,2026-04-29,23,69,5,2,7.25
MBX00619,2026-04-30,29,60,2,1,3.33
MBX00619,2026-05-01,28,75,3,1,4.0
MBX00619,2026-05-02,3,13,0,1,0.0
MBX00619,2026-05-03,1,9,1,0,11.11
MBX00619,2026-05-04,26,74,4,2,5.41
MBX00619,2026-05-05,24,61,6,3,9.84
MBX00619,2026-05-06,19,65,4,2,6.15
MBX00619,2026-05-07,13,76,7,2,9.21
MBX00619,2026-05-08,24,71,8,0,11.27
MBX00619,2026-05-09,2,14,1,1,7.14
MBX00619,2026-05-10,0,6,1,0,16.67
MBX00619,2026-05-11,27,57,5,1,8.77
MBX00619,2026-05-12,23,83,6,0,7.23
MBX00619,2026-05-13,22,71,1,2,1.41
MBX00619,2026-05-14,21,67,1,0,1.49
MBX00619,2026-05-15,22,64,3,0,4.69
MBX00619,2026-05-16,5,6,1,0,16.67
MBX00619,2026-05-17,4,7,1,0,14.29
MBX00619,2026-05-18,34,56,6,2,10.71
MBX00619,2026-05-19,38,57,2,3,3.51
MBX00619,2026-05-20,20,56,1,0,1.79
MBX00619,2026-05-21,23,57,3,1,5.26
MBX00619,2026-05-22,24,74,8,1,10.81
MBX00619,2026-05-23,5,13,0,0,0.0
MBX00619,2026-05-24,5,6,1,0,16.67
MBX00619,2026-05-25,25,58,1,0,1.72
MBX00619,2026-05-26,24,69,3,1,4.35
MBX00619,2026-05-27,17,67,4,1,5.97
MBX00619,2026-05-28,19,72,6,0,8.33
MBX00619,2026-05-29,25,70,7,2,10.0
MBX00619,2026-05-30,2,13,1,0,7.69
MBX00619,2026-05-31,4,7,0,0,0.0
MBX00619,2026-06-01,26,59,2,0,3.39
MBX00619,2026-06-02,18,65,3,0,4.62
MBX00619,2026-06-03,24,60,2,2,3.33
MBX00619,2026-06-04,28,49,3,0,6.12
MBX00619,2026-06-05,28,71,1,1,1.41
MBX00619,2026-06-06,3,10,2,0,20.0
MBX00619,2026-06-07,8,4,0,0,0.0
MBX00619,2026-06-08,21,76,3,0,3.95
MBX00619,2026-06-09,31,67,5,2,7.46
MBX00619,2026-06-10,24,64,7,1,10.94
MBX00619,2026-06-11,30,58,7,2,12.07
MBX00619,2026-06-12,21,61,4,0,6.56
MBX00619,2026-06-13,2,5,1,0,20.0
MBX00619,2026-06-14,1,6,0,0,0.0
MBX00619,2026-06-15,21,65,3,0,4.62
MBX00619,2026-06-16,24,58,3,0,5.17
MBX00619,2026-06-17,29,60,1,0,1.67
MBX00619,2026-06-18,29,55,4,2,7.27
MBX00619,2026-06-19,26,52,4,1,7.69
MBX00619,2026-06-20,2,12,0,0,0.0
MBX00619,2026-06-21,0,7,0,0,0.0
MBX00619,2026-06-22,25,67,2,1,2.99
MBX00619,2026-06-23,23,78,5,0,6.41
MBX00619,2026-06-24,19,59,4,0,6.78
MBX00619,2026-06-25,24,65,3,1,4.62
MBX00619,2026-06-26,18,47,7,0,14.89
MBX00619,2026-06-27,1,15,0,0,0.0
MBX00619,2026-06-28,3,13,0,0,0.0
MBX00619,2026-06-29,29,74,3,2,4.05
MBX00619,2026-06-30,20,66,2,1,3.03
MBX00619,2026-07-01,26,67,3,0,4.48
MBX00619,2026-07-02,19,81,1,1,1.23
MBX00619,2026-07-03,29,66,1,2,1.52
MBX00619,2026-07-04,4,10,1,0,10.0
MBX00619,2026-07-05,5,18,0,1,0.0
MBX00619,2026-07-06,30,79,8,1,10.13
MBX00619,2026-07-07,18,68,3,1,4.41
MBX00619,2026-07-08,24,59,3,1,5.08
MBX00619,2026-07-09,26,69,4,0,5.8
MBX00619,2026-07-10,23,56,6,1,10.71
MBX00619,2026-07-11,5,12,1,0,8.33
MBX00619,2026-07-12,7,12,2,0,16.67
MBX00619,2026-07-13,32,58,5,0,8.62
MBX00619,2026-07-14,23,49,3,0,6.12
MBX00619,2026-07-15,21,71,1,1,1.41
MBX00619,2026-07-16,27,59,6,1,10.17
MBX00619,2026-07-17,23,55,1,2,1.82
MBX00619,2026-07-18,3,9,2,0,22.22
MBX00619,2026-07-19,4,8,2,0,25.0
MBX00619,2026-07-20,22,60,3,0,5.0
MBX00619,2026-07-21,30,59,4,0,6.78
MBX00619,2026-07-22,24,52,6,0,11.54
MBX00619,2026-07-23,25,57,5,1,8.77
MBX00619,2026-07-24,28,60,3,3,5.0
MBX00654,2026-04-26,3,4,0,0,0.0
MBX00654,2026-04-27,14,13,1,0,7.69
MBX00654,2026-04-28,7,13,1,0,7.69
MBX00654,2026-04-29,10,22,3,0,13.64
MBX00654,2026-04-30,9,18,1,0,5.56
MBX00654,2026-05-01,11,16,2,0,12.5
MBX00654,2026-05-02,2,1,0,0,0.0
MBX00654,2026-05-03,2,1,0,0,0.0
MBX00654,2026-05-04,12,16,2,2,12.5
MBX00654,2026-05-05,9,21,3,2,14.29
MBX00654,2026-05-06,9,17,1,0,5.88
MBX00654,2026-05-07,16,18,1,0,5.56
MBX00654,2026-05-08,10,19,0,0,0.0
MBX00654,2026-05-09,1,3,0,0,0.0
MBX00654,2026-05-10,1,2,0,0,0.0
MBX00654,2026-05-11,18,19,2,0,10.53
MBX00654,2026-05-12,16,20,0,0,0.0
MBX00654,2026-05-13,19,13,1,0,7.69
MBX00654,2026-05-14,15,19,2,0,10.53
MBX00654,2026-05-15,12,13,1,0,7.69
MBX00654,2026-05-16,2,3,1,0,33.33
MBX00654,2026-05-17,2,1,1,0,100.0
MBX00654,2026-05-18,13,13,0,1,0.0
MBX00654,2026-05-19,14,12,0,0,0.0
MBX00654,2026-05-20,16,12,1,2,8.33
MBX00654,2026-05-21,7,13,0,0,0.0
MBX00654,2026-05-22,8,12,0,0,0.0
MBX00654,2026-05-23,5,2,0,1,0.0
MBX00654,2026-05-24,3,1,0,0,0.0
MBX00654,2026-05-25,12,15,1,1,6.67
MBX00654,2026-05-26,15,13,1,0,7.69
MBX00654,2026-05-27,13,18,1,0,5.56
MBX00654,2026-05-28,15,17,1,1,5.88
MBX00654,2026-05-29,11,14,1,0,7.14
MBX00654,2026-05-30,1,6,0,0,0.0
MBX00654,2026-05-31,4,4,0,0,0.0
MBX00654,2026-06-01,9,25,1,0,4.0
MBX00654,2026-06-02,11,20,1,0,5.0
MBX00654,2026-06-03,11,23,2,1,8.7
MBX00654,2026-06-04,10,25,1,0,4.0
MBX00654,2026-06-05,11,17,4,0,23.53
MBX00654,2026-06-06,1,1,0,0,0.0
MBX00654,2026-06-07,0,1,0,0,0.0
MBX00654,2026-06-08,10,17,0,0,0.0
MBX00654,2026-06-09,14,14,1,0,7.14
MBX00654,2026-06-10,19,12,0,0,0.0
MBX00654,2026-06-11,11,16,1,0,6.25
MBX00654,2026-06-12,10,15,0,1,0.0
MBX00654,2026-06-13,2,3,0,0,0.0
MBX00654,2026-06-14,3,4,0,0,0.0
MBX00654,2026-06-15,21,12,2,1,16.67
MBX00654,2026-06-16,11,21,3,1,14.29
MBX00654,2026-06-17,8,15,0,0,0.0
MBX00654,2026-06-18,14,8,1,0,12.5
MBX00654,2026-06-19,11,10,0,0,0.0
MBX00654,2026-06-20,3,1,0,0,0.0
MBX00654,2026-06-21,1,2,0,0,0.0
MBX00654,2026-06-22,10,12,1,1,8.33
MBX00654,2026-06-23,14,21,1,0,4.76
MBX00654,2026-06-24,11,15,2,0,13.33
MBX00654,2026-06-25,11,16,1,0,6.25
MBX00654,2026-06-26,11,14,1,0,7.14
MBX00654,2026-06-27,2,4,0,0,0.0
MBX00654,2026-06-28,4,4,0,0,0.0
MBX00654,2026-06-29,12,21,2,0,9.52
MBX00654,2026-06-30,14,16,1,1,6.25
MBX00654,2026-07-01,16,18,1,0,5.56
MBX00654,2026-07-02,9,17,1,0,5.88
MBX00654,2026-07-03,13,14,0,1,0.0
MBX00654,2026-07-04,1,2,1,0,50.0
MBX00654,2026-07-05,2,1,0,1,0.0
MBX00654,2026-07-06,15,15,2,0,13.33
MBX00654,2026-07-07,11,25,1,1,4.0
MBX00654,2026-07-08,14,18,1,0,5.56
MBX00654,2026-07-09,16,19,1,0,5.26
MBX00654,2026-07-10,9,14,0,1,0.0
MBX00654,2026-07-11,2,0,0,0,0.0
MBX00654,2026-07-12,4,3,0,0,0.0
MBX00654,2026-07-13,18,17,1,1,5.88
MBX00654,2026-07-14,15,18,1,0,5.56
MBX00654,2026-07-15,12,16,1,1,6.25
MBX00654,2026-07-16,13,13,0,1,0.0
MBX00654,2026-07-17,15,22,0,0,0.0
MBX00654,2026-07-18,0,4,0,0,0.0
MBX00654,2026-07-19,2,3,0,0,0.0
MBX00654,2026-07-20,11,14,0,1,0.0
MBX00654,2026-07-21,7,12,0,0,0.0
MBX00654,2026-07-22,14,15,1,2,6.67
MBX00654,2026-07-23,15,24,1,0,4.17
MBX00654,2026-07-24,15,20,1,1,5.0
MBX00426,2026-04-26,2,1,0,0,0.0
MBX00426,2026-04-27,4,5,0,0,0.0
MBX00426,2026-04-28,4,12,0,0,0.0
MBX00426,2026-04-29,7,10,1,0,10.0
MBX00426,2026-04-30,4,10,2,0,20.0
MBX00426,2026-05-01,2,5,0,0,0.0
MBX00426,2026-05-02,1,0,0,0,0.0
MBX00426,2026-05-03,2,1,0,0,0.0
MBX00426,2026-05-04,7,10,0,1,0.0
MBX00426,2026-05-05,1,10,1,0,10.0
MBX00426,2026-05-06,1,5,1,0,20.0
MBX00426,2026-05-07,6,8,0,0,0.0
MBX00426,2026-05-08,0,12,0,0,0.0
MBX00426,2026-05-09,1,2,0,0,0.0
MBX00426,2026-05-10,1,1,0,0,0.0
MBX00426,2026-05-11,5,7,2,0,28.57
MBX00426,2026-05-12,2,7,0,0,0.0
MBX00426,2026-05-13,4,8,0,1,0.0
MBX00426,2026-05-14,3,6,0,0,0.0
MBX00426,2026-05-15,3,13,1,1,7.69
MBX00426,2026-05-16,1,4,0,0,0.0
MBX00426,2026-05-17,0,1,0,0,0.0
MBX00426,2026-05-18,4,5,0,0,0.0
MBX00426,2026-05-19,8,8,2,0,25.0
MBX00426,2026-05-20,3,8,0,0,0.0
MBX00426,2026-05-21,6,10,0,0,0.0
MBX00426,2026-05-22,2,12,1,0,8.33
MBX00426,2026-05-23,2,1,0,0,0.0
MBX00426,2026-05-24,0,0,0,0,0.0
MBX00426,2026-05-25,6,12,1,0,8.33
MBX00426,2026-05-26,4,11,0,1,0.0
MBX00426,2026-05-27,4,6,1,0,16.67
MBX00426,2026-05-28,4,6,0,0,0.0
MBX00426,2026-05-29,0,6,1,0,16.67
MBX00426,2026-05-30,1,3,0,1,0.0
MBX00426,2026-05-31,0,1,0,0,0.0
MBX00426,2026-06-01,4,11,2,0,18.18
MBX00426,2026-06-02,4,6,0,0,0.0
MBX00426,2026-06-03,9,6,0,0,0.0
MBX00426,2026-06-04,6,9,0,0,0.0
MBX00426,2026-06-05,4,7,1,0,14.29
MBX00426,2026-06-06,0,2,0,0,0.0
MBX00426,2026-06-07,0,0,0,0,0.0
MBX00426,2026-06-08,4,7,0,0,0.0
MBX00426,2026-06-09,3,6,0,0,0.0
MBX00426,2026-06-10,3,5,3,0,60.0
MBX00426,2026-06-11,0,9,0,0,0.0
MBX00426,2026-06-12,2,5,0,0,0.0
MBX00426,2026-06-13,0,0,0,0,0.0
MBX00426,2026-06-14,1,2,0,0,0.0
MBX00426,2026-06-15,3,10,0,1,0.0
MBX00426,2026-06-16,7,8,0,0,0.0
MBX00426,2026-06-17,6,11,1,0,9.09
MBX00426,2026-06-18,5,6,0,0,0.0
MBX00426,2026-06-19,2,9,0,0,0.0
MBX00426,2026-06-20,2,0,0,0,0.0
MBX00426,2026-06-21,2,1,0,0,0.0
MBX00426,2026-06-22,2,9,1,0,11.11
MBX00426,2026-06-23,5,9,0,0,0.0
MBX00426,2026-06-24,5,8,0,0,0.0
MBX00426,2026-06-25,4,11,2,0,18.18
MBX00426,2026-06-26,5,6,0,0,0.0
MBX00426,2026-06-27,1,1,0,0,0.0
MBX00426,2026-06-28,0,1,0,0,0.0
MBX00426,2026-06-29,2,10,1,0,10.0
MBX00426,2026-06-30,9,7,1,0,14.29
MBX00426,2026-07-01,4,7,0,2,0.0
MBX00426,2026-07-02,6,8,0,1,0.0
MBX00426,2026-07-03,5,10,2,0,20.0
MBX00426,2026-07-04,1,1,0,0,0.0
MBX00426,2026-07-05,0,3,0,0,0.0
MBX00426,2026-07-06,3,7,0,0,0.0
MBX00426,2026-07-07,5,8,0,0,0.0
MBX00426,2026-07-08,2,5,0,0,0.0
MBX00426,2026-07-09,5,5,0,0,0.0
MBX00426,2026-07-10,2,7,1,0,14.29
MBX00426,2026-07-11,0,2,0,0,0.0
MBX00426,2026-07-12,0,2,0,0,0.0
MBX00426,2026-07-13,5,5,1,0,20.0
MBX00426,2026-07-14,5,11,0,0,0.0
MBX00426,2026-07-15,3,5,0,0,0.0
MBX00426,2026-07-16,3,8,1,0,12.5
MBX00426,2026-07-17,1,3,0,0,0.0
MBX00426,2026-07-18,0,1,0,0,0.0
MBX00426,2026-07-19,1,2,0,0,0.0
MBX00426,2026-07-20,4,11,1,0,9.09
MBX00426,2026-07-21,1,12,1,0,8.33
MBX00426,2026-07-22,2,14,1,0,7.14
MBX00426,2026-07-23,1,12,0,0,0.0
MBX00426,2026-07-24,5,7,2,0,28.57
MBX00134,2026-04-26,4,7,2,1,28.57
MBX00134,2026-04-27,32,44,1,0,2.27
MBX00134,2026-04-28,38,59,3,1,5.08
MBX00134,2026-04-29,38,50,1,1,2.0
MBX00134,2026-04-30,38,37,1,0,2.7
MBX00134,2026-05-01,32,37,4,0,10.81
MBX00134,2026-05-02,5,11,1,0,9.09
MBX00134,2026-05-03,5,9,0,0,0.0
MBX00134,2026-05-04,31,44,3,1,6.82
MBX00134,2026-05-05,39,46,2,0,4.35
MBX00134,2026-05-06,25,52,1,1,1.92
MBX00134,2026-05-07,38,52,4,0,7.69
MBX00134,2026-05-08,38,40,4,1,10.0
MBX00134,2026-05-09,3,8,0,0,0.0
MBX00134,2026-05-10,2,17,0,1,0.0
MBX00134,2026-05-11,29,34,3,1,8.82
MBX00134,2026-05-12,34,56,3,3,5.36
MBX00134,2026-05-13,29,55,0,1,0.0
MBX00134,2026-05-14,37,54,3,2,5.56
MBX00134,2026-05-15,27,50,3,1,6.0
MBX00134,2026-05-16,4,13,0,1,0.0
MBX00134,2026-05-17,3,10,0,0,0.0
MBX00134,2026-05-18,41,56,2,1,3.57
MBX00134,2026-05-19,36,45,6,1,13.33
MBX00134,2026-05-20,33,63,6,0,9.52
MBX00134,2026-05-21,26,47,3,0,6.38
MBX00134,2026-05-22,36,45,4,2,8.89
MBX00134,2026-05-23,5,7,0,0,0.0
MBX00134,2026-05-24,2,8,0,0,0.0
MBX00134,2026-05-25,26,37,3,3,8.11
MBX00134,2026-05-26,35,49,1,1,2.04
MBX00134,2026-05-27,34,49,4,0,8.16
MBX00134,2026-05-28,31,43,4,0,9.3
MBX00134,2026-05-29,37,50,4,2,8.0
MBX00134,2026-05-30,4,7,0,0,0.0
MBX00134,2026-05-31,7,9,0,0,0.0
MBX00134,2026-06-01,32,42,1,1,2.38
MBX00134,2026-06-02,38,38,1,0,2.63
MBX00134,2026-06-03,34,53,2,0,3.77
MBX00134,2026-06-04,23,35,1,0,2.86
MBX00134,2026-06-05,34,41,0,1,0.0
MBX00134,2026-06-06,1,7,0,0,0.0
MBX00134,2026-06-07,5,9,0,1,0.0
MBX00134,2026-06-08,28,50,3,0,6.0
MBX00134,2026-06-09,38,63,8,1,12.7
MBX00134,2026-06-10,44,66,3,2,4.55
MBX00134,2026-06-11,45,49,3,1,6.12
MBX00134,2026-06-12,32,51,2,1,3.92
MBX00134,2026-06-13,7,6,0,0,0.0
MBX00134,2026-06-14,7,4,0,0,0.0
MBX00134,2026-06-15,24,40,2,0,5.0
MBX00134,2026-06-16,31,55,2,1,3.64
MBX00134,2026-06-17,37,59,3,3,5.08
MBX00134,2026-06-18,27,43,2,0,4.65
MBX00134,2026-06-19,34,47,0,2,0.0
MBX00134,2026-06-20,4,7,1,0,14.29
MBX00134,2026-06-21,3,9,0,0,0.0
MBX00134,2026-06-22,36,48,0,0,0.0
MBX00134,2026-06-23,27,41,3,2,7.32
MBX00134,2026-06-24,39,42,2,0,4.76
MBX00134,2026-06-25,36,65,8,3,12.31
MBX00134,2026-06-26,33,46,4,0,8.7
MBX00134,2026-06-27,9,8,1,1,12.5
MBX00134,2026-06-28,7,2,0,0,0.0
MBX00134,2026-06-29,39,58,2,1,3.45
MBX00134,2026-06-30,31,40,3,0,7.5
MBX00134,2026-07-01,37,49,3,0,6.12
MBX00134,2026-07-02,34,37,1,2,2.7
MBX00134,2026-07-03,36,49,6,0,12.24
MBX00134,2026-07-04,7,7,0,0,0.0
MBX00134,2026-07-05,6,9,0,0,0.0
MBX00134,2026-07-06,37,47,5,3,10.64
MBX00134,2026-07-07,32,47,4,1,8.51
MBX00134,2026-07-08,36,52,5,2,9.62
MBX00134,2026-07-09,26,44,2,1,4.55
MBX00134,2026-07-10,40,63,5,2,7.94
MBX00134,2026-07-11,5,9,2,0,22.22
MBX00134,2026-07-12,7,9,0,1,0.0
MBX00134,2026-07-13,32,43,0,2,0.0
MBX00134,2026-07-14,30,43,0,0,0.0
MBX00134,2026-07-15,37,39,1,2,2.56
MBX00134,2026-07-16,33,46,2,3,4.35
MBX00134,2026-07-17,22,42,1,0,2.38
MBX00134,2026-07-18,2,8,0,0,0.0
MBX00134,2026-07-19,7,7,1,0,14.29
MBX00134,2026-07-20,23,51,5,0,9.8
MBX00134,2026-07-21,43,45,4,0,8.89
MBX00134,2026-07-22,32,55,3,0,5.45
MBX00134,2026-07-23,29,37,3,1,8.11
MBX00134,2026-07-24,22,58,2,1,3.45
MBX00378,2026-04-26,3,16,2,0,12.5
MBX00378,2026-04-27,19,105,11,0,10.48
MBX00378,2026-04-28,14,97,4,1,4.12
MBX00378,2026-04-29,12,107,5,2,4.67
MBX00378,2026-04-30,16,106,6,0,5.66
MBX00378,2026-05-01,16,124,5,0,4.03
MBX00378,2026-05-02,2,15,0,0,0.0
MBX00378,2026-05-03,1,15,0,0,0.0
MBX00378,2026-05-04,21,107,5,1,4.67
MBX00378,2026-05-05,20,94,7,2,7.45
MBX00378,2026-05-06,13,108,8,0,7.41
MBX00378,2026-05-07,9,109,6,1,5.5
MBX00378,2026-05-08,10,105,8,0,7.62
MBX00378,2026-05-09,3,15,1,0,6.67
MBX00378,2026-05-10,0,11,0,0,0.0
MBX00378,2026-05-11,6,111,5,1,4.5
MBX00378,2026-05-12,19,95,7,0,7.37
MBX00378,2026-05-13,17,106,10,1,9.43
MBX00378,2026-05-14,14,119,7,1,5.88
MBX00378,2026-05-15,13,97,8,1,8.25
MBX00378,2026-05-16,2,13,0,1,0.0
MBX00378,2026-05-17,2,15,0,0,0.0
MBX00378,2026-05-18,20,111,5,1,4.5
MBX00378,2026-05-19,21,90,4,2,4.44
MBX00378,2026-05-20,19,114,8,2,7.02
MBX00378,2026-05-21,17,115,12,2,10.43
MBX00378,2026-05-22,11,110,10,3,9.09
MBX00378,2026-05-23,2,12,0,0,0.0
MBX00378,2026-05-24,5,15,0,0,0.0
MBX00378,2026-05-25,18,120,7,2,5.83
MBX00378,2026-05-26,16,108,11,3,10.19
MBX00378,2026-05-27,17,97,1,2,1.03
MBX00378,2026-05-28,17,108,5,4,4.63
MBX00378,2026-05-29,21,103,7,1,6.8
MBX00378,2026-05-30,1,18,2,0,11.11
MBX00378,2026-05-31,3,13,3,0,23.08
MBX00378,2026-06-01,23,111,5,3,4.5
MBX00378,2026-06-02,11,103,9,1,8.74
MBX00378,2026-06-03,25,108,5,1,4.63
MBX00378,2026-06-04,24,127,5,0,3.94
MBX00378,2026-06-05,18,107,2,1,1.87
MBX00378,2026-06-06,3,28,3,1,10.71
MBX00378,2026-06-07,2,11,0,0,0.0
MBX00378,2026-06-08,22,103,3,2,2.91
MBX00378,2026-06-09,10,95,15,0,15.79
MBX00378,2026-06-10,17,106,2,2,1.89
MBX00378,2026-06-11,15,105,3,3,2.86
MBX00378,2026-06-12,13,108,9,4,8.33
MBX00378,2026-06-13,2,12,2,0,16.67
MBX00378,2026-06-14,1,15,0,0,0.0
MBX00378,2026-06-15,11,97,3,1,3.09
MBX00378,2026-06-16,10,112,6,1,5.36
MBX00378,2026-06-17,14,109,12,0,11.01
MBX00378,2026-06-18,16,96,5,1,5.21
MBX00378,2026-06-19,13,99,7,1,7.07
MBX00378,2026-06-20,5,16,1,1,6.25
MBX00378,2026-06-21,2,24,3,0,12.5
MBX00378,2026-06-22,18,126,7,0,5.56
MBX00378,2026-06-23,22,88,8,0,9.09
MBX00378,2026-06-24,12,123,4,1,3.25
MBX00378,2026-06-25,19,110,6,3,5.45
MBX00378,2026-06-26,21,118,5,0,4.24
MBX00378,2026-06-27,3,11,2,1,18.18
MBX00378,2026-06-28,1,15,0,0,0.0
MBX00378,2026-06-29,16,97,4,1,4.12
MBX00378,2026-06-30,16,106,2,5,1.89
MBX00378,2026-07-01,15,100,7,1,7.0
MBX00378,2026-07-02,12,111,3,2,2.7
MBX00378,2026-07-03,14,114,7,0,6.14
MBX00378,2026-07-04,1,22,2,0,9.09
MBX00378,2026-07-05,1,11,2,0,18.18
MBX00378,2026-07-06,12,111,7,4,6.31
MBX00378,2026-07-07,21,121,11,2,9.09
MBX00378,2026-07-08,16,110,10,0,9.09
MBX00378,2026-07-09,17,92,8,1,8.7
MBX00378,2026-07-10,16,100,5,2,5.0
MBX00378,2026-07-11,3,11,1,1,9.09
MBX00378,2026-07-12,2,15,2,0,13.33
MBX00378,2026-07-13,8,92,8,1,8.7
MBX00378,2026-07-14,18,111,6,1,5.41
MBX00378,2026-07-15,21,100,6,4,6.0
MBX00378,2026-07-16,11,78,3,0,3.85
MBX00378,2026-07-17,17,107,6,0,5.61
MBX00378,2026-07-18,2,20,1,1,5.0
MBX00378,2026-07-19,4,17,1,0,5.88
MBX00378,2026-07-20,13,116,6,3,5.17
MBX00378,2026-07-21,19,114,6,2,5.26
MBX00378,2026-07-22,17,110,5,1,4.55
MBX00378,2026-07-23,13,116,3,3,2.59
MBX00378,2026-07-24,17,100,6,0,6.0
MBX00738,2026-04-26,6,15,0,3,0.0
MBX00738,2026-04-27,26,76,3,1,3.95
MBX00738,2026-04-28,21,82,8,1,9.76
MBX00738,2026-04-29,24,91,3,2,3.3
MBX00738,2026-04-30,23,89,7,0,7.87
MBX00738,2026-05-01,22,88,5,0,5.68
MBX00738,2026-05-02,2,11,3,0,27.27
MBX00738,2026-05-03,1,14,0,0,0.0
MBX00738,2026-05-04,18,100,4,0,4.0
MBX00738,2026-05-05,18,103,6,2,5.83
MBX00738,2026-05-06,20,81,8,1,9.88
MBX00738,2026-05-07,18,87,4,0,4.6
MBX00738,2026-05-08,18,90,4,2,4.44
MBX00738,2026-05-09,1,20,0,1,0.0
MBX00738,2026-05-10,6,14,0,0,0.0
MBX00738,2026-05-11,29,88,5,2,5.68
MBX00738,2026-05-12,15,76,6,2,7.89
MBX00738,2026-05-13,15,73,6,1,8.22
MBX00738,2026-05-14,24,90,2,1,2.22
MBX00738,2026-05-15,14,99,3,0,3.03
MBX00738,2026-05-16,4,7,0,0,0.0
MBX00738,2026-05-17,6,13,3,0,23.08
MBX00738,2026-05-18,19,78,3,1,3.85
MBX00738,2026-05-19,13,78,4,1,5.13
MBX00738,2026-05-20,23,100,3,3,3.0
MBX00738,2026-05-21,26,73,6,0,8.22
MBX00738,2026-05-22,20,99,6,3,6.06
MBX00738,2026-05-23,4,11,0,0,0.0
MBX00738,2026-05-24,2,11,2,0,18.18
MBX00738,2026-05-25,22,92,3,1,3.26
MBX00738,2026-05-26,19,76,4,0,5.26
MBX00738,2026-05-27,22,93,5,2,5.38
MBX00738,2026-05-28,18,91,3,2,3.3
MBX00738,2026-05-29,22,99,7,1,7.07
MBX00738,2026-05-30,3,17,1,0,5.88
MBX00738,2026-05-31,2,15,2,0,13.33
MBX00738,2026-06-01,19,67,4,0,5.97
MBX00738,2026-06-02,20,95,5,1,5.26
MBX00738,2026-06-03,20,74,7,2,9.46
MBX00738,2026-06-04,22,88,7,1,7.95
MBX00738,2026-06-05,17,71,2,2,2.82
MBX00738,2026-06-06,3,12,0,0,0.0
MBX00738,2026-06-07,2,14,1,0,7.14
MBX00738,2026-06-08,12,77,7,1,9.09
MBX00738,2026-06-09,22,71,5,0,7.04
MBX00738,2026-06-10,21,83,6,3,7.23
MBX00738,2026-06-11,20,72,1,0,1.39
MBX00738,2026-06-12,22,86,2,1,2.33
MBX00738,2026-06-13,1,8,0,0,0.0
MBX00738,2026-06-14,4,15,1,0,6.67
MBX00738,2026-06-15,21,97,5,3,5.15
MBX00738,2026-06-16,19,66,4,1,6.06
MBX00738,2026-06-17,23,65,4,0,6.15
MBX00738,2026-06-18,24,116,8,0,6.9
MBX00738,2026-06-19,26,77,5,1,6.49
MBX00738,2026-06-20,4,8,1,0,12.5
MBX00738,2026-06-21,1,11,0,1,0.0
MBX00738,2026-06-22,21,105,5,0,4.76
MBX00738,2026-06-23,19,90,7,0,7.78
MBX00738,2026-06-24,14,85,6,0,7.06
MBX00738,2026-06-25,25,86,7,0,8.14
MBX00738,2026-06-26,23,86,1,1,1.16
MBX00738,2026-06-27,2,5,1,0,20.0
MBX00738,2026-06-28,1,19,1,1,5.26
MBX00738,2026-06-29,15,72,6,1,8.33
MBX00738,2026-06-30,22,88,5,1,5.68
MBX00738,2026-07-01,25,84,5,1,5.95
MBX00738,2026-07-02,20,105,8,0,7.62
MBX00738,2026-07-03,22,84,9,1,10.71
MBX00738,2026-07-04,3,11,0,0,0.0
MBX00738,2026-07-05,5,11,1,0,9.09
MBX00738,2026-07-06,22,79,5,1,6.33
MBX00738,2026-07-07,18,70,3,2,4.29
MBX00738,2026-07-08,29,81,4,3,4.94
MBX00738,2026-07-09,19,70,8,0,11.43
MBX00738,2026-07-10,22,90,9,2,10.0
MBX00738,2026-07-11,2,14,1,0,7.14
MBX00738,2026-07-12,5,12,0,0,0.0
MBX00738,2026-07-13,18,88,7,1,7.95
MBX00738,2026-07-14,19,94,8,0,8.51
MBX00738,2026-07-15,18,87,5,1,5.75
MBX00738,2026-07-16,17,93,5,2,5.38
MBX00738,2026-07-17,25,73,5,0,6.85
MBX00738,2026-07-18,5,11,0,0,0.0
MBX00738,2026-07-19,2,21,2,0,9.52
MBX00738,2026-07-20,24,71,7,1,9.86
MBX00738,2026-07-21,26,80,4,1,5.0
MBX00738,2026-07-22,24,99,3,1,3.03
MBX00738,2026-07-23,23,93,8,0,8.6
MBX00738,2026-07-24,20,81,3,0,3.7
MBX00073,2026-04-26,9,4,0,0,0.0
MBX00073,2026-04-27,38,22,1,0,4.55
MBX00073,2026-04-28,41,26,1,0,3.85
MBX00073,2026-04-29,34,17,0,1,0.0
MBX00073,2026-04-30,38,20,2,0,10.0
MBX00073,2026-05-01,37,15,1,1,6.67
MBX00073,2026-05-02,6,2,0,0,0.0
MBX00073,2026-05-03,2,1,0,0,0.0
MBX00073,2026-05-04,31,24,1,0,4.17
MBX00073,2026-05-05,28,12,1,0,8.33
MBX00073,2026-05-06,46,16,1,0,6.25
MBX00073,2026-05-07,32,19,1,0,5.26
MBX00073,2026-05-08,42,29,1,0,3.45
MBX00073,2026-05-09,3,7,1,0,14.29
MBX00073,2026-05-10,8,3,0,0,0.0
MBX00073,2026-05-11,36,13,1,0,7.69
MBX00073,2026-05-12,50,25,3,3,12.0
MBX00073,2026-05-13,26,18,2,1,11.11
MBX00073,2026-05-14,43,17,1,0,5.88
MBX00073,2026-05-15,34,20,2,0,10.0
MBX00073,2026-05-16,3,3,0,0,0.0
MBX00073,2026-05-17,3,3,0,0,0.0
MBX00073,2026-05-18,35,21,0,0,0.0
MBX00073,2026-05-19,46,21,1,2,4.76
MBX00073,2026-05-20,48,22,0,1,0.0
MBX00073,2026-05-21,41,28,2,0,7.14
MBX00073,2026-05-22,41,20,0,0,0.0
MBX00073,2026-05-23,4,2,1,0,50.0
MBX00073,2026-05-24,4,7,2,0,28.57
MBX00073,2026-05-25,29,26,1,0,3.85
MBX00073,2026-05-26,39,26,2,1,7.69
MBX00073,2026-05-27,33,18,0,1,0.0
MBX00073,2026-05-28,29,19,2,0,10.53
MBX00073,2026-05-29,38,29,4,0,13.79
MBX00073,2026-05-30,8,5,0,1,0.0
MBX00073,2026-05-31,10,2,0,0,0.0
MBX00073,2026-06-01,31,27,5,1,18.52
MBX00073,2026-06-02,39,21,1,1,4.76
MBX00073,2026-06-03,37,14,0,0,0.0
MBX00073,2026-06-04,35,16,1,1,6.25
MBX00073,2026-06-05,39,19,0,0,0.0
MBX00073,2026-06-06,8,4,0,0,0.0
MBX00073,2026-06-07,7,6,1,0,16.67
MBX00073,2026-06-08,46,17,1,2,5.88
MBX00073,2026-06-09,36,19,1,0,5.26
MBX00073,2026-06-10,34,29,3,1,10.34
MBX00073,2026-06-11,41,22,1,0,4.55
MBX00073,2026-06-12,33,21,1,0,4.76
MBX00073,2026-06-13,3,2,0,0,0.0
MBX00073,2026-06-14,4,2,0,0,0.0
MBX00073,2026-06-15,44,31,1,1,3.23
MBX00073,2026-06-16,41,21,2,1,9.52
MBX00073,2026-06-17,42,16,2,0,12.5
MBX00073,2026-06-18,43,25,3,0,12.0
MBX00073,2026-06-19,26,19,0,0,0.0
MBX00073,2026-06-20,3,3,0,1,0.0
MBX00073,2026-06-21,3,1,0,0,0.0
MBX00073,2026-06-22,33,22,1,0,4.55
MBX00073,2026-06-23,48,21,1,0,4.76
MBX00073,2026-06-24,23,23,2,0,8.7
MBX00073,2026-06-25,44,23,0,0,0.0
MBX00073,2026-06-26,37,25,1,0,4.0
MBX00073,2026-06-27,6,5,1,0,20.0
MBX00073,2026-06-28,7,1,0,2,0.0
MBX00073,2026-06-29,31,13,5,2,38.46
MBX00073,2026-06-30,23,33,1,0,3.03
MBX00073,2026-07-01,46,28,2,0,7.14
MBX00073,2026-07-02,45,18,2,1,11.11
MBX00073,2026-07-03,29,30,1,0,3.33
MBX00073,2026-07-04,8,2,1,0,50.0
MBX00073,2026-07-05,6,3,0,0,0.0
MBX00073,2026-07-06,41,15,1,0,6.67
MBX00073,2026-07-07,44,32,2,1,6.25
MBX00073,2026-07-08,39,19,2,1,10.53
MBX00073,2026-07-09,43,25,1,0,4.0
MBX00073,2026-07-10,31,20,3,1,15.0
MBX00073,2026-07-11,6,6,0,0,0.0
MBX00073,2026-07-12,7,3,0,0,0.0
MBX00073,2026-07-13,29,22,2,0,9.09
MBX00073,2026-07-14,22,22,1,0,4.55
MBX00073,2026-07-15,36,20,0,1,0.0
MBX00073,2026-07-16,48,19,1,2,5.26
MBX00073,2026-07-17,41,27,2,1,7.41
MBX00073,2026-07-18,4,4,1,0,25.0
MBX00073,2026-07-19,4,4,1,0,25.0
MBX00073,2026-07-20,45,18,0,2,0.0
MBX00073,2026-07-21,37,20,0,1,0.0
MBX00073,2026-07-22,33,21,1,1,4.76
MBX00073,2026-07-23,32,21,0,1,0.0
MBX00073,2026-07-24,36,22,1,3,4.55
MBX00115,2026-04-26,2,9,1,0,11.11
MBX00115,2026-04-27,22,70,1,0,1.43
MBX00115,2026-04-28,20,66,1,1,1.52
MBX00115,2026-04-29,26,60,4,0,6.67
MBX00115,2026-04-30,22,74,5,2,6.76
MBX00115,2026-05-01,27,60,3,0,5.0
MBX00115,2026-05-02,1,8,1,0,12.5
MBX00115,2026-05-03,4,6,0,0,0.0
MBX00115,2026-05-04,22,71,3,1,4.23
MBX00115,2026-05-05,15,70,6,1,8.57
MBX00115,2026-05-06,21,72,2,1,2.78
MBX00115,2026-05-07,25,80,5,0,6.25
MBX00115,2026-05-08,17,65,6,1,9.23
MBX00115,2026-05-09,4,6,0,0,0.0
MBX00115,2026-05-10,4,9,1,0,11.11
MBX00115,2026-05-11,25,65,6,0,9.23
MBX00115,2026-05-12,19,51,2,1,3.92
MBX00115,2026-05-13,20,60,5,0,8.33
MBX00115,2026-05-14,22,58,6,0,10.34
MBX00115,2026-05-15,22,70,4,0,5.71
MBX00115,2026-05-16,2,7,1,0,14.29
MBX00115,2026-05-17,2,9,0,0,0.0
MBX00115,2026-05-18,19,58,2,2,3.45
MBX00115,2026-05-19,21,60,3,0,5.0
MBX00115,2026-05-20,26,58,0,1,0.0
MBX00115,2026-05-21,15,70,2,1,2.86
MBX00115,2026-05-22,18,58,1,0,1.72
MBX00115,2026-05-23,3,9,0,0,0.0
MBX00115,2026-05-24,3,15,0,0,0.0
MBX00115,2026-05-25,27,73,5,0,6.85
MBX00115,2026-05-26,22,68,6,2,8.82
MBX00115,2026-05-27,21,70,4,1,5.71
MBX00115,2026-05-28,30,62,4,1,6.45
MBX00115,2026-05-29,25,63,4,1,6.35
MBX00115,2026-05-30,2,13,0,1,0.0
MBX00115,2026-05-31,5,6,1,0,16.67
MBX00115,2026-06-01,22,65,3,0,4.62
MBX00115,2026-06-02,22,82,2,1,2.44
MBX00115,2026-06-03,17,55,5,3,9.09
MBX00115,2026-06-04,16,73,5,0,6.85
MBX00115,2026-06-05,15,70,4,1,5.71
MBX00115,2026-06-06,3,7,0,0,0.0
MBX00115,2026-06-07,5,8,1,0,12.5
MBX00115,2026-06-08,16,62,6,1,9.68
MBX00115,2026-06-09,19,66,3,0,4.55
MBX00115,2026-06-10,25,81,7,3,8.64
MBX00115,2026-06-11,23,68,4,2,5.88
MBX00115,2026-06-12,22,73,4,3,5.48
MBX00115,2026-06-13,6,9,1,0,11.11
MBX00115,2026-06-14,4,7,1,0,14.29
MBX00115,2026-06-15,22,82,4,3,4.88
MBX00115,2026-06-16,22,77,2,2,2.6
MBX00115,2026-06-17,23,69,5,0,7.25
MBX00115,2026-06-18,13,51,4,1,7.84
MBX00115,2026-06-19,15,68,4,1,5.88
MBX00115,2026-06-20,5,13,2,0,15.38
MBX00115,2026-06-21,2,10,1,0,10.0
MBX00115,2026-06-22,23,71,3,0,4.23
MBX00115,2026-06-23,31,54,1,1,1.85
MBX00115,2026-06-24,26,63,5,0,7.94
MBX00115,2026-06-25,22,55,5,1,9.09
MBX00115,2026-06-26,15,68,4,1,5.88
MBX00115,2026-06-27,5,8,1,0,12.5
MBX00115,2026-06-28,3,8,0,0,0.0
MBX00115,2026-06-29,25,67,6,0,8.96
MBX00115,2026-06-30,22,51,5,1,9.8
MBX00115,2026-07-01,17,74,6,1,8.11
MBX00115,2026-07-02,17,68,6,0,8.82
MBX00115,2026-07-03,15,66,3,1,4.55
MBX00115,2026-07-04,3,8,1,0,12.5
MBX00115,2026-07-05,3,17,2,1,11.76
MBX00115,2026-07-06,25,71,3,2,4.23
MBX00115,2026-07-07,26,57,5,4,8.77
MBX00115,2026-07-08,20,60,3,1,5.0
MBX00115,2026-07-09,29,62,3,2,4.84
MBX00115,2026-07-10,24,60,1,0,1.67
MBX00115,2026-07-11,3,13,0,0,0.0
MBX00115,2026-07-12,3,11,0,0,0.0
MBX00115,2026-07-13,25,72,9,2,12.5
MBX00115,2026-07-14,22,76,3,0,3.95
MBX00115,2026-07-15,21,61,2,0,3.28
MBX00115,2026-07-16,25,59,5,1,8.47
MBX00115,2026-07-17,24,70,5,2,7.14
MBX00115,2026-07-18,7,10,2,1,20.0
MBX00115,2026-07-19,2,8,0,0,0.0
MBX00115,2026-07-20,17,69,3,1,4.35
MBX00115,2026-07-21,20,74,6,1,8.11
MBX00115,2026-07-22,21,65,6,1,9.23
MBX00115,2026-07-23,18,72,7,2,9.72
MBX00115,2026-07-24,22,72,3,0,4.17
MBX00013,2026-04-26,1,17,1,0,5.88
MBX00013,2026-04-27,21,86,4,1,4.65
MBX00013,2026-04-28,18,95,5,2,5.26
MBX00013,2026-04-29,20,87,9,1,10.34
MBX00013,2026-04-30,18,85,8,0,9.41
MBX00013,2026-05-01,12,91,5,2,5.49
MBX00013,2026-05-02,4,14,1,0,7.14
MBX00013,2026-05-03,4,16,0,0,0.0
MBX00013,2026-05-04,9,81,8,1,9.88
MBX00013,2026-05-05,11,84,4,1,4.76
MBX00013,2026-05-06,22,83,6,2,7.23
MBX00013,2026-05-07,15,98,7,0,7.14
MBX00013,2026-05-08,14,96,9,2,9.38
MBX00013,2026-05-09,1,9,0,0,0.0
MBX00013,2026-05-10,1,15,0,1,0.0
MBX00013,2026-05-11,13,70,4,2,5.71
MBX00013,2026-05-12,17,88,5,1,5.68
MBX00013,2026-05-13,13,98,7,1,7.14
MBX00013,2026-05-14,15,109,3,1,2.75
MBX00013,2026-05-15,21,87,5,2,5.75
MBX00013,2026-05-16,1,17,1,0,5.88
MBX00013,2026-05-17,3,16,1,0,6.25
MBX00013,2026-05-18,14,81,7,1,8.64
MBX00013,2026-05-19,14,78,6,1,7.69
MBX00013,2026-05-20,14,94,3,0,3.19
MBX00013,2026-05-21,11,78,5,1,6.41
MBX00013,2026-05-22,8,90,5,0,5.56
MBX00013,2026-05-23,1,16,0,0,0.0
MBX00013,2026-05-24,3,16,0,1,0.0
MBX00013,2026-05-25,10,83,6,4,7.23
MBX00013,2026-05-26,20,89,5,0,5.62
MBX00013,2026-05-27,25,86,6,2,6.98
MBX00013,2026-05-28,14,83,8,0,9.64
MBX00013,2026-05-29,8,82,6,1,7.32
MBX00013,2026-05-30,2,22,4,0,18.18
MBX00013,2026-05-31,4,11,1,0,9.09
MBX00013,2026-06-01,8,96,4,2,4.17
MBX00013,2026-06-02,12,80,7,1,8.75
MBX00013,2026-06-03,15,88,5,3,5.68
MBX00013,2026-06-04,13,100,5,1,5.0
MBX00013,2026-06-05,11,91,4,1,4.4
MBX00013,2026-06-06,1,11,1,0,9.09
MBX00013,2026-06-07,1,18,2,1,11.11
MBX00013,2026-06-08,11,74,2,1,2.7
MBX00013,2026-06-09,14,84,10,3,11.9
MBX00013,2026-06-10,11,85,4,1,4.71
MBX00013,2026-06-11,12,76,7,0,9.21
MBX00013,2026-06-12,10,95,3,2,3.16
MBX00013,2026-06-13,4,19,0,0,0.0
MBX00013,2026-06-14,3,13,0,0,0.0
MBX00013,2026-06-15,13,91,4,1,4.4
MBX00013,2026-06-16,16,73,3,0,4.11
MBX00013,2026-06-17,11,85,4,1,4.71
MBX00013,2026-06-18,19,83,3,0,3.61
MBX00013,2026-06-19,20,75,4,3,5.33
MBX00013,2026-06-20,7,11,0,0,0.0
MBX00013,2026-06-21,1,13,1,0,7.69
MBX00013,2026-06-22,17,91,4,2,4.4
MBX00013,2026-06-23,20,82,11,0,13.41
MBX00013,2026-06-24,14,76,5,0,6.58
MBX00013,2026-06-25,5,89,6,1,6.74
MBX00013,2026-06-26,19,87,6,2,6.9
MBX00013,2026-06-27,0,18,0,0,0.0
MBX00013,2026-06-28,3,11,0,1,0.0
MBX00013,2026-06-29,15,93,3,0,3.23
MBX00013,2026-06-30,10,83,7,1,8.43
MBX00013,2026-07-01,18,89,8,0,8.99
MBX00013,2026-07-02,16,93,4,3,4.3
MBX00013,2026-07-03,14,82,4,3,4.88
MBX00013,2026-07-04,4,8,0,0,0.0
MBX00013,2026-07-05,1,11,0,0,0.0
MBX00013,2026-07-06,14,88,3,1,3.41
MBX00013,2026-07-07,13,102,5,0,4.9
MBX00013,2026-07-08,17,82,3,0,3.66
MBX00013,2026-07-09,18,104,3,0,2.88
MBX00013,2026-07-10,14,86,6,1,6.98
MBX00013,2026-07-11,1,22,0,0,0.0
MBX00013,2026-07-12,3,13,0,0,0.0
MBX00013,2026-07-13,9,86,3,1,3.49
MBX00013,2026-07-14,13,86,4,0,4.65
MBX00013,2026-07-15,8,90,1,0,1.11
MBX00013,2026-07-16,14,88,10,0,11.36
MBX00013,2026-07-17,15,90,3,2,3.33
MBX00013,2026-07-18,1,13,0,0,0.0
MBX00013,2026-07-19,2,18,2,0,11.11
MBX00013,2026-07-20,15,74,4,0,5.41
MBX00013,2026-07-21,18,84,4,1,4.76
MBX00013,2026-07-22,16,87,4,3,4.6
MBX00013,2026-07-23,13,80,3,2,3.75
MBX00013,2026-07-24,14,85,6,0,7.06
MBX00332,2026-04-26,8,21,0,0,0.0
MBX00332,2026-04-27,36,119,12,2,10.08
MBX00332,2026-04-28,33,111,8,1,7.21
MBX00332,2026-04-29,24,134,8,0,5.97
MBX00332,2026-04-30,32,117,8,2,6.84
MBX00332,2026-05-01,33,122,7,0,5.74
MBX00332,2026-05-02,0,13,0,0,0.0
MBX00332,2026-05-03,6,20,2,0,10.0
MBX00332,2026-05-04,36,112,4,5,3.57
MBX00332,2026-05-05,21,111,7,0,6.31
MBX00332,2026-05-06,26,108,7,1,6.48
MBX00332,2026-05-07,35,124,6,2,4.84
MBX00332,2026-05-08,34,93,8,1,8.6
MBX00332,2026-05-09,2,18,2,1,11.11
MBX00332,2026-05-10,3,13,3,1,23.08
MBX00332,2026-05-11,31,121,10,1,8.26
MBX00332,2026-05-12,35,124,11,1,8.87
MBX00332,2026-05-13,32,105,11,1,10.48
MBX00332,2026-05-14,21,97,9,1,9.28
MBX00332,2026-05-15,36,122,6,3,4.92
MBX00332,2026-05-16,3,16,1,0,6.25
MBX00332,2026-05-17,3,20,1,0,5.0
MBX00332,2026-05-18,18,116,8,0,6.9
MBX00332,2026-05-19,25,122,8,0,6.56
MBX00332,2026-05-20,22,125,14,0,11.2
MBX00332,2026-05-21,22,116,6,2,5.17
MBX00332,2026-05-22,32,121,8,1,6.61
MBX00332,2026-05-23,5,18,2,1,11.11
MBX00332,2026-05-24,6,23,1,0,4.35
MBX00332,2026-05-25,32,119,10,1,8.4
MBX00332,2026-05-26,15,111,4,0,3.6
MBX00332,2026-05-27,20,116,10,1,8.62
MBX00332,2026-05-28,27,119,12,1,10.08
MBX00332,2026-05-29,27,126,7,0,5.56
MBX00332,2026-05-30,5,18,2,0,11.11
MBX00332,2026-05-31,3,13,0,0,0.0
MBX00332,2026-06-01,28,133,7,1,5.26
MBX00332,2026-06-02,30,128,10,1,7.81
MBX00332,2026-06-03,25,114,10,0,8.77
MBX00332,2026-06-04,28,123,11,1,8.94
MBX00332,2026-06-05,33,111,8,0,7.21
MBX00332,2026-06-06,6,14,0,0,0.0
MBX00332,2026-06-07,4,21,0,0,0.0
MBX00332,2026-06-08,25,144,6,5,4.17
MBX00332,2026-06-09,27,125,8,1,6.4
MBX00332,2026-06-10,30,106,4,1,3.77
MBX00332,2026-06-11,22,132,12,0,9.09
MBX00332,2026-06-12,28,113,6,0,5.31
MBX00332,2026-06-13,4,15,0,0,0.0
MBX00332,2026-06-14,9,15,1,0,6.67
MBX00332,2026-06-15,30,107,8,2,7.48
MBX00332,2026-06-16,26,114,13,1,11.4
MBX00332,2026-06-17,24,108,8,3,7.41
MBX00332,2026-06-18,27,113,4,0,3.54
MBX00332,2026-06-19,24,97,3,1,3.09
MBX00332,2026-06-20,7,17,0,0,0.0
MBX00332,2026-06-21,3,20,1,0,5.0
MBX00332,2026-06-22,20,119,8,0,6.72
MBX00332,2026-06-23,28,109,4,2,3.67
MBX00332,2026-06-24,29,122,7,0,5.74
MBX00332,2026-06-25,28,105,2,2,1.9
MBX00332,2026-06-26,26,117,11,1,9.4
MBX00332,2026-06-27,2,13,0,0,0.0
MBX00332,2026-06-28,6,17,1,0,5.88
MBX00332,2026-06-29,33,91,7,1,7.69
MBX00332,2026-06-30,31,112,8,1,7.14
MBX00332,2026-07-01,32,106,5,3,4.72
MBX00332,2026-07-02,29,120,12,4,10.0
MBX00332,2026-07-03,32,112,4,1,3.57
MBX00332,2026-07-04,9,14,2,0,14.29
MBX00332,2026-07-05,4,17,2,0,11.76
MBX00332,2026-07-06,36,105,6,1,5.71
MBX00332,2026-07-07,35,113,4,1,3.54
MBX00332,2026-07-08,18,101,7,2,6.93
MBX00332,2026-07-09,25,117,7,1,5.98
MBX00332,2026-07-10,22,117,8,2,6.84
MBX00332,2026-07-11,5,17,0,0,0.0
MBX00332,2026-07-12,8,15,1,0,6.67
MBX00332,2026-07-13,30,114,7,3,6.14
MBX00332,2026-07-14,35,103,1,1,0.97
MBX00332,2026-07-15,19,115,3,3,2.61
MBX00332,2026-07-16,33,117,8,1,6.84
MBX00332,2026-07-17,24,125,6,2,4.8
MBX00332,2026-07-18,4,10,0,0,0.0
MBX00332,2026-07-19,6,20,0,0,0.0
MBX00332,2026-07-20,23,107,5,2,4.67
MBX00332,2026-07-21,21,87,4,3,4.6
MBX00332,2026-07-22,27,133,8,1,6.02
MBX00332,2026-07-23,25,120,3,1,2.5
MBX00332,2026-07-24,32,108,7,3,6.48
MBX00100,2026-04-26,5,16,3,0,18.75
MBX00100,2026-04-27,19,66,3,0,4.55
MBX00100,2026-04-28,19,87,9,2,10.34
MBX00100,2026-04-29,23,84,4,2,4.76
MBX00100,2026-04-30,21,81,6,0,7.41
MBX00100,2026-05-01,20,93,9,3,9.68
MBX00100,2026-05-02,5,11,1,0,9.09
MBX00100,2026-05-03,2,21,0,0,0.0
MBX00100,2026-05-04,19,75,2,2,2.67
MBX00100,2026-05-05,27,92,3,2,3.26
MBX00100,2026-05-06,18,77,7,3,9.09
MBX00100,2026-05-07,16,86,10,0,11.63
MBX00100,2026-05-08,27,98,6,1,6.12
MBX00100,2026-05-09,8,12,2,1,16.67
MBX00100,2026-05-10,6,12,2,0,16.67
MBX00100,2026-05-11,23,76,5,1,6.58
MBX00100,2026-05-12,25,81,2,1,2.47
MBX00100,2026-05-13,18,80,2,1,2.5
MBX00100,2026-05-14,30,85,4,0,4.71
MBX00100,2026-05-15,30,94,4,2,4.26
MBX00100,2026-05-16,4,12,1,0,8.33
MBX00100,2026-05-17,5,11,2,1,18.18
MBX00100,2026-05-18,26,83,2,0,2.41
MBX00100,2026-05-19,16,84,6,0,7.14
MBX00100,2026-05-20,31,84,8,0,9.52
MBX00100,2026-05-21,29,79,4,0,5.06
MBX00100,2026-05-22,21,89,3,0,3.37
MBX00100,2026-05-23,5,10,0,0,0.0
MBX00100,2026-05-24,5,14,2,0,14.29
MBX00100,2026-05-25,21,75,2,0,2.67
MBX00100,2026-05-26,30,84,6,1,7.14
MBX00100,2026-05-27,27,75,5,1,6.67
MBX00100,2026-05-28,22,84,5,1,5.95
MBX00100,2026-05-29,25,83,7,0,8.43
MBX00100,2026-05-30,7,9,3,0,33.33
MBX00100,2026-05-31,3,17,1,0,5.88
MBX00100,2026-06-01,27,78,5,1,6.41
MBX00100,2026-06-02,22,65,7,1,10.77
MBX00100,2026-06-03,30,88,4,1,4.55
MBX00100,2026-06-04,20,79,8,1,10.13
MBX00100,2026-06-05,34,69,2,0,2.9
MBX00100,2026-06-06,5,7,0,0,0.0
MBX00100,2026-06-07,2,10,0,1,0.0
MBX00100,2026-06-08,28,77,7,1,9.09
MBX00100,2026-06-09,13,85,5,2,5.88
MBX00100,2026-06-10,27,83,6,0,7.23
MBX00100,2026-06-11,19,77,6,1,7.79
MBX00100,2026-06-12,20,86,6,3,6.98
MBX00100,2026-06-13,4,9,0,0,0.0
MBX00100,2026-06-14,1,11,0,0,0.0
MBX00100,2026-06-15,25,77,0,1,0.0
MBX00100,2026-06-16,27,93,6,3,6.45
MBX00100,2026-06-17,23,85,6,5,7.06
MBX00100,2026-06-18,19,92,2,2,2.17
MBX00100,2026-06-19,24,73,5,0,6.85
MBX00100,2026-06-20,1,7,0,0,0.0
MBX00100,2026-06-21,3,5,0,0,0.0
MBX00100,2026-06-22,23,92,5,0,5.43
MBX00100,2026-06-23,25,83,8,0,9.64
MBX00100,2026-06-24,32,67,3,1,4.48
MBX00100,2026-06-25,26,80,3,3,3.75
MBX00100,2026-06-26,23,76,5,0,6.58
MBX00100,2026-06-27,2,13,0,0,0.0
MBX00100,2026-06-28,1,15,0,0,0.0
MBX00100,2026-06-29,19,78,7,0,8.97
MBX00100,2026-06-30,28,78,8,1,10.26
MBX00100,2026-07-01,21,95,5,1,5.26
MBX00100,2026-07-02,25,78,5,0,6.41
MBX00100,2026-07-03,24,81,2,2,2.47
MBX00100,2026-07-04,3,12,1,0,8.33
MBX00100,2026-07-05,6,8,1,0,12.5
MBX00100,2026-07-06,21,60,4,3,6.67
MBX00100,2026-07-07,23,74,6,1,8.11
MBX00100,2026-07-08,23,73,7,1,9.59
MBX00100,2026-07-09,24,89,8,1,8.99
MBX00100,2026-07-10,28,82,1,1,1.22
MBX00100,2026-07-11,8,12,0,0,0.0
MBX00100,2026-07-12,3,10,0,0,0.0
MBX00100,2026-07-13,25,82,5,0,6.1
MBX00100,2026-07-14,30,64,4,0,6.25
MBX00100,2026-07-15,26,90,8,0,8.89
MBX00100,2026-07-16,28,89,7,0,7.87
MBX00100,2026-07-17,29,80,4,1,5.0
MBX00100,2026-07-18,2,14,1,0,7.14
MBX00100,2026-07-19,0,11,0,0,0.0
MBX00100,2026-07-20,26,83,2,2,2.41
MBX00100,2026-07-21,23,65,2,0,3.08
MBX00100,2026-07-22,33,79,3,1,3.8
MBX00100,2026-07-23,26,72,6,0,8.33
MBX00100,2026-07-24,27,69,2,2,2.9
MBX00392,2026-04-26,5,16,0,0,0.0
MBX00392,2026-04-27,32,123,13,0,10.57
MBX00392,2026-04-28,19,131,8,1,6.11
MBX00392,2026-04-29,34,114,6,0,5.26
MBX00392,2026-04-30,24,114,6,1,5.26
MBX00392,2026-05-01,20,125,7,1,5.6
MBX00392,2026-05-02,4,19,0,1,0.0
MBX00392,2026-05-03,6,14,0,1,0.0
MBX00392,2026-05-04,26,120,9,0,7.5
MBX00392,2026-05-05,21,102,7,1,6.86
MBX00392,2026-05-06,21,113,5,0,4.42
MBX00392,2026-05-07,25,124,5,1,4.03
MBX00392,2026-05-08,32,129,6,7,4.65
MBX00392,2026-05-09,4,13,0,1,0.0
MBX00392,2026-05-10,7,12,1,0,8.33
MBX00392,2026-05-11,33,121,9,0,7.44
MBX00392,2026-05-12,28,136,8,1,5.88
MBX00392,2026-05-13,28,106,3,3,2.83
MBX00392,2026-05-14,24,110,4,6,3.64
MBX00392,2026-05-15,20,101,4,2,3.96
MBX00392,2026-05-16,5,16,0,0,0.0
MBX00392,2026-05-17,7,17,1,0,5.88
MBX00392,2026-05-18,27,132,8,1,6.06
MBX00392,2026-05-19,23,114,6,3,5.26
MBX00392,2026-05-20,27,108,7,3,6.48
MBX00392,2026-05-21,25,112,8,1,7.14
MBX00392,2026-05-22,21,91,4,3,4.4
MBX00392,2026-05-23,2,19,0,0,0.0
MBX00392,2026-05-24,4,18,3,0,16.67
MBX00392,2026-05-25,30,110,4,0,3.64
MBX00392,2026-05-26,31,92,5,1,5.43
MBX00392,2026-05-27,15,118,3,2,2.54
MBX00392,2026-05-28,28,126,6,0,4.76
MBX00392,2026-05-29,26,123,13,2,10.57
MBX00392,2026-05-30,2,17,1,1,5.88
MBX00392,2026-05-31,2,18,2,0,11.11
MBX00392,2026-06-01,24,100,6,1,6.0
MBX00392,2026-06-02,24,95,3,1,3.16
MBX00392,2026-06-03,24,113,11,3,9.73
MBX00392,2026-06-04,26,95,7,1,7.37
MBX00392,2026-06-05,23,141,14,0,9.93
MBX00392,2026-06-06,3,12,0,0,0.0
MBX00392,2026-06-07,7,20,0,0,0.0
MBX00392,2026-06-08,21,111,6,2,5.41
MBX00392,2026-06-09,25,122,14,3,11.48
MBX00392,2026-06-10,24,125,5,0,4.0
MBX00392,2026-06-11,25,117,5,2,4.27
MBX00392,2026-06-12,21,90,7,0,7.78
MBX00392,2026-06-13,3,17,0,0,0.0
MBX00392,2026-06-14,5,7,0,0,0.0
MBX00392,2026-06-15,23,115,4,0,3.48
MBX00392,2026-06-16,33,111,5,1,4.5
MBX00392,2026-06-17,35,112,13,1,11.61
MBX00392,2026-06-18,27,123,8,1,6.5
MBX00392,2026-06-19,24,120,9,0,7.5
MBX00392,2026-06-20,4,11,0,0,0.0
MBX00392,2026-06-21,2,20,1,1,5.0
MBX00392,2026-06-22,40,131,6,1,4.58
MBX00392,2026-06-23,37,126,5,0,3.97
MBX00392,2026-06-24,23,106,6,0,5.66
MBX00392,2026-06-25,26,103,1,1,0.97
MBX00392,2026-06-26,33,114,9,0,7.89
MBX00392,2026-06-27,5,17,2,1,11.76
MBX00392,2026-06-28,7,19,0,0,0.0
MBX00392,2026-06-29,18,104,8,3,7.69
MBX00392,2026-06-30,25,102,8,1,7.84
MBX00392,2026-07-01,35,119,9,1,7.56
MBX00392,2026-07-02,29,103,2,0,1.94
MBX00392,2026-07-03,27,120,9,3,7.5
MBX00392,2026-07-04,2,21,1,1,4.76
MBX00392,2026-07-05,1,20,0,0,0.0
MBX00392,2026-07-06,27,118,8,2,6.78
MBX00392,2026-07-07,26,116,9,0,7.76
MBX00392,2026-07-08,27,113,3,2,2.65
MBX00392,2026-07-09,31,110,9,3,8.18
MBX00392,2026-07-10,24,115,7,2,6.09
MBX00392,2026-07-11,3,25,2,0,8.0
MBX00392,2026-07-12,6,15,2,0,13.33
MBX00392,2026-07-13,24,116,7,1,6.03
MBX00392,2026-07-14,26,113,6,1,5.31
MBX00392,2026-07-15,29,96,5,2,5.21
MBX00392,2026-07-16,32,114,2,1,1.75
MBX00392,2026-07-17,19,121,10,2,8.26
MBX00392,2026-07-18,6,13,1,0,7.69
MBX00392,2026-07-19,4,16,1,0,6.25
MBX00392,2026-07-20,37,124,12,1,9.68
MBX00392,2026-07-21,21,120,6,3,5.0
MBX00392,2026-07-22,23,124,10,3,8.06
MBX00392,2026-07-23,24,134,6,1,4.48
MBX00392,2026-07-24,25,129,7,5,5.43
MBX00235,2026-04-26,1,9,1,0,11.11
MBX00235,2026-04-27,1,65,3,3,4.62
MBX00235,2026-04-28,2,66,4,1,6.06
MBX00235,2026-04-29,6,85,7,1,8.24
MBX00235,2026-04-30,5,68,5,0,7.35
MBX00235,2026-05-01,6,64,7,0,10.94
MBX00235,2026-05-02,1,6,0,0,0.0
MBX00235,2026-05-03,1,6,0,0,0.0
MBX00235,2026-05-04,4,67,5,1,7.46
MBX00235,2026-05-05,8,64,1,0,1.56
MBX00235,2026-05-06,5,66,4,0,6.06
MBX00235,2026-05-07,3,64,8,0,12.5
MBX00235,2026-05-08,6,74,4,0,5.41
MBX00235,2026-05-09,1,5,1,0,20.0
MBX00235,2026-05-10,0,10,0,0,0.0
MBX00235,2026-05-11,2,59,5,0,8.47
MBX00235,2026-05-12,4,69,7,0,10.14
MBX00235,2026-05-13,4,56,3,1,5.36
MBX00235,2026-05-14,9,69,3,0,4.35
MBX00235,2026-05-15,4,59,5,1,8.47
MBX00235,2026-05-16,3,13,1,0,7.69
MBX00235,2026-05-17,0,9,1,0,11.11
MBX00235,2026-05-18,5,65,3,0,4.62
MBX00235,2026-05-19,8,80,6,2,7.5
MBX00235,2026-05-20,3,87,6,2,6.9
MBX00235,2026-05-21,6,71,2,0,2.82
MBX00235,2026-05-22,4,61,1,0,1.64
MBX00235,2026-05-23,1,10,0,0,0.0
MBX00235,2026-05-24,0,11,2,0,18.18
MBX00235,2026-05-25,2,72,3,2,4.17
MBX00235,2026-05-26,6,76,1,0,1.32
MBX00235,2026-05-27,8,70,4,0,5.71
MBX00235,2026-05-28,6,92,4,0,4.35
MBX00235,2026-05-29,5,56,3,0,5.36
MBX00235,2026-05-30,0,9,1,0,11.11
MBX00235,2026-05-31,0,6,1,0,16.67
MBX00235,2026-06-01,7,59,3,1,5.08
MBX00235,2026-06-02,6,72,5,1,6.94
MBX00235,2026-06-03,7,60,2,0,3.33
MBX00235,2026-06-04,6,55,0,0,0.0
MBX00235,2026-06-05,12,56,5,0,8.93
MBX00235,2026-06-06,0,10,2,0,20.0
MBX00235,2026-06-07,1,9,1,0,11.11
MBX00235,2026-06-08,5,58,6,0,10.34
MBX00235,2026-06-09,6,98,9,1,9.18
MBX00235,2026-06-10,4,78,6,3,7.69
MBX00235,2026-06-11,5,72,2,3,2.78
MBX00235,2026-06-12,4,62,2,1,3.23
MBX00235,2026-06-13,0,7,0,0,0.0
MBX00235,2026-06-14,1,15,1,1,6.67
MBX00235,2026-06-15,5,59,3,0,5.08
MBX00235,2026-06-16,1,80,4,2,5.0
MBX00235,2026-06-17,10,76,2,1,2.63
MBX00235,2026-06-18,4,74,2,0,2.7
MBX00235,2026-06-19,8,75,6,0,8.0
MBX00235,2026-06-20,1,10,2,1,20.0
MBX00235,2026-06-21,1,16,2,0,12.5
MBX00235,2026-06-22,9,63,3,0,4.76
MBX00235,2026-06-23,8,76,6,1,7.89
MBX00235,2026-06-24,4,66,6,0,9.09
MBX00235,2026-06-25,3,53,1,0,1.89
MBX00235,2026-06-26,5,74,9,0,12.16
MBX00235,2026-06-27,2,10,2,0,20.0
MBX00235,2026-06-28,0,6,1,0,16.67
MBX00235,2026-06-29,7,56,4,0,7.14
MBX00235,2026-06-30,5,69,4,2,5.8
MBX00235,2026-07-01,6,62,3,0,4.84
MBX00235,2026-07-02,5,67,3,1,4.48
MBX00235,2026-07-03,6,69,2,2,2.9
MBX00235,2026-07-04,0,12,0,0,0.0
MBX00235,2026-07-05,0,10,0,0,0.0
MBX00235,2026-07-06,4,62,5,2,8.06
MBX00235,2026-07-07,9,78,6,0,7.69
MBX00235,2026-07-08,3,76,3,2,3.95
MBX00235,2026-07-09,9,63,5,1,7.94
MBX00235,2026-07-10,11,70,6,1,8.57
MBX00235,2026-07-11,1,10,0,0,0.0
MBX00235,2026-07-12,1,7,0,1,0.0
MBX00235,2026-07-13,4,70,6,1,8.57
MBX00235,2026-07-14,7,74,3,1,4.05
MBX00235,2026-07-15,4,68,3,1,4.41
MBX00235,2026-07-16,4,58,5,2,8.62
MBX00235,2026-07-17,7,84,2,1,2.38
MBX00235,2026-07-18,0,8,0,0,0.0
MBX00235,2026-07-19,0,15,0,1,0.0
MBX00235,2026-07-20,6,56,5,1,8.93
MBX00235,2026-07-21,5,67,8,1,11.94
MBX00235,2026-07-22,4,66,2,2,3.03
MBX00235,2026-07-23,4,64,3,0,4.69
MBX00235,2026-07-24,2,67,4,1,5.97
MBX00678,2026-04-26,5,19,1,0,5.26
MBX00678,2026-04-27,15,99,6,1,6.06
MBX00678,2026-04-28,16,116,8,0,6.9
MBX00678,2026-04-29,23,143,12,3,8.39
MBX00678,2026-04-30,17,104,11,1,10.58
MBX00678,2026-05-01,22,124,4,2,3.23
MBX00678,2026-05-02,2,14,0,0,0.0
MBX00678,2026-05-03,1,20,2,1,10.0
MBX00678,2026-05-04,20,119,7,3,5.88
MBX00678,2026-05-05,30,114,8,1,7.02
MBX00678,2026-05-06,14,115,7,1,6.09
MBX00678,2026-05-07,12,115,6,1,5.22
MBX00678,2026-05-08,24,122,8,2,6.56
MBX00678,2026-05-09,5,18,0,0,0.0
MBX00678,2026-05-10,5,18,1,0,5.56
MBX00678,2026-05-11,19,119,6,2,5.04
MBX00678,2026-05-12,21,138,6,4,4.35
MBX00678,2026-05-13,26,119,10,1,8.4
MBX00678,2026-05-14,19,121,7,2,5.79
MBX00678,2026-05-15,23,111,8,3,7.21
MBX00678,2026-05-16,3,13,1,0,7.69
MBX00678,2026-05-17,7,10,1,1,10.0
MBX00678,2026-05-18,20,108,9,0,8.33
MBX00678,2026-05-19,25,102,8,1,7.84
MBX00678,2026-05-20,25,134,10,1,7.46
MBX00678,2026-05-21,25,126,6,0,4.76
MBX00678,2026-05-22,20,123,11,1,8.94
MBX00678,2026-05-23,3,13,1,1,7.69
MBX00678,2026-05-24,4,25,2,0,8.0
MBX00678,2026-05-25,24,131,7,1,5.34
MBX00678,2026-05-26,19,126,3,1,2.38
MBX00678,2026-05-27,26,136,10,3,7.35
MBX00678,2026-05-28,13,117,8,1,6.84
MBX00678,2026-05-29,18,125,7,0,5.6
MBX00678,2026-05-30,1,15,0,0,0.0
MBX00678,2026-05-31,2,12,0,1,0.0
MBX00678,2026-06-01,33,127,6,1,4.72
MBX00678,2026-06-02,15,130,7,2,5.38
MBX00678,2026-06-03,31,103,6,2,5.83
MBX00678,2026-06-04,16,112,10,0,8.93
MBX00678,2026-06-05,13,125,3,2,2.4
MBX00678,2026-06-06,1,21,0,0,0.0
MBX00678,2026-06-07,3,12,0,0,0.0
MBX00678,2026-06-08,25,119,4,0,3.36
MBX00678,2026-06-09,24,103,4,2,3.88
MBX00678,2026-06-10,25,146,8,4,5.48
MBX00678,2026-06-11,18,142,9,3,6.34
MBX00678,2026-06-12,24,118,8,1,6.78
MBX00678,2026-06-13,0,13,0,0,0.0
MBX00678,2026-06-14,1,19,3,1,15.79
MBX00678,2026-06-15,27,120,6,1,5.0
MBX00678,2026-06-16,23,133,7,0,5.26
MBX00678,2026-06-17,17,138,7,3,5.07
MBX00678,2026-06-18,21,124,10,0,8.06
MBX00678,2026-06-19,24,142,8,1,5.63
MBX00678,2026-06-20,5,23,4,0,17.39
MBX00678,2026-06-21,1,23,1,0,4.35
MBX00678,2026-06-22,22,135,7,4,5.19
MBX00678,2026-06-23,23,110,1,2,0.91
MBX00678,2026-06-24,15,112,6,1,5.36
MBX00678,2026-06-25,16,100,5,2,5.0
MBX00678,2026-06-26,17,96,9,0,9.38
MBX00678,2026-06-27,3,18,1,1,5.56
MBX00678,2026-06-28,2,16,1,0,6.25
MBX00678,2026-06-29,18,115,7,1,6.09
MBX00678,2026-06-30,23,141,10,3,7.09
MBX00678,2026-07-01,14,121,5,0,4.13
MBX00678,2026-07-02,19,121,6,0,4.96
MBX00678,2026-07-03,25,120,8,1,6.67
MBX00678,2026-07-04,2,12,1,3,8.33
MBX00678,2026-07-05,2,17,0,1,0.0
MBX00678,2026-07-06,18,127,9,2,7.09
MBX00678,2026-07-07,17,126,7,1,5.56
MBX00678,2026-07-08,28,137,3,2,2.19
MBX00678,2026-07-09,19,118,3,2,2.54
MBX00678,2026-07-10,18,117,8,3,6.84
MBX00678,2026-07-11,3,17,0,0,0.0
MBX00678,2026-07-12,2,21,3,0,14.29
MBX00678,2026-07-13,11,124,8,2,6.45
MBX00678,2026-07-14,12,117,4,1,3.42
MBX00678,2026-07-15,18,118,4,3,3.39
MBX00678,2026-07-16,26,111,8,0,7.21
MBX00678,2026-07-17,20,116,9,1,7.76
MBX00678,2026-07-18,2,17,3,1,17.65
MBX00678,2026-07-19,4,16,0,0,0.0
MBX00678,2026-07-20,20,102,4,2,3.92
MBX00678,2026-07-21,25,118,14,2,11.86
MBX00678,2026-07-22,20,117,2,0,1.71
MBX00678,2026-07-23,17,111,5,1,4.5
MBX00678,2026-07-24,13,115,9,2,7.83
MBX00405,2026-04-26,7,13,0,1,0.0
MBX00405,2026-04-27,20,78,4,0,5.13
MBX00405,2026-04-28,25,72,3,1,4.17
MBX00405,2026-04-29,25,88,6,2,6.82
MBX00405,2026-04-30,29,95,2,1,2.11
MBX00405,2026-05-01,23,96,9,1,9.38
MBX00405,2026-05-02,5,18,2,0,11.11
MBX00405,2026-05-03,3,24,1,1,4.17
MBX00405,2026-05-04,26,81,5,0,6.17
MBX00405,2026-05-05,27,72,8,1,11.11
MBX00405,2026-05-06,26,93,9,2,9.68
MBX00405,2026-05-07,25,81,4,1,4.94
MBX00405,2026-05-08,22,88,5,2,5.68
MBX00405,2026-05-09,1,11,1,0,9.09
MBX00405,2026-05-10,5,16,3,0,18.75
MBX00405,2026-05-11,26,98,8,0,8.16
MBX00405,2026-05-12,22,82,5,0,6.1
MBX00405,2026-05-13,21,76,7,2,9.21
MBX00405,2026-05-14,34,100,2,1,2.0
MBX00405,2026-05-15,17,102,4,1,3.92
MBX00405,2026-05-16,8,13,1,0,7.69
MBX00405,2026-05-17,1,11,0,0,0.0
MBX00405,2026-05-18,27,92,4,3,4.35
MBX00405,2026-05-19,36,100,2,2,2.0
MBX00405,2026-05-20,28,98,4,4,4.08
MBX00405,2026-05-21,30,63,3,2,4.76
MBX00405,2026-05-22,19,72,2,0,2.78
MBX00405,2026-05-23,1,14,2,0,14.29
MBX00405,2026-05-24,6,12,0,0,0.0
MBX00405,2026-05-25,24,75,6,0,8.0
MBX00405,2026-05-26,29,77,3,0,3.9
MBX00405,2026-05-27,30,102,3,0,2.94
MBX00405,2026-05-28,31,95,4,1,4.21
MBX00405,2026-05-29,21,83,3,2,3.61
MBX00405,2026-05-30,3,13,0,0,0.0
MBX00405,2026-05-31,4,11,0,0,0.0
MBX00405,2026-06-01,34,84,6,1,7.14
MBX00405,2026-06-02,34,92,1,1,1.09
MBX00405,2026-06-03,26,98,4,0,4.08
MBX00405,2026-06-04,35,88,4,1,4.55
MBX00405,2026-06-05,24,99,5,1,5.05
MBX00405,2026-06-06,8,14,1,3,7.14
MBX00405,2026-06-07,3,10,0,1,0.0
MBX00405,2026-06-08,26,86,2,0,2.33
MBX00405,2026-06-09,31,88,4,1,4.55
MBX00405,2026-06-10,26,76,3,1,3.95
MBX00405,2026-06-11,22,95,9,1,9.47
MBX00405,2026-06-12,33,91,6,2,6.59
MBX00405,2026-06-13,4,11,0,0,0.0
MBX00405,2026-06-14,3,20,2,0,10.0
MBX00405,2026-06-15,26,79,6,3,7.59
MBX00405,2026-06-16,25,82,3,0,3.66
MBX00405,2026-06-17,31,96,7,0,7.29
MBX00405,2026-06-18,23,77,8,0,10.39
MBX00405,2026-06-19,24,102,8,3,7.84
MBX00405,2026-06-20,5,13,2,0,15.38
MBX00405,2026-06-21,2,19,1,0,5.26
MBX00405,2026-06-22,35,83,5,1,6.02
MBX00405,2026-06-23,27,79,4,2,5.06
MBX00405,2026-06-24,21,74,2,1,2.7
MBX00405,2026-06-25,21,94,7,0,7.45
MBX00405,2026-06-26,19,79,4,0,5.06
MBX00405,2026-06-27,2,16,1,0,6.25
MBX00405,2026-06-28,4,16,0,0,0.0
MBX00405,2026-06-29,21,81,1,0,1.23
MBX00405,2026-06-30,26,94,8,0,8.51
MBX00405,2026-07-01,22,81,6,1,7.41
MBX00405,2026-07-02,27,85,5,2,5.88
MBX00405,2026-07-03,30,102,6,1,5.88
MBX00405,2026-07-04,3,11,1,0,9.09
MBX00405,2026-07-05,5,11,1,0,9.09
MBX00405,2026-07-06,26,100,7,0,7.0
MBX00405,2026-07-07,18,99,10,1,10.1
MBX00405,2026-07-08,23,70,2,1,2.86
MBX00405,2026-07-09,19,105,6,1,5.71
MBX00405,2026-07-10,25,77,3,4,3.9
MBX00405,2026-07-11,2,12,1,0,8.33
MBX00405,2026-07-12,2,16,1,0,6.25
MBX00405,2026-07-13,28,89,2,2,2.25
MBX00405,2026-07-14,16,86,4,2,4.65
MBX00405,2026-07-15,23,87,6,3,6.9
MBX00405,2026-07-16,22,96,6,1,6.25
MBX00405,2026-07-17,20,74,4,1,5.41
MBX00405,2026-07-18,3,13,1,0,7.69
MBX00405,2026-07-19,5,13,0,0,0.0
MBX00405,2026-07-20,25,89,3,2,3.37
MBX00405,2026-07-21,27,81,5,0,6.17
MBX00405,2026-07-22,23,86,6,0,6.98
MBX00405,2026-07-23,19,86,7,0,8.14
MBX00405,2026-07-24,22,89,4,1,4.49
MBX00735,2026-04-26,1,11,1,0,9.09
MBX00735,2026-04-27,18,70,5,1,7.14
MBX00735,2026-04-28,18,72,4,1,5.56
MBX00735,2026-04-29,15,80,4,1,5.0
MBX00735,2026-04-30,20,57,1,1,1.75
MBX00735,2026-05-01,20,74,3,0,4.05
MBX00735,2026-05-02,2,7,2,0,28.57
MBX00735,2026-05-03,1,10,0,0,0.0
MBX00735,2026-05-04,17,78,1,3,1.28
MBX00735,2026-05-05,18,81,7,0,8.64
MBX00735,2026-05-06,14,68,4,0,5.88
MBX00735,2026-05-07,14,79,5,1,6.33
MBX00735,2026-05-08,16,77,4,0,5.19
MBX00735,2026-05-09,2,13,0,0,0.0
MBX00735,2026-05-10,2,6,1,0,16.67
MBX00735,2026-05-11,13,60,6,2,10.0
MBX00735,2026-05-12,13,65,3,3,4.62
MBX00735,2026-05-13,15,90,6,0,6.67
MBX00735,2026-05-14,15,72,0,0,0.0
MBX00735,2026-05-15,17,74,5,0,6.76
MBX00735,2026-05-16,8,17,0,0,0.0
MBX00735,2026-05-17,0,12,1,0,8.33
MBX00735,2026-05-18,8,69,1,1,1.45
MBX00735,2026-05-19,14,75,2,0,2.67
MBX00735,2026-05-20,19,66,1,3,1.52
MBX00735,2026-05-21,15,55,2,1,3.64
MBX00735,2026-05-22,11,62,4,1,6.45
MBX00735,2026-05-23,3,8,1,0,12.5
MBX00735,2026-05-24,5,8,1,0,12.5
MBX00735,2026-05-25,19,78,9,1,11.54
MBX00735,2026-05-26,26,65,2,1,3.08
MBX00735,2026-05-27,20,77,5,0,6.49
MBX00735,2026-05-28,12,75,4,1,5.33
MBX00735,2026-05-29,12,85,4,3,4.71
MBX00735,2026-05-30,1,17,2,0,11.76
MBX00735,2026-05-31,1,10,0,0,0.0
MBX00735,2026-06-01,20,70,5,2,7.14
MBX00735,2026-06-02,20,83,2,2,2.41
MBX00735,2026-06-03,27,68,6,1,8.82
MBX00735,2026-06-04,20,68,7,1,10.29
MBX00735,2026-06-05,21,75,4,2,5.33
MBX00735,2026-06-06,4,12,0,0,0.0
MBX00735,2026-06-07,2,12,2,0,16.67
MBX00735,2026-06-08,18,61,6,0,9.84
MBX00735,2026-06-09,20,79,5,1,6.33
MBX00735,2026-06-10,10,71,7,0,9.86
MBX00735,2026-06-11,16,84,4,1,4.76
MBX00735,2026-06-12,13,62,4,1,6.45
MBX00735,2026-06-13,3,20,0,1,0.0
MBX00735,2026-06-14,2,10,1,0,10.0
MBX00735,2026-06-15,20,88,4,1,4.55
MBX00735,2026-06-16,12,85,2,2,2.35
MBX00735,2026-06-17,14,77,6,1,7.79
MBX00735,2026-06-18,17,71,7,1,9.86
MBX00735,2026-06-19,14,63,3,0,4.76
MBX00735,2026-06-20,2,12,0,0,0.0
MBX00735,2026-06-21,2,12,2,0,16.67
MBX00735,2026-06-22,20,87,5,3,5.75
MBX00735,2026-06-23,15,66,5,0,7.58
MBX00735,2026-06-24,19,66,8,2,12.12
MBX00735,2026-06-25,14,92,4,2,4.35
MBX00735,2026-06-26,15,68,5,0,7.35
MBX00735,2026-06-27,0,9,1,0,11.11
MBX00735,2026-06-28,3,10,0,0,0.0
MBX00735,2026-06-29,11,68,4,1,5.88
MBX00735,2026-06-30,19,54,5,0,9.26
MBX00735,2026-07-01,10,66,5,3,7.58
MBX00735,2026-07-02,12,74,2,2,2.7
MBX00735,2026-07-03,11,74,1,2,1.35
MBX00735,2026-07-04,6,7,0,0,0.0
MBX00735,2026-07-05,2,13,1,1,7.69
MBX00735,2026-07-06,18,66,4,1,6.06
MBX00735,2026-07-07,14,82,6,1,7.32
MBX00735,2026-07-08,14,56,1,2,1.79
MBX00735,2026-07-09,14,76,5,1,6.58
MBX00735,2026-07-10,15,64,4,0,6.25
MBX00735,2026-07-11,2,17,0,0,0.0
MBX00735,2026-07-12,2,18,0,0,0.0
MBX00735,2026-07-13,10,71,2,1,2.82
MBX00735,2026-07-14,15,70,4,1,5.71
MBX00735,2026-07-15,24,56,2,0,3.57
MBX00735,2026-07-16,11,81,5,0,6.17
MBX00735,2026-07-17,18,68,8,0,11.76
MBX00735,2026-07-18,1,4,1,0,25.0
MBX00735,2026-07-19,3,12,1,1,8.33
MBX00735,2026-07-20,10,60,3,0,5.0
MBX00735,2026-07-21,21,75,5,2,6.67
MBX00735,2026-07-22,12,88,5,1,5.68
MBX00735,2026-07-23,11,59,5,0,8.47
MBX00735,2026-07-24,19,60,3,0,5.0
MBX00346,2026-04-26,1,2,0,0,0.0
MBX00346,2026-04-27,16,27,0,0,0.0
MBX00346,2026-04-28,12,28,2,1,7.14
MBX00346,2026-04-29,15,31,1,0,3.23
MBX00346,2026-04-30,12,42,4,0,9.52
MBX00346,2026-05-01,9,32,4,1,12.5
MBX00346,2026-05-02,1,7,0,0,0.0
MBX00346,2026-05-03,3,7,0,2,0.0
MBX00346,2026-05-04,12,35,4,0,11.43
MBX00346,2026-05-05,9,26,2,0,7.69
MBX00346,2026-05-06,11,29,5,0,17.24
MBX00346,2026-05-07,6,29,2,0,6.9
MBX00346,2026-05-08,9,38,0,0,0.0
MBX00346,2026-05-09,2,4,0,0,0.0
MBX00346,2026-05-10,2,3,0,0,0.0
MBX00346,2026-05-11,15,39,1,0,2.56
MBX00346,2026-05-12,12,38,1,1,2.63
MBX00346,2026-05-13,13,36,3,1,8.33
MBX00346,2026-05-14,9,36,3,1,8.33
MBX00346,2026-05-15,11,37,3,0,8.11
MBX00346,2026-05-16,1,6,0,0,0.0
MBX00346,2026-05-17,0,3,0,0,0.0
MBX00346,2026-05-18,8,39,2,1,5.13
MBX00346,2026-05-19,8,32,2,0,6.25
MBX00346,2026-05-20,8,39,2,0,5.13
MBX00346,2026-05-21,10,43,1,0,2.33
MBX00346,2026-05-22,9,35,2,1,5.71
MBX00346,2026-05-23,1,8,1,0,12.5
MBX00346,2026-05-24,0,4,0,0,0.0
MBX00346,2026-05-25,9,37,4,0,10.81
MBX00346,2026-05-26,9,24,1,0,4.17
MBX00346,2026-05-27,11,35,1,4,2.86
MBX00346,2026-05-28,9,32,2,0,6.25
MBX00346,2026-05-29,8,25,1,0,4.0
MBX00346,2026-05-30,2,1,0,0,0.0
MBX00346,2026-05-31,0,7,0,0,0.0
MBX00346,2026-06-01,5,32,3,0,9.38
MBX00346,2026-06-02,12,44,3,0,6.82
MBX00346,2026-06-03,12,25,1,0,4.0
MBX00346,2026-06-04,11,27,1,2,3.7
MBX00346,2026-06-05,17,43,1,0,2.33
MBX00346,2026-06-06,6,11,0,0,0.0
MBX00346,2026-06-07,2,4,1,0,25.0
MBX00346,2026-06-08,4,37,3,0,8.11
MBX00346,2026-06-09,7,30,4,1,13.33
MBX00346,2026-06-10,8,30,2,1,6.67
MBX00346,2026-06-11,11,27,3,0,11.11
MBX00346,2026-06-12,12,44,5,1,11.36
MBX00346,2026-06-13,2,5,1,0,20.0
MBX00346,2026-06-14,2,3,1,0,33.33
MBX00346,2026-06-15,7,35,1,1,2.86
MBX00346,2026-06-16,15,32,1,0,3.12
MBX00346,2026-06-17,8,39,2,0,5.13
MBX00346,2026-06-18,13,33,2,1,6.06
MBX00346,2026-06-19,9,30,2,0,6.67
MBX00346,2026-06-20,2,1,0,0,0.0
MBX00346,2026-06-21,1,11,0,1,0.0
MBX00346,2026-06-22,6,32,3,0,9.38
MBX00346,2026-06-23,8,42,2,0,4.76
MBX00346,2026-06-24,8,34,1,0,2.94
MBX00346,2026-06-25,8,37,0,0,0.0
MBX00346,2026-06-26,6,36,3,0,8.33
MBX00346,2026-06-27,2,5,1,0,20.0
MBX00346,2026-06-28,3,4,0,0,0.0
MBX00346,2026-06-29,13,34,1,2,2.94
MBX00346,2026-06-30,6,28,1,0,3.57
MBX00346,2026-07-01,11,26,2,2,7.69
MBX00346,2026-07-02,5,31,1,1,3.23
MBX00346,2026-07-03,7,31,2,0,6.45
MBX00346,2026-07-04,1,4,0,1,0.0
MBX00346,2026-07-05,0,6,0,0,0.0
MBX00346,2026-07-06,9,38,2,1,5.26
MBX00346,2026-07-07,17,35,3,1,8.57
MBX00346,2026-07-08,7,26,0,0,0.0
MBX00346,2026-07-09,13,33,5,1,15.15
MBX00346,2026-07-10,11,34,1,0,2.94
MBX00346,2026-07-11,1,6,0,0,0.0
MBX00346,2026-07-12,3,3,0,0,0.0
MBX00346,2026-07-13,10,23,0,0,0.0
MBX00346,2026-07-14,15,32,4,1,12.5
MBX00346,2026-07-15,13,38,4,0,10.53
MBX00346,2026-07-16,4,27,2,0,7.41
MBX00346,2026-07-17,7,27,2,1,7.41
MBX00346,2026-07-18,3,3,0,0,0.0
MBX00346,2026-07-19,2,8,0,0,0.0
MBX00346,2026-07-20,15,36,3,0,8.33
MBX00346,2026-07-21,7,35,5,0,14.29
MBX00346,2026-07-22,13,41,1,0,2.44
MBX00346,2026-07-23,3,25,2,0,8.0
MBX00346,2026-07-24,10,31,2,1,6.45
MBX00625,2026-04-26,4,3,0,0,0.0
MBX00625,2026-04-27,7,20,1,0,5.0
MBX00625,2026-04-28,13,23,2,0,8.7
MBX00625,2026-04-29,12,18,1,0,5.56
MBX00625,2026-04-30,14,21,1,0,4.76
MBX00625,2026-05-01,13,29,1,1,3.45
MBX00625,2026-05-02,2,6,0,0,0.0
MBX00625,2026-05-03,4,1,0,0,0.0
MBX00625,2026-05-04,13,25,1,0,4.0
MBX00625,2026-05-05,16,24,1,0,4.17
MBX00625,2026-05-06,20,26,1,0,3.85
MBX00625,2026-05-07,11,24,2,0,8.33
MBX00625,2026-05-08,14,18,1,1,5.56
MBX00625,2026-05-09,3,4,0,1,0.0
MBX00625,2026-05-10,2,2,0,0,0.0
MBX00625,2026-05-11,10,21,1,0,4.76
MBX00625,2026-05-12,15,18,1,1,5.56
MBX00625,2026-05-13,14,19,3,0,15.79
MBX00625,2026-05-14,19,27,0,0,0.0
MBX00625,2026-05-15,17,17,0,0,0.0
MBX00625,2026-05-16,3,7,0,0,0.0
MBX00625,2026-05-17,1,3,0,0,0.0
MBX00625,2026-05-18,15,20,1,0,5.0
MBX00625,2026-05-19,13,25,1,0,4.0
MBX00625,2026-05-20,10,22,2,0,9.09
MBX00625,2026-05-21,11,22,2,0,9.09
MBX00625,2026-05-22,8,23,2,1,8.7
MBX00625,2026-05-23,2,4,1,0,25.0
MBX00625,2026-05-24,1,2,1,0,50.0
MBX00625,2026-05-25,11,21,2,0,9.52
MBX00625,2026-05-26,10,23,2,0,8.7
MBX00625,2026-05-27,12,15,2,0,13.33
MBX00625,2026-05-28,17,28,1,1,3.57
MBX00625,2026-05-29,20,25,1,0,4.0
MBX00625,2026-05-30,1,4,0,0,0.0
MBX00625,2026-05-31,3,5,0,0,0.0
MBX00625,2026-06-01,16,37,0,0,0.0
MBX00625,2026-06-02,11,16,0,0,0.0
MBX00625,2026-06-03,17,22,2,1,9.09
MBX00625,2026-06-04,22,14,0,0,0.0
MBX00625,2026-06-05,13,22,1,0,4.55
MBX00625,2026-06-06,2,6,0,0,0.0
MBX00625,2026-06-07,3,1,0,0,0.0
MBX00625,2026-06-08,21,18,0,1,0.0
MBX00625,2026-06-09,14,15,1,0,6.67
MBX00625,2026-06-10,8,11,0,0,0.0
MBX00625,2026-06-11,18,24,2,0,8.33
MBX00625,2026-06-12,18,26,0,0,0.0
MBX00625,2026-06-13,0,3,0,0,0.0
MBX00625,2026-06-14,4,2,0,0,0.0
MBX00625,2026-06-15,17,21,4,0,19.05
MBX00625,2026-06-16,22,20,1,0,5.0
MBX00625,2026-06-17,14,31,1,0,3.23
MBX00625,2026-06-18,16,28,1,0,3.57
MBX00625,2026-06-19,14,17,0,0,0.0
MBX00625,2026-06-20,2,2,0,0,0.0
MBX00625,2026-06-21,3,3,1,0,33.33
MBX00625,2026-06-22,22,20,3,0,15.0
MBX00625,2026-06-23,15,22,0,0,0.0
MBX00625,2026-06-24,20,24,0,0,0.0
MBX00625,2026-06-25,18,18,3,0,16.67
MBX00625,2026-06-26,12,19,2,0,10.53
MBX00625,2026-06-27,3,0,0,0,0.0
MBX00625,2026-06-28,4,3,0,0,0.0
MBX00625,2026-06-29,22,26,1,1,3.85
MBX00625,2026-06-30,21,20,0,0,0.0
MBX00625,2026-07-01,12,19,0,0,0.0
MBX00625,2026-07-02,21,22,2,0,9.09
MBX00625,2026-07-03,20,18,1,0,5.56
MBX00625,2026-07-04,1,1,0,0,0.0
MBX00625,2026-07-05,2,5,1,0,20.0
MBX00625,2026-07-06,13,28,1,0,3.57
MBX00625,2026-07-07,14,18,3,0,16.67
MBX00625,2026-07-08,18,16,2,0,12.5
MBX00625,2026-07-09,21,25,3,1,12.0
MBX00625,2026-07-10,13,15,2,0,13.33
MBX00625,2026-07-11,4,3,0,0,0.0
MBX00625,2026-07-12,2,2,0,0,0.0
MBX00625,2026-07-13,14,23,1,0,4.35
MBX00625,2026-07-14,17,24,2,0,8.33
MBX00625,2026-07-15,17,16,1,1,6.25
MBX00625,2026-07-16,9,5,1,0,20.0
MBX00625,2026-07-17,10,22,0,0,0.0
MBX00625,2026-07-18,0,4,0,0,0.0
MBX00625,2026-07-19,4,2,0,0,0.0
MBX00625,2026-07-20,15,20,4,2,20.0
MBX00625,2026-07-21,10,14,0,0,0.0
MBX00625,2026-07-22,14,23,1,1,4.35
MBX00625,2026-07-23,15,23,1,2,4.35
MBX00625,2026-07-24,16,15,0,0,0.0
MBX00279,2026-04-26,4,2,0,0,0.0
MBX00279,2026-04-27,19,24,1,0,4.17
MBX00279,2026-04-28,20,25,1,1,4.0
MBX00279,2026-04-29,17,22,3,0,13.64
MBX00279,2026-04-30,22,19,0,2,0.0
MBX00279,2026-05-01,19,19,1,0,5.26
MBX00279,2026-05-02,4,5,1,0,20.0
MBX00279,2026-05-03,2,2,0,0,0.0
MBX00279,2026-05-04,21,25,1,0,4.0
MBX00279,2026-05-05,30,18,2,1,11.11
MBX00279,2026-05-06,16,18,1,1,5.56
MBX00279,2026-05-07,20,24,3,1,12.5
MBX00279,2026-05-08,19,23,1,3,4.35
MBX00279,2026-05-09,2,2,0,0,0.0
MBX00279,2026-05-10,5,3,0,0,0.0
MBX00279,2026-05-11,21,13,2,0,15.38
MBX00279,2026-05-12,14,12,0,0,0.0
MBX00279,2026-05-13,17,22,1,1,4.55
MBX00279,2026-05-14,21,17,0,1,0.0
MBX00279,2026-05-15,20,18,1,0,5.56
MBX00279,2026-05-16,3,3,0,0,0.0
MBX00279,2026-05-17,5,0,0,0,0.0
MBX00279,2026-05-18,21,23,1,0,4.35
MBX00279,2026-05-19,18,14,1,1,7.14
MBX00279,2026-05-20,26,24,1,0,4.17
MBX00279,2026-05-21,26,14,2,0,14.29
MBX00279,2026-05-22,21,23,3,2,13.04
MBX00279,2026-05-23,2,6,1,1,16.67
MBX00279,2026-05-24,3,4,1,0,25.0
MBX00279,2026-05-25,20,22,1,0,4.55
MBX00279,2026-05-26,23,21,3,0,14.29
MBX00279,2026-05-27,19,15,1,0,6.67
MBX00279,2026-05-28,17,27,1,0,3.7
MBX00279,2026-05-29,22,18,2,0,11.11
MBX00279,2026-05-30,0,4,0,0,0.0
MBX00279,2026-05-31,4,1,0,0,0.0
MBX00279,2026-06-01,23,21,0,0,0.0
MBX00279,2026-06-02,22,23,1,0,4.35
MBX00279,2026-06-03,22,30,2,0,6.67
MBX00279,2026-06-04,26,32,0,0,0.0
MBX00279,2026-06-05,18,17,4,0,23.53
MBX00279,2026-06-06,5,2,0,1,0.0
MBX00279,2026-06-07,3,1,0,0,0.0
MBX00279,2026-06-08,27,17,2,0,11.76
MBX00279,2026-06-09,16,24,0,0,0.0
MBX00279,2026-06-10,19,24,2,0,8.33
MBX00279,2026-06-11,19,15,0,0,0.0
MBX00279,2026-06-12,26,25,2,0,8.0
MBX00279,2026-06-13,3,4,0,0,0.0
MBX00279,2026-06-14,5,6,2,0,33.33
MBX00279,2026-06-15,21,28,2,0,7.14
MBX00279,2026-06-16,26,23,2,0,8.7
MBX00279,2026-06-17,21,28,0,0,0.0
MBX00279,2026-06-18,24,30,2,0,6.67
MBX00279,2026-06-19,11,24,3,0,12.5
MBX00279,2026-06-20,2,6,0,0,0.0
MBX00279,2026-06-21,3,2,0,0,0.0
MBX00279,2026-06-22,19,30,2,1,6.67
MBX00279,2026-06-23,14,23,0,1,0.0
MBX00279,2026-06-24,24,26,1,0,3.85
MBX00279,2026-06-25,25,18,1,0,5.56
MBX00279,2026-06-26,19,20,1,0,5.0
MBX00279,2026-06-27,6,2,0,0,0.0
MBX00279,2026-06-28,1,4,0,0,0.0
MBX00279,2026-06-29,23,18,0,0,0.0
MBX00279,2026-06-30,23,20,2,0,10.0
MBX00279,2026-07-01,19,21,2,1,9.52
MBX00279,2026-07-02,18,22,2,0,9.09
MBX00279,2026-07-03,24,20,1,0,5.0
MBX00279,2026-07-04,3,0,0,0,0.0
MBX00279,2026-07-05,1,4,1,0,25.0
MBX00279,2026-07-06,24,18,0,0,0.0
MBX00279,2026-07-07,25,22,1,0,4.55
MBX00279,2026-07-08,18,21,1,0,4.76
MBX00279,2026-07-09,27,21,3,1,14.29
MBX00279,2026-07-10,19,16,1,0,6.25
MBX00279,2026-07-11,3,2,0,0,0.0
MBX00279,2026-07-12,2,4,0,0,0.0
MBX00279,2026-07-13,23,26,5,0,19.23
MBX00279,2026-07-14,23,20,1,0,5.0
MBX00279,2026-07-15,29,30,1,0,3.33
MBX00279,2026-07-16,23,19,1,0,5.26
MBX00279,2026-07-17,16,14,1,0,7.14
MBX00279,2026-07-18,3,0,0,0,0.0
MBX00279,2026-07-19,2,5,0,1,0.0
MBX00279,2026-07-20,30,28,3,0,10.71
MBX00279,2026-07-21,15,26,1,0,3.85
MBX00279,2026-07-22,14,19,1,0,5.26
MBX00279,2026-07-23,26,14,1,0,7.14
MBX00279,2026-07-24,18,26,2,0,7.69
MBX00314,2026-04-26,1,14,2,0,14.29
MBX00314,2026-04-27,11,107,6,2,5.61
MBX00314,2026-04-28,11,121,8,1,6.61
MBX00314,2026-04-29,11,125,8,2,6.4
MBX00314,2026-04-30,11,117,6,2,5.13
MBX00314,2026-05-01,14,123,6,1,4.88
MBX00314,2026-05-02,1,18,3,0,16.67
MBX00314,2026-05-03,2,18,1,0,5.56
MBX00314,2026-05-04,13,109,10,1,9.17
MBX00314,2026-05-05,13,119,6,4,5.04
MBX00314,2026-05-06,9,120,7,2,5.83
MBX00314,2026-05-07,3,117,9,1,7.69
MBX00314,2026-05-08,16,112,5,0,4.46
MBX00314,2026-05-09,1,19,0,0,0.0
MBX00314,2026-05-10,4,18,1,0,5.56
MBX00314,2026-05-11,11,91,4,1,4.4
MBX00314,2026-05-12,19,112,2,1,1.79
MBX00314,2026-05-13,8,107,7,0,6.54
MBX00314,2026-05-14,13,113,7,3,6.19
MBX00314,2026-05-15,9,99,9,2,9.09
MBX00314,2026-05-16,2,21,2,1,9.52
MBX00314,2026-05-17,3,19,2,0,10.53
MBX00314,2026-05-18,11,108,7,1,6.48
MBX00314,2026-05-19,12,112,8,1,7.14
MBX00314,2026-05-20,17,97,1,0,1.03
MBX00314,2026-05-21,21,117,6,0,5.13
MBX00314,2026-05-22,14,123,8,0,6.5
MBX00314,2026-05-23,2,20,0,0,0.0
MBX00314,2026-05-24,2,13,0,1,0.0
MBX00314,2026-05-25,10,119,11,0,9.24
MBX00314,2026-05-26,16,118,10,1,8.47
MBX00314,2026-05-27,10,101,7,2,6.93
MBX00314,2026-05-28,8,121,7,1,5.79
MBX00314,2026-05-29,10,109,11,0,10.09
MBX00314,2026-05-30,2,19,0,0,0.0
MBX00314,2026-05-31,0,21,1,0,4.76
MBX00314,2026-06-01,9,119,8,2,6.72
MBX00314,2026-06-02,10,101,2,0,1.98
MBX00314,2026-06-03,12,119,11,2,9.24
MBX00314,2026-06-04,14,100,8,2,8.0
MBX00314,2026-06-05,18,115,8,1,6.96
MBX00314,2026-06-06,1,17,1,0,5.88
MBX00314,2026-06-07,0,19,2,0,10.53
MBX00314,2026-06-08,14,116,11,0,9.48
MBX00314,2026-06-09,12,108,9,1,8.33
MBX00314,2026-06-10,16,120,6,2,5.0
MBX00314,2026-06-11,13,118,5,1,4.24
MBX00314,2026-06-12,15,131,9,1,6.87
MBX00314,2026-06-13,1,16,0,0,0.0
MBX00314,2026-06-14,1,23,3,0,13.04
MBX00314,2026-06-15,8,127,8,2,6.3
MBX00314,2026-06-16,14,110,7,2,6.36
MBX00314,2026-06-17,11,105,6,1,5.71
MBX00314,2026-06-18,15,118,17,1,14.41
MBX00314,2026-06-19,9,117,4,1,3.42
MBX00314,2026-06-20,3,13,0,0,0.0
MBX00314,2026-06-21,1,16,2,0,12.5
MBX00314,2026-06-22,11,110,9,1,8.18
MBX00314,2026-06-23,17,109,4,1,3.67
MBX00314,2026-06-24,17,111,8,1,7.21
MBX00314,2026-06-25,10,107,8,0,7.48
MBX00314,2026-06-26,10,127,9,3,7.09
MBX00314,2026-06-27,0,19,0,0,0.0
MBX00314,2026-06-28,2,18,1,0,5.56
MBX00314,2026-06-29,10,102,5,0,4.9
MBX00314,2026-06-30,14,109,6,2,5.5
MBX00314,2026-07-01,15,118,8,2,6.78
MBX00314,2026-07-02,10,128,7,0,5.47
MBX00314,2026-07-03,14,116,4,0,3.45
MBX00314,2026-07-04,3,15,0,0,0.0
MBX00314,2026-07-05,1,13,1,0,7.69
MBX00314,2026-07-06,11,122,9,2,7.38
MBX00314,2026-07-07,16,106,7,2,6.6
MBX00314,2026-07-08,13,119,7,2,5.88
MBX00314,2026-07-09,14,120,9,0,7.5
MBX00314,2026-07-10,2,122,9,2,7.38
MBX00314,2026-07-11,2,21,1,0,4.76
MBX00314,2026-07-12,2,13,1,0,7.69
MBX00314,2026-07-13,9,117,11,1,9.4
MBX00314,2026-07-14,16,103,8,0,7.77
MBX00314,2026-07-15,15,108,6,0,5.56
MBX00314,2026-07-16,12,113,6,0,5.31
MBX00314,2026-07-17,10,118,9,1,7.63
MBX00314,2026-07-18,6,15,2,0,13.33
MBX00314,2026-07-19,2,15,0,1,0.0
MBX00314,2026-07-20,13,104,8,3,7.69
MBX00314,2026-07-21,16,114,4,2,3.51
MBX00314,2026-07-22,11,104,6,1,5.77
MBX00314,2026-07-23,10,150,6,4,4.0
MBX00314,2026-07-24,14,118,6,1,5.08
MBX00620,2026-04-26,0,19,0,0,0.0
MBX00620,2026-04-27,4,115,10,1,8.7
MBX00620,2026-04-28,4,80,6,1,7.5
MBX00620,2026-04-29,9,113,6,0,5.31
MBX00620,2026-04-30,3,93,8,2,8.6
MBX00620,2026-05-01,9,92,8,1,8.7
MBX00620,2026-05-02,0,14,0,0,0.0
MBX00620,2026-05-03,0,11,1,0,9.09
MBX00620,2026-05-04,8,99,5,0,5.05
MBX00620,2026-05-05,5,81,3,0,3.7
MBX00620,2026-05-06,7,110,9,0,8.18
MBX00620,2026-05-07,3,90,15,0,16.67
MBX00620,2026-05-08,8,89,7,1,7.87
MBX00620,2026-05-09,2,12,1,0,8.33
MBX00620,2026-05-10,0,18,1,0,5.56
MBX00620,2026-05-11,12,99,7,1,7.07
MBX00620,2026-05-12,5,107,5,0,4.67
MBX00620,2026-05-13,5,91,5,0,5.49
MBX00620,2026-05-14,6,106,7,1,6.6
MBX00620,2026-05-15,4,96,3,2,3.12
MBX00620,2026-05-16,1,13,0,1,0.0
MBX00620,2026-05-17,0,12,1,0,8.33
MBX00620,2026-05-18,11,113,9,1,7.96
MBX00620,2026-05-19,5,106,5,0,4.72
MBX00620,2026-05-20,6,108,11,0,10.19
MBX00620,2026-05-21,3,102,4,1,3.92
MBX00620,2026-05-22,3,98,8,4,8.16
MBX00620,2026-05-23,0,10,0,0,0.0
MBX00620,2026-05-24,3,20,1,0,5.0
MBX00620,2026-05-25,2,123,11,0,8.94
MBX00620,2026-05-26,5,96,9,1,9.38
MBX00620,2026-05-27,3,110,9,2,8.18
MBX00620,2026-05-28,11,90,3,3,3.33
MBX00620,2026-05-29,11,95,7,0,7.37
MBX00620,2026-05-30,1,11,0,0,0.0
MBX00620,2026-05-31,1,21,1,0,4.76
MBX00620,2026-06-01,8,95,6,3,6.32
MBX00620,2026-06-02,5,83,5,4,6.02
MBX00620,2026-06-03,11,103,7,2,6.8
MBX00620,2026-06-04,6,102,5,1,4.9
MBX00620,2026-06-05,6,100,10,1,10.0
MBX00620,2026-06-06,0,16,1,0,6.25
MBX00620,2026-06-07,3,11,1,0,9.09
MBX00620,2026-06-08,9,85,4,0,4.71
MBX00620,2026-06-09,6,85,5,0,5.88
MBX00620,2026-06-10,5,97,7,3,7.22
MBX00620,2026-06-11,7,94,4,2,4.26
MBX00620,2026-06-12,6,102,6,1,5.88
MBX00620,2026-06-13,0,14,1,0,7.14
MBX00620,2026-06-14,2,20,2,0,10.0
MBX00620,2026-06-15,12,95,5,0,5.26
MBX00620,2026-06-16,14,107,9,1,8.41
MBX00620,2026-06-17,9,87,8,2,9.2
MBX00620,2026-06-18,3,101,4,0,3.96
MBX00620,2026-06-19,6,107,7,2,6.54
MBX00620,2026-06-20,0,11,1,0,9.09
MBX00620,2026-06-21,0,16,1,0,6.25
MBX00620,2026-06-22,8,92,7,0,7.61
MBX00620,2026-06-23,7,109,2,2,1.83
MBX00620,2026-06-24,6,87,6,0,6.9
MBX00620,2026-06-25,8,77,2,2,2.6
MBX00620,2026-06-26,12,87,10,0,11.49
MBX00620,2026-06-27,3,16,0,0,0.0
MBX00620,2026-06-28,1,20,4,1,20.0
MBX00620,2026-06-29,9,94,12,0,12.77
MBX00620,2026-06-30,7,97,6,3,6.19
MBX00620,2026-07-01,7,111,10,1,9.01
MBX00620,2026-07-02,6,91,3,1,3.3
MBX00620,2026-07-03,6,70,6,1,8.57
MBX00620,2026-07-04,0,13,1,0,7.69
MBX00620,2026-07-05,0,11,0,1,0.0
MBX00620,2026-07-06,12,115,8,1,6.96
MBX00620,2026-07-07,5,97,12,1,12.37
MBX00620,2026-07-08,7,99,5,0,5.05
MBX00620,2026-07-09,9,113,5,0,4.42
MBX00620,2026-07-10,5,95,2,0,2.11
MBX00620,2026-07-11,1,12,1,0,8.33
MBX00620,2026-07-12,1,22,2,0,9.09
MBX00620,2026-07-13,5,111,2,1,1.8
MBX00620,2026-07-14,5,108,8,1,7.41
MBX00620,2026-07-15,5,82,4,0,4.88
MBX00620,2026-07-16,8,86,5,1,5.81
MBX00620,2026-07-17,8,107,4,1,3.74
MBX00620,2026-07-18,2,8,1,0,12.5
MBX00620,2026-07-19,1,11,1,0,9.09
MBX00620,2026-07-20,8,92,4,0,4.35
MBX00620,2026-07-21,12,85,5,3,5.88
MBX00620,2026-07-22,7,131,9,0,6.87
MBX00620,2026-07-23,7,96,8,3,8.33
MBX00620,2026-07-24,5,98,7,0,7.14
MBX00290,2026-04-26,1,0,0,0,0.0
MBX00290,2026-04-27,2,5,0,0,0.0
MBX00290,2026-04-28,6,3,0,0,0.0
MBX00290,2026-04-29,6,5,0,0,0.0
MBX00290,2026-04-30,3,6,0,0,0.0
MBX00290,2026-05-01,4,4,1,0,25.0
MBX00290,2026-05-02,0,0,0,0,0.0
MBX00290,2026-05-03,0,0,0,0,0.0
MBX00290,2026-05-04,5,2,0,1,0.0
MBX00290,2026-05-05,4,6,0,0,0.0
MBX00290,2026-05-06,2,1,0,0,0.0
MBX00290,2026-05-07,3,4,0,0,0.0
MBX00290,2026-05-08,1,5,0,0,0.0
MBX00290,2026-05-09,2,1,0,0,0.0
MBX00290,2026-05-10,1,0,0,0,0.0
MBX00290,2026-05-11,2,5,1,0,20.0
MBX00290,2026-05-12,8,7,0,0,0.0
MBX00290,2026-05-13,5,6,0,0,0.0
MBX00290,2026-05-14,5,2,0,0,0.0
MBX00290,2026-05-15,7,2,0,1,0.0
MBX00290,2026-05-16,0,0,0,0,0.0
MBX00290,2026-05-17,0,2,0,0,0.0
MBX00290,2026-05-18,2,4,0,0,0.0
MBX00290,2026-05-19,4,3,0,0,0.0
MBX00290,2026-05-20,5,6,0,0,0.0
MBX00290,2026-05-21,4,4,0,0,0.0
MBX00290,2026-05-22,2,7,0,0,0.0
MBX00290,2026-05-23,1,0,0,0,0.0
MBX00290,2026-05-24,2,0,0,0,0.0
MBX00290,2026-05-25,6,5,0,0,0.0
MBX00290,2026-05-26,6,2,0,0,0.0
MBX00290,2026-05-27,3,5,0,0,0.0
MBX00290,2026-05-28,3,7,0,0,0.0
MBX00290,2026-05-29,7,2,0,0,0.0
MBX00290,2026-05-30,0,2,0,0,0.0
MBX00290,2026-05-31,0,0,0,0,0.0
MBX00290,2026-06-01,3,5,1,0,20.0
MBX00290,2026-06-02,6,1,0,0,0.0
MBX00290,2026-06-03,1,4,0,0,0.0
MBX00290,2026-06-04,6,4,0,0,0.0
MBX00290,2026-06-05,5,5,0,1,0.0
MBX00290,2026-06-06,0,1,0,1,0.0
MBX00290,2026-06-07,1,0,0,0,0.0
MBX00290,2026-06-08,3,9,1,0,11.11
MBX00290,2026-06-09,4,3,0,1,0.0
MBX00290,2026-06-10,6,7,0,0,0.0
MBX00290,2026-06-11,2,3,0,0,0.0
MBX00290,2026-06-12,4,2,0,0,0.0
MBX00290,2026-06-13,0,1,0,0,0.0
MBX00290,2026-06-14,0,0,0,0,0.0
MBX00290,2026-06-15,3,3,0,0,0.0
MBX00290,2026-06-16,4,5,0,0,0.0
MBX00290,2026-06-17,6,5,0,0,0.0
MBX00290,2026-06-18,2,4,1,0,25.0
MBX00290,2026-06-19,2,7,0,0,0.0
MBX00290,2026-06-20,0,1,0,0,0.0
MBX00290,2026-06-21,2,1,0,0,0.0
MBX00290,2026-06-22,4,5,0,0,0.0
MBX00290,2026-06-23,7,4,0,0,0.0
MBX00290,2026-06-24,2,3,0,0,0.0
MBX00290,2026-06-25,2,8,1,0,12.5
MBX00290,2026-06-26,4,6,0,1,0.0
MBX00290,2026-06-27,2,1,0,0,0.0
MBX00290,2026-06-28,1,1,0,1,0.0
MBX00290,2026-06-29,5,4,0,0,0.0
MBX00290,2026-06-30,5,7,2,0,28.57
MBX00290,2026-07-01,3,4,0,0,0.0
MBX00290,2026-07-02,4,4,1,0,25.0
MBX00290,2026-07-03,3,5,1,0,20.0
MBX00290,2026-07-04,1,0,0,0,0.0
MBX00290,2026-07-05,0,1,0,0,0.0
MBX00290,2026-07-06,5,6,0,0,0.0
MBX00290,2026-07-07,7,5,0,0,0.0
MBX00290,2026-07-08,3,3,0,0,0.0
MBX00290,2026-07-09,1,5,0,0,0.0
MBX00290,2026-07-10,4,5,0,0,0.0
MBX00290,2026-07-11,2,0,0,0,0.0
MBX00290,2026-07-12,2,0,0,0,0.0
MBX00290,2026-07-13,3,2,0,0,0.0
MBX00290,2026-07-14,3,3,0,0,0.0
MBX00290,2026-07-15,1,4,1,0,25.0
MBX00290,2026-07-16,1,4,0,0,0.0
MBX00290,2026-07-17,2,7,0,0,0.0
MBX00290,2026-07-18,0,2,1,0,50.0
MBX00290,2026-07-19,0,0,0,0,0.0
MBX00290,2026-07-20,2,3,0,0,0.0
MBX00290,2026-07-21,3,2,0,0,0.0
MBX00290,2026-07-22,8,2,0,0,0.0
MBX00290,2026-07-23,3,5,1,0,20.0
MBX00290,2026-07-24,4,8,0,0,0.0
MBX00521,2026-04-26,2,4,0,0,0.0
MBX00521,2026-04-27,30,22,1,1,4.55
MBX00521,2026-04-28,18,16,2,0,12.5
MBX00521,2026-04-29,34,22,1,1,4.55
MBX00521,2026-04-30,28,17,2,0,11.76
MBX00521,2026-05-01,29,23,1,1,4.35
MBX00521,2026-05-02,5,3,0,0,0.0
MBX00521,2026-05-03,4,3,1,0,33.33
MBX00521,2026-05-04,39,16,4,0,25.0
MBX00521,2026-05-05,28,27,1,0,3.7
MBX00521,2026-05-06,34,13,1,1,7.69
MBX00521,2026-05-07,18,20,4,0,20.0
MBX00521,2026-05-08,23,19,0,1,0.0
MBX00521,2026-05-09,5,2,0,0,0.0
MBX00521,2026-05-10,5,8,0,0,0.0
MBX00521,2026-05-11,32,13,0,0,0.0
MBX00521,2026-05-12,30,18,2,1,11.11
MBX00521,2026-05-13,41,29,6,0,20.69
MBX00521,2026-05-14,27,21,0,1,0.0
MBX00521,2026-05-15,23,21,1,0,4.76
MBX00521,2026-05-16,6,1,0,0,0.0
MBX00521,2026-05-17,5,2,0,1,0.0
MBX00521,2026-05-18,36,14,2,0,14.29
MBX00521,2026-05-19,34,17,1,1,5.88
MBX00521,2026-05-20,33,19,1,1,5.26
MBX00521,2026-05-21,36,12,1,1,8.33
MBX00521,2026-05-22,31,23,2,0,8.7
MBX00521,2026-05-23,8,1,0,0,0.0
MBX00521,2026-05-24,7,1,0,0,0.0
MBX00521,2026-05-25,32,17,0,1,0.0
MBX00521,2026-05-26,32,16,0,1,0.0
MBX00521,2026-05-27,28,10,0,0,0.0
MBX00521,2026-05-28,29,14,1,0,7.14
MBX00521,2026-05-29,28,17,0,1,0.0
MBX00521,2026-05-30,0,2,0,0,0.0
MBX00521,2026-05-31,0,0,0,0,0.0
MBX00521,2026-06-01,24,15,2,1,13.33
MBX00521,2026-06-02,31,19,1,0,5.26
MBX00521,2026-06-03,38,12,2,2,16.67
MBX00521,2026-06-04,26,14,1,1,7.14
MBX00521,2026-06-05,27,24,0,0,0.0
MBX00521,2026-06-06,4,3,0,0,0.0
MBX00521,2026-06-07,4,3,0,0,0.0
MBX00521,2026-06-08,15,17,1,0,5.88
MBX00521,2026-06-09,27,19,0,0,0.0
MBX00521,2026-06-10,21,15,0,0,0.0
MBX00521,2026-06-11,27,21,3,0,14.29
MBX00521,2026-06-12,23,12,0,0,0.0
MBX00521,2026-06-13,2,3,0,0,0.0
MBX00521,2026-06-14,5,0,0,0,0.0
MBX00521,2026-06-15,34,14,0,0,0.0
MBX00521,2026-06-16,30,14,0,0,0.0
MBX00521,2026-06-17,34,26,1,0,3.85
MBX00521,2026-06-18,28,21,0,0,0.0
MBX00521,2026-06-19,36,19,0,1,0.0
MBX00521,2026-06-20,7,4,0,0,0.0
MBX00521,2026-06-21,8,4,1,0,25.0
MBX00521,2026-06-22,24,28,1,2,3.57
MBX00521,2026-06-23,31,23,3,1,13.04
MBX00521,2026-06-24,35,23,0,3,0.0
MBX00521,2026-06-25,34,14,0,1,0.0
MBX00521,2026-06-26,24,14,2,0,14.29
MBX00521,2026-06-27,3,4,0,0,0.0
MBX00521,2026-06-28,0,2,0,0,0.0
MBX00521,2026-06-29,19,22,0,0,0.0
MBX00521,2026-06-30,30,17,2,1,11.76
MBX00521,2026-07-01,34,21,3,1,14.29
MBX00521,2026-07-02,34,20,1,0,5.0
MBX00521,2026-07-03,28,16,0,0,0.0
MBX00521,2026-07-04,3,0,0,0,0.0
MBX00521,2026-07-05,5,1,0,0,0.0
MBX00521,2026-07-06,27,15,0,0,0.0
MBX00521,2026-07-07,39,21,0,0,0.0
MBX00521,2026-07-08,27,12,1,0,8.33
MBX00521,2026-07-09,24,29,1,0,3.45
MBX00521,2026-07-10,40,14,1,0,7.14
MBX00521,2026-07-11,4,2,0,0,0.0
MBX00521,2026-07-12,3,2,0,0,0.0
MBX00521,2026-07-13,28,23,0,1,0.0
MBX00521,2026-07-14,34,19,1,0,5.26
MBX00521,2026-07-15,29,12,1,0,8.33
MBX00521,2026-07-16,29,19,2,0,10.53
MBX00521,2026-07-17,28,13,0,0,0.0
MBX00521,2026-07-18,7,4,0,0,0.0
MBX00521,2026-07-19,6,4,0,0,0.0
MBX00521,2026-07-20,36,24,2,0,8.33
MBX00521,2026-07-21,26,16,1,0,6.25
MBX00521,2026-07-22,27,19,2,1,10.53
MBX00521,2026-07-23,25,17,0,0,0.0
MBX00521,2026-07-24,33,20,1,0,5.0
MBX00121,2026-04-26,3,13,0,0,0.0
MBX00121,2026-04-27,17,56,5,2,8.93
MBX00121,2026-04-28,17,69,2,0,2.9
MBX00121,2026-04-29,8,65,5,1,7.69
MBX00121,2026-04-30,12,59,6,1,10.17
MBX00121,2026-05-01,16,79,7,0,8.86
MBX00121,2026-05-02,4,15,1,0,6.67
MBX00121,2026-05-03,8,11,0,0,0.0
MBX00121,2026-05-04,18,70,9,2,12.86
MBX00121,2026-05-05,12,63,4,2,6.35
MBX00121,2026-05-06,13,71,3,1,4.23
MBX00121,2026-05-07,12,71,4,0,5.63
MBX00121,2026-05-08,10,66,3,0,4.55
MBX00121,2026-05-09,2,13,0,0,0.0
MBX00121,2026-05-10,2,10,2,0,20.0
MBX00121,2026-05-11,17,64,4,1,6.25
MBX00121,2026-05-12,20,58,1,0,1.72
MBX00121,2026-05-13,10,75,2,2,2.67
MBX00121,2026-05-14,12,94,4,1,4.26
MBX00121,2026-05-15,9,75,6,1,8.0
MBX00121,2026-05-16,4,7,0,0,0.0
MBX00121,2026-05-17,2,9,0,0,0.0
MBX00121,2026-05-18,11,64,6,0,9.38
MBX00121,2026-05-19,16,70,1,0,1.43
MBX00121,2026-05-20,16,80,2,0,2.5
MBX00121,2026-05-21,17,58,3,1,5.17
MBX00121,2026-05-22,15,81,7,1,8.64
MBX00121,2026-05-23,3,6,1,0,16.67
MBX00121,2026-05-24,1,14,0,0,0.0
MBX00121,2026-05-25,17,71,7,0,9.86
MBX00121,2026-05-26,19,79,2,0,2.53
MBX00121,2026-05-27,18,79,5,2,6.33
MBX00121,2026-05-28,17,57,5,1,8.77
MBX00121,2026-05-29,6,68,4,0,5.88
MBX00121,2026-05-30,3,13,2,1,15.38
MBX00121,2026-05-31,2,7,1,0,14.29
MBX00121,2026-06-01,18,66,4,1,6.06
MBX00121,2026-06-02,11,73,8,0,10.96
MBX00121,2026-06-03,18,67,1,1,1.49
MBX00121,2026-06-04,15,74,4,2,5.41
MBX00121,2026-06-05,12,80,7,0,8.75
MBX00121,2026-06-06,0,10,1,0,10.0
MBX00121,2026-06-07,3,16,1,1,6.25
MBX00121,2026-06-08,18,74,6,0,8.11
MBX00121,2026-06-09,17,61,5,0,8.2
MBX00121,2026-06-10,13,63,1,0,1.59
MBX00121,2026-06-11,17,59,5,0,8.47
MBX00121,2026-06-12,17,73,4,1,5.48
MBX00121,2026-06-13,2,13,2,0,15.38
MBX00121,2026-06-14,2,8,1,0,12.5
MBX00121,2026-06-15,16,58,6,0,10.34
MBX00121,2026-06-16,10,70,7,1,10.0
MBX00121,2026-06-17,15,75,4,0,5.33
MBX00121,2026-06-18,16,80,3,0,3.75
MBX00121,2026-06-19,11,71,5,0,7.04
MBX00121,2026-06-20,3,9,0,0,0.0
MBX00121,2026-06-21,0,11,0,0,0.0
MBX00121,2026-06-22,16,70,2,1,2.86
MBX00121,2026-06-23,14,65,5,2,7.69
MBX00121,2026-06-24,14,61,4,0,6.56
MBX00121,2026-06-25,15,61,1,3,1.64
MBX00121,2026-06-26,18,58,5,1,8.62
MBX00121,2026-06-27,3,20,1,0,5.0
MBX00121,2026-06-28,2,11,0,0,0.0
MBX00121,2026-06-29,15,63,4,1,6.35
MBX00121,2026-06-30,9,66,5,0,7.58
MBX00121,2026-07-01,12,73,2,1,2.74
MBX00121,2026-07-02,16,56,2,1,3.57
MBX00121,2026-07-03,21,81,4,0,4.94
MBX00121,2026-07-04,2,9,1,0,11.11
MBX00121,2026-07-05,2,8,1,0,12.5
MBX00121,2026-07-06,16,60,3,0,5.0
MBX00121,2026-07-07,13,76,6,1,7.89
MBX00121,2026-07-08,11,83,3,1,3.61
MBX00121,2026-07-09,12,63,4,0,6.35
MBX00121,2026-07-10,16,60,2,1,3.33
MBX00121,2026-07-11,2,11,1,0,9.09
MBX00121,2026-07-12,2,8,1,0,12.5
MBX00121,2026-07-13,18,88,13,4,14.77
MBX00121,2026-07-14,23,56,1,1,1.79
MBX00121,2026-07-15,19,66,4,0,6.06
MBX00121,2026-07-16,18,56,4,0,7.14
MBX00121,2026-07-17,14,58,1,1,1.72
MBX00121,2026-07-18,6,13,0,0,0.0
MBX00121,2026-07-19,1,8,1,0,12.5
MBX00121,2026-07-20,21,62,4,3,6.45
MBX00121,2026-07-21,13,81,5,2,6.17
MBX00121,2026-07-22,21,62,3,2,4.84
MBX00121,2026-07-23,21,76,7,1,9.21
MBX00121,2026-07-24,23,71,1,0,1.41
MBX00050,2026-04-26,2,23,1,0,4.35
MBX00050,2026-04-27,16,101,8,0,7.92
MBX00050,2026-04-28,20,103,7,3,6.8
MBX00050,2026-04-29,21,90,4,3,4.44
MBX00050,2026-04-30,25,94,6,0,6.38
MBX00050,2026-05-01,22,98,7,1,7.14
MBX00050,2026-05-02,1,9,1,0,11.11
MBX00050,2026-05-03,4,17,1,0,5.88
MBX00050,2026-05-04,19,102,6,1,5.88
MBX00050,2026-05-05,20,97,7,1,7.22
MBX00050,2026-05-06,27,99,10,1,10.1
MBX00050,2026-05-07,15,103,4,3,3.88
MBX00050,2026-05-08,13,90,3,0,3.33
MBX00050,2026-05-09,1,9,1,0,11.11
MBX00050,2026-05-10,1,13,1,0,7.69
MBX00050,2026-05-11,20,105,4,1,3.81
MBX00050,2026-05-12,19,112,5,2,4.46
MBX00050,2026-05-13,19,79,7,0,8.86
MBX00050,2026-05-14,25,92,4,3,4.35
MBX00050,2026-05-15,24,98,8,1,8.16
MBX00050,2026-05-16,1,10,0,0,0.0
MBX00050,2026-05-17,6,15,0,0,0.0
MBX00050,2026-05-18,19,110,4,0,3.64
MBX00050,2026-05-19,19,90,7,1,7.78
MBX00050,2026-05-20,21,104,3,2,2.88
MBX00050,2026-05-21,16,101,8,2,7.92
MBX00050,2026-05-22,30,93,2,1,2.15
MBX00050,2026-05-23,1,22,0,0,0.0
MBX00050,2026-05-24,1,14,0,1,0.0
MBX00050,2026-05-25,15,89,6,1,6.74
MBX00050,2026-05-26,19,94,9,0,9.57
MBX00050,2026-05-27,16,104,9,0,8.65
MBX00050,2026-05-28,12,75,3,1,4.0
MBX00050,2026-05-29,30,90,6,2,6.67
MBX00050,2026-05-30,2,22,1,0,4.55
MBX00050,2026-05-31,1,12,0,1,0.0
MBX00050,2026-06-01,25,96,6,0,6.25
MBX00050,2026-06-02,14,109,6,0,5.5
MBX00050,2026-06-03,22,86,6,0,6.98
MBX00050,2026-06-04,15,91,7,2,7.69
MBX00050,2026-06-05,16,103,8,1,7.77
MBX00050,2026-06-06,3,14,1,0,7.14
MBX00050,2026-06-07,0,20,1,0,5.0
MBX00050,2026-06-08,16,94,6,2,6.38
MBX00050,2026-06-09,15,86,4,1,4.65
MBX00050,2026-06-10,19,102,4,2,3.92
MBX00050,2026-06-11,18,102,6,0,5.88
MBX00050,2026-06-12,26,99,5,1,5.05
MBX00050,2026-06-13,0,12,0,0,0.0
MBX00050,2026-06-14,5,12,0,0,0.0
MBX00050,2026-06-15,25,95,2,2,2.11
MBX00050,2026-06-16,21,88,2,3,2.27
MBX00050,2026-06-17,25,100,1,3,1.0
MBX00050,2026-06-18,23,113,9,1,7.96
MBX00050,2026-06-19,16,109,9,1,8.26
MBX00050,2026-06-20,2,13,1,0,7.69
MBX00050,2026-06-21,3,13,1,0,7.69
MBX00050,2026-06-22,12,104,3,0,2.88
MBX00050,2026-06-23,28,99,7,0,7.07
MBX00050,2026-06-24,23,107,8,1,7.48
MBX00050,2026-06-25,21,94,8,1,8.51
MBX00050,2026-06-26,13,103,5,1,4.85
MBX00050,2026-06-27,0,19,2,0,10.53
MBX00050,2026-06-28,4,21,0,0,0.0
MBX00050,2026-06-29,18,101,4,0,3.96
MBX00050,2026-06-30,19,124,6,1,4.84
MBX00050,2026-07-01,25,96,4,0,4.17
MBX00050,2026-07-02,27,82,5,0,6.1
MBX00050,2026-07-03,23,95,3,2,3.16
MBX00050,2026-07-04,3,18,1,0,5.56
MBX00050,2026-07-05,2,13,1,0,7.69
MBX00050,2026-07-06,20,101,4,1,3.96
MBX00050,2026-07-07,20,82,4,1,4.88
MBX00050,2026-07-08,25,86,1,2,1.16
MBX00050,2026-07-09,16,110,4,3,3.64
MBX00050,2026-07-10,16,90,3,3,3.33
MBX00050,2026-07-11,1,13,2,0,15.38
MBX00050,2026-07-12,4,15,0,0,0.0
MBX00050,2026-07-13,25,93,6,1,6.45
MBX00050,2026-07-14,18,85,11,1,12.94
MBX00050,2026-07-15,12,106,2,0,1.89
MBX00050,2026-07-16,17,95,6,0,6.32
MBX00050,2026-07-17,17,108,3,3,2.78
MBX00050,2026-07-18,6,17,1,0,5.88
MBX00050,2026-07-19,3,17,1,1,5.88
MBX00050,2026-07-20,16,96,7,0,7.29
MBX00050,2026-07-21,18,87,8,1,9.2
MBX00050,2026-07-22,21,95,5,1,5.26
MBX00050,2026-07-23,20,86,4,1,4.65
MBX00050,2026-07-24,15,109,6,2,5.5
MBX00717,2026-04-26,0,4,1,0,25.0
MBX00717,2026-04-27,5,36,1,0,2.78
MBX00717,2026-04-28,5,28,1,2,3.57
MBX00717,2026-04-29,10,33,2,0,6.06
MBX00717,2026-04-30,6,33,2,0,6.06
MBX00717,2026-05-01,9,29,2,1,6.9
MBX00717,2026-05-02,0,4,0,0,0.0
MBX00717,2026-05-03,0,6,0,0,0.0
MBX00717,2026-05-04,17,30,2,0,6.67
MBX00717,2026-05-05,14,37,4,1,10.81
MBX00717,2026-05-06,8,33,4,0,12.12
MBX00717,2026-05-07,16,33,2,0,6.06
MBX00717,2026-05-08,9,38,2,1,5.26
MBX00717,2026-05-09,1,4,0,0,0.0
MBX00717,2026-05-10,2,3,0,0,0.0
MBX00717,2026-05-11,8,36,1,0,2.78
MBX00717,2026-05-12,12,29,5,0,17.24
MBX00717,2026-05-13,5,34,2,3,5.88
MBX00717,2026-05-14,7,43,3,1,6.98
MBX00717,2026-05-15,9,32,2,0,6.25
MBX00717,2026-05-16,2,3,0,0,0.0
MBX00717,2026-05-17,1,6,1,0,16.67
MBX00717,2026-05-18,17,37,2,0,5.41
MBX00717,2026-05-19,11,34,3,1,8.82
MBX00717,2026-05-20,14,29,1,0,3.45
MBX00717,2026-05-21,7,35,2,0,5.71
MBX00717,2026-05-22,6,42,4,1,9.52
MBX00717,2026-05-23,1,4,0,0,0.0
MBX00717,2026-05-24,2,7,0,0,0.0
MBX00717,2026-05-25,12,41,2,0,4.88
MBX00717,2026-05-26,8,37,1,0,2.7
MBX00717,2026-05-27,6,33,2,1,6.06
MBX00717,2026-05-28,8,34,3,1,8.82
MBX00717,2026-05-29,11,35,2,2,5.71
MBX00717,2026-05-30,1,10,0,0,0.0
MBX00717,2026-05-31,2,7,0,0,0.0
MBX00717,2026-06-01,6,43,0,1,0.0
MBX00717,2026-06-02,10,33,4,0,12.12
MBX00717,2026-06-03,11,38,3,1,7.89
MBX00717,2026-06-04,11,29,1,0,3.45
MBX00717,2026-06-05,6,34,3,0,8.82
MBX00717,2026-06-06,3,5,0,0,0.0
MBX00717,2026-06-07,1,9,0,0,0.0
MBX00717,2026-06-08,5,30,0,1,0.0
MBX00717,2026-06-09,7,31,3,0,9.68
MBX00717,2026-06-10,10,28,4,0,14.29
MBX00717,2026-06-11,8,41,4,0,9.76
MBX00717,2026-06-12,12,28,2,1,7.14
MBX00717,2026-06-13,1,6,0,0,0.0
MBX00717,2026-06-14,1,1,0,0,0.0
MBX00717,2026-06-15,7,35,0,2,0.0
MBX00717,2026-06-16,8,29,1,1,3.45
MBX00717,2026-06-17,12,31,1,0,3.23
MBX00717,2026-06-18,7,32,2,0,6.25
MBX00717,2026-06-19,9,31,2,1,6.45
MBX00717,2026-06-20,0,5,0,0,0.0
MBX00717,2026-06-21,2,3,0,0,0.0
MBX00717,2026-06-22,8,20,2,1,10.0
MBX00717,2026-06-23,9,38,1,1,2.63
MBX00717,2026-06-24,7,34,3,0,8.82
MBX00717,2026-06-25,6,33,1,3,3.03
MBX00717,2026-06-26,11,39,4,2,10.26
MBX00717,2026-06-27,2,8,0,0,0.0
MBX00717,2026-06-28,2,3,1,0,33.33
MBX00717,2026-06-29,10,32,3,3,9.38
MBX00717,2026-06-30,12,43,4,2,9.3
MBX00717,2026-07-01,7,33,1,0,3.03
MBX00717,2026-07-02,9,36,2,0,5.56
MBX00717,2026-07-03,13,34,0,0,0.0
MBX00717,2026-07-04,3,6,0,1,0.0
MBX00717,2026-07-05,1,10,2,0,20.0
MBX00717,2026-07-06,13,40,1,0,2.5
MBX00717,2026-07-07,10,35,3,0,8.57
MBX00717,2026-07-08,15,34,2,1,5.88
MBX00717,2026-07-09,9,33,3,0,9.09
MBX00717,2026-07-10,12,35,1,1,2.86
MBX00717,2026-07-11,1,12,0,0,0.0
MBX00717,2026-07-12,0,7,0,0,0.0
MBX00717,2026-07-13,6,47,4,0,8.51
MBX00717,2026-07-14,6,26,2,0,7.69
MBX00717,2026-07-15,9,30,2,1,6.67
MBX00717,2026-07-16,14,41,0,1,0.0
MBX00717,2026-07-17,9,31,3,0,9.68
MBX00717,2026-07-18,0,6,1,0,16.67
MBX00717,2026-07-19,2,10,0,1,0.0
MBX00717,2026-07-20,15,29,2,0,6.9
MBX00717,2026-07-21,9,31,1,1,3.23
MBX00717,2026-07-22,12,23,2,0,8.7
MBX00717,2026-07-23,2,28,2,0,7.14
MBX00717,2026-07-24,8,41,2,0,4.88
MBX00136,2026-04-26,3,2,0,0,0.0
MBX00136,2026-04-27,45,21,1,1,4.76
MBX00136,2026-04-28,35,29,4,1,13.79
MBX00136,2026-04-29,42,19,2,0,10.53
MBX00136,2026-04-30,31,28,2,0,7.14
MBX00136,2026-05-01,31,23,2,1,8.7
MBX00136,2026-05-02,8,1,0,0,0.0
MBX00136,2026-05-03,6,5,0,1,0.0
MBX00136,2026-05-04,45,29,1,3,3.45
MBX00136,2026-05-05,31,25,3,0,12.0
MBX00136,2026-05-06,37,27,2,2,7.41
MBX00136,2026-05-07,37,23,1,1,4.35
MBX00136,2026-05-08,31,32,0,0,0.0
MBX00136,2026-05-09,7,4,0,0,0.0
MBX00136,2026-05-10,4,3,0,0,0.0
MBX00136,2026-05-11,38,26,2,0,7.69
MBX00136,2026-05-12,37,21,3,0,14.29
MBX00136,2026-05-13,39,29,2,2,6.9
MBX00136,2026-05-14,36,22,1,0,4.55
MBX00136,2026-05-15,52,21,2,0,9.52
MBX00136,2026-05-16,6,1,0,0,0.0
MBX00136,2026-05-17,8,2,0,0,0.0
MBX00136,2026-05-18,26,29,2,0,6.9
MBX00136,2026-05-19,34,25,2,0,8.0
MBX00136,2026-05-20,34,24,1,0,4.17
MBX00136,2026-05-21,45,26,1,0,3.85
MBX00136,2026-05-22,35,19,1,0,5.26
MBX00136,2026-05-23,4,4,0,0,0.0
MBX00136,2026-05-24,5,3,0,0,0.0
MBX00136,2026-05-25,34,20,1,1,5.0
MBX00136,2026-05-26,37,28,0,0,0.0
MBX00136,2026-05-27,35,26,2,2,7.69
MBX00136,2026-05-28,41,16,2,0,12.5
MBX00136,2026-05-29,35,28,4,1,14.29
MBX00136,2026-05-30,5,2,0,0,0.0
MBX00136,2026-05-31,2,3,0,0,0.0
MBX00136,2026-06-01,37,25,1,2,4.0
MBX00136,2026-06-02,40,26,1,0,3.85
MBX00136,2026-06-03,43,30,1,0,3.33
MBX00136,2026-06-04,40,26,2,1,7.69
MBX00136,2026-06-05,40,17,2,1,11.76
MBX00136,2026-06-06,2,5,1,0,20.0
MBX00136,2026-06-07,5,5,1,0,20.0
MBX00136,2026-06-08,55,19,3,1,15.79
MBX00136,2026-06-09,37,36,1,0,2.78
MBX00136,2026-06-10,35,20,1,0,5.0
MBX00136,2026-06-11,30,22,3,1,13.64
MBX00136,2026-06-12,27,32,1,0,3.12
MBX00136,2026-06-13,4,5,0,0,0.0
MBX00136,2026-06-14,4,3,0,0,0.0
MBX00136,2026-06-15,32,34,1,0,2.94
MBX00136,2026-06-16,34,32,2,1,6.25
MBX00136,2026-06-17,36,25,1,0,4.0
MBX00136,2026-06-18,34,26,1,2,3.85
MBX00136,2026-06-19,38,17,2,1,11.76
MBX00136,2026-06-20,11,7,0,0,0.0
MBX00136,2026-06-21,5,3,0,0,0.0
MBX00136,2026-06-22,37,20,0,0,0.0
MBX00136,2026-06-23,32,18,3,0,16.67
MBX00136,2026-06-24,34,24,2,0,8.33
MBX00136,2026-06-25,35,27,2,0,7.41
MBX00136,2026-06-26,41,21,2,0,9.52
MBX00136,2026-06-27,5,3,0,0,0.0
MBX00136,2026-06-28,6,1,0,0,0.0
MBX00136,2026-06-29,41,32,2,1,6.25
MBX00136,2026-06-30,43,25,2,2,8.0
MBX00136,2026-07-01,36,24,2,0,8.33
MBX00136,2026-07-02,49,23,0,0,0.0
MBX00136,2026-07-03,32,18,1,0,5.56
MBX00136,2026-07-04,3,5,3,0,60.0
MBX00136,2026-07-05,7,4,0,0,0.0
MBX00136,2026-07-06,33,28,3,0,10.71
MBX00136,2026-07-07,37,16,0,0,0.0
MBX00136,2026-07-08,44,29,0,1,0.0
MBX00136,2026-07-09,37,22,3,0,13.64
MBX00136,2026-07-10,32,22,2,2,9.09
MBX00136,2026-07-11,4,6,0,0,0.0
MBX00136,2026-07-12,2,2,0,0,0.0
MBX00136,2026-07-13,45,17,1,0,5.88
MBX00136,2026-07-14,30,30,0,1,0.0
MBX00136,2026-07-15,33,31,3,0,9.68
MBX00136,2026-07-16,39,25,1,0,4.0
MBX00136,2026-07-17,35,28,3,0,10.71
MBX00136,2026-07-18,8,0,0,0,0.0
MBX00136,2026-07-19,4,8,1,1,12.5
MBX00136,2026-07-20,33,30,1,2,3.33
MBX00136,2026-07-21,38,25,2,0,8.0
MBX00136,2026-07-22,41,24,2,2,8.33
MBX00136,2026-07-23,47,33,3,1,9.09
MBX00136,2026-07-24,35,23,1,0,4.35
MBX00387,2026-04-26,1,15,1,0,6.67
MBX00387,2026-04-27,5,87,4,1,4.6
MBX00387,2026-04-28,12,104,5,1,4.81
MBX00387,2026-04-29,7,99,3,5,3.03
MBX00387,2026-04-30,7,109,11,0,10.09
MBX00387,2026-05-01,9,122,9,0,7.38
MBX00387,2026-05-02,1,17,2,0,11.76
MBX00387,2026-05-03,3,12,0,0,0.0
MBX00387,2026-05-04,10,99,10,1,10.1
MBX00387,2026-05-05,8,97,0,0,0.0
MBX00387,2026-05-06,5,108,3,0,2.78
MBX00387,2026-05-07,9,113,7,2,6.19
MBX00387,2026-05-08,12,97,4,1,4.12
MBX00387,2026-05-09,0,19,1,0,5.26
MBX00387,2026-05-10,0,12,0,0,0.0
MBX00387,2026-05-11,10,117,8,0,6.84
MBX00387,2026-05-12,9,95,4,0,4.21
MBX00387,2026-05-13,10,102,5,2,4.9
MBX00387,2026-05-14,8,106,4,0,3.77
MBX00387,2026-05-15,5,112,0,1,0.0
MBX00387,2026-05-16,2,17,2,0,11.76
MBX00387,2026-05-17,0,17,1,0,5.88
MBX00387,2026-05-18,8,103,8,1,7.77
MBX00387,2026-05-19,9,116,6,3,5.17
MBX00387,2026-05-20,9,110,9,3,8.18
MBX00387,2026-05-21,11,94,8,1,8.51
MBX00387,2026-05-22,12,106,5,0,4.72
MBX00387,2026-05-23,0,17,0,0,0.0
MBX00387,2026-05-24,2,15,0,1,0.0
MBX00387,2026-05-25,6,107,8,2,7.48
MBX00387,2026-05-26,9,113,4,0,3.54
MBX00387,2026-05-27,6,117,3,1,2.56
MBX00387,2026-05-28,8,121,9,0,7.44
MBX00387,2026-05-29,15,114,9,0,7.89
MBX00387,2026-05-30,2,15,0,0,0.0
MBX00387,2026-05-31,0,17,1,0,5.88
MBX00387,2026-06-01,5,98,4,1,4.08
MBX00387,2026-06-02,15,102,8,1,7.84
MBX00387,2026-06-03,6,124,10,0,8.06
MBX00387,2026-06-04,12,93,2,3,2.15
MBX00387,2026-06-05,12,88,7,2,7.95
MBX00387,2026-06-06,3,16,0,0,0.0
MBX00387,2026-06-07,0,17,1,0,5.88
MBX00387,2026-06-08,9,90,6,0,6.67
MBX00387,2026-06-09,9,127,9,0,7.09
MBX00387,2026-06-10,5,116,11,1,9.48
MBX00387,2026-06-11,12,123,8,3,6.5
MBX00387,2026-06-12,10,90,6,1,6.67
MBX00387,2026-06-13,6,16,0,1,0.0
MBX00387,2026-06-14,3,12,1,0,8.33
MBX00387,2026-06-15,6,107,10,0,9.35
MBX00387,2026-06-16,15,122,7,1,5.74
MBX00387,2026-06-17,11,90,9,1,10.0
MBX00387,2026-06-18,7,129,8,2,6.2
MBX00387,2026-06-19,9,112,8,0,7.14
MBX00387,2026-06-20,1,13,0,0,0.0
MBX00387,2026-06-21,2,12,0,0,0.0
MBX00387,2026-06-22,12,123,6,1,4.88
MBX00387,2026-06-23,18,92,7,1,7.61
MBX00387,2026-06-24,8,111,10,1,9.01
MBX00387,2026-06-25,6,119,2,0,1.68
MBX00387,2026-06-26,10,106,9,1,8.49
MBX00387,2026-06-27,3,18,2,1,11.11
MBX00387,2026-06-28,2,10,1,0,10.0
MBX00387,2026-06-29,6,106,4,1,3.77
MBX00387,2026-06-30,9,96,3,0,3.12
MBX00387,2026-07-01,13,86,7,1,8.14
MBX00387,2026-07-02,9,96,3,1,3.12
MBX00387,2026-07-03,10,113,7,1,6.19
MBX00387,2026-07-04,0,20,3,0,15.0
MBX00387,2026-07-05,0,12,1,0,8.33
MBX00387,2026-07-06,9,111,7,0,6.31
MBX00387,2026-07-07,9,109,5,0,4.59
MBX00387,2026-07-08,4,108,5,3,4.63
MBX00387,2026-07-09,13,81,5,0,6.17
MBX00387,2026-07-10,12,138,13,4,9.42
MBX00387,2026-07-11,3,23,0,0,0.0
MBX00387,2026-07-12,1,15,3,0,20.0
MBX00387,2026-07-13,7,128,8,5,6.25
MBX00387,2026-07-14,9,112,6,1,5.36
MBX00387,2026-07-15,5,115,7,0,6.09
MBX00387,2026-07-16,6,90,5,1,5.56
MBX00387,2026-07-17,8,109,8,1,7.34
MBX00387,2026-07-18,0,22,1,0,4.55
MBX00387,2026-07-19,1,20,0,0,0.0
MBX00387,2026-07-20,11,103,4,2,3.88
MBX00387,2026-07-21,9,105,10,1,9.52
MBX00387,2026-07-22,11,123,8,2,6.5
MBX00387,2026-07-23,13,110,7,1,6.36
MBX00387,2026-07-24,11,108,4,0,3.7
MBX00713,2026-04-26,0,0,0,0,0.0
MBX00713,2026-04-27,3,8,0,1,0.0
MBX00713,2026-04-28,1,6,0,0,0.0
MBX00713,2026-04-29,6,5,0,0,0.0
MBX00713,2026-04-30,3,5,0,0,0.0
MBX00713,2026-05-01,2,9,1,0,11.11
MBX00713,2026-05-02,0,1,0,0,0.0
MBX00713,2026-05-03,1,0,0,0,0.0
MBX00713,2026-05-04,4,7,0,0,0.0
MBX00713,2026-05-05,5,4,0,0,0.0
MBX00713,2026-05-06,3,4,0,0,0.0
MBX00713,2026-05-07,3,6,0,0,0.0
MBX00713,2026-05-08,1,7,0,0,0.0
MBX00713,2026-05-09,3,1,0,0,0.0
MBX00713,2026-05-10,0,1,0,0,0.0
MBX00713,2026-05-11,2,4,0,0,0.0
MBX00713,2026-05-12,3,3,0,0,0.0
MBX00713,2026-05-13,3,3,0,0,0.0
MBX00713,2026-05-14,5,4,1,0,25.0
MBX00713,2026-05-15,0,5,0,0,0.0
MBX00713,2026-05-16,0,0,0,0,0.0
MBX00713,2026-05-17,0,1,0,0,0.0
MBX00713,2026-05-18,2,8,1,0,12.5
MBX00713,2026-05-19,0,5,0,0,0.0
MBX00713,2026-05-20,2,4,1,0,25.0
MBX00713,2026-05-21,1,4,1,0,25.0
MBX00713,2026-05-22,3,6,0,0,0.0
MBX00713,2026-05-23,0,0,0,0,0.0
MBX00713,2026-05-24,0,0,0,0,0.0
MBX00713,2026-05-25,1,2,1,0,50.0
MBX00713,2026-05-26,4,4,0,0,0.0
MBX00713,2026-05-27,3,3,0,0,0.0
MBX00713,2026-05-28,3,5,0,0,0.0
MBX00713,2026-05-29,1,3,0,0,0.0
MBX00713,2026-05-30,0,1,0,0,0.0
MBX00713,2026-05-31,1,1,0,0,0.0
MBX00713,2026-06-01,2,5,0,0,0.0
MBX00713,2026-06-02,1,7,1,0,14.29
MBX00713,2026-06-03,2,4,0,0,0.0
MBX00713,2026-06-04,4,8,1,0,12.5
MBX00713,2026-06-05,3,7,0,0,0.0
MBX00713,2026-06-06,1,1,1,0,100.0
MBX00713,2026-06-07,0,0,0,0,0.0
MBX00713,2026-06-08,0,9,0,0,0.0
MBX00713,2026-06-09,1,2,0,0,0.0
MBX00713,2026-06-10,0,8,0,0,0.0
MBX00713,2026-06-11,0,3,0,0,0.0
MBX00713,2026-06-12,1,6,0,0,0.0
MBX00713,2026-06-13,0,0,0,0,0.0
MBX00713,2026-06-14,1,2,0,0,0.0
MBX00713,2026-06-15,1,8,0,0,0.0
MBX00713,2026-06-16,2,5,1,0,20.0
MBX00713,2026-06-17,0,4,0,0,0.0
MBX00713,2026-06-18,3,4,1,0,25.0
MBX00713,2026-06-19,3,6,1,0,16.67
MBX00713,2026-06-20,0,5,0,0,0.0
MBX00713,2026-06-21,1,0,0,0,0.0
MBX00713,2026-06-22,3,3,0,0,0.0
MBX00713,2026-06-23,2,6,0,0,0.0
MBX00713,2026-06-24,2,5,1,0,20.0
MBX00713,2026-06-25,2,8,0,0,0.0
MBX00713,2026-06-26,4,11,1,0,9.09
MBX00713,2026-06-27,0,0,0,0,0.0
MBX00713,2026-06-28,0,1,0,0,0.0
MBX00713,2026-06-29,3,6,0,0,0.0
MBX00713,2026-06-30,0,6,0,0,0.0
MBX00713,2026-07-01,3,8,0,0,0.0
MBX00713,2026-07-02,2,6,1,0,16.67
MBX00713,2026-07-03,2,3,0,0,0.0
MBX00713,2026-07-04,0,0,0,0,0.0
MBX00713,2026-07-05,1,1,0,0,0.0
MBX00713,2026-07-06,1,6,0,0,0.0
MBX00713,2026-07-07,0,7,1,0,14.29
MBX00713,2026-07-08,2,9,0,0,0.0
MBX00713,2026-07-09,3,5,0,0,0.0
MBX00713,2026-07-10,1,9,0,0,0.0
MBX00713,2026-07-11,0,2,0,0,0.0
MBX00713,2026-07-12,0,0,0,0,0.0
MBX00713,2026-07-13,1,9,0,0,0.0
MBX00713,2026-07-14,4,4,0,0,0.0
MBX00713,2026-07-15,3,5,0,0,0.0
MBX00713,2026-07-16,2,5,0,0,0.0
MBX00713,2026-07-17,4,8,0,0,0.0
MBX00713,2026-07-18,0,1,0,0,0.0
MBX00713,2026-07-19,1,0,0,0,0.0
MBX00713,2026-07-20,3,5,1,0,20.0
MBX00713,2026-07-21,4,9,0,0,0.0
MBX00713,2026-07-22,4,9,0,0,0.0
MBX00713,2026-07-23,5,7,1,0,14.29
MBX00713,2026-07-24,4,7,0,0,0.0
MBX00054,2026-04-26,8,14,1,0,7.14
MBX00054,2026-04-27,28,52,3,0,5.77
MBX00054,2026-04-28,28,54,1,1,1.85
MBX00054,2026-04-29,34,57,7,2,12.28
MBX00054,2026-04-30,29,53,5,0,9.43
MBX00054,2026-05-01,41,60,3,0,5.0
MBX00054,2026-05-02,3,6,3,0,50.0
MBX00054,2026-05-03,5,5,0,0,0.0
MBX00054,2026-05-04,27,48,0,1,0.0
MBX00054,2026-05-05,25,64,4,1,6.25
MBX00054,2026-05-06,43,61,4,3,6.56
MBX00054,2026-05-07,32,66,2,1,3.03
MBX00054,2026-05-08,36,60,1,2,1.67
MBX00054,2026-05-09,4,14,0,0,0.0
MBX00054,2026-05-10,6,4,1,0,25.0
MBX00054,2026-05-11,37,57,2,1,3.51
MBX00054,2026-05-12,39,55,3,0,5.45
MBX00054,2026-05-13,19,57,1,2,1.75
MBX00054,2026-05-14,34,55,3,1,5.45
MBX00054,2026-05-15,34,44,4,2,9.09
MBX00054,2026-05-16,2,7,0,0,0.0
MBX00054,2026-05-17,8,10,1,0,10.0
MBX00054,2026-05-18,29,47,2,1,4.26
MBX00054,2026-05-19,31,71,5,0,7.04
MBX00054,2026-05-20,36,49,3,0,6.12
MBX00054,2026-05-21,42,56,4,0,7.14
MBX00054,2026-05-22,43,50,2,1,4.0
MBX00054,2026-05-23,6,11,2,0,18.18
MBX00054,2026-05-24,5,12,0,0,0.0
MBX00054,2026-05-25,23,53,4,0,7.55
MBX00054,2026-05-26,28,52,3,1,5.77
MBX00054,2026-05-27,43,69,8,3,11.59
MBX00054,2026-05-28,38,43,5,1,11.63
MBX00054,2026-05-29,37,64,8,0,12.5
MBX00054,2026-05-30,3,7,0,0,0.0
MBX00054,2026-05-31,4,8,0,0,0.0
MBX00054,2026-06-01,29,59,4,3,6.78
MBX00054,2026-06-02,39,61,4,2,6.56
MBX00054,2026-06-03,27,63,8,2,12.7
MBX00054,2026-06-04,38,49,3,0,6.12
MBX00054,2026-06-05,28,58,4,0,6.9
MBX00054,2026-06-06,7,5,0,0,0.0
MBX00054,2026-06-07,7,8,2,0,25.0
MBX00054,2026-06-08,25,53,2,0,3.77
MBX00054,2026-06-09,32,64,7,1,10.94
MBX00054,2026-06-10,34,55,3,1,5.45
MBX00054,2026-06-11,27,68,5,0,7.35
MBX00054,2026-06-12,36,59,2,1,3.39
MBX00054,2026-06-13,9,12,1,0,8.33
MBX00054,2026-06-14,7,12,1,0,8.33
MBX00054,2026-06-15,26,68,6,1,8.82
MBX00054,2026-06-16,30,56,3,0,5.36
MBX00054,2026-06-17,31,58,2,0,3.45
MBX00054,2026-06-18,23,69,3,1,4.35
MBX00054,2026-06-19,24,59,8,0,13.56
MBX00054,2026-06-20,4,10,0,0,0.0
MBX00054,2026-06-21,4,5,1,0,20.0
MBX00054,2026-06-22,32,59,3,1,5.08
MBX00054,2026-06-23,36,66,2,1,3.03
MBX00054,2026-06-24,30,56,4,0,7.14
MBX00054,2026-06-25,44,65,1,1,1.54
MBX00054,2026-06-26,30,68,4,1,5.88
MBX00054,2026-06-27,4,10,0,2,0.0
MBX00054,2026-06-28,4,11,0,0,0.0
MBX00054,2026-06-29,43,62,5,1,8.06
MBX00054,2026-06-30,39,52,2,1,3.85
MBX00054,2026-07-01,42,61,6,1,9.84
MBX00054,2026-07-02,28,58,5,0,8.62
MBX00054,2026-07-03,27,48,3,1,6.25
MBX00054,2026-07-04,3,7,0,0,0.0
MBX00054,2026-07-05,10,9,0,0,0.0
MBX00054,2026-07-06,38,57,10,1,17.54
MBX00054,2026-07-07,24,60,7,0,11.67
MBX00054,2026-07-08,34,60,2,1,3.33
MBX00054,2026-07-09,24,61,6,0,9.84
MBX00054,2026-07-10,32,67,1,1,1.49
MBX00054,2026-07-11,3,8,0,0,0.0
MBX00054,2026-07-12,2,6,0,0,0.0
MBX00054,2026-07-13,22,67,7,1,10.45
MBX00054,2026-07-14,44,54,5,1,9.26
MBX00054,2026-07-15,31,47,5,0,10.64
MBX00054,2026-07-16,35,61,6,0,9.84
MBX00054,2026-07-17,43,57,4,0,7.02
MBX00054,2026-07-18,4,11,0,0,0.0
MBX00054,2026-07-19,5,10,0,1,0.0
MBX00054,2026-07-20,26,56,1,0,1.79
MBX00054,2026-07-21,35,59,4,1,6.78
MBX00054,2026-07-22,31,52,1,1,1.92
MBX00054,2026-07-23,27,58,0,0,0.0
MBX00054,2026-07-24,33,45,1,0,2.22
MBX00362,2026-04-26,6,11,0,0,0.0
MBX00362,2026-04-27,37,87,6,4,6.9
MBX00362,2026-04-28,25,72,3,1,4.17
MBX00362,2026-04-29,37,90,6,1,6.67
MBX00362,2026-04-30,32,71,5,2,7.04
MBX00362,2026-05-01,27,70,1,2,1.43
MBX00362,2026-05-02,6,9,1,0,11.11
MBX00362,2026-05-03,7,9,0,0,0.0
MBX00362,2026-05-04,22,82,7,1,8.54
MBX00362,2026-05-05,30,67,5,0,7.46
MBX00362,2026-05-06,29,80,3,1,3.75
MBX00362,2026-05-07,34,72,3,2,4.17
MBX00362,2026-05-08,29,92,3,1,3.26
MBX00362,2026-05-09,6,6,0,0,0.0
MBX00362,2026-05-10,4,9,1,0,11.11
MBX00362,2026-05-11,35,76,3,1,3.95
MBX00362,2026-05-12,30,68,6,0,8.82
MBX00362,2026-05-13,24,60,4,3,6.67
MBX00362,2026-05-14,25,89,5,0,5.62
MBX00362,2026-05-15,25,70,3,1,4.29
MBX00362,2026-05-16,7,9,0,1,0.0
MBX00362,2026-05-17,6,10,1,0,10.0
MBX00362,2026-05-18,25,75,2,2,2.67
MBX00362,2026-05-19,39,83,4,2,4.82
MBX00362,2026-05-20,24,77,4,1,5.19
MBX00362,2026-05-21,33,74,5,3,6.76
MBX00362,2026-05-22,35,91,10,1,10.99
MBX00362,2026-05-23,6,12,0,0,0.0
MBX00362,2026-05-24,3,5,0,1,0.0
MBX00362,2026-05-25,37,66,1,1,1.52
MBX00362,2026-05-26,29,69,2,0,2.9
MBX00362,2026-05-27,27,77,5,0,6.49
MBX00362,2026-05-28,38,85,7,0,8.24
MBX00362,2026-05-29,25,83,8,0,9.64
MBX00362,2026-05-30,2,12,0,0,0.0
MBX00362,2026-05-31,5,13,1,0,7.69
MBX00362,2026-06-01,30,78,6,1,7.69
MBX00362,2026-06-02,33,76,2,0,2.63
MBX00362,2026-06-03,33,73,9,0,12.33
MBX00362,2026-06-04,42,75,5,0,6.67
MBX00362,2026-06-05,34,71,6,0,8.45
MBX00362,2026-06-06,2,12,1,0,8.33
MBX00362,2026-06-07,5,15,3,0,20.0
MBX00362,2026-06-08,21,70,1,3,1.43
MBX00362,2026-06-09,34,71,3,0,4.23
MBX00362,2026-06-10,36,56,4,1,7.14
MBX00362,2026-06-11,37,63,3,0,4.76
MBX00362,2026-06-12,27,79,4,2,5.06
MBX00362,2026-06-13,2,9,1,1,11.11
MBX00362,2026-06-14,5,11,1,0,9.09
MBX00362,2026-06-15,28,89,6,0,6.74
MBX00362,2026-06-16,30,72,1,1,1.39
MBX00362,2026-06-17,33,59,3,1,5.08
MBX00362,2026-06-18,38,68,4,1,5.88
MBX00362,2026-06-19,41,81,3,5,3.7
MBX00362,2026-06-20,4,12,0,0,0.0
MBX00362,2026-06-21,5,10,0,0,0.0
MBX00362,2026-06-22,32,66,3,1,4.55
MBX00362,2026-06-23,31,94,9,0,9.57
MBX00362,2026-06-24,40,94,6,1,6.38
MBX00362,2026-06-25,24,74,4,3,5.41
MBX00362,2026-06-26,43,69,2,0,2.9
MBX00362,2026-06-27,3,12,1,1,8.33
MBX00362,2026-06-28,4,14,0,0,0.0
MBX00362,2026-06-29,19,63,6,3,9.52
MBX00362,2026-06-30,31,65,2,0,3.08
MBX00362,2026-07-01,33,70,4,1,5.71
MBX00362,2026-07-02,35,68,6,1,8.82
MBX00362,2026-07-03,33,75,4,0,5.33
MBX00362,2026-07-04,5,12,1,0,8.33
MBX00362,2026-07-05,2,12,2,0,16.67
MBX00362,2026-07-06,41,86,10,2,11.63
MBX00362,2026-07-07,27,81,6,1,7.41
MBX00362,2026-07-08,32,82,5,0,6.1
MBX00362,2026-07-09,36,90,1,1,1.11
MBX00362,2026-07-10,29,69,5,1,7.25
MBX00362,2026-07-11,5,12,0,0,0.0
MBX00362,2026-07-12,4,11,1,0,9.09
MBX00362,2026-07-13,31,91,3,1,3.3
MBX00362,2026-07-14,40,68,7,2,10.29
MBX00362,2026-07-15,25,86,4,0,4.65
MBX00362,2026-07-16,34,74,6,2,8.11
MBX00362,2026-07-17,37,73,6,1,8.22
MBX00362,2026-07-18,6,11,2,0,18.18
MBX00362,2026-07-19,7,5,0,0,0.0
MBX00362,2026-07-20,36,67,3,0,4.48
MBX00362,2026-07-21,33,78,3,0,3.85
MBX00362,2026-07-22,22,73,8,0,10.96
MBX00362,2026-07-23,28,84,5,0,5.95
MBX00362,2026-07-24,31,66,3,0,4.55
MBX00447,2026-04-26,8,15,2,0,13.33
MBX00447,2026-04-27,25,96,3,1,3.12
MBX00447,2026-04-28,39,88,2,2,2.27
MBX00447,2026-04-29,23,103,3,0,2.91
MBX00447,2026-04-30,25,88,5,1,5.68
MBX00447,2026-05-01,23,96,6,0,6.25
MBX00447,2026-05-02,3,13,2,0,15.38
MBX00447,2026-05-03,5,17,0,1,0.0
MBX00447,2026-05-04,35,103,5,2,4.85
MBX00447,2026-05-05,18,102,5,1,4.9
MBX00447,2026-05-06,22,89,6,1,6.74
MBX00447,2026-05-07,22,76,4,0,5.26
MBX00447,2026-05-08,33,94,7,0,7.45
MBX00447,2026-05-09,4,15,0,1,0.0
MBX00447,2026-05-10,6,19,5,0,26.32
MBX00447,2026-05-11,38,91,5,2,5.49
MBX00447,2026-05-12,24,91,10,1,10.99
MBX00447,2026-05-13,18,87,7,0,8.05
MBX00447,2026-05-14,15,86,4,3,4.65
MBX00447,2026-05-15,23,93,5,1,5.38
MBX00447,2026-05-16,3,8,0,1,0.0
MBX00447,2026-05-17,5,16,1,0,6.25
MBX00447,2026-05-18,27,83,10,1,12.05
MBX00447,2026-05-19,23,100,3,0,3.0
MBX00447,2026-05-20,18,81,2,0,2.47
MBX00447,2026-05-21,16,89,6,1,6.74
MBX00447,2026-05-22,30,101,5,0,4.95
MBX00447,2026-05-23,7,15,1,0,6.67
MBX00447,2026-05-24,6,13,0,0,0.0
MBX00447,2026-05-25,18,83,5,0,6.02
MBX00447,2026-05-26,32,91,8,1,8.79
MBX00447,2026-05-27,29,97,3,1,3.09
MBX00447,2026-05-28,25,102,7,3,6.86
MBX00447,2026-05-29,26,89,5,2,5.62
MBX00447,2026-05-30,4,14,1,0,7.14
MBX00447,2026-05-31,5,9,0,0,0.0
MBX00447,2026-06-01,30,92,3,0,3.26
MBX00447,2026-06-02,32,86,4,2,4.65
MBX00447,2026-06-03,28,79,4,0,5.06
MBX00447,2026-06-04,25,103,3,1,2.91
MBX00447,2026-06-05,22,109,8,0,7.34
MBX00447,2026-06-06,2,13,1,0,7.69
MBX00447,2026-06-07,6,12,2,0,16.67
MBX00447,2026-06-08,23,95,15,2,15.79
MBX00447,2026-06-09,26,85,4,1,4.71
MBX00447,2026-06-10,22,100,9,2,9.0
MBX00447,2026-06-11,31,93,3,1,3.23
MBX00447,2026-06-12,34,86,4,2,4.65
MBX00447,2026-06-13,2,13,2,0,15.38
MBX00447,2026-06-14,5,16,1,0,6.25
MBX00447,2026-06-15,26,109,4,2,3.67
MBX00447,2026-06-16,32,92,5,1,5.43
MBX00447,2026-06-17,23,84,5,1,5.95
MBX00447,2026-06-18,33,105,14,1,13.33
MBX00447,2026-06-19,18,78,3,1,3.85
MBX00447,2026-06-20,2,10,0,0,0.0
MBX00447,2026-06-21,4,12,1,0,8.33
MBX00447,2026-06-22,21,94,11,3,11.7
MBX00447,2026-06-23,27,91,8,3,8.79
MBX00447,2026-06-24,27,95,9,2,9.47
MBX00447,2026-06-25,21,92,4,1,4.35
MBX00447,2026-06-26,19,99,7,1,7.07
MBX00447,2026-06-27,2,14,0,0,0.0
MBX00447,2026-06-28,4,14,3,0,21.43
MBX00447,2026-06-29,20,82,4,0,4.88
MBX00447,2026-06-30,25,96,8,1,8.33
MBX00447,2026-07-01,19,88,3,1,3.41
MBX00447,2026-07-02,27,89,6,2,6.74
MBX00447,2026-07-03,22,79,6,0,7.59
MBX00447,2026-07-04,2,10,0,0,0.0
MBX00447,2026-07-05,5,20,2,1,10.0
MBX00447,2026-07-06,22,101,4,1,3.96
MBX00447,2026-07-07,29,90,1,1,1.11
MBX00447,2026-07-08,28,89,4,0,4.49
MBX00447,2026-07-09,20,79,5,1,6.33
MBX00447,2026-07-10,19,90,1,2,1.11
MBX00447,2026-07-11,6,12,2,0,16.67
MBX00447,2026-07-12,1,10,1,0,10.0
MBX00447,2026-07-13,24,87,2,0,2.3
MBX00447,2026-07-14,23,89,5,0,5.62
MBX00447,2026-07-15,26,93,5,1,5.38
MBX00447,2026-07-16,19,80,4,1,5.0
MBX00447,2026-07-17,29,86,4,1,4.65
MBX00447,2026-07-18,3,11,1,0,9.09
MBX00447,2026-07-19,3,12,2,0,16.67
MBX00447,2026-07-20,34,76,5,0,6.58
MBX00447,2026-07-21,30,95,8,2,8.42
MBX00447,2026-07-22,23,89,5,1,5.62
MBX00447,2026-07-23,22,86,4,1,4.65
MBX00447,2026-07-24,23,112,7,2,6.25
MBX00224,2026-04-26,4,12,1,0,8.33
MBX00224,2026-04-27,24,68,7,0,10.29
MBX00224,2026-04-28,18,94,4,1,4.26
MBX00224,2026-04-29,19,65,5,1,7.69
MBX00224,2026-04-30,24,96,6,1,6.25
MBX00224,2026-05-01,21,99,3,3,3.03
MBX00224,2026-05-02,3,13,0,0,0.0
MBX00224,2026-05-03,4,20,1,0,5.0
MBX00224,2026-05-04,26,83,5,0,6.02
MBX00224,2026-05-05,28,81,5,2,6.17
MBX00224,2026-05-06,22,71,4,0,5.63
MBX00224,2026-05-07,21,90,11,1,12.22
MBX00224,2026-05-08,17,84,5,2,5.95
MBX00224,2026-05-09,5,18,2,0,11.11
MBX00224,2026-05-10,3,14,0,0,0.0
MBX00224,2026-05-11,17,87,2,2,2.3
MBX00224,2026-05-12,9,73,7,0,9.59
MBX00224,2026-05-13,22,84,5,0,5.95
MBX00224,2026-05-14,19,89,4,3,4.49
MBX00224,2026-05-15,20,60,2,0,3.33
MBX00224,2026-05-16,5,15,1,1,6.67
MBX00224,2026-05-17,3,13,1,1,7.69
MBX00224,2026-05-18,20,84,6,1,7.14
MBX00224,2026-05-19,27,77,3,1,3.9
MBX00224,2026-05-20,24,67,0,0,0.0
MBX00224,2026-05-21,19,85,5,0,5.88
MBX00224,2026-05-22,20,92,3,1,3.26
MBX00224,2026-05-23,1,18,2,0,11.11
MBX00224,2026-05-24,0,14,0,0,0.0
MBX00224,2026-05-25,17,87,2,1,2.3
MBX00224,2026-05-26,21,96,5,3,5.21
MBX00224,2026-05-27,22,79,5,2,6.33
MBX00224,2026-05-28,21,80,10,2,12.5
MBX00224,2026-05-29,23,85,7,1,8.24
MBX00224,2026-05-30,8,14,2,1,14.29
MBX00224,2026-05-31,2,11,0,0,0.0
MBX00224,2026-06-01,23,81,4,4,4.94
MBX00224,2026-06-02,15,99,4,2,4.04
MBX00224,2026-06-03,20,98,3,3,3.06
MBX00224,2026-06-04,19,78,4,1,5.13
MBX00224,2026-06-05,20,76,2,0,2.63
MBX00224,2026-06-06,3,6,0,0,0.0
MBX00224,2026-06-07,5,15,0,0,0.0
MBX00224,2026-06-08,14,97,6,3,6.19
MBX00224,2026-06-09,18,91,7,0,7.69
MBX00224,2026-06-10,24,79,2,0,2.53
MBX00224,2026-06-11,26,114,6,1,5.26
MBX00224,2026-06-12,23,77,5,0,6.49
MBX00224,2026-06-13,6,10,1,0,10.0
MBX00224,2026-06-14,3,12,2,1,16.67
MBX00224,2026-06-15,22,83,2,0,2.41
MBX00224,2026-06-16,16,90,2,2,2.22
MBX00224,2026-06-17,21,79,4,1,5.06
MBX00224,2026-06-18,17,101,6,0,5.94
MBX00224,2026-06-19,20,82,6,2,7.32
MBX00224,2026-06-20,1,17,1,0,5.88
MBX00224,2026-06-21,3,12,0,1,0.0
MBX00224,2026-06-22,19,80,4,1,5.0
MBX00224,2026-06-23,21,82,3,1,3.66
MBX00224,2026-06-24,17,82,1,1,1.22
MBX00224,2026-06-25,20,80,4,0,5.0
MBX00224,2026-06-26,24,89,5,1,5.62
MBX00224,2026-06-27,1,15,2,1,13.33
MBX00224,2026-06-28,1,13,1,0,7.69
MBX00224,2026-06-29,24,76,7,1,9.21
MBX00224,2026-06-30,18,93,5,0,5.38
MBX00224,2026-07-01,18,81,2,2,2.47
MBX00224,2026-07-02,17,96,5,1,5.21
MBX00224,2026-07-03,19,86,8,1,9.3
MBX00224,2026-07-04,4,11,0,0,0.0
MBX00224,2026-07-05,0,8,0,0,0.0
MBX00224,2026-07-06,15,94,4,1,4.26
MBX00224,2026-07-07,11,95,5,3,5.26
MBX00224,2026-07-08,23,72,8,0,11.11
MBX00224,2026-07-09,22,73,2,1,2.74
MBX00224,2026-07-10,19,98,5,0,5.1
MBX00224,2026-07-11,4,13,0,0,0.0
MBX00224,2026-07-12,4,8,1,0,12.5
MBX00224,2026-07-13,19,86,5,1,5.81
MBX00224,2026-07-14,13,86,5,0,5.81
MBX00224,2026-07-15,17,97,5,1,5.15
MBX00224,2026-07-16,23,85,5,1,5.88
MBX00224,2026-07-17,17,82,3,0,3.66
MBX00224,2026-07-18,3,9,0,0,0.0
MBX00224,2026-07-19,4,21,3,0,14.29
MBX00224,2026-07-20,25,104,10,3,9.62
MBX00224,2026-07-21,16,81,7,1,8.64
MBX00224,2026-07-22,18,69,3,2,4.35
MBX00224,2026-07-23,17,84,8,0,9.52
MBX00224,2026-07-24,22,84,3,0,3.57
MBX00394,2026-04-26,3,15,0,1,0.0
MBX00394,2026-04-27,23,90,7,0,7.78
MBX00394,2026-04-28,15,102,7,1,6.86
MBX00394,2026-04-29,20,99,4,1,4.04
MBX00394,2026-04-30,21,107,6,1,5.61
MBX00394,2026-05-01,19,110,5,4,4.55
MBX00394,2026-05-02,2,14,0,0,0.0
MBX00394,2026-05-03,3,18,1,1,5.56
MBX00394,2026-05-04,21,96,7,0,7.29
MBX00394,2026-05-05,12,100,5,1,5.0
MBX00394,2026-05-06,19,133,4,1,3.01
MBX00394,2026-05-07,19,87,4,3,4.6
MBX00394,2026-05-08,14,97,5,1,5.15
MBX00394,2026-05-09,2,17,0,1,0.0
MBX00394,2026-05-10,3,19,4,0,21.05
MBX00394,2026-05-11,21,104,10,1,9.62
MBX00394,2026-05-12,16,102,2,0,1.96
MBX00394,2026-05-13,25,110,11,2,10.0
MBX00394,2026-05-14,22,104,8,2,7.69
MBX00394,2026-05-15,16,104,8,0,7.69
MBX00394,2026-05-16,4,18,3,0,16.67
MBX00394,2026-05-17,6,25,0,1,0.0
MBX00394,2026-05-18,25,80,9,0,11.25
MBX00394,2026-05-19,18,95,8,1,8.42
MBX00394,2026-05-20,17,108,9,1,8.33
MBX00394,2026-05-21,24,100,4,1,4.0
MBX00394,2026-05-22,8,129,9,3,6.98
MBX00394,2026-05-23,3,11,0,0,0.0
MBX00394,2026-05-24,4,17,1,0,5.88
MBX00394,2026-05-25,26,94,7,1,7.45
MBX00394,2026-05-26,23,92,5,0,5.43
MBX00394,2026-05-27,21,80,6,1,7.5
MBX00394,2026-05-28,13,100,7,0,7.0
MBX00394,2026-05-29,18,92,3,2,3.26
MBX00394,2026-05-30,4,14,0,0,0.0
MBX00394,2026-05-31,2,8,0,0,0.0
MBX00394,2026-06-01,19,100,3,4,3.0
MBX00394,2026-06-02,20,94,4,1,4.26
MBX00394,2026-06-03,26,85,6,2,7.06
MBX00394,2026-06-04,22,93,2,1,2.15
MBX00394,2026-06-05,23,104,7,1,6.73
MBX00394,2026-06-06,2,22,1,1,4.55
MBX00394,2026-06-07,3,18,0,0,0.0
MBX00394,2026-06-08,18,85,6,1,7.06
MBX00394,2026-06-09,7,102,4,0,3.92
MBX00394,2026-06-10,24,102,10,0,9.8
MBX00394,2026-06-11,17,108,3,2,2.78
MBX00394,2026-06-12,19,103,1,2,0.97
MBX00394,2026-06-13,3,16,2,0,12.5
MBX00394,2026-06-14,5,19,2,0,10.53
MBX00394,2026-06-15,18,109,7,2,6.42
MBX00394,2026-06-16,26,102,5,2,4.9
MBX00394,2026-06-17,12,109,12,1,11.01
MBX00394,2026-06-18,34,111,8,1,7.21
MBX00394,2026-06-19,23,86,3,1,3.49
MBX00394,2026-06-20,3,18,1,0,5.56
MBX00394,2026-06-21,1,16,0,0,0.0
MBX00394,2026-06-22,23,112,8,0,7.14
MBX00394,2026-06-23,19,111,6,1,5.41
MBX00394,2026-06-24,18,94,1,3,1.06
MBX00394,2026-06-25,15,100,4,6,4.0
MBX00394,2026-06-26,22,86,4,2,4.65
MBX00394,2026-06-27,1,9,1,0,11.11
MBX00394,2026-06-28,5,13,0,0,0.0
MBX00394,2026-06-29,19,105,6,1,5.71
MBX00394,2026-06-30,21,100,8,3,8.0
MBX00394,2026-07-01,26,104,4,1,3.85
MBX00394,2026-07-02,23,102,11,1,10.78
MBX00394,2026-07-03,29,107,5,2,4.67
MBX00394,2026-07-04,1,12,2,0,16.67
MBX00394,2026-07-05,1,15,1,0,6.67
MBX00394,2026-07-06,24,107,4,1,3.74
MBX00394,2026-07-07,20,104,7,1,6.73
MBX00394,2026-07-08,14,97,8,0,8.25
MBX00394,2026-07-09,22,100,4,0,4.0
MBX00394,2026-07-10,22,110,4,2,3.64
MBX00394,2026-07-11,3,18,0,0,0.0
MBX00394,2026-07-12,4,14,2,0,14.29
MBX00394,2026-07-13,16,87,6,1,6.9
MBX00394,2026-07-14,9,84,2,0,2.38
MBX00394,2026-07-15,13,98,9,1,9.18
MBX00394,2026-07-16,28,99,5,0,5.05
MBX00394,2026-07-17,20,111,5,2,4.5
MBX00394,2026-07-18,4,14,0,1,0.0
MBX00394,2026-07-19,3,10,1,0,10.0
MBX00394,2026-07-20,22,102,6,0,5.88
MBX00394,2026-07-21,29,88,3,2,3.41
MBX00394,2026-07-22,15,108,3,2,2.78
MBX00394,2026-07-23,18,102,4,2,3.92
MBX00394,2026-07-24,25,98,5,2,5.1
MBX00631,2026-04-26,2,9,1,0,11.11
MBX00631,2026-04-27,27,34,3,0,8.82
MBX00631,2026-04-28,31,34,0,0,0.0
MBX00631,2026-04-29,27,40,6,0,15.0
MBX00631,2026-04-30,24,39,0,0,0.0
MBX00631,2026-05-01,29,34,3,0,8.82
MBX00631,2026-05-02,11,11,2,1,18.18
MBX00631,2026-05-03,2,8,0,0,0.0
MBX00631,2026-05-04,30,37,6,0,16.22
MBX00631,2026-05-05,28,52,2,0,3.85
MBX00631,2026-05-06,29,55,7,0,12.73
MBX00631,2026-05-07,39,39,5,4,12.82
MBX00631,2026-05-08,40,29,3,0,10.34
MBX00631,2026-05-09,5,13,1,1,7.69
MBX00631,2026-05-10,8,6,1,0,16.67
MBX00631,2026-05-11,24,55,3,0,5.45
MBX00631,2026-05-12,28,40,1,2,2.5
MBX00631,2026-05-13,18,26,1,0,3.85
MBX00631,2026-05-14,27,41,3,2,7.32
MBX00631,2026-05-15,30,43,2,3,4.65
MBX00631,2026-05-16,6,6,0,0,0.0
MBX00631,2026-05-17,5,8,1,0,12.5
MBX00631,2026-05-18,30,41,4,2,9.76
MBX00631,2026-05-19,27,39,3,0,7.69
MBX00631,2026-05-20,37,39,1,0,2.56
MBX00631,2026-05-21,26,44,5,0,11.36
MBX00631,2026-05-22,37,44,1,1,2.27
MBX00631,2026-05-23,4,9,0,0,0.0
MBX00631,2026-05-24,3,4,1,0,25.0
MBX00631,2026-05-25,35,45,3,0,6.67
MBX00631,2026-05-26,28,44,1,0,2.27
MBX00631,2026-05-27,32,37,0,0,0.0
MBX00631,2026-05-28,33,48,3,1,6.25
MBX00631,2026-05-29,28,41,3,1,7.32
MBX00631,2026-05-30,3,5,3,0,60.0
MBX00631,2026-05-31,6,12,0,0,0.0
MBX00631,2026-06-01,34,38,1,0,2.63
MBX00631,2026-06-02,28,43,2,1,4.65
MBX00631,2026-06-03,21,39,2,0,5.13
MBX00631,2026-06-04,31,40,2,1,5.0
MBX00631,2026-06-05,27,52,3,0,5.77
MBX00631,2026-06-06,5,5,0,0,0.0
MBX00631,2026-06-07,5,2,0,0,0.0
MBX00631,2026-06-08,25,44,1,2,2.27
MBX00631,2026-06-09,25,40,2,0,5.0
MBX00631,2026-06-10,20,36,2,0,5.56
MBX00631,2026-06-11,25,44,2,1,4.55
MBX00631,2026-06-12,26,42,2,1,4.76
MBX00631,2026-06-13,4,6,0,0,0.0
MBX00631,2026-06-14,7,3,1,0,33.33
MBX00631,2026-06-15,36,30,5,1,16.67
MBX00631,2026-06-16,30,32,2,1,6.25
MBX00631,2026-06-17,35,35,2,3,5.71
MBX00631,2026-06-18,22,46,4,0,8.7
MBX00631,2026-06-19,19,32,0,0,0.0
MBX00631,2026-06-20,5,6,0,0,0.0
MBX00631,2026-06-21,6,6,0,0,0.0
MBX00631,2026-06-22,25,30,2,1,6.67
MBX00631,2026-06-23,27,35,1,1,2.86
MBX00631,2026-06-24,31,45,7,0,15.56
MBX00631,2026-06-25,31,49,3,1,6.12
MBX00631,2026-06-26,28,31,1,0,3.23
MBX00631,2026-06-27,7,5,0,0,0.0
MBX00631,2026-06-28,6,4,0,0,0.0
MBX00631,2026-06-29,28,33,3,0,9.09
MBX00631,2026-06-30,29,33,2,1,6.06
MBX00631,2026-07-01,30,37,2,2,5.41
MBX00631,2026-07-02,29,35,1,1,2.86
MBX00631,2026-07-03,14,37,2,2,5.41
MBX00631,2026-07-04,4,13,2,0,15.38
MBX00631,2026-07-05,3,10,1,0,10.0
MBX00631,2026-07-06,43,50,3,2,6.0
MBX00631,2026-07-07,32,37,2,0,5.41
MBX00631,2026-07-08,23,41,2,1,4.88
MBX00631,2026-07-09,31,43,2,0,4.65
MBX00631,2026-07-10,31,36,1,0,2.78
MBX00631,2026-07-11,4,7,0,0,0.0
MBX00631,2026-07-12,8,4,0,0,0.0
MBX00631,2026-07-13,26,41,2,1,4.88
MBX00631,2026-07-14,19,48,2,0,4.17
MBX00631,2026-07-15,34,37,2,0,5.41
MBX00631,2026-07-16,29,45,4,1,8.89
MBX00631,2026-07-17,28,50,2,1,4.0
MBX00631,2026-07-18,8,11,0,0,0.0
MBX00631,2026-07-19,4,8,1,0,12.5
MBX00631,2026-07-20,24,51,4,2,7.84
MBX00631,2026-07-21,27,48,2,1,4.17
MBX00631,2026-07-22,24,30,2,0,6.67
MBX00631,2026-07-23,37,38,2,1,5.26
MBX00631,2026-07-24,27,53,4,1,7.55
MBX00681,2026-04-26,1,15,0,0,0.0
MBX00681,2026-04-27,20,105,9,0,8.57
MBX00681,2026-04-28,16,109,7,1,6.42
MBX00681,2026-04-29,9,107,10,2,9.35
MBX00681,2026-04-30,11,75,3,1,4.0
MBX00681,2026-05-01,20,104,5,0,4.81
MBX00681,2026-05-02,1,13,1,0,7.69
MBX00681,2026-05-03,3,14,2,0,14.29
MBX00681,2026-05-04,18,98,5,2,5.1
MBX00681,2026-05-05,14,95,6,1,6.32
MBX00681,2026-05-06,18,92,6,1,6.52
MBX00681,2026-05-07,13,104,4,0,3.85
MBX00681,2026-05-08,18,91,5,1,5.49
MBX00681,2026-05-09,1,13,0,0,0.0
MBX00681,2026-05-10,2,12,0,1,0.0
MBX00681,2026-05-11,11,108,7,1,6.48
MBX00681,2026-05-12,16,91,2,1,2.2
MBX00681,2026-05-13,12,126,13,2,10.32
MBX00681,2026-05-14,19,112,6,0,5.36
MBX00681,2026-05-15,9,88,3,0,3.41
MBX00681,2026-05-16,0,14,1,0,7.14
MBX00681,2026-05-17,2,21,2,0,9.52
MBX00681,2026-05-18,16,103,5,1,4.85
MBX00681,2026-05-19,16,87,6,3,6.9
MBX00681,2026-05-20,23,107,2,4,1.87
MBX00681,2026-05-21,22,98,2,2,2.04
MBX00681,2026-05-22,13,92,6,2,6.52
MBX00681,2026-05-23,0,11,0,0,0.0
MBX00681,2026-05-24,1,14,0,0,0.0
MBX00681,2026-05-25,20,81,0,0,0.0
MBX00681,2026-05-26,17,101,12,4,11.88
MBX00681,2026-05-27,18,101,8,1,7.92
MBX00681,2026-05-28,14,101,6,0,5.94
MBX00681,2026-05-29,18,110,4,2,3.64
MBX00681,2026-05-30,2,19,1,0,5.26
MBX00681,2026-05-31,2,12,2,2,16.67
MBX00681,2026-06-01,15,95,10,0,10.53
MBX00681,2026-06-02,11,102,5,0,4.9
MBX00681,2026-06-03,20,102,0,4,0.0
MBX00681,2026-06-04,11,107,7,0,6.54
MBX00681,2026-06-05,17,109,8,0,7.34
MBX00681,2026-06-06,3,14,1,0,7.14
MBX00681,2026-06-07,3,13,1,1,7.69
MBX00681,2026-06-08,15,107,14,2,13.08
MBX00681,2026-06-09,13,108,6,1,5.56
MBX00681,2026-06-10,14,110,11,0,10.0
MBX00681,2026-06-11,14,119,10,1,8.4
MBX00681,2026-06-12,11,82,7,0,8.54
MBX00681,2026-06-13,4,15,1,0,6.67
MBX00681,2026-06-14,2,21,2,0,9.52
MBX00681,2026-06-15,21,83,5,0,6.02
MBX00681,2026-06-16,19,96,6,1,6.25
MBX00681,2026-06-17,23,96,6,1,6.25
MBX00681,2026-06-18,12,83,3,0,3.61
MBX00681,2026-06-19,16,90,3,0,3.33
MBX00681,2026-06-20,1,18,3,0,16.67
MBX00681,2026-06-21,0,20,0,1,0.0
MBX00681,2026-06-22,18,122,4,1,3.28
MBX00681,2026-06-23,10,95,4,2,4.21
MBX00681,2026-06-24,17,95,6,1,6.32
MBX00681,2026-06-25,21,83,4,3,4.82
MBX00681,2026-06-26,14,93,8,2,8.6
MBX00681,2026-06-27,2,13,3,0,23.08
MBX00681,2026-06-28,1,13,0,0,0.0
MBX00681,2026-06-29,15,85,4,1,4.71
MBX00681,2026-06-30,15,85,10,1,11.76
MBX00681,2026-07-01,20,94,7,2,7.45
MBX00681,2026-07-02,12,113,10,0,8.85
MBX00681,2026-07-03,18,87,3,1,3.45
MBX00681,2026-07-04,3,11,0,0,0.0
MBX00681,2026-07-05,2,14,0,1,0.0
MBX00681,2026-07-06,14,96,6,2,6.25
MBX00681,2026-07-07,13,89,7,2,7.87
MBX00681,2026-07-08,13,102,7,0,6.86
MBX00681,2026-07-09,8,104,5,0,4.81
MBX00681,2026-07-10,10,90,4,1,4.44
MBX00681,2026-07-11,1,13,2,0,15.38
MBX00681,2026-07-12,3,11,1,0,9.09
MBX00681,2026-07-13,19,118,3,4,2.54
MBX00681,2026-07-14,12,93,5,0,5.38
MBX00681,2026-07-15,18,119,6,2,5.04
MBX00681,2026-07-16,24,91,5,1,5.49
MBX00681,2026-07-17,12,106,8,0,7.55
MBX00681,2026-07-18,2,16,3,1,18.75
MBX00681,2026-07-19,1,14,1,1,7.14
MBX00681,2026-07-20,19,107,4,3,3.74
MBX00681,2026-07-21,17,111,11,1,9.91
MBX00681,2026-07-22,22,101,12,1,11.88
MBX00681,2026-07-23,14,104,5,0,4.81
MBX00681,2026-07-24,16,102,6,1,5.88
MBX00471,2026-04-26,5,11,0,1,0.0
MBX00471,2026-04-27,49,88,2,2,2.27
MBX00471,2026-04-28,35,85,6,1,7.06
MBX00471,2026-04-29,41,94,8,2,8.51
MBX00471,2026-04-30,35,90,7,0,7.78
MBX00471,2026-05-01,54,98,3,1,3.06
MBX00471,2026-05-02,4,15,0,0,0.0
MBX00471,2026-05-03,8,24,0,0,0.0
MBX00471,2026-05-04,37,100,6,0,6.0
MBX00471,2026-05-05,43,81,3,2,3.7
MBX00471,2026-05-06,38,96,5,3,5.21
MBX00471,2026-05-07,38,88,3,2,3.41
MBX00471,2026-05-08,42,108,11,1,10.19
MBX00471,2026-05-09,7,19,3,0,15.79
MBX00471,2026-05-10,10,15,0,1,0.0
MBX00471,2026-05-11,36,100,9,0,9.0
MBX00471,2026-05-12,37,101,6,2,5.94
MBX00471,2026-05-13,42,90,3,0,3.33
MBX00471,2026-05-14,29,79,5,1,6.33
MBX00471,2026-05-15,34,75,7,3,9.33
MBX00471,2026-05-16,6,13,2,0,15.38
MBX00471,2026-05-17,6,17,1,0,5.88
MBX00471,2026-05-18,42,80,9,3,11.25
MBX00471,2026-05-19,41,86,8,1,9.3
MBX00471,2026-05-20,41,96,5,1,5.21
MBX00471,2026-05-21,46,85,9,1,10.59
MBX00471,2026-05-22,34,100,7,4,7.0
MBX00471,2026-05-23,6,11,1,0,9.09
MBX00471,2026-05-24,9,14,0,0,0.0
MBX00471,2026-05-25,33,92,6,0,6.52
MBX00471,2026-05-26,43,93,9,0,9.68
MBX00471,2026-05-27,39,97,7,0,7.22
MBX00471,2026-05-28,42,89,4,0,4.49
MBX00471,2026-05-29,43,90,5,1,5.56
MBX00471,2026-05-30,3,14,1,1,7.14
MBX00471,2026-05-31,5,12,0,0,0.0
MBX00471,2026-06-01,36,103,7,0,6.8
MBX00471,2026-06-02,43,94,8,1,8.51
MBX00471,2026-06-03,43,102,8,0,7.84
MBX00471,2026-06-04,40,99,7,1,7.07
MBX00471,2026-06-05,35,86,1,0,1.16
MBX00471,2026-06-06,8,14,1,0,7.14
MBX00471,2026-06-07,6,9,0,0,0.0
MBX00471,2026-06-08,43,85,5,1,5.88
MBX00471,2026-06-09,38,104,5,2,4.81
MBX00471,2026-06-10,39,99,5,2,5.05
MBX00471,2026-06-11,35,103,5,0,4.85
MBX00471,2026-06-12,30,79,6,3,7.59
MBX00471,2026-06-13,6,4,1,0,25.0
MBX00471,2026-06-14,0,13,0,0,0.0
MBX00471,2026-06-15,41,82,4,2,4.88
MBX00471,2026-06-16,41,87,4,0,4.6
MBX00471,2026-06-17,33,106,5,1,4.72
MBX00471,2026-06-18,42,88,8,1,9.09
MBX00471,2026-06-19,36,80,1,1,1.25
MBX00471,2026-06-20,3,15,1,0,6.67
MBX00471,2026-06-21,3,7,0,0,0.0
MBX00471,2026-06-22,47,89,6,2,6.74
MBX00471,2026-06-23,40,90,5,1,5.56
MBX00471,2026-06-24,36,85,6,1,7.06
MBX00471,2026-06-25,45,91,7,2,7.69
MBX00471,2026-06-26,35,84,2,1,2.38
MBX00471,2026-06-27,7,6,1,0,16.67
MBX00471,2026-06-28,4,12,0,0,0.0
MBX00471,2026-06-29,43,104,15,1,14.42
MBX00471,2026-06-30,39,96,7,1,7.29
MBX00471,2026-07-01,45,105,4,2,3.81
MBX00471,2026-07-02,35,95,6,1,6.32
MBX00471,2026-07-03,35,99,10,4,10.1
MBX00471,2026-07-04,5,10,0,0,0.0
MBX00471,2026-07-05,5,19,2,0,10.53
MBX00471,2026-07-06,32,88,2,2,2.27
MBX00471,2026-07-07,43,125,7,2,5.6
MBX00471,2026-07-08,36,85,2,0,2.35
MBX00471,2026-07-09,32,81,11,0,13.58
MBX00471,2026-07-10,39,91,3,1,3.3
MBX00471,2026-07-11,6,16,1,0,6.25
MBX00471,2026-07-12,0,17,0,0,0.0
MBX00471,2026-07-13,37,81,8,3,9.88
MBX00471,2026-07-14,36,80,5,2,6.25
MBX00471,2026-07-15,39,89,2,3,2.25
MBX00471,2026-07-16,45,79,3,1,3.8
MBX00471,2026-07-17,39,78,10,1,12.82
MBX00471,2026-07-18,6,16,2,1,12.5
MBX00471,2026-07-19,7,14,0,0,0.0
MBX00471,2026-07-20,36,89,6,1,6.74
MBX00471,2026-07-21,51,97,5,0,5.15
MBX00471,2026-07-22,36,87,3,2,3.45
MBX00471,2026-07-23,36,88,8,2,9.09
MBX00471,2026-07-24,27,93,4,2,4.3
MBX00131,2026-04-26,9,13,1,1,7.69
MBX00131,2026-04-27,42,106,8,0,7.55
MBX00131,2026-04-28,39,96,6,2,6.25
MBX00131,2026-04-29,36,88,4,3,4.55
MBX00131,2026-04-30,43,100,8,2,8.0
MBX00131,2026-05-01,33,105,3,1,2.86
MBX00131,2026-05-02,8,21,4,0,19.05
MBX00131,2026-05-03,9,11,2,0,18.18
MBX00131,2026-05-04,36,96,2,1,2.08
MBX00131,2026-05-05,34,97,2,1,2.06
MBX00131,2026-05-06,25,113,7,0,6.19
MBX00131,2026-05-07,31,106,7,1,6.6
MBX00131,2026-05-08,37,75,3,1,4.0
MBX00131,2026-05-09,8,16,0,0,0.0
MBX00131,2026-05-10,10,13,0,1,0.0
MBX00131,2026-05-11,21,93,6,0,6.45
MBX00131,2026-05-12,31,77,3,1,3.9
MBX00131,2026-05-13,32,80,4,0,5.0
MBX00131,2026-05-14,36,103,7,4,6.8
MBX00131,2026-05-15,35,78,3,1,3.85
MBX00131,2026-05-16,3,15,0,1,0.0
MBX00131,2026-05-17,3,16,0,1,0.0
MBX00131,2026-05-18,28,84,4,0,4.76
MBX00131,2026-05-19,25,100,5,2,5.0
MBX00131,2026-05-20,26,99,6,1,6.06
MBX00131,2026-05-21,28,117,9,2,7.69
MBX00131,2026-05-22,41,99,5,2,5.05
MBX00131,2026-05-23,8,11,0,0,0.0
MBX00131,2026-05-24,8,21,0,1,0.0
MBX00131,2026-05-25,33,115,7,4,6.09
MBX00131,2026-05-26,41,107,4,1,3.74
MBX00131,2026-05-27,39,74,2,0,2.7
MBX00131,2026-05-28,34,80,1,0,1.25
MBX00131,2026-05-29,47,100,2,1,2.0
MBX00131,2026-05-30,4,10,0,0,0.0
MBX00131,2026-05-31,2,17,2,0,11.76
MBX00131,2026-06-01,37,96,4,3,4.17
MBX00131,2026-06-02,28,70,4,0,5.71
MBX00131,2026-06-03,42,97,4,3,4.12
MBX00131,2026-06-04,31,108,8,1,7.41
MBX00131,2026-06-05,31,90,9,1,10.0
MBX00131,2026-06-06,3,18,3,0,16.67
MBX00131,2026-06-07,4,14,2,0,14.29
MBX00131,2026-06-08,48,92,3,0,3.26
MBX00131,2026-06-09,30,100,4,0,4.0
MBX00131,2026-06-10,26,98,6,2,6.12
MBX00131,2026-06-11,38,112,10,0,8.93
MBX00131,2026-06-12,31,98,3,2,3.06
MBX00131,2026-06-13,1,10,0,0,0.0
MBX00131,2026-06-14,10,17,1,1,5.88
MBX00131,2026-06-15,40,102,7,1,6.86
MBX00131,2026-06-16,23,95,4,2,4.21
MBX00131,2026-06-17,33,92,8,0,8.7
MBX00131,2026-06-18,33,105,4,0,3.81
MBX00131,2026-06-19,31,96,6,1,6.25
MBX00131,2026-06-20,7,8,0,1,0.0
MBX00131,2026-06-21,4,8,3,0,37.5
MBX00131,2026-06-22,31,95,8,2,8.42
MBX00131,2026-06-23,30,103,6,2,5.83
MBX00131,2026-06-24,40,99,3,1,3.03
MBX00131,2026-06-25,31,85,3,1,3.53
MBX00131,2026-06-26,37,92,6,1,6.52
MBX00131,2026-06-27,3,15,2,0,13.33
MBX00131,2026-06-28,6,12,1,0,8.33
MBX00131,2026-06-29,32,91,5,2,5.49
MBX00131,2026-06-30,28,101,10,3,9.9
MBX00131,2026-07-01,38,76,5,2,6.58
MBX00131,2026-07-02,41,89,6,0,6.74
MBX00131,2026-07-03,33,89,8,0,8.99
MBX00131,2026-07-04,6,15,1,0,6.67
MBX00131,2026-07-05,4,23,0,0,0.0
MBX00131,2026-07-06,48,97,6,1,6.19
MBX00131,2026-07-07,29,100,5,1,5.0
MBX00131,2026-07-08,32,95,4,2,4.21
MBX00131,2026-07-09,51,90,6,3,6.67
MBX00131,2026-07-10,28,92,6,0,6.52
MBX00131,2026-07-11,6,9,0,1,0.0
MBX00131,2026-07-12,5,13,0,0,0.0
MBX00131,2026-07-13,31,109,14,3,12.84
MBX00131,2026-07-14,33,104,3,2,2.88
MBX00131,2026-07-15,36,80,1,1,1.25
MBX00131,2026-07-16,23,118,3,3,2.54
MBX00131,2026-07-17,31,110,7,1,6.36
MBX00131,2026-07-18,3,9,1,0,11.11
MBX00131,2026-07-19,9,18,0,0,0.0
MBX00131,2026-07-20,39,79,4,0,5.06
MBX00131,2026-07-21,36,90,4,0,4.44
MBX00131,2026-07-22,26,113,11,0,9.73
MBX00131,2026-07-23,30,99,6,2,6.06
MBX00131,2026-07-24,33,94,4,1,4.26
MBX00647,2026-04-26,2,19,1,1,5.26
MBX00647,2026-04-27,21,95,3,1,3.16
MBX00647,2026-04-28,20,86,6,1,6.98
MBX00647,2026-04-29,14,97,4,0,4.12
MBX00647,2026-04-30,15,95,10,1,10.53
MBX00647,2026-05-01,23,90,4,0,4.44
MBX00647,2026-05-02,7,7,1,0,14.29
MBX00647,2026-05-03,0,24,2,0,8.33
MBX00647,2026-05-04,23,91,9,2,9.89
MBX00647,2026-05-05,17,85,10,2,11.76
MBX00647,2026-05-06,17,105,7,0,6.67
MBX00647,2026-05-07,23,113,9,3,7.96
MBX00647,2026-05-08,28,90,7,0,7.78
MBX00647,2026-05-09,6,12,1,0,8.33
MBX00647,2026-05-10,4,11,0,0,0.0
MBX00647,2026-05-11,30,98,7,0,7.14
MBX00647,2026-05-12,28,79,2,1,2.53
MBX00647,2026-05-13,18,96,2,0,2.08
MBX00647,2026-05-14,23,108,8,2,7.41
MBX00647,2026-05-15,17,79,7,1,8.86
MBX00647,2026-05-16,1,15,0,0,0.0
MBX00647,2026-05-17,2,12,2,0,16.67
MBX00647,2026-05-18,14,98,1,0,1.02
MBX00647,2026-05-19,21,106,6,3,5.66
MBX00647,2026-05-20,14,91,6,2,6.59
MBX00647,2026-05-21,16,83,3,2,3.61
MBX00647,2026-05-22,18,93,4,0,4.3
MBX00647,2026-05-23,8,14,0,0,0.0
MBX00647,2026-05-24,2,11,1,0,9.09
MBX00647,2026-05-25,21,95,14,0,14.74
MBX00647,2026-05-26,15,109,7,2,6.42
MBX00647,2026-05-27,18,99,10,2,10.1
MBX00647,2026-05-28,18,102,9,0,8.82
MBX00647,2026-05-29,21,77,5,0,6.49
MBX00647,2026-05-30,3,16,0,0,0.0
MBX00647,2026-05-31,2,13,0,1,0.0
MBX00647,2026-06-01,15,95,9,4,9.47
MBX00647,2026-06-02,29,95,6,4,6.32
MBX00647,2026-06-03,28,99,4,1,4.04
MBX00647,2026-06-04,26,83,3,1,3.61
MBX00647,2026-06-05,22,105,4,1,3.81
MBX00647,2026-06-06,3,15,1,1,6.67
MBX00647,2026-06-07,3,21,0,0,0.0
MBX00647,2026-06-08,21,99,3,0,3.03
MBX00647,2026-06-09,20,99,6,4,6.06
MBX00647,2026-06-10,18,104,4,1,3.85
MBX00647,2026-06-11,13,90,3,0,3.33
MBX00647,2026-06-12,17,94,10,0,10.64
MBX00647,2026-06-13,5,11,0,0,0.0
MBX00647,2026-06-14,3,13,0,0,0.0
MBX00647,2026-06-15,21,108,8,0,7.41
MBX00647,2026-06-16,15,104,7,1,6.73
MBX00647,2026-06-17,20,95,6,0,6.32
MBX00647,2026-06-18,14,89,10,1,11.24
MBX00647,2026-06-19,24,95,12,0,12.63
MBX00647,2026-06-20,3,15,0,0,0.0
MBX00647,2026-06-21,9,19,1,1,5.26
MBX00647,2026-06-22,26,83,3,3,3.61
MBX00647,2026-06-23,18,83,2,1,2.41
MBX00647,2026-06-24,19,88,6,2,6.82
MBX00647,2026-06-25,18,112,12,1,10.71
MBX00647,2026-06-26,20,73,3,1,4.11
MBX00647,2026-06-27,2,12,0,0,0.0
MBX00647,2026-06-28,4,9,0,0,0.0
MBX00647,2026-06-29,15,97,1,1,1.03
MBX00647,2026-06-30,20,92,9,2,9.78
MBX00647,2026-07-01,27,88,2,2,2.27
MBX00647,2026-07-02,24,106,5,1,4.72
MBX00647,2026-07-03,23,83,5,1,6.02
MBX00647,2026-07-04,5,13,3,0,23.08
MBX00647,2026-07-05,5,16,0,1,0.0
MBX00647,2026-07-06,20,93,8,1,8.6
MBX00647,2026-07-07,22,93,4,0,4.3
MBX00647,2026-07-08,16,106,6,0,5.66
MBX00647,2026-07-09,13,102,3,0,2.94
MBX00647,2026-07-10,27,97,4,0,4.12
MBX00647,2026-07-11,5,14,0,0,0.0
MBX00647,2026-07-12,1,15,2,1,13.33
MBX00647,2026-07-13,13,103,5,2,4.85
MBX00647,2026-07-14,18,88,5,0,5.68
MBX00647,2026-07-15,14,94,12,2,12.77
MBX00647,2026-07-16,17,83,1,0,1.2
MBX00647,2026-07-17,23,113,2,2,1.77
MBX00647,2026-07-18,4,8,0,1,0.0
MBX00647,2026-07-19,2,20,1,0,5.0
MBX00647,2026-07-20,24,98,5,0,5.1
MBX00647,2026-07-21,18,102,10,1,9.8
MBX00647,2026-07-22,22,83,7,0,8.43
MBX00647,2026-07-23,23,93,10,2,10.75
MBX00647,2026-07-24,22,94,4,2,4.26
MBX00433,2026-04-26,3,9,0,0,0.0
MBX00433,2026-04-27,33,71,3,0,4.23
MBX00433,2026-04-28,20,68,2,0,2.94
MBX00433,2026-04-29,24,63,6,1,9.52
MBX00433,2026-04-30,50,70,1,2,1.43
MBX00433,2026-05-01,32,56,3,1,5.36
MBX00433,2026-05-02,4,11,1,0,9.09
MBX00433,2026-05-03,2,10,0,0,0.0
MBX00433,2026-05-04,29,66,1,2,1.52
MBX00433,2026-05-05,43,71,6,0,8.45
MBX00433,2026-05-06,32,57,6,2,10.53
MBX00433,2026-05-07,33,67,5,0,7.46
MBX00433,2026-05-08,31,63,4,0,6.35
MBX00433,2026-05-09,2,10,2,0,20.0
MBX00433,2026-05-10,3,7,0,0,0.0
MBX00433,2026-05-11,29,69,3,1,4.35
MBX00433,2026-05-12,33,62,3,4,4.84
MBX00433,2026-05-13,29,63,2,1,3.17
MBX00433,2026-05-14,30,66,4,0,6.06
MBX00433,2026-05-15,25,66,3,0,4.55
MBX00433,2026-05-16,4,12,2,0,16.67
MBX00433,2026-05-17,6,8,1,0,12.5
MBX00433,2026-05-18,32,74,4,1,5.41
MBX00433,2026-05-19,39,69,2,1,2.9
MBX00433,2026-05-20,35,48,4,1,8.33
MBX00433,2026-05-21,22,52,6,0,11.54
MBX00433,2026-05-22,37,63,0,1,0.0
MBX00433,2026-05-23,4,13,1,0,7.69
MBX00433,2026-05-24,2,17,1,1,5.88
MBX00433,2026-05-25,24,66,9,1,13.64
MBX00433,2026-05-26,26,56,1,0,1.79
MBX00433,2026-05-27,29,59,2,2,3.39
MBX00433,2026-05-28,22,61,2,2,3.28
MBX00433,2026-05-29,28,58,1,1,1.72
MBX00433,2026-05-30,6,13,0,0,0.0
MBX00433,2026-05-31,6,6,0,0,0.0
MBX00433,2026-06-01,36,62,5,0,8.06
MBX00433,2026-06-02,37,68,4,2,5.88
MBX00433,2026-06-03,33,64,5,1,7.81
MBX00433,2026-06-04,23,49,2,0,4.08
MBX00433,2026-06-05,35,76,12,1,15.79
MBX00433,2026-06-06,5,8,0,0,0.0
MBX00433,2026-06-07,8,9,1,0,11.11
MBX00433,2026-06-08,27,64,4,0,6.25
MBX00433,2026-06-09,39,57,4,1,7.02
MBX00433,2026-06-10,30,61,5,0,8.2
MBX00433,2026-06-11,29,61,4,0,6.56
MBX00433,2026-06-12,28,67,5,2,7.46
MBX00433,2026-06-13,4,12,0,0,0.0
MBX00433,2026-06-14,1,4,0,0,0.0
MBX00433,2026-06-15,20,67,0,2,0.0
MBX00433,2026-06-16,30,78,5,1,6.41
MBX00433,2026-06-17,37,56,5,0,8.93
MBX00433,2026-06-18,28,55,6,0,10.91
MBX00433,2026-06-19,35,57,1,0,1.75
MBX00433,2026-06-20,4,7,2,0,28.57
MBX00433,2026-06-21,3,11,3,0,27.27
MBX00433,2026-06-22,29,57,5,1,8.77
MBX00433,2026-06-23,28,60,2,0,3.33
MBX00433,2026-06-24,27,72,3,1,4.17
MBX00433,2026-06-25,43,56,5,1,8.93
MBX00433,2026-06-26,32,76,4,0,5.26
MBX00433,2026-06-27,2,9,1,0,11.11
MBX00433,2026-06-28,5,10,0,1,0.0
MBX00433,2026-06-29,41,55,2,1,3.64
MBX00433,2026-06-30,27,64,2,2,3.12
MBX00433,2026-07-01,33,55,0,0,0.0
MBX00433,2026-07-02,38,71,1,2,1.41
MBX00433,2026-07-03,37,49,4,0,8.16
MBX00433,2026-07-04,0,7,0,0,0.0
MBX00433,2026-07-05,5,4,0,0,0.0
MBX00433,2026-07-06,37,57,7,2,12.28
MBX00433,2026-07-07,20,64,5,0,7.81
MBX00433,2026-07-08,36,58,2,1,3.45
MBX00433,2026-07-09,31,74,4,0,5.41
MBX00433,2026-07-10,28,63,4,0,6.35
MBX00433,2026-07-11,3,4,0,0,0.0
MBX00433,2026-07-12,8,13,0,0,0.0
MBX00433,2026-07-13,18,58,9,1,15.52
MBX00433,2026-07-14,19,51,5,0,9.8
MBX00433,2026-07-15,24,55,3,0,5.45
MBX00433,2026-07-16,30,41,3,1,7.32
MBX00433,2026-07-17,32,61,7,1,11.48
MBX00433,2026-07-18,3,9,0,1,0.0
MBX00433,2026-07-19,3,4,1,0,25.0
MBX00433,2026-07-20,37,56,8,1,14.29
MBX00433,2026-07-21,30,49,7,1,14.29
MBX00433,2026-07-22,25,61,2,3,3.28
MBX00433,2026-07-23,26,66,5,0,7.58
MBX00433,2026-07-24,26,62,4,0,6.45
MBX00593,2026-04-26,5,7,0,0,0.0
MBX00593,2026-04-27,32,44,3,2,6.82
MBX00593,2026-04-28,48,52,2,1,3.85
MBX00593,2026-04-29,38,64,3,0,4.69
MBX00593,2026-04-30,46,58,3,1,5.17
MBX00593,2026-05-01,43,52,5,1,9.62
MBX00593,2026-05-02,4,11,0,0,0.0
MBX00593,2026-05-03,8,8,1,1,12.5
MBX00593,2026-05-04,39,41,2,1,4.88
MBX00593,2026-05-05,39,52,4,0,7.69
MBX00593,2026-05-06,38,41,5,1,12.2
MBX00593,2026-05-07,42,57,2,2,3.51
MBX00593,2026-05-08,43,40,2,1,5.0
MBX00593,2026-05-09,9,7,0,0,0.0
MBX00593,2026-05-10,9,8,0,1,0.0
MBX00593,2026-05-11,35,43,0,2,0.0
MBX00593,2026-05-12,37,52,3,0,5.77
MBX00593,2026-05-13,33,51,1,1,1.96
MBX00593,2026-05-14,38,62,6,2,9.68
MBX00593,2026-05-15,47,66,4,1,6.06
MBX00593,2026-05-16,4,14,0,0,0.0
MBX00593,2026-05-17,8,11,0,1,0.0
MBX00593,2026-05-18,43,46,1,1,2.17
MBX00593,2026-05-19,38,50,3,0,6.0
MBX00593,2026-05-20,54,44,2,0,4.55
MBX00593,2026-05-21,34,46,2,0,4.35
MBX00593,2026-05-22,30,56,4,0,7.14
MBX00593,2026-05-23,13,4,0,0,0.0
MBX00593,2026-05-24,10,4,0,0,0.0
MBX00593,2026-05-25,39,30,4,1,13.33
MBX00593,2026-05-26,39,60,6,2,10.0
MBX00593,2026-05-27,33,57,6,1,10.53
MBX00593,2026-05-28,45,35,3,0,8.57
MBX00593,2026-05-29,34,68,8,4,11.76
MBX00593,2026-05-30,2,11,1,0,9.09
MBX00593,2026-05-31,7,7,0,0,0.0
MBX00593,2026-06-01,24,52,1,0,1.92
MBX00593,2026-06-02,33,30,3,1,10.0
MBX00593,2026-06-03,46,49,4,0,8.16
MBX00593,2026-06-04,33,56,5,1,8.93
MBX00593,2026-06-05,41,45,1,1,2.22
MBX00593,2026-06-06,10,8,0,0,0.0
MBX00593,2026-06-07,7,5,0,0,0.0
MBX00593,2026-06-08,33,55,4,0,7.27
MBX00593,2026-06-09,47,48,4,1,8.33
MBX00593,2026-06-10,35,52,5,0,9.62
MBX00593,2026-06-11,33,51,4,0,7.84
MBX00593,2026-06-12,38,45,3,1,6.67
MBX00593,2026-06-13,3,9,1,0,11.11
MBX00593,2026-06-14,6,5,0,1,0.0
MBX00593,2026-06-15,37,59,5,2,8.47
MBX00593,2026-06-16,40,57,3,1,5.26
MBX00593,2026-06-17,29,50,6,1,12.0
MBX00593,2026-06-18,42,57,1,1,1.75
MBX00593,2026-06-19,40,48,6,2,12.5
MBX00593,2026-06-20,4,6,0,0,0.0
MBX00593,2026-06-21,4,8,1,0,12.5
MBX00593,2026-06-22,31,50,2,0,4.0
MBX00593,2026-06-23,41,41,2,0,4.88
MBX00593,2026-06-24,32,60,3,1,5.0
MBX00593,2026-06-25,40,44,1,0,2.27
MBX00593,2026-06-26,44,49,4,1,8.16
MBX00593,2026-06-27,6,11,2,0,18.18
MBX00593,2026-06-28,5,9,0,0,0.0
MBX00593,2026-06-29,36,43,4,0,9.3
MBX00593,2026-06-30,33,46,3,1,6.52
MBX00593,2026-07-01,46,48,1,4,2.08
MBX00593,2026-07-02,43,53,2,1,3.77
MBX00593,2026-07-03,31,44,4,2,9.09
MBX00593,2026-07-04,3,8,0,0,0.0
MBX00593,2026-07-05,8,5,0,0,0.0
MBX00593,2026-07-06,47,39,3,1,7.69
MBX00593,2026-07-07,40,50,4,0,8.0
MBX00593,2026-07-08,45,53,3,0,5.66
MBX00593,2026-07-09,22,52,5,0,9.62
MBX00593,2026-07-10,36,51,1,0,1.96
MBX00593,2026-07-11,8,5,1,0,20.0
MBX00593,2026-07-12,8,6,0,0,0.0
MBX00593,2026-07-13,44,54,4,1,7.41
MBX00593,2026-07-14,39,47,5,0,10.64
MBX00593,2026-07-15,43,53,5,0,9.43
MBX00593,2026-07-16,30,53,4,2,7.55
MBX00593,2026-07-17,41,56,7,2,12.5
MBX00593,2026-07-18,7,7,0,0,0.0
MBX00593,2026-07-19,6,10,1,0,10.0
MBX00593,2026-07-20,38,44,2,2,4.55
MBX00593,2026-07-21,36,46,4,1,8.7
MBX00593,2026-07-22,40,39,0,0,0.0
MBX00593,2026-07-23,49,51,1,3,1.96
MBX00593,2026-07-24,43,41,2,0,4.88
MBX00692,2026-04-26,5,2,1,0,50.0
MBX00692,2026-04-27,17,26,1,0,3.85
MBX00692,2026-04-28,18,25,1,0,4.0
MBX00692,2026-04-29,23,14,0,0,0.0
MBX00692,2026-04-30,23,20,2,3,10.0
MBX00692,2026-05-01,20,24,0,0,0.0
MBX00692,2026-05-02,5,3,0,1,0.0
MBX00692,2026-05-03,5,2,1,0,50.0
MBX00692,2026-05-04,20,18,2,0,11.11
MBX00692,2026-05-05,22,18,1,1,5.56
MBX00692,2026-05-06,22,20,0,0,0.0
MBX00692,2026-05-07,30,26,0,2,0.0
MBX00692,2026-05-08,25,19,0,0,0.0
MBX00692,2026-05-09,5,5,0,0,0.0
MBX00692,2026-05-10,2,4,0,0,0.0
MBX00692,2026-05-11,17,24,2,2,8.33
MBX00692,2026-05-12,19,25,3,0,12.0
MBX00692,2026-05-13,21,18,0,0,0.0
MBX00692,2026-05-14,24,22,0,0,0.0
MBX00692,2026-05-15,26,18,1,1,5.56
MBX00692,2026-05-16,7,2,0,0,0.0
MBX00692,2026-05-17,4,4,0,0,0.0
MBX00692,2026-05-18,24,18,1,0,5.56
MBX00692,2026-05-19,34,27,0,1,0.0
MBX00692,2026-05-20,25,23,1,0,4.35
MBX00692,2026-05-21,18,18,2,0,11.11
MBX00692,2026-05-22,21,15,0,0,0.0
MBX00692,2026-05-23,1,3,0,0,0.0
MBX00692,2026-05-24,3,3,0,0,0.0
MBX00692,2026-05-25,17,28,2,1,7.14
MBX00692,2026-05-26,21,28,2,1,7.14
MBX00692,2026-05-27,16,22,3,0,13.64
MBX00692,2026-05-28,23,15,0,1,0.0
MBX00692,2026-05-29,28,19,2,0,10.53
MBX00692,2026-05-30,5,1,0,0,0.0
MBX00692,2026-05-31,9,4,1,0,25.0
MBX00692,2026-06-01,30,17,1,0,5.88
MBX00692,2026-06-02,22,25,1,0,4.0
MBX00692,2026-06-03,17,21,0,0,0.0
MBX00692,2026-06-04,23,22,0,1,0.0
MBX00692,2026-06-05,25,26,3,1,11.54
MBX00692,2026-06-06,4,0,0,0,0.0
MBX00692,2026-06-07,5,3,0,0,0.0
MBX00692,2026-06-08,22,24,3,0,12.5
MBX00692,2026-06-09,22,29,1,1,3.45
MBX00692,2026-06-10,31,18,2,0,11.11
MBX00692,2026-06-11,36,14,0,0,0.0
MBX00692,2026-06-12,21,24,2,1,8.33
MBX00692,2026-06-13,5,1,0,0,0.0
MBX00692,2026-06-14,6,3,0,1,0.0
MBX00692,2026-06-15,22,16,2,1,12.5
MBX00692,2026-06-16,24,15,1,1,6.67
MBX00692,2026-06-17,28,18,0,0,0.0
MBX00692,2026-06-18,26,21,0,1,0.0
MBX00692,2026-06-19,23,21,2,1,9.52
MBX00692,2026-06-20,5,1,0,0,0.0
MBX00692,2026-06-21,3,2,0,0,0.0
MBX00692,2026-06-22,19,20,0,0,0.0
MBX00692,2026-06-23,28,24,1,0,4.17
MBX00692,2026-06-24,21,19,2,1,10.53
MBX00692,2026-06-25,16,18,0,0,0.0
MBX00692,2026-06-26,26,21,2,2,9.52
MBX00692,2026-06-27,3,2,0,0,0.0
MBX00692,2026-06-28,1,5,1,0,20.0
MBX00692,2026-06-29,24,20,0,0,0.0
MBX00692,2026-06-30,29,17,0,2,0.0
MBX00692,2026-07-01,19,24,1,1,4.17
MBX00692,2026-07-02,18,26,1,0,3.85
MBX00692,2026-07-03,18,25,1,0,4.0
MBX00692,2026-07-04,2,5,1,0,20.0
MBX00692,2026-07-05,3,0,0,0,0.0
MBX00692,2026-07-06,16,21,1,2,4.76
MBX00692,2026-07-07,19,25,0,0,0.0
MBX00692,2026-07-08,22,20,0,0,0.0
MBX00692,2026-07-09,16,23,3,0,13.04
MBX00692,2026-07-10,23,25,2,0,8.0
MBX00692,2026-07-11,3,4,0,0,0.0
MBX00692,2026-07-12,2,1,0,0,0.0
MBX00692,2026-07-13,26,21,1,0,4.76
MBX00692,2026-07-14,19,23,3,0,13.04
MBX00692,2026-07-15,20,30,3,0,10.0
MBX00692,2026-07-16,18,32,2,0,6.25
MBX00692,2026-07-17,23,21,0,0,0.0
MBX00692,2026-07-18,2,3,0,0,0.0
MBX00692,2026-07-19,3,4,1,1,25.0
MBX00692,2026-07-20,21,25,2,0,8.0
MBX00692,2026-07-21,17,17,2,1,11.76
MBX00692,2026-07-22,24,22,0,1,0.0
MBX00692,2026-07-23,25,16,1,0,6.25
MBX00692,2026-07-24,17,27,3,0,11.11
MBX00423,2026-04-26,2,16,0,0,0.0
MBX00423,2026-04-27,17,75,5,0,6.67
MBX00423,2026-04-28,23,78,1,2,1.28
MBX00423,2026-04-29,32,74,6,2,8.11
MBX00423,2026-04-30,19,66,4,0,6.06
MBX00423,2026-05-01,20,65,2,1,3.08
MBX00423,2026-05-02,7,7,0,0,0.0
MBX00423,2026-05-03,3,16,2,0,12.5
MBX00423,2026-05-04,24,83,4,2,4.82
MBX00423,2026-05-05,18,81,1,2,1.23
MBX00423,2026-05-06,26,98,6,0,6.12
MBX00423,2026-05-07,24,73,1,0,1.37
MBX00423,2026-05-08,23,66,6,1,9.09
MBX00423,2026-05-09,0,11,1,0,9.09
MBX00423,2026-05-10,4,14,0,0,0.0
MBX00423,2026-05-11,28,96,8,2,8.33
MBX00423,2026-05-12,25,86,2,1,2.33
MBX00423,2026-05-13,21,77,7,0,9.09
MBX00423,2026-05-14,24,98,5,0,5.1
MBX00423,2026-05-15,19,92,4,3,4.35
MBX00423,2026-05-16,4,13,2,0,15.38
MBX00423,2026-05-17,2,8,1,0,12.5
MBX00423,2026-05-18,20,74,3,0,4.05
MBX00423,2026-05-19,23,76,4,2,5.26
MBX00423,2026-05-20,26,80,6,1,7.5
MBX00423,2026-05-21,24,83,8,0,9.64
MBX00423,2026-05-22,21,75,5,0,6.67
MBX00423,2026-05-23,5,18,2,0,11.11
MBX00423,2026-05-24,6,15,1,1,6.67
MBX00423,2026-05-25,25,95,4,2,4.21
MBX00423,2026-05-26,26,81,4,1,4.94
MBX00423,2026-05-27,31,69,5,2,7.25
MBX00423,2026-05-28,21,77,4,2,5.19
MBX00423,2026-05-29,32,96,5,1,5.21
MBX00423,2026-05-30,2,9,0,0,0.0
MBX00423,2026-05-31,5,16,1,0,6.25
MBX00423,2026-06-01,16,80,7,2,8.75
MBX00423,2026-06-02,23,87,3,2,3.45
MBX00423,2026-06-03,22,81,7,1,8.64
MBX00423,2026-06-04,20,76,3,0,3.95
MBX00423,2026-06-05,22,67,4,0,5.97
MBX00423,2026-06-06,3,14,1,0,7.14
MBX00423,2026-06-07,6,10,1,0,10.0
MBX00423,2026-06-08,31,75,2,0,2.67
MBX00423,2026-06-09,23,85,7,2,8.24
MBX00423,2026-06-10,27,101,5,1,4.95
MBX00423,2026-06-11,24,75,10,1,13.33
MBX00423,2026-06-12,24,77,3,2,3.9
MBX00423,2026-06-13,2,11,0,0,0.0
MBX00423,2026-06-14,2,9,2,0,22.22
MBX00423,2026-06-15,21,91,6,1,6.59
MBX00423,2026-06-16,30,73,6,0,8.22
MBX00423,2026-06-17,27,71,2,0,2.82
MBX00423,2026-06-18,24,68,1,2,1.47
MBX00423,2026-06-19,26,63,1,0,1.59
MBX00423,2026-06-20,2,14,0,0,0.0
MBX00423,2026-06-21,5,11,0,0,0.0
MBX00423,2026-06-22,22,90,5,4,5.56
MBX00423,2026-06-23,34,80,7,1,8.75
MBX00423,2026-06-24,25,75,5,0,6.67
MBX00423,2026-06-25,23,75,4,2,5.33
MBX00423,2026-06-26,15,66,4,2,6.06
MBX00423,2026-06-27,3,15,1,0,6.67
MBX00423,2026-06-28,3,6,0,0,0.0
MBX00423,2026-06-29,20,85,3,0,3.53
MBX00423,2026-06-30,23,78,3,2,3.85
MBX00423,2026-07-01,40,70,7,0,10.0
MBX00423,2026-07-02,18,69,0,1,0.0
MBX00423,2026-07-03,30,77,3,0,3.9
MBX00423,2026-07-04,3,11,1,0,9.09
MBX00423,2026-07-05,3,8,0,0,0.0
MBX00423,2026-07-06,22,64,6,1,9.38
MBX00423,2026-07-07,22,73,7,2,9.59
MBX00423,2026-07-08,21,85,4,0,4.71
MBX00423,2026-07-09,21,61,4,0,6.56
MBX00423,2026-07-10,22,83,12,0,14.46
MBX00423,2026-07-11,2,13,2,0,15.38
MBX00423,2026-07-12,2,10,1,0,10.0
MBX00423,2026-07-13,17,75,8,1,10.67
MBX00423,2026-07-14,31,77,5,1,6.49
MBX00423,2026-07-15,26,78,6,1,7.69
MBX00423,2026-07-16,7,101,9,1,8.91
MBX00423,2026-07-17,40,86,1,0,1.16
MBX00423,2026-07-18,3,11,0,0,0.0
MBX00423,2026-07-19,2,16,1,0,6.25
MBX00423,2026-07-20,20,94,7,2,7.45
MBX00423,2026-07-21,19,71,4,0,5.63
MBX00423,2026-07-22,17,63,3,2,4.76
MBX00423,2026-07-23,20,89,1,2,1.12
MBX00423,2026-07-24,26,71,2,0,2.82
MBX00502,2026-04-26,2,3,0,0,0.0
MBX00502,2026-04-27,12,46,4,0,8.7
MBX00502,2026-04-28,4,50,4,0,8.0
MBX00502,2026-04-29,11,48,1,1,2.08
MBX00502,2026-04-30,7,51,3,0,5.88
MBX00502,2026-05-01,10,35,6,0,17.14
MBX00502,2026-05-02,0,9,1,0,11.11
MBX00502,2026-05-03,0,4,1,0,25.0
MBX00502,2026-05-04,7,40,4,0,10.0
MBX00502,2026-05-05,5,54,3,0,5.56
MBX00502,2026-05-06,8,42,3,0,7.14
MBX00502,2026-05-07,9,58,4,0,6.9
MBX00502,2026-05-08,5,40,1,0,2.5
MBX00502,2026-05-09,0,3,0,0,0.0
MBX00502,2026-05-10,2,12,0,0,0.0
MBX00502,2026-05-11,11,58,1,0,1.72
MBX00502,2026-05-12,11,49,2,0,4.08
MBX00502,2026-05-13,9,45,3,0,6.67
MBX00502,2026-05-14,7,55,5,0,9.09
MBX00502,2026-05-15,10,60,7,1,11.67
MBX00502,2026-05-16,0,4,0,0,0.0
MBX00502,2026-05-17,1,7,1,0,14.29
MBX00502,2026-05-18,12,39,1,0,2.56
MBX00502,2026-05-19,6,33,0,0,0.0
MBX00502,2026-05-20,7,42,4,0,9.52
MBX00502,2026-05-21,6,48,3,0,6.25
MBX00502,2026-05-22,11,56,3,0,5.36
MBX00502,2026-05-23,1,6,1,0,16.67
MBX00502,2026-05-24,1,5,0,0,0.0
MBX00502,2026-05-25,6,48,5,1,10.42
MBX00502,2026-05-26,10,54,0,0,0.0
MBX00502,2026-05-27,16,42,3,1,7.14
MBX00502,2026-05-28,7,50,6,0,12.0
MBX00502,2026-05-29,5,43,3,0,6.98
MBX00502,2026-05-30,2,7,2,0,28.57
MBX00502,2026-05-31,2,8,0,0,0.0
MBX00502,2026-06-01,4,44,4,1,9.09
MBX00502,2026-06-02,3,48,3,0,6.25
MBX00502,2026-06-03,7,50,3,0,6.0
MBX00502,2026-06-04,7,44,2,0,4.55
MBX00502,2026-06-05,7,49,4,0,8.16
MBX00502,2026-06-06,2,9,1,0,11.11
MBX00502,2026-06-07,0,6,1,0,16.67
MBX00502,2026-06-08,7,55,5,0,9.09
MBX00502,2026-06-09,8,53,2,1,3.77
MBX00502,2026-06-10,11,49,3,1,6.12
MBX00502,2026-06-11,5,49,0,0,0.0
MBX00502,2026-06-12,6,51,2,2,3.92
MBX00502,2026-06-13,0,6,0,0,0.0
MBX00502,2026-06-14,0,5,1,0,20.0
MBX00502,2026-06-15,11,51,4,0,7.84
MBX00502,2026-06-16,9,47,1,1,2.13
MBX00502,2026-06-17,2,47,2,1,4.26
MBX00502,2026-06-18,7,61,6,0,9.84
MBX00502,2026-06-19,10,55,4,3,7.27
MBX00502,2026-06-20,2,9,0,0,0.0
MBX00502,2026-06-21,2,6,1,0,16.67
MBX00502,2026-06-22,7,45,1,0,2.22
MBX00502,2026-06-23,9,50,6,0,12.0
MBX00502,2026-06-24,6,51,2,0,3.92
MBX00502,2026-06-25,7,49,1,1,2.04
MBX00502,2026-06-26,7,48,3,0,6.25
MBX00502,2026-06-27,1,4,0,0,0.0
MBX00502,2026-06-28,0,6,1,0,16.67
MBX00502,2026-06-29,13,49,4,0,8.16
MBX00502,2026-06-30,6,38,3,0,7.89
MBX00502,2026-07-01,9,40,3,0,7.5
MBX00502,2026-07-02,7,36,3,0,8.33
MBX00502,2026-07-03,9,46,5,0,10.87
MBX00502,2026-07-04,1,6,1,0,16.67
MBX00502,2026-07-05,2,10,1,0,10.0
MBX00502,2026-07-06,7,53,2,1,3.77
MBX00502,2026-07-07,11,40,2,0,5.0
MBX00502,2026-07-08,12,54,1,0,1.85
MBX00502,2026-07-09,5,65,5,1,7.69
MBX00502,2026-07-10,11,52,5,1,9.62
MBX00502,2026-07-11,0,8,0,0,0.0
MBX00502,2026-07-12,2,10,1,0,10.0
MBX00502,2026-07-13,7,47,3,0,6.38
MBX00502,2026-07-14,5,34,3,0,8.82
MBX00502,2026-07-15,7,52,3,0,5.77
MBX00502,2026-07-16,8,34,2,1,5.88
MBX00502,2026-07-17,5,49,4,3,8.16
MBX00502,2026-07-18,2,8,0,0,0.0
MBX00502,2026-07-19,1,10,2,0,20.0
MBX00502,2026-07-20,6,40,0,1,0.0
MBX00502,2026-07-21,7,45,5,0,11.11
MBX00502,2026-07-22,7,47,3,0,6.38
MBX00502,2026-07-23,11,52,5,0,9.62
MBX00502,2026-07-24,7,45,2,1,4.44
MBX00070,2026-04-26,0,10,0,0,0.0
MBX00070,2026-04-27,5,85,5,1,5.88
MBX00070,2026-04-28,6,96,5,2,5.21
MBX00070,2026-04-29,7,104,9,1,8.65
MBX00070,2026-04-30,2,91,3,4,3.3
MBX00070,2026-05-01,7,85,7,1,8.24
MBX00070,2026-05-02,0,14,4,0,28.57
MBX00070,2026-05-03,0,8,1,0,12.5
MBX00070,2026-05-04,4,101,12,0,11.88
MBX00070,2026-05-05,5,91,7,0,7.69
MBX00070,2026-05-06,8,83,9,1,10.84
MBX00070,2026-05-07,3,116,8,1,6.9
MBX00070,2026-05-08,6,84,5,0,5.95
MBX00070,2026-05-09,1,22,3,0,13.64
MBX00070,2026-05-10,0,14,1,0,7.14
MBX00070,2026-05-11,5,84,5,0,5.95
MBX00070,2026-05-12,6,104,3,0,2.88
MBX00070,2026-05-13,8,106,8,1,7.55
MBX00070,2026-05-14,6,72,5,0,6.94
MBX00070,2026-05-15,3,100,3,0,3.0
MBX00070,2026-05-16,0,18,0,1,0.0
MBX00070,2026-05-17,0,16,2,1,12.5
MBX00070,2026-05-18,6,91,6,0,6.59
MBX00070,2026-05-19,5,82,2,0,2.44
MBX00070,2026-05-20,3,101,5,2,4.95
MBX00070,2026-05-21,2,86,4,3,4.65
MBX00070,2026-05-22,6,97,4,1,4.12
MBX00070,2026-05-23,0,20,2,0,10.0
MBX00070,2026-05-24,0,17,2,0,11.76
MBX00070,2026-05-25,5,94,1,0,1.06
MBX00070,2026-05-26,3,85,8,3,9.41
MBX00070,2026-05-27,6,102,3,0,2.94
MBX00070,2026-05-28,4,77,6,1,7.79
MBX00070,2026-05-29,3,102,6,1,5.88
MBX00070,2026-05-30,0,15,1,1,6.67
MBX00070,2026-05-31,1,13,2,0,15.38
MBX00070,2026-06-01,2,87,4,1,4.6
MBX00070,2026-06-02,2,88,6,1,6.82
MBX00070,2026-06-03,6,92,10,0,10.87
MBX00070,2026-06-04,9,80,4,1,5.0
MBX00070,2026-06-05,4,95,6,2,6.32
MBX00070,2026-06-06,1,16,3,0,18.75
MBX00070,2026-06-07,0,15,0,3,0.0
MBX00070,2026-06-08,2,95,10,1,10.53
MBX00070,2026-06-09,6,85,6,2,7.06
MBX00070,2026-06-10,10,81,5,0,6.17
MBX00070,2026-06-11,6,90,6,0,6.67
MBX00070,2026-06-12,4,98,9,1,9.18
MBX00070,2026-06-13,1,13,2,0,15.38
MBX00070,2026-06-14,2,10,0,0,0.0
MBX00070,2026-06-15,2,89,4,1,4.49
MBX00070,2026-06-16,2,105,7,2,6.67
MBX00070,2026-06-17,2,86,6,0,6.98
MBX00070,2026-06-18,5,94,3,0,3.19
MBX00070,2026-06-19,10,82,6,2,7.32
MBX00070,2026-06-20,0,14,0,0,0.0
MBX00070,2026-06-21,3,8,0,0,0.0
MBX00070,2026-06-22,5,84,8,1,9.52
MBX00070,2026-06-23,4,93,3,1,3.23
MBX00070,2026-06-24,5,105,6,2,5.71
MBX00070,2026-06-25,4,80,1,1,1.25
MBX00070,2026-06-26,3,82,5,2,6.1
MBX00070,2026-06-27,1,21,1,0,4.76
MBX00070,2026-06-28,0,12,1,0,8.33
MBX00070,2026-06-29,6,102,7,2,6.86
MBX00070,2026-06-30,5,60,9,2,15.0
MBX00070,2026-07-01,1,79,5,1,6.33
MBX00070,2026-07-02,3,93,4,2,4.3
MBX00070,2026-07-03,11,102,6,1,5.88
MBX00070,2026-07-04,2,15,0,0,0.0
MBX00070,2026-07-05,2,13,0,1,0.0
MBX00070,2026-07-06,5,77,4,1,5.19
MBX00070,2026-07-07,3,79,5,1,6.33
MBX00070,2026-07-08,10,96,0,1,0.0
MBX00070,2026-07-09,5,116,6,1,5.17
MBX00070,2026-07-10,6,94,4,1,4.26
MBX00070,2026-07-11,0,8,0,0,0.0
MBX00070,2026-07-12,0,8,2,0,25.0
MBX00070,2026-07-13,6,89,8,2,8.99
MBX00070,2026-07-14,4,84,2,0,2.38
MBX00070,2026-07-15,3,102,6,1,5.88
MBX00070,2026-07-16,4,97,7,3,7.22
MBX00070,2026-07-17,8,87,6,0,6.9
MBX00070,2026-07-18,1,16,1,0,6.25
MBX00070,2026-07-19,1,12,2,1,16.67
MBX00070,2026-07-20,5,83,5,1,6.02
MBX00070,2026-07-21,7,87,5,1,5.75
MBX00070,2026-07-22,7,94,6,1,6.38
MBX00070,2026-07-23,3,76,3,1,3.95
MBX00070,2026-07-24,7,102,4,2,3.92
MBX00465,2026-04-26,1,16,0,0,0.0
MBX00465,2026-04-27,25,83,3,0,3.61
MBX00465,2026-04-28,18,89,7,0,7.87
MBX00465,2026-04-29,22,93,8,0,8.6
MBX00465,2026-04-30,12,90,3,0,3.33
MBX00465,2026-05-01,25,82,3,0,3.66
MBX00465,2026-05-02,3,10,0,0,0.0
MBX00465,2026-05-03,0,4,0,0,0.0
MBX00465,2026-05-04,10,88,10,0,11.36
MBX00465,2026-05-05,27,106,6,2,5.66
MBX00465,2026-05-06,16,80,8,2,10.0
MBX00465,2026-05-07,18,88,8,1,9.09
MBX00465,2026-05-08,13,63,2,1,3.17
MBX00465,2026-05-09,3,12,1,0,8.33
MBX00465,2026-05-10,1,10,0,0,0.0
MBX00465,2026-05-11,26,90,5,2,5.56
MBX00465,2026-05-12,19,88,2,2,2.27
MBX00465,2026-05-13,17,82,7,0,8.54
MBX00465,2026-05-14,19,79,5,2,6.33
MBX00465,2026-05-15,17,91,7,1,7.69
MBX00465,2026-05-16,3,11,0,0,0.0
MBX00465,2026-05-17,4,19,3,0,15.79
MBX00465,2026-05-18,13,84,4,1,4.76
MBX00465,2026-05-19,17,84,5,0,5.95
MBX00465,2026-05-20,17,91,3,1,3.3
MBX00465,2026-05-21,25,69,4,0,5.8
MBX00465,2026-05-22,19,79,4,0,5.06
MBX00465,2026-05-23,3,8,1,0,12.5
MBX00465,2026-05-24,3,7,0,0,0.0
MBX00465,2026-05-25,22,89,5,1,5.62
MBX00465,2026-05-26,17,79,2,1,2.53
MBX00465,2026-05-27,23,82,5,1,6.1
MBX00465,2026-05-28,13,105,10,0,9.52
MBX00465,2026-05-29,19,89,11,0,12.36
MBX00465,2026-05-30,4,17,4,0,23.53
MBX00465,2026-05-31,4,7,0,0,0.0
MBX00465,2026-06-01,13,75,6,0,8.0
MBX00465,2026-06-02,19,95,4,3,4.21
MBX00465,2026-06-03,21,77,5,2,6.49
MBX00465,2026-06-04,16,82,4,1,4.88
MBX00465,2026-06-05,19,82,5,2,6.1
MBX00465,2026-06-06,1,9,1,0,11.11
MBX00465,2026-06-07,7,9,0,0,0.0
MBX00465,2026-06-08,11,90,9,1,10.0
MBX00465,2026-06-09,20,78,3,1,3.85
MBX00465,2026-06-10,17,80,5,1,6.25
MBX00465,2026-06-11,16,70,8,1,11.43
MBX00465,2026-06-12,16,93,5,1,5.38
MBX00465,2026-06-13,2,10,2,0,20.0
MBX00465,2026-06-14,1,13,0,2,0.0
MBX00465,2026-06-15,22,79,5,1,6.33
MBX00465,2026-06-16,25,94,4,2,4.26
MBX00465,2026-06-17,26,91,6,1,6.59
MBX00465,2026-06-18,18,91,3,1,3.3
MBX00465,2026-06-19,18,72,4,0,5.56
MBX00465,2026-06-20,3,9,0,0,0.0
MBX00465,2026-06-21,3,10,0,1,0.0
MBX00465,2026-06-22,16,86,8,0,9.3
MBX00465,2026-06-23,13,75,3,1,4.0
MBX00465,2026-06-24,18,70,5,2,7.14
MBX00465,2026-06-25,20,75,7,2,9.33
MBX00465,2026-06-26,17,81,1,0,1.23
MBX00465,2026-06-27,1,14,1,0,7.14
MBX00465,2026-06-28,0,7,2,0,28.57
MBX00465,2026-06-29,19,89,3,0,3.37
MBX00465,2026-06-30,11,72,8,0,11.11
MBX00465,2026-07-01,12,87,5,1,5.75
MBX00465,2026-07-02,18,87,1,1,1.15
MBX00465,2026-07-03,15,91,4,5,4.4
MBX00465,2026-07-04,4,6,0,0,0.0
MBX00465,2026-07-05,4,7,0,0,0.0
MBX00465,2026-07-06,20,83,8,3,9.64
MBX00465,2026-07-07,13,92,6,2,6.52
MBX00465,2026-07-08,21,90,4,1,4.44
MBX00465,2026-07-09,20,99,10,3,10.1
MBX00465,2026-07-10,18,79,4,0,5.06
MBX00465,2026-07-11,3,22,0,0,0.0
MBX00465,2026-07-12,2,10,1,0,10.0
MBX00465,2026-07-13,22,68,4,0,5.88
MBX00465,2026-07-14,19,71,3,1,4.23
MBX00465,2026-07-15,18,92,3,2,3.26
MBX00465,2026-07-16,20,93,5,1,5.38
MBX00465,2026-07-17,20,76,5,1,6.58
MBX00465,2026-07-18,2,11,0,0,0.0
MBX00465,2026-07-19,0,9,0,1,0.0
MBX00465,2026-07-20,19,89,6,1,6.74
MBX00465,2026-07-21,12,89,2,2,2.25
MBX00465,2026-07-22,21,86,4,1,4.65
MBX00465,2026-07-23,19,76,4,0,5.26
MBX00465,2026-07-24,8,93,2,2,2.15
MBX00375,2026-04-26,1,8,0,0,0.0
MBX00375,2026-04-27,7,55,8,3,14.55
MBX00375,2026-04-28,14,66,1,0,1.52
MBX00375,2026-04-29,15,52,5,1,9.62
MBX00375,2026-04-30,8,55,4,1,7.27
MBX00375,2026-05-01,8,58,4,0,6.9
MBX00375,2026-05-02,2,10,1,0,10.0
MBX00375,2026-05-03,2,11,0,0,0.0
MBX00375,2026-05-04,9,66,3,0,4.55
MBX00375,2026-05-05,13,61,2,1,3.28
MBX00375,2026-05-06,11,60,4,0,6.67
MBX00375,2026-05-07,4,58,2,0,3.45
MBX00375,2026-05-08,9,46,4,0,8.7
MBX00375,2026-05-09,0,6,0,0,0.0
MBX00375,2026-05-10,1,8,0,0,0.0
MBX00375,2026-05-11,9,60,4,0,6.67
MBX00375,2026-05-12,9,56,1,0,1.79
MBX00375,2026-05-13,12,54,4,1,7.41
MBX00375,2026-05-14,11,49,2,0,4.08
MBX00375,2026-05-15,10,63,6,0,9.52
MBX00375,2026-05-16,4,8,1,0,12.5
MBX00375,2026-05-17,0,6,2,0,33.33
MBX00375,2026-05-18,10,60,2,1,3.33
MBX00375,2026-05-19,5,53,5,0,9.43
MBX00375,2026-05-20,6,57,3,0,5.26
MBX00375,2026-05-21,10,58,2,1,3.45
MBX00375,2026-05-22,6,54,2,1,3.7
MBX00375,2026-05-23,3,8,1,0,12.5
MBX00375,2026-05-24,3,6,0,0,0.0
MBX00375,2026-05-25,9,63,3,0,4.76
MBX00375,2026-05-26,10,62,5,0,8.06
MBX00375,2026-05-27,12,58,4,0,6.9
MBX00375,2026-05-28,12,60,7,0,11.67
MBX00375,2026-05-29,8,64,1,0,1.56
MBX00375,2026-05-30,1,13,0,1,0.0
MBX00375,2026-05-31,1,8,1,0,12.5
MBX00375,2026-06-01,12,69,7,1,10.14
MBX00375,2026-06-02,7,65,5,0,7.69
MBX00375,2026-06-03,7,48,3,0,6.25
MBX00375,2026-06-04,12,59,3,0,5.08
MBX00375,2026-06-05,14,58,1,0,1.72
MBX00375,2026-06-06,3,8,2,0,25.0
MBX00375,2026-06-07,3,10,1,0,10.0
MBX00375,2026-06-08,13,61,7,1,11.48
MBX00375,2026-06-09,8,45,5,1,11.11
MBX00375,2026-06-10,7,49,2,0,4.08
MBX00375,2026-06-11,11,76,4,0,5.26
MBX00375,2026-06-12,13,63,2,1,3.17
MBX00375,2026-06-13,0,11,2,0,18.18
MBX00375,2026-06-14,1,9,1,1,11.11
MBX00375,2026-06-15,16,55,1,0,1.82
MBX00375,2026-06-16,12,59,3,1,5.08
MBX00375,2026-06-17,11,62,6,0,9.68
MBX00375,2026-06-18,17,56,2,0,3.57
MBX00375,2026-06-19,13,55,2,1,3.64
MBX00375,2026-06-20,3,12,0,0,0.0
MBX00375,2026-06-21,2,4,1,0,25.0
MBX00375,2026-06-22,13,60,4,0,6.67
MBX00375,2026-06-23,10,54,2,0,3.7
MBX00375,2026-06-24,9,64,2,1,3.12
MBX00375,2026-06-25,13,72,6,2,8.33
MBX00375,2026-06-26,10,65,1,0,1.54
MBX00375,2026-06-27,2,6,0,0,0.0
MBX00375,2026-06-28,4,5,0,0,0.0
MBX00375,2026-06-29,19,46,4,1,8.7
MBX00375,2026-06-30,11,45,1,0,2.22
MBX00375,2026-07-01,8,63,5,1,7.94
MBX00375,2026-07-02,9,49,4,0,8.16
MBX00375,2026-07-03,8,66,3,1,4.55
MBX00375,2026-07-04,4,7,0,0,0.0
MBX00375,2026-07-05,1,8,0,0,0.0
MBX00375,2026-07-06,15,48,3,1,6.25
MBX00375,2026-07-07,10,54,8,0,14.81
MBX00375,2026-07-08,8,67,1,3,1.49
MBX00375,2026-07-09,13,55,2,1,3.64
MBX00375,2026-07-10,9,49,3,1,6.12
MBX00375,2026-07-11,2,7,0,0,0.0
MBX00375,2026-07-12,0,6,0,0,0.0
MBX00375,2026-07-13,10,59,1,0,1.69
MBX00375,2026-07-14,9,56,0,0,0.0
MBX00375,2026-07-15,10,49,2,0,4.08
MBX00375,2026-07-16,15,69,0,2,0.0
MBX00375,2026-07-17,7,58,4,2,6.9
MBX00375,2026-07-18,0,12,2,1,16.67
MBX00375,2026-07-19,2,11,1,1,9.09
MBX00375,2026-07-20,7,57,3,0,5.26
MBX00375,2026-07-21,19,53,3,2,5.66
MBX00375,2026-07-22,9,56,6,1,10.71
MBX00375,2026-07-23,13,49,1,0,2.04
MBX00375,2026-07-24,12,50,3,0,6.0
MBX00154,2026-04-26,7,17,1,0,5.88
MBX00154,2026-04-27,17,120,4,2,3.33
MBX00154,2026-04-28,24,110,8,1,7.27
MBX00154,2026-04-29,27,140,5,0,3.57
MBX00154,2026-04-30,33,99,5,1,5.05
MBX00154,2026-05-01,19,108,3,0,2.78
MBX00154,2026-05-02,2,20,1,0,5.0
MBX00154,2026-05-03,3,20,0,0,0.0
MBX00154,2026-05-04,22,105,5,1,4.76
MBX00154,2026-05-05,19,117,5,3,4.27
MBX00154,2026-05-06,20,115,8,0,6.96
MBX00154,2026-05-07,23,125,5,1,4.0
MBX00154,2026-05-08,27,111,4,0,3.6
MBX00154,2026-05-09,0,15,0,0,0.0
MBX00154,2026-05-10,2,15,1,0,6.67
MBX00154,2026-05-11,20,110,6,4,5.45
MBX00154,2026-05-12,24,110,4,3,3.64
MBX00154,2026-05-13,20,120,7,4,5.83
MBX00154,2026-05-14,28,109,2,0,1.83
MBX00154,2026-05-15,13,109,6,1,5.5
MBX00154,2026-05-16,5,14,1,0,7.14
MBX00154,2026-05-17,1,20,2,1,10.0
MBX00154,2026-05-18,24,97,3,1,3.09
MBX00154,2026-05-19,25,112,6,1,5.36
MBX00154,2026-05-20,12,97,9,1,9.28
MBX00154,2026-05-21,12,103,4,0,3.88
MBX00154,2026-05-22,25,117,3,0,2.56
MBX00154,2026-05-23,2,22,3,0,13.64
MBX00154,2026-05-24,3,12,1,0,8.33
MBX00154,2026-05-25,15,94,5,3,5.32
MBX00154,2026-05-26,26,112,8,2,7.14
MBX00154,2026-05-27,31,115,9,2,7.83
MBX00154,2026-05-28,20,118,7,3,5.93
MBX00154,2026-05-29,21,110,6,1,5.45
MBX00154,2026-05-30,4,13,1,1,7.69
MBX00154,2026-05-31,1,19,0,0,0.0
MBX00154,2026-06-01,28,120,12,3,10.0
MBX00154,2026-06-02,20,110,8,0,7.27
MBX00154,2026-06-03,25,126,8,2,6.35
MBX00154,2026-06-04,24,116,9,2,7.76
MBX00154,2026-06-05,20,128,6,2,4.69
MBX00154,2026-06-06,2,19,1,1,5.26
MBX00154,2026-06-07,5,15,3,0,20.0
MBX00154,2026-06-08,25,131,13,4,9.92
MBX00154,2026-06-09,14,97,8,1,8.25
MBX00154,2026-06-10,20,116,4,1,3.45
MBX00154,2026-06-11,28,109,5,2,4.59
MBX00154,2026-06-12,25,110,8,3,7.27
MBX00154,2026-06-13,4,10,0,0,0.0
MBX00154,2026-06-14,1,12,1,0,8.33
MBX00154,2026-06-15,21,122,8,2,6.56
MBX00154,2026-06-16,19,111,8,2,7.21
MBX00154,2026-06-17,15,118,9,2,7.63
MBX00154,2026-06-18,21,130,7,4,5.38
MBX00154,2026-06-19,40,114,7,1,6.14
MBX00154,2026-06-20,5,12,1,0,8.33
MBX00154,2026-06-21,4,13,2,0,15.38
MBX00154,2026-06-22,17,93,3,1,3.23
MBX00154,2026-06-23,28,109,4,0,3.67
MBX00154,2026-06-24,25,116,4,1,3.45
MBX00154,2026-06-25,19,84,3,0,3.57
MBX00154,2026-06-26,21,128,10,1,7.81
MBX00154,2026-06-27,3,13,0,0,0.0
MBX00154,2026-06-28,1,16,0,0,0.0
MBX00154,2026-06-29,23,113,13,0,11.5
MBX00154,2026-06-30,24,107,6,1,5.61
MBX00154,2026-07-01,23,106,7,1,6.6
MBX00154,2026-07-02,27,123,5,1,4.07
MBX00154,2026-07-03,23,115,7,0,6.09
MBX00154,2026-07-04,5,22,0,0,0.0
MBX00154,2026-07-05,0,24,2,1,8.33
MBX00154,2026-07-06,16,106,9,0,8.49
MBX00154,2026-07-07,37,122,5,0,4.1
MBX00154,2026-07-08,26,127,5,1,3.94
MBX00154,2026-07-09,31,110,5,1,4.55
MBX00154,2026-07-10,14,107,7,2,6.54
MBX00154,2026-07-11,3,12,0,0,0.0
MBX00154,2026-07-12,6,15,0,0,0.0
MBX00154,2026-07-13,16,115,7,3,6.09
MBX00154,2026-07-14,28,108,9,1,8.33
MBX00154,2026-07-15,19,120,9,0,7.5
MBX00154,2026-07-16,21,113,10,0,8.85
MBX00154,2026-07-17,24,104,6,0,5.77
MBX00154,2026-07-18,6,18,1,0,5.56
MBX00154,2026-07-19,5,21,1,1,4.76
MBX00154,2026-07-20,26,114,8,1,7.02
MBX00154,2026-07-21,14,119,6,1,5.04
MBX00154,2026-07-22,14,108,6,1,5.56
MBX00154,2026-07-23,17,105,7,2,6.67
MBX00154,2026-07-24,18,116,8,2,6.9
MBX00417,2026-04-26,2,23,2,0,8.7
MBX00417,2026-04-27,27,120,12,0,10.0
MBX00417,2026-04-28,17,107,10,1,9.35
MBX00417,2026-04-29,18,109,11,0,10.09
MBX00417,2026-04-30,19,121,7,3,5.79
MBX00417,2026-05-01,29,117,7,0,5.98
MBX00417,2026-05-02,5,22,3,0,13.64
MBX00417,2026-05-03,5,20,0,0,0.0
MBX00417,2026-05-04,30,113,3,2,2.65
MBX00417,2026-05-05,28,125,9,0,7.2
MBX00417,2026-05-06,23,122,7,0,5.74
MBX00417,2026-05-07,24,113,4,0,3.54
MBX00417,2026-05-08,29,117,7,1,5.98
MBX00417,2026-05-09,7,23,0,0,0.0
MBX00417,2026-05-10,4,13,1,0,7.69
MBX00417,2026-05-11,25,100,7,1,7.0
MBX00417,2026-05-12,19,106,5,1,4.72
MBX00417,2026-05-13,20,102,5,0,4.9
MBX00417,2026-05-14,16,103,11,0,10.68
MBX00417,2026-05-15,18,115,5,1,4.35
MBX00417,2026-05-16,3,24,2,0,8.33
MBX00417,2026-05-17,9,23,2,2,8.7
MBX00417,2026-05-18,23,116,3,1,2.59
MBX00417,2026-05-19,26,117,9,0,7.69
MBX00417,2026-05-20,32,108,4,0,3.7
MBX00417,2026-05-21,20,121,5,2,4.13
MBX00417,2026-05-22,24,110,4,0,3.64
MBX00417,2026-05-23,3,19,0,0,0.0
MBX00417,2026-05-24,8,15,0,0,0.0
MBX00417,2026-05-25,28,107,6,1,5.61
MBX00417,2026-05-26,28,115,8,0,6.96
MBX00417,2026-05-27,25,127,14,1,11.02
MBX00417,2026-05-28,25,112,8,1,7.14
MBX00417,2026-05-29,26,117,5,1,4.27
MBX00417,2026-05-30,3,18,0,0,0.0
MBX00417,2026-05-31,3,15,0,0,0.0
MBX00417,2026-06-01,23,118,6,2,5.08
MBX00417,2026-06-02,24,105,7,1,6.67
MBX00417,2026-06-03,28,112,7,1,6.25
MBX00417,2026-06-04,28,117,4,2,3.42
MBX00417,2026-06-05,26,123,6,3,4.88
MBX00417,2026-06-06,1,17,0,0,0.0
MBX00417,2026-06-07,5,19,2,0,10.53
MBX00417,2026-06-08,21,108,7,1,6.48
MBX00417,2026-06-09,22,110,6,3,5.45
MBX00417,2026-06-10,25,130,14,1,10.77
MBX00417,2026-06-11,25,104,5,4,4.81
MBX00417,2026-06-12,26,111,8,0,7.21
MBX00417,2026-06-13,3,13,0,0,0.0
MBX00417,2026-06-14,8,18,2,1,11.11
MBX00417,2026-06-15,24,115,6,1,5.22
MBX00417,2026-06-16,26,111,1,0,0.9
MBX00417,2026-06-17,20,113,6,1,5.31
MBX00417,2026-06-18,27,108,6,1,5.56
MBX00417,2026-06-19,17,114,4,2,3.51
MBX00417,2026-06-20,6,15,1,0,6.67
MBX00417,2026-06-21,5,11,2,0,18.18
MBX00417,2026-06-22,22,110,4,0,3.64
MBX00417,2026-06-23,28,98,5,2,5.1
MBX00417,2026-06-24,29,110,7,1,6.36
MBX00417,2026-06-25,19,110,7,5,6.36
MBX00417,2026-06-26,18,111,5,1,4.5
MBX00417,2026-06-27,2,19,3,0,15.79
MBX00417,2026-06-28,4,25,0,0,0.0
MBX00417,2026-06-29,24,112,11,3,9.82
MBX00417,2026-06-30,28,117,6,3,5.13
MBX00417,2026-07-01,18,113,7,2,6.19
MBX00417,2026-07-02,26,137,6,1,4.38
MBX00417,2026-07-03,30,123,3,3,2.44
MBX00417,2026-07-04,4,18,2,0,11.11
MBX00417,2026-07-05,7,8,1,0,12.5
MBX00417,2026-07-06,24,121,8,1,6.61
MBX00417,2026-07-07,15,93,4,0,4.3
MBX00417,2026-07-08,23,96,10,0,10.42
MBX00417,2026-07-09,24,107,3,0,2.8
MBX00417,2026-07-10,23,105,3,1,2.86
MBX00417,2026-07-11,5,29,3,0,10.34
MBX00417,2026-07-12,5,19,0,0,0.0
MBX00417,2026-07-13,20,117,5,0,4.27
MBX00417,2026-07-14,33,117,3,3,2.56
MBX00417,2026-07-15,21,101,6,2,5.94
MBX00417,2026-07-16,27,118,2,4,1.69
MBX00417,2026-07-17,17,122,14,0,11.48
MBX00417,2026-07-18,6,27,0,0,0.0
MBX00417,2026-07-19,4,21,1,2,4.76
MBX00417,2026-07-20,24,107,10,0,9.35
MBX00417,2026-07-21,20,108,9,2,8.33
MBX00417,2026-07-22,26,130,3,1,2.31
MBX00417,2026-07-23,21,122,8,1,6.56
MBX00417,2026-07-24,25,118,12,1,10.17
MBX00443,2026-04-26,2,4,0,0,0.0
MBX00443,2026-04-27,25,41,1,1,2.44
MBX00443,2026-04-28,17,41,3,0,7.32
MBX00443,2026-04-29,34,36,1,0,2.78
MBX00443,2026-04-30,25,56,3,0,5.36
MBX00443,2026-05-01,21,55,4,0,7.27
MBX00443,2026-05-02,4,8,0,1,0.0
MBX00443,2026-05-03,5,9,0,0,0.0
MBX00443,2026-05-04,21,40,5,0,12.5
MBX00443,2026-05-05,19,35,0,0,0.0
MBX00443,2026-05-06,21,38,4,3,10.53
MBX00443,2026-05-07,22,53,3,0,5.66
MBX00443,2026-05-08,27,39,2,0,5.13
MBX00443,2026-05-09,2,5,0,0,0.0
MBX00443,2026-05-10,3,6,1,0,16.67
MBX00443,2026-05-11,27,39,1,0,2.56
MBX00443,2026-05-12,28,39,2,1,5.13
MBX00443,2026-05-13,16,38,1,0,2.63
MBX00443,2026-05-14,21,43,2,0,4.65
MBX00443,2026-05-15,26,32,2,0,6.25
MBX00443,2026-05-16,4,5,0,0,0.0
MBX00443,2026-05-17,4,4,1,1,25.0
MBX00443,2026-05-18,18,33,2,1,6.06
MBX00443,2026-05-19,27,38,7,0,18.42
MBX00443,2026-05-20,20,48,4,2,8.33
MBX00443,2026-05-21,27,36,1,1,2.78
MBX00443,2026-05-22,19,41,2,0,4.88
MBX00443,2026-05-23,4,6,0,1,0.0
MBX00443,2026-05-24,3,6,1,0,16.67
MBX00443,2026-05-25,31,36,3,2,8.33
MBX00443,2026-05-26,28,45,1,0,2.22
MBX00443,2026-05-27,21,47,2,0,4.26
MBX00443,2026-05-28,15,48,2,3,4.17
MBX00443,2026-05-29,31,43,1,0,2.33
MBX00443,2026-05-30,4,6,1,0,16.67
MBX00443,2026-05-31,3,3,0,0,0.0
MBX00443,2026-06-01,22,40,2,1,5.0
MBX00443,2026-06-02,23,43,3,1,6.98
MBX00443,2026-06-03,19,48,6,0,12.5
MBX00443,2026-06-04,20,47,1,1,2.13
MBX00443,2026-06-05,17,48,5,0,10.42
MBX00443,2026-06-06,5,5,0,0,0.0
MBX00443,2026-06-07,6,8,2,0,25.0
MBX00443,2026-06-08,19,46,3,0,6.52
MBX00443,2026-06-09,29,47,3,0,6.38
MBX00443,2026-06-10,28,35,0,2,0.0
MBX00443,2026-06-11,20,34,1,2,2.94
MBX00443,2026-06-12,34,31,0,0,0.0
MBX00443,2026-06-13,8,2,0,0,0.0
MBX00443,2026-06-14,5,3,0,0,0.0
MBX00443,2026-06-15,33,50,0,0,0.0
MBX00443,2026-06-16,22,40,1,0,2.5
MBX00443,2026-06-17,26,52,4,3,7.69
MBX00443,2026-06-18,24,39,2,1,5.13
MBX00443,2026-06-19,18,42,2,0,4.76
MBX00443,2026-06-20,0,6,1,0,16.67
MBX00443,2026-06-21,1,8,0,0,0.0
MBX00443,2026-06-22,25,42,4,4,9.52
MBX00443,2026-06-23,17,31,2,1,6.45
MBX00443,2026-06-24,23,50,5,0,10.0
MBX00443,2026-06-25,21,55,2,2,3.64
MBX00443,2026-06-26,32,49,2,0,4.08
MBX00443,2026-06-27,3,6,0,0,0.0
MBX00443,2026-06-28,7,9,0,1,0.0
MBX00443,2026-06-29,23,37,1,0,2.7
MBX00443,2026-06-30,27,54,3,2,5.56
MBX00443,2026-07-01,19,38,0,1,0.0
MBX00443,2026-07-02,26,38,4,0,10.53
MBX00443,2026-07-03,28,42,4,1,9.52
MBX00443,2026-07-04,3,6,1,0,16.67
MBX00443,2026-07-05,2,9,1,0,11.11
MBX00443,2026-07-06,29,36,3,0,8.33
MBX00443,2026-07-07,19,38,6,1,15.79
MBX00443,2026-07-08,27,34,1,1,2.94
MBX00443,2026-07-09,19,46,5,1,10.87
MBX00443,2026-07-10,21,49,2,0,4.08
MBX00443,2026-07-11,3,13,0,0,0.0
MBX00443,2026-07-12,5,9,0,0,0.0
MBX00443,2026-07-13,24,39,6,1,15.38
MBX00443,2026-07-14,23,44,3,0,6.82
MBX00443,2026-07-15,29,32,2,0,6.25
MBX00443,2026-07-16,31,37,2,2,5.41
MBX00443,2026-07-17,29,44,5,1,11.36
MBX00443,2026-07-18,5,9,0,0,0.0
MBX00443,2026-07-19,5,8,1,0,12.5
MBX00443,2026-07-20,21,50,2,0,4.0
MBX00443,2026-07-21,25,39,3,0,7.69
MBX00443,2026-07-22,17,43,0,2,0.0
MBX00443,2026-07-23,25,41,3,2,7.32
MBX00443,2026-07-24,24,53,3,2,5.66
MBX00296,2026-04-26,3,15,2,0,13.33
MBX00296,2026-04-27,26,66,5,1,7.58
MBX00296,2026-04-28,23,66,5,1,7.58
MBX00296,2026-04-29,21,85,3,0,3.53
MBX00296,2026-04-30,20,75,5,1,6.67
MBX00296,2026-05-01,32,56,5,0,8.93
MBX00296,2026-05-02,4,7,0,0,0.0
MBX00296,2026-05-03,1,10,1,0,10.0
MBX00296,2026-05-04,31,78,3,0,3.85
MBX00296,2026-05-05,22,82,5,1,6.1
MBX00296,2026-05-06,30,74,1,1,1.35
MBX00296,2026-05-07,20,55,3,0,5.45
MBX00296,2026-05-08,24,69,5,1,7.25
MBX00296,2026-05-09,5,13,0,0,0.0
MBX00296,2026-05-10,4,7,0,0,0.0
MBX00296,2026-05-11,22,89,7,1,7.87
MBX00296,2026-05-12,29,67,2,0,2.99
MBX00296,2026-05-13,23,70,9,0,12.86
MBX00296,2026-05-14,26,76,7,1,9.21
MBX00296,2026-05-15,36,65,1,1,1.54
MBX00296,2026-05-16,6,15,0,0,0.0
MBX00296,2026-05-17,3,5,1,0,20.0
MBX00296,2026-05-18,28,69,7,0,10.14
MBX00296,2026-05-19,21,58,2,2,3.45
MBX00296,2026-05-20,19,74,2,1,2.7
MBX00296,2026-05-21,27,69,3,3,4.35
MBX00296,2026-05-22,22,55,3,0,5.45
MBX00296,2026-05-23,5,7,0,0,0.0
MBX00296,2026-05-24,4,10,1,1,10.0
MBX00296,2026-05-25,24,68,4,0,5.88
MBX00296,2026-05-26,31,61,6,4,9.84
MBX00296,2026-05-27,23,64,2,0,3.12
MBX00296,2026-05-28,25,87,4,0,4.6
MBX00296,2026-05-29,34,60,4,0,6.67
MBX00296,2026-05-30,7,8,0,0,0.0
MBX00296,2026-05-31,3,11,1,0,9.09
MBX00296,2026-06-01,23,74,5,2,6.76
MBX00296,2026-06-02,17,63,7,1,11.11
MBX00296,2026-06-03,22,63,2,0,3.17
MBX00296,2026-06-04,20,77,2,2,2.6
MBX00296,2026-06-05,30,67,4,1,5.97
MBX00296,2026-06-06,6,2,0,0,0.0
MBX00296,2026-06-07,6,9,0,0,0.0
MBX00296,2026-06-08,26,63,4,1,6.35
MBX00296,2026-06-09,23,57,2,0,3.51
MBX00296,2026-06-10,24,66,5,2,7.58
MBX00296,2026-06-11,25,58,0,2,0.0
MBX00296,2026-06-12,21,70,5,2,7.14
MBX00296,2026-06-13,7,12,2,0,16.67
MBX00296,2026-06-14,1,9,0,0,0.0
MBX00296,2026-06-15,25,74,6,1,8.11
MBX00296,2026-06-16,18,59,2,1,3.39
MBX00296,2026-06-17,19,63,3,1,4.76
MBX00296,2026-06-18,21,82,6,0,7.32
MBX00296,2026-06-19,25,60,0,2,0.0
MBX00296,2026-06-20,2,11,1,0,9.09
MBX00296,2026-06-21,3,9,2,0,22.22
MBX00296,2026-06-22,30,61,4,1,6.56
MBX00296,2026-06-23,26,70,3,0,4.29
MBX00296,2026-06-24,22,80,6,0,7.5
MBX00296,2026-06-25,18,63,2,1,3.17
MBX00296,2026-06-26,18,62,5,1,8.06
MBX00296,2026-06-27,3,13,0,0,0.0
MBX00296,2026-06-28,1,8,0,0,0.0
MBX00296,2026-06-29,34,93,7,2,7.53
MBX00296,2026-06-30,17,66,4,1,6.06
MBX00296,2026-07-01,19,71,5,0,7.04
MBX00296,2026-07-02,28,86,2,2,2.33
MBX00296,2026-07-03,24,62,5,0,8.06
MBX00296,2026-07-04,4,19,0,0,0.0
MBX00296,2026-07-05,1,10,2,0,20.0
MBX00296,2026-07-06,24,68,2,1,2.94
MBX00296,2026-07-07,22,77,3,0,3.9
MBX00296,2026-07-08,13,59,5,0,8.47
MBX00296,2026-07-09,21,58,7,1,12.07
MBX00296,2026-07-10,22,65,1,1,1.54
MBX00296,2026-07-11,5,11,0,0,0.0
MBX00296,2026-07-12,2,18,2,0,11.11
MBX00296,2026-07-13,21,72,5,1,6.94
MBX00296,2026-07-14,21,83,6,0,7.23
MBX00296,2026-07-15,27,58,2,2,3.45
MBX00296,2026-07-16,26,54,1,1,1.85
MBX00296,2026-07-17,32,55,4,0,7.27
MBX00296,2026-07-18,2,17,2,0,11.76
MBX00296,2026-07-19,3,5,2,0,40.0
MBX00296,2026-07-20,23,69,4,1,5.8
MBX00296,2026-07-21,26,58,1,1,1.72
MBX00296,2026-07-22,30,67,2,0,2.99
MBX00296,2026-07-23,37,63,2,1,3.17
MBX00296,2026-07-24,25,63,1,0,1.59
MBX00311,2026-04-26,9,3,0,0,0.0
MBX00311,2026-04-27,36,34,3,1,8.82
MBX00311,2026-04-28,46,54,4,1,7.41
MBX00311,2026-04-29,31,47,1,0,2.13
MBX00311,2026-04-30,33,39,1,0,2.56
MBX00311,2026-05-01,43,35,1,1,2.86
MBX00311,2026-05-02,5,5,0,0,0.0
MBX00311,2026-05-03,4,6,0,0,0.0
MBX00311,2026-05-04,42,28,0,0,0.0
MBX00311,2026-05-05,42,42,3,2,7.14
MBX00311,2026-05-06,40,39,6,0,15.38
MBX00311,2026-05-07,42,37,2,2,5.41
MBX00311,2026-05-08,45,41,5,0,12.2
MBX00311,2026-05-09,4,6,0,0,0.0
MBX00311,2026-05-10,5,7,0,1,0.0
MBX00311,2026-05-11,42,31,2,0,6.45
MBX00311,2026-05-12,42,42,0,0,0.0
MBX00311,2026-05-13,39,35,3,2,8.57
MBX00311,2026-05-14,40,38,2,1,5.26
MBX00311,2026-05-15,32,42,9,0,21.43
MBX00311,2026-05-16,8,10,0,0,0.0
MBX00311,2026-05-17,5,4,0,0,0.0
MBX00311,2026-05-18,46,43,3,2,6.98
MBX00311,2026-05-19,46,50,5,1,10.0
MBX00311,2026-05-20,26,35,1,1,2.86
MBX00311,2026-05-21,40,46,1,1,2.17
MBX00311,2026-05-22,34,21,2,0,9.52
MBX00311,2026-05-23,6,7,0,0,0.0
MBX00311,2026-05-24,8,7,0,0,0.0
MBX00311,2026-05-25,36,40,5,0,12.5
MBX00311,2026-05-26,38,32,3,1,9.38
MBX00311,2026-05-27,40,38,2,1,5.26
MBX00311,2026-05-28,32,40,0,0,0.0
MBX00311,2026-05-29,43,35,1,0,2.86
MBX00311,2026-05-30,2,2,0,0,0.0
MBX00311,2026-05-31,7,3,0,1,0.0
MBX00311,2026-06-01,32,37,2,0,5.41
MBX00311,2026-06-02,41,41,0,1,0.0
MBX00311,2026-06-03,38,35,3,0,8.57
MBX00311,2026-06-04,41,38,2,2,5.26
MBX00311,2026-06-05,37,49,3,0,6.12
MBX00311,2026-06-06,12,13,0,0,0.0
MBX00311,2026-06-07,6,9,1,0,11.11
MBX00311,2026-06-08,39,42,7,2,16.67
MBX00311,2026-06-09,36,44,1,0,2.27
MBX00311,2026-06-10,28,45,1,0,2.22
MBX00311,2026-06-11,42,45,2,1,4.44
MBX00311,2026-06-12,43,27,4,3,14.81
MBX00311,2026-06-13,6,6,0,0,0.0
MBX00311,2026-06-14,7,5,0,0,0.0
MBX00311,2026-06-15,38,38,3,0,7.89
MBX00311,2026-06-16,43,53,3,3,5.66
MBX00311,2026-06-17,35,37,1,1,2.7
MBX00311,2026-06-18,31,48,4,0,8.33
MBX00311,2026-06-19,34,52,5,1,9.62
MBX00311,2026-06-20,3,5,0,0,0.0
MBX00311,2026-06-21,7,10,0,0,0.0
MBX00311,2026-06-22,33,44,1,1,2.27
MBX00311,2026-06-23,42,39,5,0,12.82
MBX00311,2026-06-24,30,33,3,0,9.09
MBX00311,2026-06-25,34,44,5,0,11.36
MBX00311,2026-06-26,33,47,3,1,6.38
MBX00311,2026-06-27,4,6,0,0,0.0
MBX00311,2026-06-28,7,4,2,0,50.0
MBX00311,2026-06-29,44,40,2,1,5.0
MBX00311,2026-06-30,41,39,3,1,7.69
MBX00311,2026-07-01,42,40,2,0,5.0
MBX00311,2026-07-02,43,29,0,1,0.0
MBX00311,2026-07-03,41,38,1,0,2.63
MBX00311,2026-07-04,9,9,0,1,0.0
MBX00311,2026-07-05,4,10,1,0,10.0
MBX00311,2026-07-06,43,48,5,2,10.42
MBX00311,2026-07-07,45,42,2,2,4.76
MBX00311,2026-07-08,40,37,1,2,2.7
MBX00311,2026-07-09,33,49,1,1,2.04
MBX00311,2026-07-10,38,38,5,1,13.16
MBX00311,2026-07-11,5,8,1,0,12.5
MBX00311,2026-07-12,8,6,1,0,16.67
MBX00311,2026-07-13,46,34,0,0,0.0
MBX00311,2026-07-14,53,41,5,3,12.2
MBX00311,2026-07-15,41,33,0,1,0.0
MBX00311,2026-07-16,42,36,1,1,2.78
MBX00311,2026-07-17,30,50,5,0,10.0
MBX00311,2026-07-18,5,7,1,0,14.29
MBX00311,2026-07-19,5,10,0,0,0.0
MBX00311,2026-07-20,39,34,1,1,2.94
MBX00311,2026-07-21,43,39,1,0,2.56
MBX00311,2026-07-22,47,40,2,1,5.0
MBX00311,2026-07-23,37,31,1,1,3.23
MBX00311,2026-07-24,43,43,4,1,9.3
MBX00458,2026-04-26,2,6,0,0,0.0
MBX00458,2026-04-27,8,18,1,1,5.56
MBX00458,2026-04-28,10,20,0,0,0.0
MBX00458,2026-04-29,5,9,1,0,11.11
MBX00458,2026-04-30,9,16,1,0,6.25
MBX00458,2026-05-01,9,16,0,0,0.0
MBX00458,2026-05-02,3,1,0,0,0.0
MBX00458,2026-05-03,1,6,0,0,0.0
MBX00458,2026-05-04,14,14,1,0,7.14
MBX00458,2026-05-05,11,16,0,0,0.0
MBX00458,2026-05-06,10,18,0,0,0.0
MBX00458,2026-05-07,12,21,1,1,4.76
MBX00458,2026-05-08,8,13,0,1,0.0
MBX00458,2026-05-09,1,1,0,0,0.0
MBX00458,2026-05-10,2,2,0,0,0.0
MBX00458,2026-05-11,10,14,1,0,7.14
MBX00458,2026-05-12,17,15,0,0,0.0
MBX00458,2026-05-13,7,15,0,0,0.0
MBX00458,2026-05-14,13,22,0,0,0.0
MBX00458,2026-05-15,7,21,2,0,9.52
MBX00458,2026-05-16,2,0,0,0,0.0
MBX00458,2026-05-17,0,2,0,0,0.0
MBX00458,2026-05-18,11,21,2,1,9.52
MBX00458,2026-05-19,9,24,3,0,12.5
MBX00458,2026-05-20,7,16,1,0,6.25
MBX00458,2026-05-21,13,14,0,0,0.0
MBX00458,2026-05-22,7,20,1,1,5.0
MBX00458,2026-05-23,0,4,1,0,25.0
MBX00458,2026-05-24,0,6,0,0,0.0
MBX00458,2026-05-25,6,19,2,1,10.53
MBX00458,2026-05-26,9,11,0,0,0.0
MBX00458,2026-05-27,10,28,0,1,0.0
MBX00458,2026-05-28,8,19,0,0,0.0
MBX00458,2026-05-29,6,17,2,0,11.76
MBX00458,2026-05-30,1,5,1,0,20.0
MBX00458,2026-05-31,2,5,0,0,0.0
MBX00458,2026-06-01,6,13,1,0,7.69
MBX00458,2026-06-02,9,17,1,0,5.88
MBX00458,2026-06-03,8,20,1,1,5.0
MBX00458,2026-06-04,8,21,1,1,4.76
MBX00458,2026-06-05,5,16,0,0,0.0
MBX00458,2026-06-06,1,3,0,0,0.0
MBX00458,2026-06-07,1,3,0,0,0.0
MBX00458,2026-06-08,8,19,0,0,0.0
MBX00458,2026-06-09,7,20,0,0,0.0
MBX00458,2026-06-10,10,19,1,0,5.26
MBX00458,2026-06-11,12,12,0,0,0.0
MBX00458,2026-06-12,8,16,2,0,12.5
MBX00458,2026-06-13,1,2,0,0,0.0
MBX00458,2026-06-14,1,2,0,0,0.0
MBX00458,2026-06-15,10,19,1,1,5.26
MBX00458,2026-06-16,13,19,1,0,5.26
MBX00458,2026-06-17,10,24,1,0,4.17
MBX00458,2026-06-18,13,18,1,0,5.56
MBX00458,2026-06-19,8,17,0,0,0.0
MBX00458,2026-06-20,0,3,0,0,0.0
MBX00458,2026-06-21,2,2,0,0,0.0
MBX00458,2026-06-22,10,19,1,0,5.26
MBX00458,2026-06-23,13,15,2,0,13.33
MBX00458,2026-06-24,10,22,2,0,9.09
MBX00458,2026-06-25,10,21,0,1,0.0
MBX00458,2026-06-26,7,18,2,0,11.11
MBX00458,2026-06-27,1,2,0,0,0.0
MBX00458,2026-06-28,2,1,1,0,100.0
MBX00458,2026-06-29,8,19,1,1,5.26
MBX00458,2026-06-30,10,24,1,1,4.17
MBX00458,2026-07-01,4,13,2,0,15.38
MBX00458,2026-07-02,12,20,1,2,5.0
MBX00458,2026-07-03,13,16,1,0,6.25
MBX00458,2026-07-04,2,2,0,0,0.0
MBX00458,2026-07-05,0,7,0,0,0.0
MBX00458,2026-07-06,7,29,1,1,3.45
MBX00458,2026-07-07,11,13,0,0,0.0
MBX00458,2026-07-08,9,10,0,0,0.0
MBX00458,2026-07-09,11,22,3,0,13.64
MBX00458,2026-07-10,7,17,0,0,0.0
MBX00458,2026-07-11,1,3,0,0,0.0
MBX00458,2026-07-12,2,1,0,0,0.0
MBX00458,2026-07-13,11,22,3,0,13.64
MBX00458,2026-07-14,12,18,0,2,0.0
MBX00458,2026-07-15,12,19,1,0,5.26
MBX00458,2026-07-16,9,20,1,0,5.0
MBX00458,2026-07-17,7,14,0,1,0.0
MBX00458,2026-07-18,0,3,0,0,0.0
MBX00458,2026-07-19,3,3,1,0,33.33
MBX00458,2026-07-20,8,15,1,0,6.67
MBX00458,2026-07-21,6,21,0,0,0.0
MBX00458,2026-07-22,9,18,0,0,0.0
MBX00458,2026-07-23,8,17,1,0,5.88
MBX00458,2026-07-24,12,17,0,0,0.0
MBX00103,2026-04-26,0,8,1,0,12.5
MBX00103,2026-04-27,12,44,2,0,4.55
MBX00103,2026-04-28,15,57,7,1,12.28
MBX00103,2026-04-29,10,51,3,2,5.88
MBX00103,2026-04-30,9,57,4,1,7.02
MBX00103,2026-05-01,7,44,4,0,9.09
MBX00103,2026-05-02,4,6,0,0,0.0
MBX00103,2026-05-03,2,7,0,2,0.0
MBX00103,2026-05-04,9,47,0,1,0.0
MBX00103,2026-05-05,15,47,1,1,2.13
MBX00103,2026-05-06,14,50,5,1,10.0
MBX00103,2026-05-07,13,46,4,1,8.7
MBX00103,2026-05-08,11,47,2,1,4.26
MBX00103,2026-05-09,1,5,0,0,0.0
MBX00103,2026-05-10,3,6,1,0,16.67
MBX00103,2026-05-11,8,56,2,0,3.57
MBX00103,2026-05-12,15,49,3,0,6.12
MBX00103,2026-05-13,9,41,2,0,4.88
MBX00103,2026-05-14,9,61,3,0,4.92
MBX00103,2026-05-15,15,48,2,1,4.17
MBX00103,2026-05-16,3,8,2,1,25.0
MBX00103,2026-05-17,0,5,0,0,0.0
MBX00103,2026-05-18,8,42,2,1,4.76
MBX00103,2026-05-19,9,54,5,0,9.26
MBX00103,2026-05-20,10,52,5,0,9.62
MBX00103,2026-05-21,13,57,2,4,3.51
MBX00103,2026-05-22,14,55,3,1,5.45
MBX00103,2026-05-23,3,11,0,0,0.0
MBX00103,2026-05-24,1,1,0,0,0.0
MBX00103,2026-05-25,17,57,4,1,7.02
MBX00103,2026-05-26,15,70,2,0,2.86
MBX00103,2026-05-27,17,55,2,0,3.64
MBX00103,2026-05-28,16,49,2,0,4.08
MBX00103,2026-05-29,11,47,4,0,8.51
MBX00103,2026-05-30,0,6,1,0,16.67
MBX00103,2026-05-31,4,5,0,0,0.0
MBX00103,2026-06-01,14,40,2,1,5.0
MBX00103,2026-06-02,7,56,5,2,8.93
MBX00103,2026-06-03,11,35,0,0,0.0
MBX00103,2026-06-04,13,40,6,0,15.0
MBX00103,2026-06-05,13,37,4,1,10.81
MBX00103,2026-06-06,2,7,0,0,0.0
MBX00103,2026-06-07,2,7,1,0,14.29
MBX00103,2026-06-08,12,66,4,1,6.06
MBX00103,2026-06-09,16,53,2,1,3.77
MBX00103,2026-06-10,9,49,5,0,10.2
MBX00103,2026-06-11,11,34,1,0,2.94
MBX00103,2026-06-12,14,50,3,1,6.0
MBX00103,2026-06-13,1,11,1,0,9.09
MBX00103,2026-06-14,2,5,0,0,0.0
MBX00103,2026-06-15,12,53,3,1,5.66
MBX00103,2026-06-16,10,58,5,0,8.62
MBX00103,2026-06-17,10,44,2,1,4.55
MBX00103,2026-06-18,11,61,2,1,3.28
MBX00103,2026-06-19,12,48,3,3,6.25
MBX00103,2026-06-20,2,7,0,0,0.0
MBX00103,2026-06-21,0,10,0,0,0.0
MBX00103,2026-06-22,12,51,1,4,1.96
MBX00103,2026-06-23,11,47,3,0,6.38
MBX00103,2026-06-24,12,42,3,0,7.14
MBX00103,2026-06-25,16,51,5,0,9.8
MBX00103,2026-06-26,10,45,1,2,2.22
MBX00103,2026-06-27,1,5,0,0,0.0
MBX00103,2026-06-28,1,11,0,0,0.0
MBX00103,2026-06-29,12,47,1,1,2.13
MBX00103,2026-06-30,12,48,5,0,10.42
MBX00103,2026-07-01,11,35,2,0,5.71
MBX00103,2026-07-02,13,54,2,0,3.7
MBX00103,2026-07-03,15,58,4,0,6.9
MBX00103,2026-07-04,3,5,1,0,20.0
MBX00103,2026-07-05,1,4,0,0,0.0
MBX00103,2026-07-06,13,55,3,1,5.45
MBX00103,2026-07-07,9,54,1,2,1.85
MBX00103,2026-07-08,11,39,5,0,12.82
MBX00103,2026-07-09,16,47,0,0,0.0
MBX00103,2026-07-10,7,47,2,0,4.26
MBX00103,2026-07-11,1,7,0,0,0.0
MBX00103,2026-07-12,1,6,1,0,16.67
MBX00103,2026-07-13,12,58,9,0,15.52
MBX00103,2026-07-14,11,53,4,0,7.55
MBX00103,2026-07-15,12,60,3,2,5.0
MBX00103,2026-07-16,16,42,3,3,7.14
MBX00103,2026-07-17,15,43,0,1,0.0
MBX00103,2026-07-18,2,7,0,0,0.0
MBX00103,2026-07-19,2,8,1,0,12.5
MBX00103,2026-07-20,12,46,3,1,6.52
MBX00103,2026-07-21,11,49,4,0,8.16
MBX00103,2026-07-22,10,44,3,1,6.82
MBX00103,2026-07-23,10,49,5,0,10.2
MBX00103,2026-07-24,12,44,5,0,11.36
MBX00489,2026-04-26,9,25,0,1,0.0
MBX00489,2026-04-27,27,103,9,0,8.74
MBX00489,2026-04-28,20,98,1,0,1.02
MBX00489,2026-04-29,31,114,4,2,3.51
MBX00489,2026-04-30,22,92,8,1,8.7
MBX00489,2026-05-01,20,128,6,0,4.69
MBX00489,2026-05-02,3,12,0,0,0.0
MBX00489,2026-05-03,2,19,1,0,5.26
MBX00489,2026-05-04,24,91,4,0,4.4
MBX00489,2026-05-05,25,103,7,2,6.8
MBX00489,2026-05-06,29,100,5,1,5.0
MBX00489,2026-05-07,33,95,3,1,3.16
MBX00489,2026-05-08,28,98,2,0,2.04
MBX00489,2026-05-09,6,17,3,0,17.65
MBX00489,2026-05-10,6,11,2,0,18.18
MBX00489,2026-05-11,24,109,6,0,5.5
MBX00489,2026-05-12,36,118,3,2,2.54
MBX00489,2026-05-13,21,132,10,3,7.58
MBX00489,2026-05-14,31,110,6,1,5.45
MBX00489,2026-05-15,37,81,1,0,1.23
MBX00489,2026-05-16,3,13,2,0,15.38
MBX00489,2026-05-17,11,15,1,0,6.67
MBX00489,2026-05-18,24,109,8,0,7.34
MBX00489,2026-05-19,18,102,4,1,3.92
MBX00489,2026-05-20,31,97,12,0,12.37
MBX00489,2026-05-21,28,110,7,0,6.36
MBX00489,2026-05-22,38,108,4,2,3.7
MBX00489,2026-05-23,2,13,1,0,7.69
MBX00489,2026-05-24,5,18,0,0,0.0
MBX00489,2026-05-25,21,117,12,1,10.26
MBX00489,2026-05-26,28,105,2,2,1.9
MBX00489,2026-05-27,31,115,2,0,1.74
MBX00489,2026-05-28,36,106,7,0,6.6
MBX00489,2026-05-29,30,102,6,0,5.88
MBX00489,2026-05-30,7,13,2,0,15.38
MBX00489,2026-05-31,5,16,0,0,0.0
MBX00489,2026-06-01,21,104,6,2,5.77
MBX00489,2026-06-02,41,91,0,0,0.0
MBX00489,2026-06-03,27,105,4,1,3.81
MBX00489,2026-06-04,29,96,5,1,5.21
MBX00489,2026-06-05,33,96,8,1,8.33
MBX00489,2026-06-06,5,15,0,1,0.0
MBX00489,2026-06-07,7,9,0,0,0.0
MBX00489,2026-06-08,33,107,4,0,3.74
MBX00489,2026-06-09,28,109,5,4,4.59
MBX00489,2026-06-10,35,103,12,1,11.65
MBX00489,2026-06-11,28,103,7,1,6.8
MBX00489,2026-06-12,32,98,3,4,3.06
MBX00489,2026-06-13,9,11,1,0,9.09
MBX00489,2026-06-14,1,22,3,0,13.64
MBX00489,2026-06-15,23,95,3,1,3.16
MBX00489,2026-06-16,29,116,8,1,6.9
MBX00489,2026-06-17,22,89,6,1,6.74
MBX00489,2026-06-18,31,116,8,4,6.9
MBX00489,2026-06-19,21,101,6,1,5.94
MBX00489,2026-06-20,5,19,1,0,5.26
MBX00489,2026-06-21,3,24,5,0,20.83
MBX00489,2026-06-22,33,114,6,0,5.26
MBX00489,2026-06-23,31,104,2,1,1.92
MBX00489,2026-06-24,23,129,7,3,5.43
MBX00489,2026-06-25,35,125,5,1,4.0
MBX00489,2026-06-26,23,103,7,2,6.8
MBX00489,2026-06-27,6,21,2,0,9.52
MBX00489,2026-06-28,9,19,4,1,21.05
MBX00489,2026-06-29,30,107,10,1,9.35
MBX00489,2026-06-30,33,117,10,2,8.55
MBX00489,2026-07-01,35,109,6,3,5.5
MBX00489,2026-07-02,25,111,7,2,6.31
MBX00489,2026-07-03,37,109,5,3,4.59
MBX00489,2026-07-04,4,20,1,0,5.0
MBX00489,2026-07-05,8,16,1,0,6.25
MBX00489,2026-07-06,32,98,4,4,4.08
MBX00489,2026-07-07,27,95,12,1,12.63
MBX00489,2026-07-08,31,106,11,2,10.38
MBX00489,2026-07-09,34,116,7,1,6.03
MBX00489,2026-07-10,27,105,5,3,4.76
MBX00489,2026-07-11,9,14,0,0,0.0
MBX00489,2026-07-12,2,19,0,0,0.0
MBX00489,2026-07-13,39,95,4,0,4.21
MBX00489,2026-07-14,27,95,5,2,5.26
MBX00489,2026-07-15,25,91,6,1,6.59
MBX00489,2026-07-16,35,98,11,1,11.22
MBX00489,2026-07-17,35,98,5,0,5.1
MBX00489,2026-07-18,5,12,0,0,0.0
MBX00489,2026-07-19,8,15,1,0,6.67
MBX00489,2026-07-20,29,99,5,0,5.05
MBX00489,2026-07-21,28,86,2,0,2.33
MBX00489,2026-07-22,28,138,9,2,6.52
MBX00489,2026-07-23,19,94,10,0,10.64
MBX00489,2026-07-24,35,90,9,3,10.0
MBX00033,2026-04-26,3,17,0,0,0.0
MBX00033,2026-04-27,23,99,4,3,4.04
MBX00033,2026-04-28,23,94,4,2,4.26
MBX00033,2026-04-29,21,79,5,0,6.33
MBX00033,2026-04-30,28,78,3,0,3.85
MBX00033,2026-05-01,24,104,7,2,6.73
MBX00033,2026-05-02,6,17,0,0,0.0
MBX00033,2026-05-03,3,17,1,0,5.88
MBX00033,2026-05-04,25,90,6,0,6.67
MBX00033,2026-05-05,23,79,4,0,5.06
MBX00033,2026-05-06,23,82,3,0,3.66
MBX00033,2026-05-07,22,87,7,2,8.05
MBX00033,2026-05-08,21,74,3,0,4.05
MBX00033,2026-05-09,0,8,0,0,0.0
MBX00033,2026-05-10,1,10,0,0,0.0
MBX00033,2026-05-11,21,80,4,0,5.0
MBX00033,2026-05-12,25,99,7,2,7.07
MBX00033,2026-05-13,16,86,5,4,5.81
MBX00033,2026-05-14,21,97,8,1,8.25
MBX00033,2026-05-15,28,94,5,1,5.32
MBX00033,2026-05-16,4,11,1,0,9.09
MBX00033,2026-05-17,5,9,0,0,0.0
MBX00033,2026-05-18,23,78,5,1,6.41
MBX00033,2026-05-19,24,108,6,1,5.56
MBX00033,2026-05-20,28,76,4,1,5.26
MBX00033,2026-05-21,32,80,1,2,1.25
MBX00033,2026-05-22,21,85,4,1,4.71
MBX00033,2026-05-23,7,6,1,0,16.67
MBX00033,2026-05-24,4,13,0,0,0.0
MBX00033,2026-05-25,25,122,7,0,5.74
MBX00033,2026-05-26,23,89,3,1,3.37
MBX00033,2026-05-27,24,84,2,1,2.38
MBX00033,2026-05-28,16,89,4,4,4.49
MBX00033,2026-05-29,26,100,4,0,4.0
MBX00033,2026-05-30,2,18,1,0,5.56
MBX00033,2026-05-31,1,13,3,0,23.08
MBX00033,2026-06-01,23,81,5,2,6.17
MBX00033,2026-06-02,19,96,6,2,6.25
MBX00033,2026-06-03,24,73,5,0,6.85
MBX00033,2026-06-04,25,96,4,2,4.17
MBX00033,2026-06-05,26,93,3,1,3.23
MBX00033,2026-06-06,5,18,2,0,11.11
MBX00033,2026-06-07,7,11,1,0,9.09
MBX00033,2026-06-08,24,91,8,2,8.79
MBX00033,2026-06-09,23,80,5,1,6.25
MBX00033,2026-06-10,28,100,9,1,9.0
MBX00033,2026-06-11,24,97,2,1,2.06
MBX00033,2026-06-12,27,83,5,1,6.02
MBX00033,2026-06-13,9,16,1,0,6.25
MBX00033,2026-06-14,6,11,2,0,18.18
MBX00033,2026-06-15,18,100,6,2,6.0
MBX00033,2026-06-16,21,105,4,1,3.81
MBX00033,2026-06-17,24,86,7,2,8.14
MBX00033,2026-06-18,23,98,7,1,7.14
MBX00033,2026-06-19,25,95,7,3,7.37
MBX00033,2026-06-20,4,8,0,0,0.0
MBX00033,2026-06-21,2,11,1,0,9.09
MBX00033,2026-06-22,35,90,4,0,4.44
MBX00033,2026-06-23,28,82,2,0,2.44
MBX00033,2026-06-24,20,86,12,2,13.95
MBX00033,2026-06-25,20,87,6,2,6.9
MBX00033,2026-06-26,26,108,4,1,3.7
MBX00033,2026-06-27,6,11,0,0,0.0
MBX00033,2026-06-28,1,22,1,0,4.55
MBX00033,2026-06-29,21,98,4,2,4.08
MBX00033,2026-06-30,22,90,4,0,4.44
MBX00033,2026-07-01,27,86,5,2,5.81
MBX00033,2026-07-02,31,86,3,2,3.49
MBX00033,2026-07-03,19,109,8,2,7.34
MBX00033,2026-07-04,2,19,2,0,10.53
MBX00033,2026-07-05,2,14,0,0,0.0
MBX00033,2026-07-06,28,97,8,3,8.25
MBX00033,2026-07-07,18,88,2,1,2.27
MBX00033,2026-07-08,25,98,8,1,8.16
MBX00033,2026-07-09,25,93,8,0,8.6
MBX00033,2026-07-10,25,66,7,1,10.61
MBX00033,2026-07-11,5,22,2,0,9.09
MBX00033,2026-07-12,2,11,0,0,0.0
MBX00033,2026-07-13,17,95,8,1,8.42
MBX00033,2026-07-14,27,103,10,1,9.71
MBX00033,2026-07-15,24,82,7,1,8.54
MBX00033,2026-07-16,18,86,3,2,3.49
MBX00033,2026-07-17,26,79,4,1,5.06
MBX00033,2026-07-18,3,13,1,0,7.69
MBX00033,2026-07-19,1,17,0,1,0.0
MBX00033,2026-07-20,26,92,6,0,6.52
MBX00033,2026-07-21,22,83,4,2,4.82
MBX00033,2026-07-22,26,102,6,2,5.88
MBX00033,2026-07-23,23,81,4,1,4.94
MBX00033,2026-07-24,27,79,3,0,3.8
MBX00324,2026-04-26,4,2,0,0,0.0
MBX00324,2026-04-27,17,33,5,1,15.15
MBX00324,2026-04-28,13,25,1,0,4.0
MBX00324,2026-04-29,19,25,1,1,4.0
MBX00324,2026-04-30,23,29,4,0,13.79
MBX00324,2026-05-01,27,31,1,0,3.23
MBX00324,2026-05-02,4,6,1,0,16.67
MBX00324,2026-05-03,3,5,1,0,20.0
MBX00324,2026-05-04,20,18,1,0,5.56
MBX00324,2026-05-05,21,21,0,1,0.0
MBX00324,2026-05-06,22,23,4,1,17.39
MBX00324,2026-05-07,23,23,2,0,8.7
MBX00324,2026-05-08,23,36,3,1,8.33
MBX00324,2026-05-09,5,3,0,0,0.0
MBX00324,2026-05-10,4,10,0,0,0.0
MBX00324,2026-05-11,21,39,2,1,5.13
MBX00324,2026-05-12,21,31,2,0,6.45
MBX00324,2026-05-13,23,35,2,0,5.71
MBX00324,2026-05-14,21,22,3,1,13.64
MBX00324,2026-05-15,25,34,1,1,2.94
MBX00324,2026-05-16,4,2,0,0,0.0
MBX00324,2026-05-17,2,6,0,0,0.0
MBX00324,2026-05-18,20,29,0,1,0.0
MBX00324,2026-05-19,26,29,1,0,3.45
MBX00324,2026-05-20,19,33,1,0,3.03
MBX00324,2026-05-21,26,34,3,1,8.82
MBX00324,2026-05-22,20,19,1,0,5.26
MBX00324,2026-05-23,3,4,0,0,0.0
MBX00324,2026-05-24,4,4,0,0,0.0
MBX00324,2026-05-25,20,16,1,0,6.25
MBX00324,2026-05-26,30,28,0,0,0.0
MBX00324,2026-05-27,19,35,2,3,5.71
MBX00324,2026-05-28,23,27,3,0,11.11
MBX00324,2026-05-29,17,20,1,0,5.0
MBX00324,2026-05-30,2,5,0,0,0.0
MBX00324,2026-05-31,5,6,0,0,0.0
MBX00324,2026-06-01,27,27,3,1,11.11
MBX00324,2026-06-02,15,23,1,1,4.35
MBX00324,2026-06-03,27,19,1,0,5.26
MBX00324,2026-06-04,19,23,0,0,0.0
MBX00324,2026-06-05,17,25,3,1,12.0
MBX00324,2026-06-06,1,1,0,0,0.0
MBX00324,2026-06-07,2,4,0,0,0.0
MBX00324,2026-06-08,30,27,2,0,7.41
MBX00324,2026-06-09,19,23,1,3,4.35
MBX00324,2026-06-10,30,25,1,0,4.0
MBX00324,2026-06-11,22,21,1,0,4.76
MBX00324,2026-06-12,20,30,2,2,6.67
MBX00324,2026-06-13,2,3,0,0,0.0
MBX00324,2026-06-14,1,3,0,0,0.0
MBX00324,2026-06-15,21,26,4,0,15.38
MBX00324,2026-06-16,18,25,0,0,0.0
MBX00324,2026-06-17,25,23,5,0,21.74
MBX00324,2026-06-18,21,28,0,1,0.0
MBX00324,2026-06-19,27,33,2,0,6.06
MBX00324,2026-06-20,2,3,1,0,33.33
MBX00324,2026-06-21,4,4,0,0,0.0
MBX00324,2026-06-22,18,20,2,1,10.0
MBX00324,2026-06-23,31,34,4,2,11.76
MBX00324,2026-06-24,21,23,1,0,4.35
MBX00324,2026-06-25,10,26,0,1,0.0
MBX00324,2026-06-26,17,28,2,0,7.14
MBX00324,2026-06-27,2,7,0,0,0.0
MBX00324,2026-06-28,3,8,0,0,0.0
MBX00324,2026-06-29,24,28,0,1,0.0
MBX00324,2026-06-30,17,23,2,0,8.7
MBX00324,2026-07-01,17,28,2,0,7.14
MBX00324,2026-07-02,19,28,3,0,10.71
MBX00324,2026-07-03,19,23,1,1,4.35
MBX00324,2026-07-04,3,8,0,0,0.0
MBX00324,2026-07-05,4,2,0,0,0.0
MBX00324,2026-07-06,20,31,1,0,3.23
MBX00324,2026-07-07,28,25,3,0,12.0
MBX00324,2026-07-08,17,21,0,0,0.0
MBX00324,2026-07-09,17,28,1,0,3.57
MBX00324,2026-07-10,20,32,1,0,3.12
MBX00324,2026-07-11,1,5,0,0,0.0
MBX00324,2026-07-12,4,5,1,0,20.0
MBX00324,2026-07-13,17,28,2,2,7.14
MBX00324,2026-07-14,22,34,1,0,2.94
MBX00324,2026-07-15,22,25,0,1,0.0
MBX00324,2026-07-16,13,30,2,1,6.67
MBX00324,2026-07-17,15,22,1,0,4.55
MBX00324,2026-07-18,3,9,1,0,11.11
MBX00324,2026-07-19,2,3,0,0,0.0
MBX00324,2026-07-20,28,22,3,0,13.64
MBX00324,2026-07-21,20,27,4,0,14.81
MBX00324,2026-07-22,15,26,6,0,23.08
MBX00324,2026-07-23,15,31,1,0,3.23
MBX00324,2026-07-24,21,25,1,0,4.0
MBX00583,2026-04-26,3,16,2,0,12.5
MBX00583,2026-04-27,16,106,7,2,6.6
MBX00583,2026-04-28,13,105,7,0,6.67
MBX00583,2026-04-29,13,81,4,1,4.94
MBX00583,2026-04-30,8,106,6,2,5.66
MBX00583,2026-05-01,15,110,4,1,3.64
MBX00583,2026-05-02,3,15,2,1,13.33
MBX00583,2026-05-03,4,19,0,0,0.0
MBX00583,2026-05-04,15,105,6,0,5.71
MBX00583,2026-05-05,15,90,4,2,4.44
MBX00583,2026-05-06,12,97,4,0,4.12
MBX00583,2026-05-07,7,83,6,0,7.23
MBX00583,2026-05-08,10,101,5,1,4.95
MBX00583,2026-05-09,1,16,0,0,0.0
MBX00583,2026-05-10,2,12,1,0,8.33
MBX00583,2026-05-11,23,103,10,3,9.71
MBX00583,2026-05-12,16,95,3,2,3.16
MBX00583,2026-05-13,12,99,5,1,5.05
MBX00583,2026-05-14,10,111,2,2,1.8
MBX00583,2026-05-15,10,92,1,0,1.09
MBX00583,2026-05-16,3,15,0,0,0.0
MBX00583,2026-05-17,2,14,1,0,7.14
MBX00583,2026-05-18,12,100,2,0,2.0
MBX00583,2026-05-19,11,98,9,1,9.18
MBX00583,2026-05-20,14,98,5,2,5.1
MBX00583,2026-05-21,11,98,7,1,7.14
MBX00583,2026-05-22,15,95,5,0,5.26
MBX00583,2026-05-23,2,16,1,0,6.25
MBX00583,2026-05-24,0,17,0,0,0.0
MBX00583,2026-05-25,15,89,5,0,5.62
MBX00583,2026-05-26,16,112,3,2,2.68
MBX00583,2026-05-27,11,114,9,1,7.89
MBX00583,2026-05-28,14,113,7,2,6.19
MBX00583,2026-05-29,17,100,3,0,3.0
MBX00583,2026-05-30,0,15,1,0,6.67
MBX00583,2026-05-31,2,15,2,0,13.33
MBX00583,2026-06-01,14,107,1,2,0.93
MBX00583,2026-06-02,9,99,5,1,5.05
MBX00583,2026-06-03,7,90,7,3,7.78
MBX00583,2026-06-04,15,76,6,0,7.89
MBX00583,2026-06-05,18,110,8,2,7.27
MBX00583,2026-06-06,1,17,0,0,0.0
MBX00583,2026-06-07,2,16,0,0,0.0
MBX00583,2026-06-08,10,98,2,0,2.04
MBX00583,2026-06-09,8,107,8,1,7.48
MBX00583,2026-06-10,19,91,12,0,13.19
MBX00583,2026-06-11,10,98,6,2,6.12
MBX00583,2026-06-12,10,105,9,0,8.57
MBX00583,2026-06-13,1,18,0,0,0.0
MBX00583,2026-06-14,5,8,0,0,0.0
MBX00583,2026-06-15,17,100,9,0,9.0
MBX00583,2026-06-16,19,79,6,1,7.59
MBX00583,2026-06-17,8,81,3,0,3.7
MBX00583,2026-06-18,11,100,3,0,3.0
MBX00583,2026-06-19,15,79,4,2,5.06
MBX00583,2026-06-20,2,18,1,0,5.56
MBX00583,2026-06-21,4,14,1,0,7.14
MBX00583,2026-06-22,13,88,6,2,6.82
MBX00583,2026-06-23,13,85,4,0,4.71
MBX00583,2026-06-24,13,84,7,2,8.33
MBX00583,2026-06-25,12,106,6,1,5.66
MBX00583,2026-06-26,15,84,6,0,7.14
MBX00583,2026-06-27,3,9,1,0,11.11
MBX00583,2026-06-28,4,18,0,1,0.0
MBX00583,2026-06-29,8,88,3,3,3.41
MBX00583,2026-06-30,12,93,4,0,4.3
MBX00583,2026-07-01,17,91,4,1,4.4
MBX00583,2026-07-02,11,80,6,0,7.5
MBX00583,2026-07-03,5,93,3,1,3.23
MBX00583,2026-07-04,2,10,0,0,0.0
MBX00583,2026-07-05,2,16,0,1,0.0
MBX00583,2026-07-06,11,102,8,2,7.84
MBX00583,2026-07-07,11,104,9,2,8.65
MBX00583,2026-07-08,15,79,3,2,3.8
MBX00583,2026-07-09,13,85,4,2,4.71
MBX00583,2026-07-10,21,103,6,1,5.83
MBX00583,2026-07-11,3,14,0,1,0.0
MBX00583,2026-07-12,0,16,3,1,18.75
MBX00583,2026-07-13,13,109,6,2,5.5
MBX00583,2026-07-14,22,110,5,0,4.55
MBX00583,2026-07-15,15,111,7,0,6.31
MBX00583,2026-07-16,9,86,5,0,5.81
MBX00583,2026-07-17,12,77,1,1,1.3
MBX00583,2026-07-18,2,20,1,1,5.0
MBX00583,2026-07-19,1,18,1,0,5.56
MBX00583,2026-07-20,15,90,2,0,2.22
MBX00583,2026-07-21,18,98,4,1,4.08
MBX00583,2026-07-22,11,80,5,2,6.25
MBX00583,2026-07-23,22,108,4,1,3.7
MBX00583,2026-07-24,15,80,3,1,3.75
MBX00229,2026-04-26,3,6,1,0,16.67
MBX00229,2026-04-27,33,31,1,1,3.23
MBX00229,2026-04-28,34,43,3,1,6.98
MBX00229,2026-04-29,33,38,2,0,5.26
MBX00229,2026-04-30,44,26,1,1,3.85
MBX00229,2026-05-01,23,23,0,0,0.0
MBX00229,2026-05-02,8,9,0,1,0.0
MBX00229,2026-05-03,8,5,0,1,0.0
MBX00229,2026-05-04,32,39,0,0,0.0
MBX00229,2026-05-05,30,29,1,0,3.45
MBX00229,2026-05-06,33,26,1,0,3.85
MBX00229,2026-05-07,48,38,5,0,13.16
MBX00229,2026-05-08,34,32,1,1,3.12
MBX00229,2026-05-09,5,4,1,1,25.0
MBX00229,2026-05-10,5,4,0,0,0.0
MBX00229,2026-05-11,33,36,4,0,11.11
MBX00229,2026-05-12,38,38,4,1,10.53
MBX00229,2026-05-13,37,32,3,0,9.38
MBX00229,2026-05-14,31,32,1,1,3.12
MBX00229,2026-05-15,38,32,0,1,0.0
MBX00229,2026-05-16,8,7,0,0,0.0
MBX00229,2026-05-17,9,2,0,0,0.0
MBX00229,2026-05-18,47,36,2,1,5.56
MBX00229,2026-05-19,24,29,3,0,10.34
MBX00229,2026-05-20,39,24,0,0,0.0
MBX00229,2026-05-21,28,44,2,0,4.55
MBX00229,2026-05-22,17,37,0,1,0.0
MBX00229,2026-05-23,3,5,1,0,20.0
MBX00229,2026-05-24,3,6,0,0,0.0
MBX00229,2026-05-25,38,32,2,0,6.25
MBX00229,2026-05-26,34,31,0,0,0.0
MBX00229,2026-05-27,20,35,1,0,2.86
MBX00229,2026-05-28,26,28,1,0,3.57
MBX00229,2026-05-29,24,33,2,0,6.06
MBX00229,2026-05-30,3,6,0,0,0.0
MBX00229,2026-05-31,5,3,0,0,0.0
MBX00229,2026-06-01,32,35,4,1,11.43
MBX00229,2026-06-02,37,27,1,0,3.7
MBX00229,2026-06-03,35,29,1,2,3.45
MBX00229,2026-06-04,26,39,2,0,5.13
MBX00229,2026-06-05,29,41,2,2,4.88
MBX00229,2026-06-06,4,5,0,0,0.0
MBX00229,2026-06-07,4,3,0,0,0.0
MBX00229,2026-06-08,39,31,4,0,12.9
MBX00229,2026-06-09,26,31,0,0,0.0
MBX00229,2026-06-10,31,29,2,1,6.9
MBX00229,2026-06-11,32,31,2,1,6.45
MBX00229,2026-06-12,44,24,1,0,4.17
MBX00229,2026-06-13,4,3,0,0,0.0
MBX00229,2026-06-14,5,5,1,1,20.0
MBX00229,2026-06-15,30,32,0,1,0.0
MBX00229,2026-06-16,35,30,1,1,3.33
MBX00229,2026-06-17,30,44,2,1,4.55
MBX00229,2026-06-18,36,28,2,0,7.14
MBX00229,2026-06-19,27,31,2,1,6.45
MBX00229,2026-06-20,6,5,0,0,0.0
MBX00229,2026-06-21,6,6,1,0,16.67
MBX00229,2026-06-22,33,35,1,1,2.86
MBX00229,2026-06-23,34,30,3,1,10.0
MBX00229,2026-06-24,34,34,2,0,5.88
MBX00229,2026-06-25,36,25,1,0,4.0
MBX00229,2026-06-26,34,35,0,1,0.0
MBX00229,2026-06-27,6,3,1,0,33.33
MBX00229,2026-06-28,7,5,0,0,0.0
MBX00229,2026-06-29,31,35,1,0,2.86
MBX00229,2026-06-30,26,36,2,2,5.56
MBX00229,2026-07-01,30,36,1,1,2.78
MBX00229,2026-07-02,34,40,3,0,7.5
MBX00229,2026-07-03,35,30,1,0,3.33
MBX00229,2026-07-04,3,6,1,0,16.67
MBX00229,2026-07-05,8,4,0,0,0.0
MBX00229,2026-07-06,33,29,0,0,0.0
MBX00229,2026-07-07,25,30,2,1,6.67
MBX00229,2026-07-08,31,34,2,1,5.88
MBX00229,2026-07-09,39,35,0,1,0.0
MBX00229,2026-07-10,39,35,0,0,0.0
MBX00229,2026-07-11,5,8,0,1,0.0
MBX00229,2026-07-12,7,4,0,0,0.0
MBX00229,2026-07-13,30,30,3,0,10.0
MBX00229,2026-07-14,30,44,2,0,4.55
MBX00229,2026-07-15,35,38,2,3,5.26
MBX00229,2026-07-16,40,34,1,2,2.94
MBX00229,2026-07-17,28,36,0,0,0.0
MBX00229,2026-07-18,4,2,0,0,0.0
MBX00229,2026-07-19,1,6,0,0,0.0
MBX00229,2026-07-20,40,40,3,0,7.5
MBX00229,2026-07-21,27,31,2,0,6.45
MBX00229,2026-07-22,30,29,2,1,6.9
MBX00229,2026-07-23,38,31,3,1,9.68
MBX00229,2026-07-24,29,37,1,0,2.7
MBX00599,2026-04-26,0,1,0,0,0.0
MBX00599,2026-04-27,0,2,0,0,0.0
MBX00599,2026-04-28,0,1,0,0,0.0
MBX00599,2026-04-29,2,0,0,0,0.0
MBX00599,2026-04-30,0,0,0,0,0.0
MBX00599,2026-05-01,0,0,0,0,0.0
MBX00599,2026-05-02,0,0,0,0,0.0
MBX00599,2026-05-03,0,0,0,0,0.0
MBX00599,2026-05-04,0,0,0,0,0.0
MBX00599,2026-05-05,0,2,0,0,0.0
MBX00599,2026-05-06,0,1,0,0,0.0
MBX00599,2026-05-07,0,0,0,0,0.0
MBX00599,2026-05-08,0,1,0,0,0.0
MBX00599,2026-05-09,0,0,0,0,0.0
MBX00599,2026-05-10,0,0,0,0,0.0
MBX00599,2026-05-11,0,0,0,0,0.0
MBX00599,2026-05-12,0,0,0,0,0.0
MBX00599,2026-05-13,0,0,0,0,0.0
MBX00599,2026-05-14,0,0,0,0,0.0
MBX00599,2026-05-15,0,1,0,0,0.0
MBX00599,2026-05-16,0,0,0,0,0.0
MBX00599,2026-05-17,0,0,0,0,0.0
MBX00599,2026-05-18,0,2,0,0,0.0
MBX00599,2026-05-19,0,1,0,0,0.0
MBX00599,2026-05-20,1,0,0,0,0.0
MBX00599,2026-05-21,0,2,0,0,0.0
MBX00599,2026-05-22,0,0,0,0,0.0
MBX00599,2026-05-23,0,0,0,0,0.0
MBX00599,2026-05-24,0,0,0,0,0.0
MBX00599,2026-05-25,0,1,0,0,0.0
MBX00599,2026-05-26,0,0,0,0,0.0
MBX00599,2026-05-27,1,0,0,0,0.0
MBX00599,2026-05-28,0,0,0,0,0.0
MBX00599,2026-05-29,0,0,0,0,0.0
MBX00599,2026-05-30,0,0,0,0,0.0
MBX00599,2026-05-31,0,0,0,0,0.0
MBX00599,2026-06-01,0,2,0,0,0.0
MBX00599,2026-06-02,1,1,0,0,0.0
MBX00599,2026-06-03,0,1,0,0,0.0
MBX00599,2026-06-04,0,1,0,0,0.0
MBX00599,2026-06-05,0,0,0,0,0.0
MBX00599,2026-06-06,0,0,0,0,0.0
MBX00599,2026-06-07,0,1,0,0,0.0
MBX00599,2026-06-08,0,1,0,0,0.0
MBX00599,2026-06-09,0,0,0,0,0.0
MBX00599,2026-06-10,1,0,0,0,0.0
MBX00599,2026-06-11,0,1,0,0,0.0
MBX00599,2026-06-12,0,5,0,0,0.0
MBX00599,2026-06-13,0,0,0,0,0.0
MBX00599,2026-06-14,0,0,0,0,0.0
MBX00599,2026-06-15,0,1,0,0,0.0
MBX00599,2026-06-16,0,0,0,0,0.0
MBX00599,2026-06-17,0,0,0,0,0.0
MBX00599,2026-06-18,0,0,0,0,0.0
MBX00599,2026-06-19,0,1,0,0,0.0
MBX00599,2026-06-20,0,1,0,0,0.0
MBX00599,2026-06-21,0,0,0,0,0.0
MBX00599,2026-06-22,0,0,0,0,0.0
MBX00599,2026-06-23,0,2,0,0,0.0
MBX00599,2026-06-24,0,0,0,0,0.0
MBX00599,2026-06-25,0,1,0,0,0.0
MBX00599,2026-06-26,0,3,0,0,0.0
MBX00599,2026-06-27,0,0,0,0,0.0
MBX00599,2026-06-28,0,0,0,0,0.0
MBX00599,2026-06-29,0,1,0,0,0.0
MBX00599,2026-06-30,0,1,0,0,0.0
MBX00599,2026-07-01,0,1,0,0,0.0
MBX00599,2026-07-02,0,0,0,0,0.0
MBX00599,2026-07-03,0,1,0,0,0.0
MBX00599,2026-07-04,0,0,0,0,0.0
MBX00599,2026-07-05,0,0,0,0,0.0
MBX00599,2026-07-06,0,0,0,0,0.0
MBX00599,2026-07-07,0,2,0,0,0.0
MBX00599,2026-07-08,0,0,0,0,0.0
MBX00599,2026-07-09,0,2,0,0,0.0
MBX00599,2026-07-10,0,0,0,0,0.0
MBX00599,2026-07-11,0,0,0,0,0.0
MBX00599,2026-07-12,0,0,0,0,0.0
MBX00599,2026-07-13,1,0,0,0,0.0
MBX00599,2026-07-14,0,1,0,0,0.0
MBX00599,2026-07-15,0,1,0,0,0.0
MBX00599,2026-07-16,0,1,0,0,0.0
MBX00599,2026-07-17,0,0,0,0,0.0
MBX00599,2026-07-18,0,0,0,0,0.0
MBX00599,2026-07-19,0,0,0,0,0.0
MBX00599,2026-07-20,0,0,0,0,0.0
MBX00599,2026-07-21,0,2,0,0,0.0
MBX00599,2026-07-22,0,1,0,0,0.0
MBX00599,2026-07-23,0,0,0,0,0.0
MBX00599,2026-07-24,0,2,1,0,50.0
MBX00708,2026-04-26,2,14,3,0,21.43
MBX00708,2026-04-27,14,85,4,1,4.71
MBX00708,2026-04-28,12,88,8,1,9.09
MBX00708,2026-04-29,17,100,11,4,11.0
MBX00708,2026-04-30,14,89,2,0,2.25
MBX00708,2026-05-01,16,95,4,2,4.21
MBX00708,2026-05-02,1,13,1,0,7.69
MBX00708,2026-05-03,2,16,1,0,6.25
MBX00708,2026-05-04,22,103,5,2,4.85
MBX00708,2026-05-05,13,105,4,1,3.81
MBX00708,2026-05-06,6,103,5,1,4.85
MBX00708,2026-05-07,14,111,5,1,4.5
MBX00708,2026-05-08,15,107,7,2,6.54
MBX00708,2026-05-09,1,16,2,0,12.5
MBX00708,2026-05-10,3,11,2,0,18.18
MBX00708,2026-05-11,10,96,6,0,6.25
MBX00708,2026-05-12,16,103,7,2,6.8
MBX00708,2026-05-13,10,97,9,1,9.28
MBX00708,2026-05-14,14,91,4,0,4.4
MBX00708,2026-05-15,15,92,8,3,8.7
MBX00708,2026-05-16,2,15,0,0,0.0
MBX00708,2026-05-17,5,8,0,0,0.0
MBX00708,2026-05-18,14,97,6,2,6.19
MBX00708,2026-05-19,12,97,7,1,7.22
MBX00708,2026-05-20,14,92,3,1,3.26
MBX00708,2026-05-21,18,96,5,3,5.21
MBX00708,2026-05-22,7,88,3,1,3.41
MBX00708,2026-05-23,0,10,0,0,0.0
MBX00708,2026-05-24,3,11,1,0,9.09
MBX00708,2026-05-25,14,94,8,0,8.51
MBX00708,2026-05-26,8,105,10,1,9.52
MBX00708,2026-05-27,16,102,5,2,4.9
MBX00708,2026-05-28,12,96,7,0,7.29
MBX00708,2026-05-29,20,130,6,0,4.62
MBX00708,2026-05-30,2,6,0,0,0.0
MBX00708,2026-05-31,0,18,1,1,5.56
MBX00708,2026-06-01,14,83,4,1,4.82
MBX00708,2026-06-02,14,118,5,2,4.24
MBX00708,2026-06-03,9,99,11,1,11.11
MBX00708,2026-06-04,8,89,6,0,6.74
MBX00708,2026-06-05,11,94,8,0,8.51
MBX00708,2026-06-06,0,14,1,0,7.14
MBX00708,2026-06-07,0,13,0,1,0.0
MBX00708,2026-06-08,15,88,3,0,3.41
MBX00708,2026-06-09,17,94,3,0,3.19
MBX00708,2026-06-10,9,98,7,0,7.14
MBX00708,2026-06-11,12,87,9,2,10.34
MBX00708,2026-06-12,15,111,7,0,6.31
MBX00708,2026-06-13,4,12,0,0,0.0
MBX00708,2026-06-14,2,12,1,0,8.33
MBX00708,2026-06-15,11,103,6,0,5.83
MBX00708,2026-06-16,19,97,9,2,9.28
MBX00708,2026-06-17,20,109,11,0,10.09
MBX00708,2026-06-18,10,105,11,0,10.48
MBX00708,2026-06-19,10,96,4,3,4.17
MBX00708,2026-06-20,1,10,0,0,0.0
MBX00708,2026-06-21,1,11,0,0,0.0
MBX00708,2026-06-22,18,95,6,0,6.32
MBX00708,2026-06-23,16,98,5,2,5.1
MBX00708,2026-06-24,14,97,6,0,6.19
MBX00708,2026-06-25,13,86,2,0,2.33
MBX00708,2026-06-26,13,102,4,1,3.92
MBX00708,2026-06-27,2,11,0,0,0.0
MBX00708,2026-06-28,2,13,0,0,0.0
MBX00708,2026-06-29,8,94,4,1,4.26
MBX00708,2026-06-30,15,105,9,3,8.57
MBX00708,2026-07-01,11,97,6,1,6.19
MBX00708,2026-07-02,11,106,4,0,3.77
MBX00708,2026-07-03,13,115,7,0,6.09
MBX00708,2026-07-04,2,22,1,0,4.55
MBX00708,2026-07-05,1,10,1,1,10.0
MBX00708,2026-07-06,14,104,3,5,2.88
MBX00708,2026-07-07,13,82,3,0,3.66
MBX00708,2026-07-08,12,87,6,0,6.9
MBX00708,2026-07-09,10,106,5,4,4.72
MBX00708,2026-07-10,20,101,5,2,4.95
MBX00708,2026-07-11,3,29,3,0,10.34
MBX00708,2026-07-12,1,15,3,0,20.0
MBX00708,2026-07-13,9,96,3,0,3.12
MBX00708,2026-07-14,12,110,8,2,7.27
MBX00708,2026-07-15,13,94,8,2,8.51
MBX00708,2026-07-16,13,115,9,1,7.83
MBX00708,2026-07-17,13,92,11,1,11.96
MBX00708,2026-07-18,2,14,1,0,7.14
MBX00708,2026-07-19,2,15,2,0,13.33
MBX00708,2026-07-20,16,81,4,3,4.94
MBX00708,2026-07-21,7,80,4,0,5.0
MBX00708,2026-07-22,9,95,7,3,7.37
MBX00708,2026-07-23,17,108,7,1,6.48
MBX00708,2026-07-24,9,92,2,2,2.17
MBX00508,2026-04-26,2,6,1,0,16.67
MBX00508,2026-04-27,15,47,9,0,19.15
MBX00508,2026-04-28,13,57,2,1,3.51
MBX00508,2026-04-29,22,41,1,1,2.44
MBX00508,2026-04-30,16,43,1,0,2.33
MBX00508,2026-05-01,17,48,4,1,8.33
MBX00508,2026-05-02,2,12,0,0,0.0
MBX00508,2026-05-03,4,7,2,0,28.57
MBX00508,2026-05-04,13,42,1,0,2.38
MBX00508,2026-05-05,13,41,0,0,0.0
MBX00508,2026-05-06,20,36,4,1,11.11
MBX00508,2026-05-07,26,38,5,2,13.16
MBX00508,2026-05-08,12,39,4,1,10.26
MBX00508,2026-05-09,3,11,0,0,0.0
MBX00508,2026-05-10,4,5,0,0,0.0
MBX00508,2026-05-11,12,36,3,0,8.33
MBX00508,2026-05-12,17,30,4,1,13.33
MBX00508,2026-05-13,13,41,5,1,12.2
MBX00508,2026-05-14,19,42,2,2,4.76
MBX00508,2026-05-15,10,34,2,1,5.88
MBX00508,2026-05-16,4,7,0,0,0.0
MBX00508,2026-05-17,2,10,1,0,10.0
MBX00508,2026-05-18,15,38,2,0,5.26
MBX00508,2026-05-19,22,37,0,1,0.0
MBX00508,2026-05-20,12,64,3,1,4.69
MBX00508,2026-05-21,8,57,2,0,3.51
MBX00508,2026-05-22,18,45,3,1,6.67
MBX00508,2026-05-23,4,9,0,0,0.0
MBX00508,2026-05-24,2,3,0,0,0.0
MBX00508,2026-05-25,9,46,4,1,8.7
MBX00508,2026-05-26,19,54,5,1,9.26
MBX00508,2026-05-27,15,57,2,0,3.51
MBX00508,2026-05-28,15,38,0,0,0.0
MBX00508,2026-05-29,17,43,1,0,2.33
MBX00508,2026-05-30,0,6,0,0,0.0
MBX00508,2026-05-31,3,7,0,0,0.0
MBX00508,2026-06-01,20,48,4,0,8.33
MBX00508,2026-06-02,24,43,0,1,0.0
MBX00508,2026-06-03,14,58,1,0,1.72
MBX00508,2026-06-04,10,62,1,1,1.61
MBX00508,2026-06-05,18,46,4,0,8.7
MBX00508,2026-06-06,1,6,0,0,0.0
MBX00508,2026-06-07,2,9,1,1,11.11
MBX00508,2026-06-08,20,45,4,0,8.89
MBX00508,2026-06-09,14,41,2,3,4.88
MBX00508,2026-06-10,14,41,2,2,4.88
MBX00508,2026-06-11,18,48,1,0,2.08
MBX00508,2026-06-12,13,31,2,0,6.45
MBX00508,2026-06-13,5,7,1,0,14.29
MBX00508,2026-06-14,4,7,0,0,0.0
MBX00508,2026-06-15,13,37,1,1,2.7
MBX00508,2026-06-16,10,50,4,0,8.0
MBX00508,2026-06-17,16,36,2,1,5.56
MBX00508,2026-06-18,10,49,3,0,6.12
MBX00508,2026-06-19,19,42,4,0,9.52
MBX00508,2026-06-20,3,10,1,0,10.0
MBX00508,2026-06-21,4,10,0,0,0.0
MBX00508,2026-06-22,22,56,4,0,7.14
MBX00508,2026-06-23,18,43,2,1,4.65
MBX00508,2026-06-24,17,48,2,0,4.17
MBX00508,2026-06-25,20,40,1,2,2.5
MBX00508,2026-06-26,17,31,1,0,3.23
MBX00508,2026-06-27,2,6,0,0,0.0
MBX00508,2026-06-28,0,3,0,0,0.0
MBX00508,2026-06-29,10,40,2,1,5.0
MBX00508,2026-06-30,14,37,2,0,5.41
MBX00508,2026-07-01,7,35,3,0,8.57
MBX00508,2026-07-02,13,34,1,1,2.94
MBX00508,2026-07-03,19,53,2,0,3.77
MBX00508,2026-07-04,1,5,0,0,0.0
MBX00508,2026-07-05,5,4,1,0,25.0
MBX00508,2026-07-06,20,53,2,1,3.77
MBX00508,2026-07-07,10,56,1,1,1.79
MBX00508,2026-07-08,19,46,3,1,6.52
MBX00508,2026-07-09,11,36,2,0,5.56
MBX00508,2026-07-10,25,36,4,1,11.11
MBX00508,2026-07-11,4,13,1,0,7.69
MBX00508,2026-07-12,4,9,0,0,0.0
MBX00508,2026-07-13,16,34,1,2,2.94
MBX00508,2026-07-14,22,39,5,0,12.82
MBX00508,2026-07-15,18,41,5,1,12.2
MBX00508,2026-07-16,18,43,3,2,6.98
MBX00508,2026-07-17,12,30,0,0,0.0
MBX00508,2026-07-18,3,8,0,0,0.0
MBX00508,2026-07-19,3,4,0,0,0.0
MBX00508,2026-07-20,17,47,3,0,6.38
MBX00508,2026-07-21,21,45,1,1,2.22
MBX00508,2026-07-22,16,46,1,2,2.17
MBX00508,2026-07-23,24,50,3,0,6.0
MBX00508,2026-07-24,17,45,0,1,0.0
MBX00345,2026-04-26,6,11,3,0,27.27
MBX00345,2026-04-27,31,31,2,0,6.45
MBX00345,2026-04-28,29,44,0,0,0.0
MBX00345,2026-04-29,30,36,1,2,2.78
MBX00345,2026-04-30,40,41,4,3,9.76
MBX00345,2026-05-01,42,41,2,0,4.88
MBX00345,2026-05-02,7,9,2,0,22.22
MBX00345,2026-05-03,6,3,0,1,0.0
MBX00345,2026-05-04,34,46,3,0,6.52
MBX00345,2026-05-05,28,41,0,2,0.0
MBX00345,2026-05-06,36,55,1,0,1.82
MBX00345,2026-05-07,35,41,0,0,0.0
MBX00345,2026-05-08,37,41,2,2,4.88
MBX00345,2026-05-09,4,6,0,0,0.0
MBX00345,2026-05-10,9,5,0,0,0.0
MBX00345,2026-05-11,37,24,0,0,0.0
MBX00345,2026-05-12,29,40,2,0,5.0
MBX00345,2026-05-13,51,52,2,1,3.85
MBX00345,2026-05-14,46,32,1,1,3.12
MBX00345,2026-05-15,36,38,2,0,5.26
MBX00345,2026-05-16,6,7,1,0,14.29
MBX00345,2026-05-17,8,8,0,0,0.0
MBX00345,2026-05-18,41,41,0,0,0.0
MBX00345,2026-05-19,31,55,3,0,5.45
MBX00345,2026-05-20,47,44,2,1,4.55
MBX00345,2026-05-21,34,31,1,1,3.23
MBX00345,2026-05-22,39,41,2,0,4.88
MBX00345,2026-05-23,12,6,0,0,0.0
MBX00345,2026-05-24,7,6,0,0,0.0
MBX00345,2026-05-25,29,43,3,0,6.98
MBX00345,2026-05-26,34,43,2,1,4.65
MBX00345,2026-05-27,40,34,1,0,2.94
MBX00345,2026-05-28,34,53,5,1,9.43
MBX00345,2026-05-29,36,37,1,4,2.7
MBX00345,2026-05-30,6,4,0,0,0.0
MBX00345,2026-05-31,8,7,1,0,14.29
MBX00345,2026-06-01,43,49,1,0,2.04
MBX00345,2026-06-02,26,36,3,0,8.33
MBX00345,2026-06-03,33,23,0,0,0.0
MBX00345,2026-06-04,34,29,1,0,3.45
MBX00345,2026-06-05,30,46,1,0,2.17
MBX00345,2026-06-06,9,7,0,1,0.0
MBX00345,2026-06-07,6,6,0,0,0.0
MBX00345,2026-06-08,39,46,1,1,2.17
MBX00345,2026-06-09,37,31,3,2,9.68
MBX00345,2026-06-10,35,31,5,1,16.13
MBX00345,2026-06-11,37,38,0,3,0.0
MBX00345,2026-06-12,29,37,1,1,2.7
MBX00345,2026-06-13,10,10,0,0,0.0
MBX00345,2026-06-14,9,11,0,1,0.0
MBX00345,2026-06-15,26,48,4,2,8.33
MBX00345,2026-06-16,31,32,3,1,9.38
MBX00345,2026-06-17,44,58,5,1,8.62
MBX00345,2026-06-18,39,34,4,0,11.76
MBX00345,2026-06-19,32,40,1,1,2.5
MBX00345,2026-06-20,5,6,0,0,0.0
MBX00345,2026-06-21,5,4,0,1,0.0
MBX00345,2026-06-22,38,43,2,1,4.65
MBX00345,2026-06-23,43,38,0,1,0.0
MBX00345,2026-06-24,45,34,0,0,0.0
MBX00345,2026-06-25,36,39,1,1,2.56
MBX00345,2026-06-26,42,34,1,0,2.94
MBX00345,2026-06-27,4,3,0,0,0.0
MBX00345,2026-06-28,4,5,0,0,0.0
MBX00345,2026-06-29,32,26,0,0,0.0
MBX00345,2026-06-30,40,41,0,1,0.0
MBX00345,2026-07-01,29,39,2,0,5.13
MBX00345,2026-07-02,38,29,2,0,6.9
MBX00345,2026-07-03,39,33,3,0,9.09
MBX00345,2026-07-04,3,9,0,0,0.0
MBX00345,2026-07-05,5,8,2,1,25.0
MBX00345,2026-07-06,40,42,0,0,0.0
MBX00345,2026-07-07,41,41,1,0,2.44
MBX00345,2026-07-08,46,27,3,0,11.11
MBX00345,2026-07-09,37,35,1,0,2.86
MBX00345,2026-07-10,48,45,9,3,20.0
MBX00345,2026-07-11,8,6,0,0,0.0
MBX00345,2026-07-12,2,13,0,0,0.0
MBX00345,2026-07-13,45,29,1,0,3.45
MBX00345,2026-07-14,37,34,5,0,14.71
MBX00345,2026-07-15,39,47,2,0,4.26
MBX00345,2026-07-16,30,34,3,0,8.82
MBX00345,2026-07-17,36,37,1,1,2.7
MBX00345,2026-07-18,2,7,0,0,0.0
MBX00345,2026-07-19,6,5,0,0,0.0
MBX00345,2026-07-20,40,44,5,2,11.36
MBX00345,2026-07-21,40,33,2,2,6.06
MBX00345,2026-07-22,41,25,2,1,8.0
MBX00345,2026-07-23,38,39,2,1,5.13
MBX00345,2026-07-24,44,40,4,1,10.0
MBX00181,2026-04-26,5,5,0,0,0.0
MBX00181,2026-04-27,17,40,1,1,2.5
MBX00181,2026-04-28,27,39,1,0,2.56
MBX00181,2026-04-29,16,38,3,0,7.89
MBX00181,2026-04-30,24,49,2,0,4.08
MBX00181,2026-05-01,28,35,4,0,11.43
MBX00181,2026-05-02,3,9,0,0,0.0
MBX00181,2026-05-03,5,5,0,0,0.0
MBX00181,2026-05-04,31,49,2,0,4.08
MBX00181,2026-05-05,29,42,2,0,4.76
MBX00181,2026-05-06,24,40,3,0,7.5
MBX00181,2026-05-07,33,40,4,0,10.0
MBX00181,2026-05-08,26,40,3,0,7.5
MBX00181,2026-05-09,3,5,0,0,0.0
MBX00181,2026-05-10,3,9,0,1,0.0
MBX00181,2026-05-11,24,40,1,2,2.5
MBX00181,2026-05-12,22,50,5,2,10.0
MBX00181,2026-05-13,23,48,4,0,8.33
MBX00181,2026-05-14,20,42,5,0,11.9
MBX00181,2026-05-15,28,48,4,1,8.33
MBX00181,2026-05-16,3,4,0,0,0.0
MBX00181,2026-05-17,6,7,1,0,14.29
MBX00181,2026-05-18,26,51,1,0,1.96
MBX00181,2026-05-19,31,45,2,0,4.44
MBX00181,2026-05-20,23,42,2,3,4.76
MBX00181,2026-05-21,31,46,3,0,6.52
MBX00181,2026-05-22,18,36,1,0,2.78
MBX00181,2026-05-23,4,8,0,0,0.0
MBX00181,2026-05-24,3,12,1,0,8.33
MBX00181,2026-05-25,26,45,6,0,13.33
MBX00181,2026-05-26,24,46,4,2,8.7
MBX00181,2026-05-27,25,47,3,1,6.38
MBX00181,2026-05-28,23,46,5,0,10.87
MBX00181,2026-05-29,21,44,0,0,0.0
MBX00181,2026-05-30,4,7,0,0,0.0
MBX00181,2026-05-31,3,6,1,1,16.67
MBX00181,2026-06-01,21,39,4,0,10.26
MBX00181,2026-06-02,23,37,3,0,8.11
MBX00181,2026-06-03,25,41,1,1,2.44
MBX00181,2026-06-04,20,43,3,1,6.98
MBX00181,2026-06-05,26,37,1,0,2.7
MBX00181,2026-06-06,3,6,0,0,0.0
MBX00181,2026-06-07,4,9,1,0,11.11
MBX00181,2026-06-08,41,40,2,2,5.0
MBX00181,2026-06-09,35,49,0,0,0.0
MBX00181,2026-06-10,25,44,2,0,4.55
MBX00181,2026-06-11,27,56,5,0,8.93
MBX00181,2026-06-12,27,41,2,3,4.88
MBX00181,2026-06-13,3,4,0,0,0.0
MBX00181,2026-06-14,6,4,0,0,0.0
MBX00181,2026-06-15,21,41,3,0,7.32
MBX00181,2026-06-16,21,50,2,1,4.0
MBX00181,2026-06-17,22,36,2,0,5.56
MBX00181,2026-06-18,30,42,1,0,2.38
MBX00181,2026-06-19,24,53,3,1,5.66
MBX00181,2026-06-20,3,8,0,0,0.0
MBX00181,2026-06-21,6,9,0,0,0.0
MBX00181,2026-06-22,22,36,3,0,8.33
MBX00181,2026-06-23,25,40,1,0,2.5
MBX00181,2026-06-24,31,33,1,1,3.03
MBX00181,2026-06-25,30,48,2,1,4.17
MBX00181,2026-06-26,22,39,3,2,7.69
MBX00181,2026-06-27,1,11,3,0,27.27
MBX00181,2026-06-28,1,7,0,0,0.0
MBX00181,2026-06-29,15,50,0,0,0.0
MBX00181,2026-06-30,30,39,1,2,2.56
MBX00181,2026-07-01,25,44,4,0,9.09
MBX00181,2026-07-02,28,37,0,0,0.0
MBX00181,2026-07-03,22,45,5,0,11.11
MBX00181,2026-07-04,5,9,2,0,22.22
MBX00181,2026-07-05,2,5,1,0,20.0
MBX00181,2026-07-06,23,53,3,1,5.66
MBX00181,2026-07-07,23,32,6,0,18.75
MBX00181,2026-07-08,26,39,7,0,17.95
MBX00181,2026-07-09,19,44,2,0,4.55
MBX00181,2026-07-10,30,38,2,1,5.26
MBX00181,2026-07-11,3,7,0,0,0.0
MBX00181,2026-07-12,4,10,0,0,0.0
MBX00181,2026-07-13,28,47,2,0,4.26
MBX00181,2026-07-14,21,50,7,0,14.0
MBX00181,2026-07-15,31,54,3,0,5.56
MBX00181,2026-07-16,32,42,3,0,7.14
MBX00181,2026-07-17,22,40,4,1,10.0
MBX00181,2026-07-18,4,9,0,0,0.0
MBX00181,2026-07-19,4,5,1,0,20.0
MBX00181,2026-07-20,29,51,6,0,11.76
MBX00181,2026-07-21,21,47,4,0,8.51
MBX00181,2026-07-22,26,40,5,1,12.5
MBX00181,2026-07-23,25,48,2,0,4.17
MBX00181,2026-07-24,19,49,3,2,6.12
MBX00281,2026-04-26,1,0,0,0,0.0
MBX00281,2026-04-27,14,24,0,0,0.0
MBX00281,2026-04-28,8,23,2,1,8.7
MBX00281,2026-04-29,16,26,2,1,7.69
MBX00281,2026-04-30,11,21,0,0,0.0
MBX00281,2026-05-01,9,18,3,0,16.67
MBX00281,2026-05-02,1,7,0,0,0.0
MBX00281,2026-05-03,2,6,1,0,16.67
MBX00281,2026-05-04,8,27,0,1,0.0
MBX00281,2026-05-05,12,20,1,1,5.0
MBX00281,2026-05-06,17,25,3,0,12.0
MBX00281,2026-05-07,12,35,0,1,0.0
MBX00281,2026-05-08,7,27,1,0,3.7
MBX00281,2026-05-09,2,3,0,0,0.0
MBX00281,2026-05-10,0,0,0,0,0.0
MBX00281,2026-05-11,9,38,5,0,13.16
MBX00281,2026-05-12,12,28,1,0,3.57
MBX00281,2026-05-13,15,28,1,0,3.57
MBX00281,2026-05-14,13,24,1,0,4.17
MBX00281,2026-05-15,11,24,0,0,0.0
MBX00281,2026-05-16,0,1,0,0,0.0
MBX00281,2026-05-17,3,4,0,0,0.0
MBX00281,2026-05-18,12,23,1,2,4.35
MBX00281,2026-05-19,11,21,2,0,9.52
MBX00281,2026-05-20,10,19,0,1,0.0
MBX00281,2026-05-21,7,25,1,1,4.0
MBX00281,2026-05-22,15,16,1,0,6.25
MBX00281,2026-05-23,4,5,0,0,0.0
MBX00281,2026-05-24,2,5,1,0,20.0
MBX00281,2026-05-25,11,27,2,0,7.41
MBX00281,2026-05-26,11,29,2,0,6.9
MBX00281,2026-05-27,10,20,1,0,5.0
MBX00281,2026-05-28,6,20,2,0,10.0
MBX00281,2026-05-29,13,27,0,0,0.0
MBX00281,2026-05-30,3,3,0,0,0.0
MBX00281,2026-05-31,3,5,1,0,20.0
MBX00281,2026-06-01,9,31,0,1,0.0
MBX00281,2026-06-02,11,19,3,0,15.79
MBX00281,2026-06-03,15,30,1,1,3.33
MBX00281,2026-06-04,6,22,0,0,0.0
MBX00281,2026-06-05,11,32,3,1,9.38
MBX00281,2026-06-06,4,0,0,0,0.0
MBX00281,2026-06-07,3,5,3,0,60.0
MBX00281,2026-06-08,9,26,2,2,7.69
MBX00281,2026-06-09,14,20,0,0,0.0
MBX00281,2026-06-10,12,24,1,0,4.17
MBX00281,2026-06-11,7,28,1,1,3.57
MBX00281,2026-06-12,15,25,2,1,8.0
MBX00281,2026-06-13,0,2,1,0,50.0
MBX00281,2026-06-14,0,3,0,0,0.0
MBX00281,2026-06-15,10,21,1,1,4.76
MBX00281,2026-06-16,8,21,1,0,4.76
MBX00281,2026-06-17,7,28,1,0,3.57
MBX00281,2026-06-18,10,26,1,1,3.85
MBX00281,2026-06-19,10,17,2,0,11.76
MBX00281,2026-06-20,1,3,1,0,33.33
MBX00281,2026-06-21,2,6,0,0,0.0
MBX00281,2026-06-22,9,21,3,0,14.29
MBX00281,2026-06-23,16,23,0,0,0.0
MBX00281,2026-06-24,11,24,3,0,12.5
MBX00281,2026-06-25,9,26,2,0,7.69
MBX00281,2026-06-26,7,26,4,0,15.38
MBX00281,2026-06-27,0,6,0,0,0.0
MBX00281,2026-06-28,0,2,0,0,0.0
MBX00281,2026-06-29,10,27,1,0,3.7
MBX00281,2026-06-30,14,34,3,1,8.82
MBX00281,2026-07-01,5,25,0,0,0.0
MBX00281,2026-07-02,11,30,2,1,6.67
MBX00281,2026-07-03,12,19,1,0,5.26
MBX00281,2026-07-04,0,5,0,0,0.0
MBX00281,2026-07-05,2,3,0,0,0.0
MBX00281,2026-07-06,8,27,2,1,7.41
MBX00281,2026-07-07,6,28,2,0,7.14
MBX00281,2026-07-08,20,26,2,0,7.69
MBX00281,2026-07-09,15,20,0,0,0.0
MBX00281,2026-07-10,5,22,0,1,0.0
MBX00281,2026-07-11,4,2,0,0,0.0
MBX00281,2026-07-12,2,3,0,0,0.0
MBX00281,2026-07-13,11,26,4,0,15.38
MBX00281,2026-07-14,14,26,3,0,11.54
MBX00281,2026-07-15,7,26,0,2,0.0
MBX00281,2026-07-16,11,29,0,0,0.0
MBX00281,2026-07-17,8,19,0,0,0.0
MBX00281,2026-07-18,4,3,0,0,0.0
MBX00281,2026-07-19,0,5,1,0,20.0
MBX00281,2026-07-20,12,21,1,1,4.76
MBX00281,2026-07-21,16,23,1,0,4.35
MBX00281,2026-07-22,10,22,2,0,9.09
MBX00281,2026-07-23,8,21,2,0,9.52
MBX00281,2026-07-24,10,36,5,1,13.89
MBX00644,2026-04-26,4,18,2,0,11.11
MBX00644,2026-04-27,46,68,3,0,4.41
MBX00644,2026-04-28,34,92,5,1,5.43
MBX00644,2026-04-29,30,74,8,0,10.81
MBX00644,2026-04-30,38,97,4,1,4.12
MBX00644,2026-05-01,30,76,8,1,10.53
MBX00644,2026-05-02,3,13,1,0,7.69
MBX00644,2026-05-03,7,7,0,0,0.0
MBX00644,2026-05-04,39,75,6,2,8.0
MBX00644,2026-05-05,43,79,4,0,5.06
MBX00644,2026-05-06,57,100,6,2,6.0
MBX00644,2026-05-07,47,93,9,2,9.68
MBX00644,2026-05-08,30,99,5,3,5.05
MBX00644,2026-05-09,9,10,0,1,0.0
MBX00644,2026-05-10,3,14,2,1,14.29
MBX00644,2026-05-11,51,63,6,2,9.52
MBX00644,2026-05-12,37,75,5,1,6.67
MBX00644,2026-05-13,43,74,7,3,9.46
MBX00644,2026-05-14,37,79,3,0,3.8
MBX00644,2026-05-15,33,83,5,0,6.02
MBX00644,2026-05-16,4,13,0,0,0.0
MBX00644,2026-05-17,7,7,1,0,14.29
MBX00644,2026-05-18,35,89,9,0,10.11
MBX00644,2026-05-19,33,108,8,0,7.41
MBX00644,2026-05-20,32,87,6,1,6.9
MBX00644,2026-05-21,30,83,4,0,4.82
MBX00644,2026-05-22,29,85,6,3,7.06
MBX00644,2026-05-23,6,13,1,0,7.69
MBX00644,2026-05-24,1,14,1,0,7.14
MBX00644,2026-05-25,40,73,5,1,6.85
MBX00644,2026-05-26,43,74,3,1,4.05
MBX00644,2026-05-27,45,77,2,2,2.6
MBX00644,2026-05-28,39,100,6,1,6.0
MBX00644,2026-05-29,41,77,5,0,6.49
MBX00644,2026-05-30,5,15,1,0,6.67
MBX00644,2026-05-31,5,16,4,1,25.0
MBX00644,2026-06-01,52,98,4,2,4.08
MBX00644,2026-06-02,38,80,3,2,3.75
MBX00644,2026-06-03,34,104,7,2,6.73
MBX00644,2026-06-04,45,97,8,0,8.25
MBX00644,2026-06-05,37,88,4,1,4.55
MBX00644,2026-06-06,6,8,0,1,0.0
MBX00644,2026-06-07,7,9,0,0,0.0
MBX00644,2026-06-08,31,93,3,3,3.23
MBX00644,2026-06-09,39,78,3,0,3.85
MBX00644,2026-06-10,45,81,5,2,6.17
MBX00644,2026-06-11,38,83,7,0,8.43
MBX00644,2026-06-12,39,76,4,2,5.26
MBX00644,2026-06-13,7,11,0,0,0.0
MBX00644,2026-06-14,9,12,1,1,8.33
MBX00644,2026-06-15,38,95,3,0,3.16
MBX00644,2026-06-16,39,81,7,1,8.64
MBX00644,2026-06-17,34,76,5,0,6.58
MBX00644,2026-06-18,58,68,2,0,2.94
MBX00644,2026-06-19,39,71,5,2,7.04
MBX00644,2026-06-20,8,18,0,0,0.0
MBX00644,2026-06-21,8,10,1,0,10.0
MBX00644,2026-06-22,36,87,6,0,6.9
MBX00644,2026-06-23,53,82,6,0,7.32
MBX00644,2026-06-24,35,94,5,1,5.32
MBX00644,2026-06-25,32,70,4,3,5.71
MBX00644,2026-06-26,46,85,6,1,7.06
MBX00644,2026-06-27,1,6,0,0,0.0
MBX00644,2026-06-28,4,17,1,0,5.88
MBX00644,2026-06-29,36,67,3,1,4.48
MBX00644,2026-06-30,35,85,7,0,8.24
MBX00644,2026-07-01,45,86,3,1,3.49
MBX00644,2026-07-02,44,83,3,0,3.61
MBX00644,2026-07-03,34,81,2,1,2.47
MBX00644,2026-07-04,9,15,0,0,0.0
MBX00644,2026-07-05,11,10,2,1,20.0
MBX00644,2026-07-06,45,77,0,1,0.0
MBX00644,2026-07-07,46,79,5,2,6.33
MBX00644,2026-07-08,45,98,6,2,6.12
MBX00644,2026-07-09,45,72,4,2,5.56
MBX00644,2026-07-10,27,86,4,2,4.65
MBX00644,2026-07-11,6,17,1,0,5.88
MBX00644,2026-07-12,5,14,1,0,7.14
MBX00644,2026-07-13,38,79,7,2,8.86
MBX00644,2026-07-14,39,82,6,2,7.32
MBX00644,2026-07-15,36,78,10,1,12.82
MBX00644,2026-07-16,43,95,5,1,5.26
MBX00644,2026-07-17,41,58,1,0,1.72
MBX00644,2026-07-18,3,11,1,0,9.09
MBX00644,2026-07-19,7,11,0,0,0.0
MBX00644,2026-07-20,45,78,8,1,10.26
MBX00644,2026-07-21,37,82,6,1,7.32
MBX00644,2026-07-22,27,88,8,1,9.09
MBX00644,2026-07-23,32,76,8,2,10.53
MBX00644,2026-07-24,38,80,3,1,3.75
MBX00117,2026-04-26,5,12,0,0,0.0
MBX00117,2026-04-27,26,90,10,1,11.11
MBX00117,2026-04-28,30,77,3,4,3.9
MBX00117,2026-04-29,33,88,9,1,10.23
MBX00117,2026-04-30,26,96,4,2,4.17
MBX00117,2026-05-01,25,64,7,0,10.94
MBX00117,2026-05-02,5,14,0,0,0.0
MBX00117,2026-05-03,2,16,2,0,12.5
MBX00117,2026-05-04,35,90,4,3,4.44
MBX00117,2026-05-05,20,89,8,3,8.99
MBX00117,2026-05-06,30,93,9,1,9.68
MBX00117,2026-05-07,24,89,10,2,11.24
MBX00117,2026-05-08,30,96,4,1,4.17
MBX00117,2026-05-09,8,13,1,0,7.69
MBX00117,2026-05-10,4,16,2,1,12.5
MBX00117,2026-05-11,35,82,6,3,7.32
MBX00117,2026-05-12,30,91,6,2,6.59
MBX00117,2026-05-13,27,88,3,0,3.41
MBX00117,2026-05-14,37,105,5,4,4.76
MBX00117,2026-05-15,24,77,1,2,1.3
MBX00117,2026-05-16,4,9,0,0,0.0
MBX00117,2026-05-17,3,15,2,0,13.33
MBX00117,2026-05-18,30,104,7,0,6.73
MBX00117,2026-05-19,35,75,7,0,9.33
MBX00117,2026-05-20,28,82,3,2,3.66
MBX00117,2026-05-21,25,67,2,3,2.99
MBX00117,2026-05-22,20,99,8,1,8.08
MBX00117,2026-05-23,3,7,1,0,14.29
MBX00117,2026-05-24,3,6,1,0,16.67
MBX00117,2026-05-25,38,96,4,0,4.17
MBX00117,2026-05-26,25,91,4,0,4.4
MBX00117,2026-05-27,31,78,4,0,5.13
MBX00117,2026-05-28,26,89,7,1,7.87
MBX00117,2026-05-29,31,87,1,1,1.15
MBX00117,2026-05-30,8,12,1,0,8.33
MBX00117,2026-05-31,5,15,2,1,13.33
MBX00117,2026-06-01,25,86,3,2,3.49
MBX00117,2026-06-02,28,88,9,1,10.23
MBX00117,2026-06-03,34,89,7,0,7.87
MBX00117,2026-06-04,26,95,3,1,3.16
MBX00117,2026-06-05,45,91,7,1,7.69
MBX00117,2026-06-06,1,17,1,1,5.88
MBX00117,2026-06-07,7,14,2,0,14.29
MBX00117,2026-06-08,31,81,7,1,8.64
MBX00117,2026-06-09,37,81,7,2,8.64
MBX00117,2026-06-10,28,88,3,1,3.41
MBX00117,2026-06-11,21,95,6,1,6.32
MBX00117,2026-06-12,33,79,3,1,3.8
MBX00117,2026-06-13,2,14,1,0,7.14
MBX00117,2026-06-14,2,12,0,0,0.0
MBX00117,2026-06-15,29,106,7,2,6.6
MBX00117,2026-06-16,27,92,5,0,5.43
MBX00117,2026-06-17,20,82,7,0,8.54
MBX00117,2026-06-18,37,74,3,3,4.05
MBX00117,2026-06-19,33,95,1,1,1.05
MBX00117,2026-06-20,4,12,0,1,0.0
MBX00117,2026-06-21,3,17,0,0,0.0
MBX00117,2026-06-22,27,94,5,3,5.32
MBX00117,2026-06-23,30,91,6,0,6.59
MBX00117,2026-06-24,33,92,7,1,7.61
MBX00117,2026-06-25,23,98,6,1,6.12
MBX00117,2026-06-26,24,78,5,2,6.41
MBX00117,2026-06-27,4,21,1,1,4.76
MBX00117,2026-06-28,8,12,0,0,0.0
MBX00117,2026-06-29,29,99,2,1,2.02
MBX00117,2026-06-30,32,87,9,0,10.34
MBX00117,2026-07-01,27,89,3,0,3.37
MBX00117,2026-07-02,32,90,2,1,2.22
MBX00117,2026-07-03,21,96,8,3,8.33
MBX00117,2026-07-04,5,22,2,0,9.09
MBX00117,2026-07-05,2,10,1,0,10.0
MBX00117,2026-07-06,35,96,5,1,5.21
MBX00117,2026-07-07,32,83,4,1,4.82
MBX00117,2026-07-08,29,85,5,1,5.88
MBX00117,2026-07-09,22,95,4,2,4.21
MBX00117,2026-07-10,30,101,7,2,6.93
MBX00117,2026-07-11,3,18,0,0,0.0
MBX00117,2026-07-12,5,21,2,0,9.52
MBX00117,2026-07-13,27,84,8,1,9.52
MBX00117,2026-07-14,30,80,9,0,11.25
MBX00117,2026-07-15,25,83,5,0,6.02
MBX00117,2026-07-16,41,77,4,1,5.19
MBX00117,2026-07-17,28,74,8,0,10.81
MBX00117,2026-07-18,3,12,2,0,16.67
MBX00117,2026-07-19,3,18,0,0,0.0
MBX00117,2026-07-20,25,85,7,0,8.24
MBX00117,2026-07-21,23,87,3,0,3.45
MBX00117,2026-07-22,30,87,4,1,4.6
MBX00117,2026-07-23,27,103,7,3,6.8
MBX00117,2026-07-24,38,75,6,1,8.0
MBX00473,2026-04-26,0,0,0,0,0.0
MBX00473,2026-04-27,2,4,1,0,25.0
MBX00473,2026-04-28,2,6,0,0,0.0
MBX00473,2026-04-29,3,1,0,0,0.0
MBX00473,2026-04-30,1,0,0,0,0.0
MBX00473,2026-05-01,2,4,0,0,0.0
MBX00473,2026-05-02,0,0,0,0,0.0
MBX00473,2026-05-03,0,0,0,0,0.0
MBX00473,2026-05-04,0,1,0,0,0.0
MBX00473,2026-05-05,0,2,0,0,0.0
MBX00473,2026-05-06,0,1,0,0,0.0
MBX00473,2026-05-07,1,3,1,0,33.33
MBX00473,2026-05-08,0,1,1,0,100.0
MBX00473,2026-05-09,0,1,0,0,0.0
MBX00473,2026-05-10,0,0,0,0,0.0
MBX00473,2026-05-11,3,2,0,1,0.0
MBX00473,2026-05-12,0,4,0,0,0.0
MBX00473,2026-05-13,1,2,0,0,0.0
MBX00473,2026-05-14,1,2,0,0,0.0
MBX00473,2026-05-15,1,7,1,0,14.29
MBX00473,2026-05-16,0,0,0,0,0.0
MBX00473,2026-05-17,0,0,0,0,0.0
MBX00473,2026-05-18,1,3,1,0,33.33
MBX00473,2026-05-19,0,3,0,0,0.0
MBX00473,2026-05-20,2,3,0,0,0.0
MBX00473,2026-05-21,2,1,0,0,0.0
MBX00473,2026-05-22,1,4,0,0,0.0
MBX00473,2026-05-23,0,0,0,0,0.0
MBX00473,2026-05-24,0,1,0,0,0.0
MBX00473,2026-05-25,0,1,0,0,0.0
MBX00473,2026-05-26,1,1,0,0,0.0
MBX00473,2026-05-27,0,0,0,0,0.0
MBX00473,2026-05-28,1,2,0,0,0.0
MBX00473,2026-05-29,1,0,0,0,0.0
MBX00473,2026-05-30,0,0,0,0,0.0
MBX00473,2026-05-31,0,2,0,0,0.0
MBX00473,2026-06-01,2,4,0,0,0.0
MBX00473,2026-06-02,0,2,0,0,0.0
MBX00473,2026-06-03,1,1,0,0,0.0
MBX00473,2026-06-04,0,2,0,0,0.0
MBX00473,2026-06-05,0,0,0,0,0.0
MBX00473,2026-06-06,0,0,0,0,0.0
MBX00473,2026-06-07,0,0,0,0,0.0
MBX00473,2026-06-08,1,2,0,0,0.0
MBX00473,2026-06-09,1,2,0,0,0.0
MBX00473,2026-06-10,1,3,1,0,33.33
MBX00473,2026-06-11,1,0,0,0,0.0
MBX00473,2026-06-12,0,3,0,0,0.0
MBX00473,2026-06-13,0,0,0,0,0.0
MBX00473,2026-06-14,1,0,0,0,0.0
MBX00473,2026-06-15,2,1,0,0,0.0
MBX00473,2026-06-16,1,3,0,0,0.0
MBX00473,2026-06-17,1,3,1,0,33.33
MBX00473,2026-06-18,2,2,0,0,0.0
MBX00473,2026-06-19,0,4,1,0,25.0
MBX00473,2026-06-20,0,0,0,0,0.0
MBX00473,2026-06-21,0,0,0,0,0.0
MBX00473,2026-06-22,1,0,0,0,0.0
MBX00473,2026-06-23,0,1,0,0,0.0
MBX00473,2026-06-24,0,1,0,0,0.0
MBX00473,2026-06-25,2,2,1,0,50.0
MBX00473,2026-06-26,0,2,0,0,0.0
MBX00473,2026-06-27,0,0,0,0,0.0
MBX00473,2026-06-28,1,0,0,0,0.0
MBX00473,2026-06-29,0,1,0,0,0.0
MBX00473,2026-06-30,0,1,0,0,0.0
MBX00473,2026-07-01,0,2,0,0,0.0
MBX00473,2026-07-02,0,3,0,0,0.0
MBX00473,2026-07-03,0,1,0,0,0.0
MBX00473,2026-07-04,0,0,0,0,0.0
MBX00473,2026-07-05,0,0,0,0,0.0
MBX00473,2026-07-06,2,2,0,0,0.0
MBX00473,2026-07-07,0,2,0,0,0.0
MBX00473,2026-07-08,1,0,0,0,0.0
MBX00473,2026-07-09,0,3,0,0,0.0
MBX00473,2026-07-10,1,2,0,0,0.0
MBX00473,2026-07-11,0,1,0,0,0.0
MBX00473,2026-07-12,0,1,0,0,0.0
MBX00473,2026-07-13,3,2,0,0,0.0
MBX00473,2026-07-14,3,0,0,0,0.0
MBX00473,2026-07-15,1,1,0,0,0.0
MBX00473,2026-07-16,1,1,0,1,0.0
MBX00473,2026-07-17,0,1,0,0,0.0
MBX00473,2026-07-18,0,0,0,0,0.0
MBX00473,2026-07-19,0,0,0,0,0.0
MBX00473,2026-07-20,0,3,0,0,0.0
MBX00473,2026-07-21,1,1,0,0,0.0
MBX00473,2026-07-22,0,2,0,0,0.0
MBX00473,2026-07-23,1,2,0,0,0.0
MBX00473,2026-07-24,0,0,0,0,0.0
MBX00374,2026-04-26,4,14,2,0,14.29
MBX00374,2026-04-27,31,107,10,0,9.35
MBX00374,2026-04-28,31,86,8,1,9.3
MBX00374,2026-04-29,32,84,4,1,4.76
MBX00374,2026-04-30,25,110,4,2,3.64
MBX00374,2026-05-01,27,80,7,0,8.75
MBX00374,2026-05-02,5,16,1,0,6.25
MBX00374,2026-05-03,4,11,0,0,0.0
MBX00374,2026-05-04,32,88,2,1,2.27
MBX00374,2026-05-05,26,104,12,1,11.54
MBX00374,2026-05-06,26,84,6,4,7.14
MBX00374,2026-05-07,29,72,7,1,9.72
MBX00374,2026-05-08,32,110,10,1,9.09
MBX00374,2026-05-09,5,19,0,0,0.0
MBX00374,2026-05-10,5,13,1,0,7.69
MBX00374,2026-05-11,28,101,11,2,10.89
MBX00374,2026-05-12,18,77,4,1,5.19
MBX00374,2026-05-13,26,87,7,2,8.05
MBX00374,2026-05-14,28,85,2,1,2.35
MBX00374,2026-05-15,33,100,8,0,8.0
MBX00374,2026-05-16,6,21,1,0,4.76
MBX00374,2026-05-17,7,10,0,0,0.0
MBX00374,2026-05-18,24,89,6,2,6.74
MBX00374,2026-05-19,38,94,3,1,3.19
MBX00374,2026-05-20,27,98,3,2,3.06
MBX00374,2026-05-21,25,90,7,0,7.78
MBX00374,2026-05-22,38,94,7,0,7.45
MBX00374,2026-05-23,6,12,0,0,0.0
MBX00374,2026-05-24,4,18,1,0,5.56
MBX00374,2026-05-25,26,98,4,0,4.08
MBX00374,2026-05-26,20,99,5,2,5.05
MBX00374,2026-05-27,17,105,4,2,3.81
MBX00374,2026-05-28,21,78,1,0,1.28
MBX00374,2026-05-29,25,98,9,0,9.18
MBX00374,2026-05-30,7,17,2,0,11.76
MBX00374,2026-05-31,6,10,1,0,10.0
MBX00374,2026-06-01,24,100,4,3,4.0
MBX00374,2026-06-02,27,97,8,2,8.25
MBX00374,2026-06-03,30,98,3,0,3.06
MBX00374,2026-06-04,19,90,8,1,8.89
MBX00374,2026-06-05,22,99,7,1,7.07
MBX00374,2026-06-06,9,11,0,0,0.0
MBX00374,2026-06-07,5,19,0,0,0.0
MBX00374,2026-06-08,32,101,4,1,3.96
MBX00374,2026-06-09,16,85,6,0,7.06
MBX00374,2026-06-10,21,79,3,0,3.8
MBX00374,2026-06-11,33,87,3,1,3.45
MBX00374,2026-06-12,26,98,7,3,7.14
MBX00374,2026-06-13,5,16,0,0,0.0
MBX00374,2026-06-14,6,8,1,0,12.5
MBX00374,2026-06-15,21,85,4,0,4.71
MBX00374,2026-06-16,22,94,6,1,6.38
MBX00374,2026-06-17,26,92,3,1,3.26
MBX00374,2026-06-18,24,103,5,1,4.85
MBX00374,2026-06-19,23,88,8,1,9.09
MBX00374,2026-06-20,5,9,1,0,11.11
MBX00374,2026-06-21,2,14,0,0,0.0
MBX00374,2026-06-22,24,115,7,1,6.09
MBX00374,2026-06-23,25,99,8,3,8.08
MBX00374,2026-06-24,17,96,3,0,3.12
MBX00374,2026-06-25,27,104,10,0,9.62
MBX00374,2026-06-26,36,79,6,0,7.59
MBX00374,2026-06-27,2,13,2,0,15.38
MBX00374,2026-06-28,3,12,0,0,0.0
MBX00374,2026-06-29,21,99,5,0,5.05
MBX00374,2026-06-30,25,87,4,2,4.6
MBX00374,2026-07-01,29,89,10,1,11.24
MBX00374,2026-07-02,32,83,7,0,8.43
MBX00374,2026-07-03,40,95,5,0,5.26
MBX00374,2026-07-04,8,17,1,0,5.88
MBX00374,2026-07-05,4,17,0,1,0.0
MBX00374,2026-07-06,29,94,3,0,3.19
MBX00374,2026-07-07,25,81,5,0,6.17
MBX00374,2026-07-08,22,85,7,0,8.24
MBX00374,2026-07-09,33,99,12,1,12.12
MBX00374,2026-07-10,22,87,3,0,3.45
MBX00374,2026-07-11,8,13,0,0,0.0
MBX00374,2026-07-12,7,16,0,0,0.0
MBX00374,2026-07-13,28,107,9,1,8.41
MBX00374,2026-07-14,24,75,5,0,6.67
MBX00374,2026-07-15,31,100,10,2,10.0
MBX00374,2026-07-16,26,96,10,0,10.42
MBX00374,2026-07-17,19,95,7,1,7.37
MBX00374,2026-07-18,2,16,1,0,6.25
MBX00374,2026-07-19,4,9,0,0,0.0
MBX00374,2026-07-20,26,82,5,0,6.1
MBX00374,2026-07-21,21,99,5,1,5.05
MBX00374,2026-07-22,22,94,6,4,6.38
MBX00374,2026-07-23,27,93,4,0,4.3
MBX00374,2026-07-24,26,94,6,0,6.38
MBX00490,2026-04-26,2,20,1,1,5.0
MBX00490,2026-04-27,19,108,5,2,4.63
MBX00490,2026-04-28,17,91,10,1,10.99
MBX00490,2026-04-29,12,90,6,1,6.67
MBX00490,2026-04-30,20,84,5,2,5.95
MBX00490,2026-05-01,10,79,7,2,8.86
MBX00490,2026-05-02,1,15,2,0,13.33
MBX00490,2026-05-03,2,16,0,0,0.0
MBX00490,2026-05-04,12,88,2,0,2.27
MBX00490,2026-05-05,13,78,2,0,2.56
MBX00490,2026-05-06,12,97,4,2,4.12
MBX00490,2026-05-07,16,90,5,3,5.56
MBX00490,2026-05-08,21,96,6,2,6.25
MBX00490,2026-05-09,5,20,3,0,15.0
MBX00490,2026-05-10,3,10,0,0,0.0
MBX00490,2026-05-11,19,83,2,0,2.41
MBX00490,2026-05-12,7,104,4,0,3.85
MBX00490,2026-05-13,16,97,3,0,3.09
MBX00490,2026-05-14,18,74,4,0,5.41
MBX00490,2026-05-15,16,82,3,1,3.66
MBX00490,2026-05-16,2,9,3,0,33.33
MBX00490,2026-05-17,1,10,0,0,0.0
MBX00490,2026-05-18,22,105,8,2,7.62
MBX00490,2026-05-19,15,82,6,0,7.32
MBX00490,2026-05-20,17,102,3,0,2.94
MBX00490,2026-05-21,14,84,6,2,7.14
MBX00490,2026-05-22,17,81,4,1,4.94
MBX00490,2026-05-23,3,7,0,0,0.0
MBX00490,2026-05-24,2,8,0,0,0.0
MBX00490,2026-05-25,22,76,2,1,2.63
MBX00490,2026-05-26,19,92,5,2,5.43
MBX00490,2026-05-27,15,83,4,0,4.82
MBX00490,2026-05-28,12,102,5,3,4.9
MBX00490,2026-05-29,21,94,5,0,5.32
MBX00490,2026-05-30,3,19,1,0,5.26
MBX00490,2026-05-31,3,16,1,0,6.25
MBX00490,2026-06-01,20,102,13,2,12.75
MBX00490,2026-06-02,13,104,9,3,8.65
MBX00490,2026-06-03,15,102,3,0,2.94
MBX00490,2026-06-04,21,118,6,2,5.08
MBX00490,2026-06-05,14,78,4,0,5.13
MBX00490,2026-06-06,1,15,2,2,13.33
MBX00490,2026-06-07,5,16,0,0,0.0
MBX00490,2026-06-08,13,101,10,1,9.9
MBX00490,2026-06-09,19,94,8,2,8.51
MBX00490,2026-06-10,11,103,6,1,5.83
MBX00490,2026-06-11,21,89,9,1,10.11
MBX00490,2026-06-12,14,80,5,0,6.25
MBX00490,2026-06-13,1,10,0,0,0.0
MBX00490,2026-06-14,3,11,2,0,18.18
MBX00490,2026-06-15,18,77,7,0,9.09
MBX00490,2026-06-16,12,91,7,1,7.69
MBX00490,2026-06-17,19,100,3,0,3.0
MBX00490,2026-06-18,20,99,8,0,8.08
MBX00490,2026-06-19,11,75,6,0,8.0
MBX00490,2026-06-20,2,13,0,0,0.0
MBX00490,2026-06-21,1,10,0,0,0.0
MBX00490,2026-06-22,17,92,11,3,11.96
MBX00490,2026-06-23,24,75,9,2,12.0
MBX00490,2026-06-24,21,88,3,0,3.41
MBX00490,2026-06-25,21,90,8,1,8.89
MBX00490,2026-06-26,19,78,2,0,2.56
MBX00490,2026-06-27,3,12,2,0,16.67
MBX00490,2026-06-28,2,14,0,0,0.0
MBX00490,2026-06-29,16,92,5,2,5.43
MBX00490,2026-06-30,25,103,7,0,6.8
MBX00490,2026-07-01,13,96,3,0,3.12
MBX00490,2026-07-02,18,99,4,1,4.04
MBX00490,2026-07-03,16,89,6,0,6.74
MBX00490,2026-07-04,3,13,0,1,0.0
MBX00490,2026-07-05,0,18,1,0,5.56
MBX00490,2026-07-06,18,93,4,1,4.3
MBX00490,2026-07-07,14,85,4,4,4.71
MBX00490,2026-07-08,15,89,3,1,3.37
MBX00490,2026-07-09,14,101,6,0,5.94
MBX00490,2026-07-10,14,98,8,2,8.16
MBX00490,2026-07-11,4,11,0,0,0.0
MBX00490,2026-07-12,1,18,1,0,5.56
MBX00490,2026-07-13,17,87,2,0,2.3
MBX00490,2026-07-14,25,90,9,1,10.0
MBX00490,2026-07-15,14,96,6,1,6.25
MBX00490,2026-07-16,6,81,6,1,7.41
MBX00490,2026-07-17,12,96,2,3,2.08
MBX00490,2026-07-18,2,13,2,0,15.38
MBX00490,2026-07-19,3,18,1,0,5.56
MBX00490,2026-07-20,26,89,5,3,5.62
MBX00490,2026-07-21,17,87,4,0,4.6
MBX00490,2026-07-22,14,104,7,1,6.73
MBX00490,2026-07-23,20,68,1,0,1.47
MBX00490,2026-07-24,14,86,3,1,3.49
MBX00187,2026-04-26,2,14,1,1,7.14
MBX00187,2026-04-27,23,94,8,1,8.51
MBX00187,2026-04-28,25,102,9,0,8.82
MBX00187,2026-04-29,26,93,5,2,5.38
MBX00187,2026-04-30,25,88,7,2,7.95
MBX00187,2026-05-01,26,80,5,2,6.25
MBX00187,2026-05-02,2,9,1,0,11.11
MBX00187,2026-05-03,6,12,0,0,0.0
MBX00187,2026-05-04,30,99,8,2,8.08
MBX00187,2026-05-05,19,83,3,0,3.61
MBX00187,2026-05-06,19,80,4,2,5.0
MBX00187,2026-05-07,20,100,9,1,9.0
MBX00187,2026-05-08,17,99,8,1,8.08
MBX00187,2026-05-09,3,17,1,0,5.88
MBX00187,2026-05-10,5,13,1,0,7.69
MBX00187,2026-05-11,33,96,5,0,5.21
MBX00187,2026-05-12,23,106,11,1,10.38
MBX00187,2026-05-13,29,85,7,0,8.24
MBX00187,2026-05-14,32,88,1,3,1.14
MBX00187,2026-05-15,31,79,5,2,6.33
MBX00187,2026-05-16,5,11,2,0,18.18
MBX00187,2026-05-17,6,13,1,0,7.69
MBX00187,2026-05-18,24,103,7,2,6.8
MBX00187,2026-05-19,42,74,6,0,8.11
MBX00187,2026-05-20,26,93,3,3,3.23
MBX00187,2026-05-21,32,82,5,2,6.1
MBX00187,2026-05-22,22,95,8,2,8.42
MBX00187,2026-05-23,6,12,0,1,0.0
MBX00187,2026-05-24,4,13,1,0,7.69
MBX00187,2026-05-25,21,119,8,0,6.72
MBX00187,2026-05-26,33,83,6,2,7.23
MBX00187,2026-05-27,13,102,5,2,4.9
MBX00187,2026-05-28,26,80,2,1,2.5
MBX00187,2026-05-29,24,97,5,3,5.15
MBX00187,2026-05-30,2,15,0,0,0.0
MBX00187,2026-05-31,3,15,2,0,13.33
MBX00187,2026-06-01,25,97,5,1,5.15
MBX00187,2026-06-02,27,101,7,1,6.93
MBX00187,2026-06-03,27,98,9,0,9.18
MBX00187,2026-06-04,30,94,2,1,2.13
MBX00187,2026-06-05,23,79,3,0,3.8
MBX00187,2026-06-06,3,8,0,0,0.0
MBX00187,2026-06-07,2,12,0,0,0.0
MBX00187,2026-06-08,33,107,4,0,3.74
MBX00187,2026-06-09,33,98,7,0,7.14
MBX00187,2026-06-10,38,89,2,0,2.25
MBX00187,2026-06-11,30,91,5,0,5.49
MBX00187,2026-06-12,29,89,3,0,3.37
MBX00187,2026-06-13,6,19,0,0,0.0
MBX00187,2026-06-14,5,13,0,0,0.0
MBX00187,2026-06-15,26,86,9,0,10.47
MBX00187,2026-06-16,23,77,2,1,2.6
MBX00187,2026-06-17,23,94,4,0,4.26
MBX00187,2026-06-18,20,88,4,1,4.55
MBX00187,2026-06-19,29,100,3,1,3.0
MBX00187,2026-06-20,4,12,1,0,8.33
MBX00187,2026-06-21,4,15,0,0,0.0
MBX00187,2026-06-22,23,102,5,0,4.9
MBX00187,2026-06-23,22,90,5,3,5.56
MBX00187,2026-06-24,19,94,5,0,5.32
MBX00187,2026-06-25,27,84,7,2,8.33
MBX00187,2026-06-26,19,84,3,2,3.57
MBX00187,2026-06-27,4,17,0,0,0.0
MBX00187,2026-06-28,4,8,1,0,12.5
MBX00187,2026-06-29,28,108,8,1,7.41
MBX00187,2026-06-30,20,93,9,1,9.68
MBX00187,2026-07-01,26,98,5,2,5.1
MBX00187,2026-07-02,36,90,6,1,6.67
MBX00187,2026-07-03,35,94,5,1,5.32
MBX00187,2026-07-04,2,20,0,0,0.0
MBX00187,2026-07-05,2,13,0,0,0.0
MBX00187,2026-07-06,30,96,6,1,6.25
MBX00187,2026-07-07,30,97,8,1,8.25
MBX00187,2026-07-08,35,79,3,4,3.8
MBX00187,2026-07-09,36,92,5,1,5.43
MBX00187,2026-07-10,30,88,2,1,2.27
MBX00187,2026-07-11,4,16,4,0,25.0
MBX00187,2026-07-12,3,14,0,0,0.0
MBX00187,2026-07-13,23,92,4,0,4.35
MBX00187,2026-07-14,27,98,3,1,3.06
MBX00187,2026-07-15,18,90,5,0,5.56
MBX00187,2026-07-16,27,102,7,0,6.86
MBX00187,2026-07-17,26,98,5,0,5.1
MBX00187,2026-07-18,3,15,0,0,0.0
MBX00187,2026-07-19,6,17,2,0,11.76
MBX00187,2026-07-20,26,95,4,1,4.21
MBX00187,2026-07-21,29,89,3,0,3.37
MBX00187,2026-07-22,31,90,3,5,3.33
MBX00187,2026-07-23,33,83,4,1,4.82
MBX00187,2026-07-24,25,100,4,2,4.0
MBX00662,2026-04-26,5,8,0,0,0.0
MBX00662,2026-04-27,37,25,0,1,0.0
MBX00662,2026-04-28,26,31,1,3,3.23
MBX00662,2026-04-29,31,31,1,0,3.23
MBX00662,2026-04-30,22,27,1,0,3.7
MBX00662,2026-05-01,37,31,2,0,6.45
MBX00662,2026-05-02,4,1,0,0,0.0
MBX00662,2026-05-03,5,2,0,0,0.0
MBX00662,2026-05-04,28,24,1,0,4.17
MBX00662,2026-05-05,33,24,0,2,0.0
MBX00662,2026-05-06,11,26,0,1,0.0
MBX00662,2026-05-07,22,27,0,0,0.0
MBX00662,2026-05-08,26,23,0,1,0.0
MBX00662,2026-05-09,6,5,0,0,0.0
MBX00662,2026-05-10,3,4,0,0,0.0
MBX00662,2026-05-11,23,30,0,1,0.0
MBX00662,2026-05-12,23,25,1,0,4.0
MBX00662,2026-05-13,30,25,1,1,4.0
MBX00662,2026-05-14,17,32,1,0,3.12
MBX00662,2026-05-15,27,23,1,0,4.35
MBX00662,2026-05-16,2,6,1,0,16.67
MBX00662,2026-05-17,1,3,0,0,0.0
MBX00662,2026-05-18,30,23,2,3,8.7
MBX00662,2026-05-19,18,22,2,1,9.09
MBX00662,2026-05-20,26,35,0,2,0.0
MBX00662,2026-05-21,25,29,2,2,6.9
MBX00662,2026-05-22,29,27,1,1,3.7
MBX00662,2026-05-23,2,4,0,0,0.0
MBX00662,2026-05-24,1,2,0,0,0.0
MBX00662,2026-05-25,34,29,1,0,3.45
MBX00662,2026-05-26,30,23,0,1,0.0
MBX00662,2026-05-27,31,23,1,0,4.35
MBX00662,2026-05-28,19,33,0,0,0.0
MBX00662,2026-05-29,23,26,3,0,11.54
MBX00662,2026-05-30,9,5,1,0,20.0
MBX00662,2026-05-31,3,2,0,0,0.0
MBX00662,2026-06-01,29,23,0,0,0.0
MBX00662,2026-06-02,28,29,2,1,6.9
MBX00662,2026-06-03,22,25,0,0,0.0
MBX00662,2026-06-04,35,25,0,0,0.0
MBX00662,2026-06-05,25,21,0,1,0.0
MBX00662,2026-06-06,4,5,0,0,0.0
MBX00662,2026-06-07,4,5,0,0,0.0
MBX00662,2026-06-08,27,30,1,0,3.33
MBX00662,2026-06-09,15,24,2,0,8.33
MBX00662,2026-06-10,27,26,1,0,3.85
MBX00662,2026-06-11,25,19,2,0,10.53
MBX00662,2026-06-12,21,23,2,2,8.7
MBX00662,2026-06-13,3,5,1,0,20.0
MBX00662,2026-06-14,6,5,0,1,0.0
MBX00662,2026-06-15,28,32,4,0,12.5
MBX00662,2026-06-16,21,27,0,0,0.0
MBX00662,2026-06-17,19,23,0,0,0.0
MBX00662,2026-06-18,22,31,1,0,3.23
MBX00662,2026-06-19,31,23,1,2,4.35
MBX00662,2026-06-20,6,2,0,0,0.0
MBX00662,2026-06-21,4,6,0,0,0.0
MBX00662,2026-06-22,22,22,3,0,13.64
MBX00662,2026-06-23,14,35,2,0,5.71
MBX00662,2026-06-24,28,22,1,0,4.55
MBX00662,2026-06-25,19,25,2,3,8.0
MBX00662,2026-06-26,26,29,0,0,0.0
MBX00662,2026-06-27,5,2,0,0,0.0
MBX00662,2026-06-28,3,7,0,0,0.0
MBX00662,2026-06-29,24,32,2,0,6.25
MBX00662,2026-06-30,22,31,2,1,6.45
MBX00662,2026-07-01,37,33,1,2,3.03
MBX00662,2026-07-02,20,29,0,0,0.0
MBX00662,2026-07-03,29,28,3,2,10.71
MBX00662,2026-07-04,1,4,0,0,0.0
MBX00662,2026-07-05,3,4,1,0,25.0
MBX00662,2026-07-06,26,31,3,0,9.68
MBX00662,2026-07-07,16,28,1,0,3.57
MBX00662,2026-07-08,27,26,2,1,7.69
MBX00662,2026-07-09,28,25,0,0,0.0
MBX00662,2026-07-10,23,42,3,0,7.14
MBX00662,2026-07-11,2,3,0,0,0.0
MBX00662,2026-07-12,2,2,1,0,50.0
MBX00662,2026-07-13,19,26,1,3,3.85
MBX00662,2026-07-14,27,27,2,2,7.41
MBX00662,2026-07-15,30,30,2,1,6.67
MBX00662,2026-07-16,27,36,1,0,2.78
MBX00662,2026-07-17,32,21,1,1,4.76
MBX00662,2026-07-18,4,8,0,2,0.0
MBX00662,2026-07-19,2,4,0,0,0.0
MBX00662,2026-07-20,20,23,1,0,4.35
MBX00662,2026-07-21,27,22,0,1,0.0
MBX00662,2026-07-22,24,30,3,0,10.0
MBX00662,2026-07-23,18,22,1,1,4.55
MBX00662,2026-07-24,22,22,1,2,4.55
MBX00092,2026-04-26,2,17,1,0,5.88
MBX00092,2026-04-27,5,105,5,0,4.76
MBX00092,2026-04-28,8,109,5,0,4.59
MBX00092,2026-04-29,18,111,4,0,3.6
MBX00092,2026-04-30,13,99,4,1,4.04
MBX00092,2026-05-01,15,110,7,0,6.36
MBX00092,2026-05-02,3,11,1,0,9.09
MBX00092,2026-05-03,3,15,0,0,0.0
MBX00092,2026-05-04,9,101,6,1,5.94
MBX00092,2026-05-05,17,121,9,0,7.44
MBX00092,2026-05-06,12,92,8,1,8.7
MBX00092,2026-05-07,16,95,8,0,8.42
MBX00092,2026-05-08,16,102,1,2,0.98
MBX00092,2026-05-09,1,15,0,0,0.0
MBX00092,2026-05-10,3,26,0,1,0.0
MBX00092,2026-05-11,11,110,4,0,3.64
MBX00092,2026-05-12,8,112,4,0,3.57
MBX00092,2026-05-13,11,121,9,3,7.44
MBX00092,2026-05-14,13,110,6,1,5.45
MBX00092,2026-05-15,10,87,2,1,2.3
MBX00092,2026-05-16,0,17,1,0,5.88
MBX00092,2026-05-17,1,14,0,1,0.0
MBX00092,2026-05-18,12,135,14,1,10.37
MBX00092,2026-05-19,9,100,7,0,7.0
MBX00092,2026-05-20,11,110,4,0,3.64
MBX00092,2026-05-21,16,110,6,4,5.45
MBX00092,2026-05-22,10,106,11,2,10.38
MBX00092,2026-05-23,0,13,1,0,7.69
MBX00092,2026-05-24,1,19,1,0,5.26
MBX00092,2026-05-25,12,95,6,1,6.32
MBX00092,2026-05-26,18,115,4,1,3.48
MBX00092,2026-05-27,12,114,5,0,4.39
MBX00092,2026-05-28,17,114,7,4,6.14
MBX00092,2026-05-29,19,113,7,1,6.19
MBX00092,2026-05-30,1,15,2,0,13.33
MBX00092,2026-05-31,1,17,2,1,11.76
MBX00092,2026-06-01,11,119,5,1,4.2
MBX00092,2026-06-02,13,91,5,0,5.49
MBX00092,2026-06-03,10,125,12,1,9.6
MBX00092,2026-06-04,10,99,8,1,8.08
MBX00092,2026-06-05,11,128,5,0,3.91
MBX00092,2026-06-06,2,26,2,0,7.69
MBX00092,2026-06-07,3,17,1,0,5.88
MBX00092,2026-06-08,24,90,10,1,11.11
MBX00092,2026-06-09,14,106,10,2,9.43
MBX00092,2026-06-10,12,110,9,1,8.18
MBX00092,2026-06-11,18,111,10,2,9.01
MBX00092,2026-06-12,14,113,9,1,7.96
MBX00092,2026-06-13,5,18,3,0,16.67
MBX00092,2026-06-14,1,16,2,0,12.5
MBX00092,2026-06-15,19,102,9,1,8.82
MBX00092,2026-06-16,11,108,6,2,5.56
MBX00092,2026-06-17,14,122,1,4,0.82
MBX00092,2026-06-18,11,127,9,2,7.09
MBX00092,2026-06-19,12,91,2,1,2.2
MBX00092,2026-06-20,1,9,1,1,11.11
MBX00092,2026-06-21,2,18,1,0,5.56
MBX00092,2026-06-22,10,101,4,3,3.96
MBX00092,2026-06-23,5,106,5,0,4.72
MBX00092,2026-06-24,13,106,7,2,6.6
MBX00092,2026-06-25,15,115,10,1,8.7
MBX00092,2026-06-26,8,117,3,1,2.56
MBX00092,2026-06-27,1,11,0,0,0.0
MBX00092,2026-06-28,3,18,0,0,0.0
MBX00092,2026-06-29,10,98,12,1,12.24
MBX00092,2026-06-30,20,97,5,0,5.15
MBX00092,2026-07-01,16,112,5,0,4.46
MBX00092,2026-07-02,15,115,7,2,6.09
MBX00092,2026-07-03,12,102,6,0,5.88
MBX00092,2026-07-04,0,19,0,0,0.0
MBX00092,2026-07-05,0,18,1,0,5.56
MBX00092,2026-07-06,13,113,11,0,9.73
MBX00092,2026-07-07,9,105,4,1,3.81
MBX00092,2026-07-08,13,119,5,0,4.2
MBX00092,2026-07-09,10,113,5,1,4.42
MBX00092,2026-07-10,10,117,15,0,12.82
MBX00092,2026-07-11,2,20,1,0,5.0
MBX00092,2026-07-12,3,15,1,0,6.67
MBX00092,2026-07-13,16,91,4,1,4.4
MBX00092,2026-07-14,11,107,12,1,11.21
MBX00092,2026-07-15,11,109,4,1,3.67
MBX00092,2026-07-16,17,103,8,4,7.77
MBX00092,2026-07-17,11,106,5,4,4.72
MBX00092,2026-07-18,2,15,0,0,0.0
MBX00092,2026-07-19,4,12,1,0,8.33
MBX00092,2026-07-20,9,115,7,2,6.09
MBX00092,2026-07-21,11,88,5,0,5.68
MBX00092,2026-07-22,9,100,12,1,12.0
MBX00092,2026-07-23,12,100,6,0,6.0
MBX00092,2026-07-24,14,99,3,0,3.03
MBX00381,2026-04-26,2,9,0,0,0.0
MBX00381,2026-04-27,22,90,7,1,7.78
MBX00381,2026-04-28,17,102,6,1,5.88
MBX00381,2026-04-29,18,102,6,2,5.88
MBX00381,2026-04-30,28,112,6,3,5.36
MBX00381,2026-05-01,19,92,5,1,5.43
MBX00381,2026-05-02,2,12,0,0,0.0
MBX00381,2026-05-03,5,14,1,1,7.14
MBX00381,2026-05-04,24,98,3,4,3.06
MBX00381,2026-05-05,22,99,5,0,5.05
MBX00381,2026-05-06,24,101,4,3,3.96
MBX00381,2026-05-07,29,89,3,0,3.37
MBX00381,2026-05-08,19,94,11,0,11.7
MBX00381,2026-05-09,4,11,0,0,0.0
MBX00381,2026-05-10,2,7,0,0,0.0
MBX00381,2026-05-11,20,89,9,3,10.11
MBX00381,2026-05-12,22,107,5,2,4.67
MBX00381,2026-05-13,20,101,8,1,7.92
MBX00381,2026-05-14,21,112,10,3,8.93
MBX00381,2026-05-15,26,94,7,0,7.45
MBX00381,2026-05-16,4,19,1,1,5.26
MBX00381,2026-05-17,3,11,1,0,9.09
MBX00381,2026-05-18,23,87,7,3,8.05
MBX00381,2026-05-19,20,98,6,1,6.12
MBX00381,2026-05-20,18,106,10,2,9.43
MBX00381,2026-05-21,22,92,3,1,3.26
MBX00381,2026-05-22,21,102,3,2,2.94
MBX00381,2026-05-23,4,15,0,0,0.0
MBX00381,2026-05-24,3,11,0,0,0.0
MBX00381,2026-05-25,32,117,5,1,4.27
MBX00381,2026-05-26,27,99,4,2,4.04
MBX00381,2026-05-27,17,89,3,0,3.37
MBX00381,2026-05-28,15,102,7,2,6.86
MBX00381,2026-05-29,18,99,9,0,9.09
MBX00381,2026-05-30,3,13,0,1,0.0
MBX00381,2026-05-31,0,18,2,0,11.11
MBX00381,2026-06-01,22,111,10,2,9.01
MBX00381,2026-06-02,19,122,5,1,4.1
MBX00381,2026-06-03,23,104,4,1,3.85
MBX00381,2026-06-04,22,92,3,1,3.26
MBX00381,2026-06-05,15,92,4,1,4.35
MBX00381,2026-06-06,2,16,1,0,6.25
MBX00381,2026-06-07,3,19,0,0,0.0
MBX00381,2026-06-08,17,99,10,0,10.1
MBX00381,2026-06-09,25,115,5,1,4.35
MBX00381,2026-06-10,16,93,5,0,5.38
MBX00381,2026-06-11,22,81,5,0,6.17
MBX00381,2026-06-12,11,77,2,1,2.6
MBX00381,2026-06-13,6,9,0,0,0.0
MBX00381,2026-06-14,2,16,0,1,0.0
MBX00381,2026-06-15,22,119,6,1,5.04
MBX00381,2026-06-16,23,93,7,1,7.53
MBX00381,2026-06-17,19,108,7,2,6.48
MBX00381,2026-06-18,23,124,7,2,5.65
MBX00381,2026-06-19,22,94,7,0,7.45
MBX00381,2026-06-20,3,14,2,0,14.29
MBX00381,2026-06-21,2,19,0,0,0.0
MBX00381,2026-06-22,21,107,3,1,2.8
MBX00381,2026-06-23,32,95,6,0,6.32
MBX00381,2026-06-24,17,87,7,2,8.05
MBX00381,2026-06-25,24,102,5,2,4.9
MBX00381,2026-06-26,25,102,6,0,5.88
MBX00381,2026-06-27,4,21,0,1,0.0
MBX00381,2026-06-28,6,14,2,0,14.29
MBX00381,2026-06-29,20,101,5,1,4.95
MBX00381,2026-06-30,23,100,2,1,2.0
MBX00381,2026-07-01,20,99,7,3,7.07
MBX00381,2026-07-02,16,106,8,0,7.55
MBX00381,2026-07-03,13,101,4,3,3.96
MBX00381,2026-07-04,1,16,0,0,0.0
MBX00381,2026-07-05,1,19,1,1,5.26
MBX00381,2026-07-06,21,92,3,1,3.26
MBX00381,2026-07-07,25,94,4,2,4.26
MBX00381,2026-07-08,29,83,0,1,0.0
MBX00381,2026-07-09,27,109,6,0,5.5
MBX00381,2026-07-10,22,105,2,2,1.9
MBX00381,2026-07-11,4,12,0,1,0.0
MBX00381,2026-07-12,6,11,2,0,18.18
MBX00381,2026-07-13,21,94,4,1,4.26
MBX00381,2026-07-14,22,91,6,1,6.59
MBX00381,2026-07-15,29,99,3,0,3.03
MBX00381,2026-07-16,13,101,5,0,4.95
MBX00381,2026-07-17,17,92,8,0,8.7
MBX00381,2026-07-18,4,5,0,0,0.0
MBX00381,2026-07-19,5,18,3,0,16.67
MBX00381,2026-07-20,16,84,4,0,4.76
MBX00381,2026-07-21,17,106,6,2,5.66
MBX00381,2026-07-22,28,97,11,0,11.34
MBX00381,2026-07-23,22,80,1,1,1.25
MBX00381,2026-07-24,17,109,9,1,8.26
MBX00719,2026-04-26,0,12,1,0,8.33
MBX00719,2026-04-27,4,95,10,1,10.53
MBX00719,2026-04-28,5,86,5,1,5.81
MBX00719,2026-04-29,9,60,2,0,3.33
MBX00719,2026-04-30,9,101,5,1,4.95
MBX00719,2026-05-01,9,82,5,1,6.1
MBX00719,2026-05-02,1,14,2,1,14.29
MBX00719,2026-05-03,1,5,0,0,0.0
MBX00719,2026-05-04,8,77,3,1,3.9
MBX00719,2026-05-05,3,77,5,2,6.49
MBX00719,2026-05-06,2,87,3,0,3.45
MBX00719,2026-05-07,5,80,5,1,6.25
MBX00719,2026-05-08,9,83,3,1,3.61
MBX00719,2026-05-09,1,8,1,0,12.5
MBX00719,2026-05-10,1,14,0,1,0.0
MBX00719,2026-05-11,4,73,6,2,8.22
MBX00719,2026-05-12,5,94,7,0,7.45
MBX00719,2026-05-13,9,93,3,1,3.23
MBX00719,2026-05-14,6,79,6,0,7.59
MBX00719,2026-05-15,3,77,8,0,10.39
MBX00719,2026-05-16,1,14,1,0,7.14
MBX00719,2026-05-17,0,8,0,1,0.0
MBX00719,2026-05-18,9,72,8,1,11.11
MBX00719,2026-05-19,10,74,4,0,5.41
MBX00719,2026-05-20,12,75,8,1,10.67
MBX00719,2026-05-21,4,64,5,1,7.81
MBX00719,2026-05-22,2,74,7,0,9.46
MBX00719,2026-05-23,1,5,0,0,0.0
MBX00719,2026-05-24,2,13,0,0,0.0
MBX00719,2026-05-25,6,81,6,2,7.41
MBX00719,2026-05-26,5,87,3,1,3.45
MBX00719,2026-05-27,11,85,5,0,5.88
MBX00719,2026-05-28,9,86,7,0,8.14
MBX00719,2026-05-29,2,81,4,0,4.94
MBX00719,2026-05-30,1,12,2,0,16.67
MBX00719,2026-05-31,1,10,0,0,0.0
MBX00719,2026-06-01,8,82,4,0,4.88
MBX00719,2026-06-02,4,94,5,0,5.32
MBX00719,2026-06-03,7,87,10,0,11.49
MBX00719,2026-06-04,5,79,6,2,7.59
MBX00719,2026-06-05,4,76,4,0,5.26
MBX00719,2026-06-06,0,15,1,0,6.67
MBX00719,2026-06-07,1,15,3,0,20.0
MBX00719,2026-06-08,7,104,9,2,8.65
MBX00719,2026-06-09,8,75,5,2,6.67
MBX00719,2026-06-10,6,79,10,0,12.66
MBX00719,2026-06-11,4,79,3,2,3.8
MBX00719,2026-06-12,4,87,10,0,11.49
MBX00719,2026-06-13,0,20,0,0,0.0
MBX00719,2026-06-14,2,8,1,0,12.5
MBX00719,2026-06-15,8,80,7,2,8.75
MBX00719,2026-06-16,5,87,4,0,4.6
MBX00719,2026-06-17,8,74,4,0,5.41
MBX00719,2026-06-18,9,77,6,0,7.79
MBX00719,2026-06-19,9,73,4,0,5.48
MBX00719,2026-06-20,1,10,0,0,0.0
MBX00719,2026-06-21,0,10,1,0,10.0
MBX00719,2026-06-22,9,79,6,2,7.59
MBX00719,2026-06-23,5,77,4,0,5.19
MBX00719,2026-06-24,9,84,5,2,5.95
MBX00719,2026-06-25,6,75,3,0,4.0
MBX00719,2026-06-26,5,93,3,0,3.23
MBX00719,2026-06-27,0,8,0,0,0.0
MBX00719,2026-06-28,1,16,0,0,0.0
MBX00719,2026-06-29,5,73,7,2,9.59
MBX00719,2026-06-30,4,100,2,2,2.0
MBX00719,2026-07-01,8,81,6,0,7.41
MBX00719,2026-07-02,7,68,6,2,8.82
MBX00719,2026-07-03,8,82,4,1,4.88
MBX00719,2026-07-04,2,20,0,0,0.0
MBX00719,2026-07-05,1,5,0,0,0.0
MBX00719,2026-07-06,8,72,2,2,2.78
MBX00719,2026-07-07,1,78,1,2,1.28
MBX00719,2026-07-08,8,89,3,1,3.37
MBX00719,2026-07-09,10,74,5,0,6.76
MBX00719,2026-07-10,12,80,7,2,8.75
MBX00719,2026-07-11,3,14,0,0,0.0
MBX00719,2026-07-12,2,8,1,0,12.5
MBX00719,2026-07-13,7,89,10,3,11.24
MBX00719,2026-07-14,2,80,2,2,2.5
MBX00719,2026-07-15,9,95,8,0,8.42
MBX00719,2026-07-16,4,76,8,0,10.53
MBX00719,2026-07-17,4,84,4,1,4.76
MBX00719,2026-07-18,3,18,2,0,11.11
MBX00719,2026-07-19,0,16,0,1,0.0
MBX00719,2026-07-20,11,93,6,1,6.45
MBX00719,2026-07-21,6,77,5,1,6.49
MBX00719,2026-07-22,6,84,5,0,5.95
MBX00719,2026-07-23,4,88,6,1,6.82
MBX00719,2026-07-24,6,86,2,0,2.33
MBX00004,2026-04-26,3,9,1,0,11.11
MBX00004,2026-04-27,14,32,0,0,0.0
MBX00004,2026-04-28,11,27,1,0,3.7
MBX00004,2026-04-29,15,32,0,0,0.0
MBX00004,2026-04-30,15,27,3,0,11.11
MBX00004,2026-05-01,17,26,0,0,0.0
MBX00004,2026-05-02,3,2,0,0,0.0
MBX00004,2026-05-03,3,2,0,0,0.0
MBX00004,2026-05-04,7,24,1,0,4.17
MBX00004,2026-05-05,15,33,1,0,3.03
MBX00004,2026-05-06,14,35,1,0,2.86
MBX00004,2026-05-07,20,29,3,0,10.34
MBX00004,2026-05-08,12,31,3,1,9.68
MBX00004,2026-05-09,1,5,0,0,0.0
MBX00004,2026-05-10,2,4,0,0,0.0
MBX00004,2026-05-11,15,33,0,1,0.0
MBX00004,2026-05-12,19,40,2,0,5.0
MBX00004,2026-05-13,14,26,2,2,7.69
MBX00004,2026-05-14,9,19,4,1,21.05
MBX00004,2026-05-15,19,32,1,0,3.12
MBX00004,2026-05-16,2,7,0,0,0.0
MBX00004,2026-05-17,1,5,0,0,0.0
MBX00004,2026-05-18,9,30,2,0,6.67
MBX00004,2026-05-19,16,19,0,0,0.0
MBX00004,2026-05-20,16,23,2,0,8.7
MBX00004,2026-05-21,14,31,1,0,3.23
MBX00004,2026-05-22,12,30,0,0,0.0
MBX00004,2026-05-23,4,3,0,0,0.0
MBX00004,2026-05-24,3,7,0,0,0.0
MBX00004,2026-05-25,15,32,1,2,3.12
MBX00004,2026-05-26,17,25,0,0,0.0
MBX00004,2026-05-27,19,29,1,2,3.45
MBX00004,2026-05-28,20,31,5,0,16.13
MBX00004,2026-05-29,17,30,1,0,3.33
MBX00004,2026-05-30,2,5,2,0,40.0
MBX00004,2026-05-31,3,6,0,0,0.0
MBX00004,2026-06-01,17,24,3,0,12.5
MBX00004,2026-06-02,16,20,0,0,0.0
MBX00004,2026-06-03,17,20,1,0,5.0
MBX00004,2026-06-04,11,32,2,0,6.25
MBX00004,2026-06-05,17,31,2,0,6.45
MBX00004,2026-06-06,5,2,0,0,0.0
MBX00004,2026-06-07,3,2,0,0,0.0
MBX00004,2026-06-08,17,28,1,0,3.57
MBX00004,2026-06-09,14,31,2,0,6.45
MBX00004,2026-06-10,15,34,2,1,5.88
MBX00004,2026-06-11,14,29,5,1,17.24
MBX00004,2026-06-12,17,24,1,0,4.17
MBX00004,2026-06-13,1,4,0,0,0.0
MBX00004,2026-06-14,3,4,0,0,0.0
MBX00004,2026-06-15,10,31,0,1,0.0
MBX00004,2026-06-16,14,28,0,0,0.0
MBX00004,2026-06-17,7,23,0,0,0.0
MBX00004,2026-06-18,19,32,1,0,3.12
MBX00004,2026-06-19,14,28,5,2,17.86
MBX00004,2026-06-20,2,5,0,0,0.0
MBX00004,2026-06-21,3,3,0,0,0.0
MBX00004,2026-06-22,15,26,0,0,0.0
MBX00004,2026-06-23,13,34,2,0,5.88
MBX00004,2026-06-24,14,32,1,0,3.12
MBX00004,2026-06-25,10,34,2,0,5.88
MBX00004,2026-06-26,18,26,2,0,7.69
MBX00004,2026-06-27,3,6,0,0,0.0
MBX00004,2026-06-28,2,7,1,0,14.29
MBX00004,2026-06-29,14,25,0,0,0.0
MBX00004,2026-06-30,14,26,3,1,11.54
MBX00004,2026-07-01,28,33,2,2,6.06
MBX00004,2026-07-02,18,30,2,1,6.67
MBX00004,2026-07-03,10,20,2,1,10.0
MBX00004,2026-07-04,0,4,0,0,0.0
MBX00004,2026-07-05,1,4,0,0,0.0
MBX00004,2026-07-06,14,29,3,0,10.34
MBX00004,2026-07-07,18,26,0,0,0.0
MBX00004,2026-07-08,19,35,1,0,2.86
MBX00004,2026-07-09,13,26,3,0,11.54
MBX00004,2026-07-10,15,24,2,0,8.33
MBX00004,2026-07-11,1,4,0,0,0.0
MBX00004,2026-07-12,1,3,1,0,33.33
MBX00004,2026-07-13,20,27,2,1,7.41
MBX00004,2026-07-14,17,32,2,0,6.25
MBX00004,2026-07-15,10,32,2,1,6.25
MBX00004,2026-07-16,20,27,0,0,0.0
MBX00004,2026-07-17,21,23,0,1,0.0
MBX00004,2026-07-18,1,1,0,0,0.0
MBX00004,2026-07-19,3,8,0,0,0.0
MBX00004,2026-07-20,12,32,2,0,6.25
MBX00004,2026-07-21,18,25,1,1,4.0
MBX00004,2026-07-22,15,25,2,0,8.0
MBX00004,2026-07-23,16,35,3,1,8.57
MBX00004,2026-07-24,17,28,1,1,3.57
MBX00598,2026-04-26,3,4,0,0,0.0
MBX00598,2026-04-27,11,14,0,0,0.0
MBX00598,2026-04-28,13,18,1,1,5.56
MBX00598,2026-04-29,13,20,1,0,5.0
MBX00598,2026-04-30,14,15,0,0,0.0
MBX00598,2026-05-01,15,22,2,0,9.09
MBX00598,2026-05-02,5,2,0,0,0.0
MBX00598,2026-05-03,4,3,0,0,0.0
MBX00598,2026-05-04,15,12,1,0,8.33
MBX00598,2026-05-05,12,19,0,0,0.0
MBX00598,2026-05-06,15,24,3,1,12.5
MBX00598,2026-05-07,16,24,1,1,4.17
MBX00598,2026-05-08,8,23,1,0,4.35
MBX00598,2026-05-09,3,10,2,0,20.0
MBX00598,2026-05-10,2,6,1,0,16.67
MBX00598,2026-05-11,20,31,3,0,9.68
MBX00598,2026-05-12,13,29,1,0,3.45
MBX00598,2026-05-13,13,27,2,0,7.41
MBX00598,2026-05-14,12,19,1,0,5.26
MBX00598,2026-05-15,17,26,1,0,3.85
MBX00598,2026-05-16,2,4,0,0,0.0
MBX00598,2026-05-17,5,8,0,0,0.0
MBX00598,2026-05-18,13,21,0,1,0.0
MBX00598,2026-05-19,13,32,4,1,12.5
MBX00598,2026-05-20,16,22,3,1,13.64
MBX00598,2026-05-21,7,16,1,0,6.25
MBX00598,2026-05-22,13,23,0,2,0.0
MBX00598,2026-05-23,3,1,0,0,0.0
MBX00598,2026-05-24,3,6,0,0,0.0
MBX00598,2026-05-25,12,35,2,0,5.71
MBX00598,2026-05-26,13,25,2,1,8.0
MBX00598,2026-05-27,12,14,3,0,21.43
MBX00598,2026-05-28,15,21,1,0,4.76
MBX00598,2026-05-29,10,28,3,0,10.71
MBX00598,2026-05-30,6,5,0,0,0.0
MBX00598,2026-05-31,2,4,0,0,0.0
MBX00598,2026-06-01,10,20,3,0,15.0
MBX00598,2026-06-02,12,25,0,0,0.0
MBX00598,2026-06-03,13,27,0,0,0.0
MBX00598,2026-06-04,13,15,1,1,6.67
MBX00598,2026-06-05,18,20,0,1,0.0
MBX00598,2026-06-06,0,3,1,0,33.33
MBX00598,2026-06-07,1,2,0,0,0.0
MBX00598,2026-06-08,11,22,2,1,9.09
MBX00598,2026-06-09,13,22,1,0,4.55
MBX00598,2026-06-10,9,25,2,0,8.0
MBX00598,2026-06-11,10,31,2,0,6.45
MBX00598,2026-06-12,10,23,1,1,4.35
MBX00598,2026-06-13,0,5,0,0,0.0
MBX00598,2026-06-14,0,3,0,0,0.0
MBX00598,2026-06-15,12,24,0,0,0.0
MBX00598,2026-06-16,10,22,2,0,9.09
MBX00598,2026-06-17,9,29,1,0,3.45
MBX00598,2026-06-18,7,16,0,0,0.0
MBX00598,2026-06-19,11,27,2,0,7.41
MBX00598,2026-06-20,4,3,0,0,0.0
MBX00598,2026-06-21,1,4,1,0,25.0
MBX00598,2026-06-22,13,22,1,0,4.55
MBX00598,2026-06-23,18,22,2,0,9.09
MBX00598,2026-06-24,15,23,1,1,4.35
MBX00598,2026-06-25,16,15,1,0,6.67
MBX00598,2026-06-26,9,18,2,0,11.11
MBX00598,2026-06-27,3,10,1,0,10.0
MBX00598,2026-06-28,3,3,0,0,0.0
MBX00598,2026-06-29,12,19,2,0,10.53
MBX00598,2026-06-30,7,18,1,0,5.56
MBX00598,2026-07-01,8,26,7,0,26.92
MBX00598,2026-07-02,13,24,2,1,8.33
MBX00598,2026-07-03,8,26,1,0,3.85
MBX00598,2026-07-04,2,2,0,0,0.0
MBX00598,2026-07-05,2,4,0,0,0.0
MBX00598,2026-07-06,23,23,1,1,4.35
MBX00598,2026-07-07,20,16,2,0,12.5
MBX00598,2026-07-08,13,25,3,0,12.0
MBX00598,2026-07-09,9,25,1,0,4.0
MBX00598,2026-07-10,11,24,0,0,0.0
MBX00598,2026-07-11,1,4,0,0,0.0
MBX00598,2026-07-12,2,2,0,0,0.0
MBX00598,2026-07-13,18,25,1,1,4.0
MBX00598,2026-07-14,15,30,3,0,10.0
MBX00598,2026-07-15,11,22,0,0,0.0
MBX00598,2026-07-16,12,23,2,0,8.7
MBX00598,2026-07-17,10,14,0,0,0.0
MBX00598,2026-07-18,1,4,0,0,0.0
MBX00598,2026-07-19,2,5,0,1,0.0
MBX00598,2026-07-20,13,17,0,0,0.0
MBX00598,2026-07-21,15,22,1,1,4.55
MBX00598,2026-07-22,23,19,1,0,5.26
MBX00598,2026-07-23,13,22,1,1,4.55
MBX00598,2026-07-24,18,31,3,1,9.68
MBX00011,2026-04-26,3,8,0,0,0.0
MBX00011,2026-04-27,18,65,2,1,3.08
MBX00011,2026-04-28,24,75,3,2,4.0
MBX00011,2026-04-29,26,76,3,0,3.95
MBX00011,2026-04-30,17,88,5,1,5.68
MBX00011,2026-05-01,15,67,5,0,7.46
MBX00011,2026-05-02,6,14,0,0,0.0
MBX00011,2026-05-03,5,14,0,0,0.0
MBX00011,2026-05-04,19,76,5,1,6.58
MBX00011,2026-05-05,13,77,4,3,5.19
MBX00011,2026-05-06,7,86,5,1,5.81
MBX00011,2026-05-07,21,68,5,0,7.35
MBX00011,2026-05-08,22,66,3,0,4.55
MBX00011,2026-05-09,2,10,2,0,20.0
MBX00011,2026-05-10,2,10,0,0,0.0
MBX00011,2026-05-11,29,81,3,2,3.7
MBX00011,2026-05-12,28,80,8,1,10.0
MBX00011,2026-05-13,17,77,4,1,5.19
MBX00011,2026-05-14,23,81,2,0,2.47
MBX00011,2026-05-15,15,95,5,1,5.26
MBX00011,2026-05-16,2,11,1,0,9.09
MBX00011,2026-05-17,4,9,1,1,11.11
MBX00011,2026-05-18,16,82,3,0,3.66
MBX00011,2026-05-19,22,100,7,0,7.0
MBX00011,2026-05-20,23,73,4,4,5.48
MBX00011,2026-05-21,18,86,8,2,9.3
MBX00011,2026-05-22,13,89,8,1,8.99
MBX00011,2026-05-23,2,7,0,0,0.0
MBX00011,2026-05-24,6,6,2,0,33.33
MBX00011,2026-05-25,17,77,7,0,9.09
MBX00011,2026-05-26,26,83,7,3,8.43
MBX00011,2026-05-27,19,81,5,4,6.17
MBX00011,2026-05-28,24,87,8,0,9.2
MBX00011,2026-05-29,20,80,6,0,7.5
MBX00011,2026-05-30,4,8,1,0,12.5
MBX00011,2026-05-31,3,11,1,0,9.09
MBX00011,2026-06-01,21,77,7,1,9.09
MBX00011,2026-06-02,21,88,6,0,6.82
MBX00011,2026-06-03,23,73,7,1,9.59
MBX00011,2026-06-04,16,79,5,0,6.33
MBX00011,2026-06-05,27,73,7,1,9.59
MBX00011,2026-06-06,1,13,0,0,0.0
MBX00011,2026-06-07,2,17,0,0,0.0
MBX00011,2026-06-08,13,78,6,0,7.69
MBX00011,2026-06-09,17,62,4,1,6.45
MBX00011,2026-06-10,15,90,8,0,8.89
MBX00011,2026-06-11,21,78,6,1,7.69
MBX00011,2026-06-12,23,64,3,0,4.69
MBX00011,2026-06-13,4,12,1,0,8.33
MBX00011,2026-06-14,3,17,0,1,0.0
MBX00011,2026-06-15,15,77,6,1,7.79
MBX00011,2026-06-16,18,79,2,2,2.53
MBX00011,2026-06-17,27,79,9,0,11.39
MBX00011,2026-06-18,26,72,5,4,6.94
MBX00011,2026-06-19,26,107,9,0,8.41
MBX00011,2026-06-20,5,12,0,1,0.0
MBX00011,2026-06-21,3,11,0,0,0.0
MBX00011,2026-06-22,26,82,7,0,8.54
MBX00011,2026-06-23,15,90,8,2,8.89
MBX00011,2026-06-24,17,78,6,0,7.69
MBX00011,2026-06-25,22,78,11,0,14.1
MBX00011,2026-06-26,21,80,3,1,3.75
MBX00011,2026-06-27,5,15,1,0,6.67
MBX00011,2026-06-28,7,14,0,0,0.0
MBX00011,2026-06-29,23,93,7,0,7.53
MBX00011,2026-06-30,22,71,4,0,5.63
MBX00011,2026-07-01,28,73,2,1,2.74
MBX00011,2026-07-02,22,62,4,1,6.45
MBX00011,2026-07-03,20,83,9,0,10.84
MBX00011,2026-07-04,3,14,1,0,7.14
MBX00011,2026-07-05,2,12,1,0,8.33
MBX00011,2026-07-06,15,71,4,0,5.63
MBX00011,2026-07-07,17,95,7,1,7.37
MBX00011,2026-07-08,14,77,1,2,1.3
MBX00011,2026-07-09,23,66,3,1,4.55
MBX00011,2026-07-10,20,75,6,2,8.0
MBX00011,2026-07-11,2,14,2,0,14.29
MBX00011,2026-07-12,3,12,0,0,0.0
MBX00011,2026-07-13,17,74,4,1,5.41
MBX00011,2026-07-14,21,71,6,1,8.45
MBX00011,2026-07-15,26,77,6,1,7.79
MBX00011,2026-07-16,16,91,2,1,2.2
MBX00011,2026-07-17,17,76,4,0,5.26
MBX00011,2026-07-18,3,12,0,0,0.0
MBX00011,2026-07-19,4,5,0,0,0.0
MBX00011,2026-07-20,21,67,4,0,5.97
MBX00011,2026-07-21,24,74,3,0,4.05
MBX00011,2026-07-22,28,84,4,1,4.76
MBX00011,2026-07-23,19,89,6,2,6.74
MBX00011,2026-07-24,20,71,3,0,4.23
MBX00537,2026-04-26,3,14,0,0,0.0
MBX00537,2026-04-27,17,80,3,1,3.75
MBX00537,2026-04-28,15,68,6,1,8.82
MBX00537,2026-04-29,16,69,5,1,7.25
MBX00537,2026-04-30,12,92,7,1,7.61
MBX00537,2026-05-01,16,95,2,0,2.11
MBX00537,2026-05-02,2,15,3,0,20.0
MBX00537,2026-05-03,4,10,1,0,10.0
MBX00537,2026-05-04,17,84,4,1,4.76
MBX00537,2026-05-05,15,59,2,0,3.39
MBX00537,2026-05-06,16,86,6,1,6.98
MBX00537,2026-05-07,24,86,3,1,3.49
MBX00537,2026-05-08,14,83,5,1,6.02
MBX00537,2026-05-09,3,12,1,0,8.33
MBX00537,2026-05-10,3,17,2,1,11.76
MBX00537,2026-05-11,21,79,3,1,3.8
MBX00537,2026-05-12,18,87,8,1,9.2
MBX00537,2026-05-13,15,90,2,1,2.22
MBX00537,2026-05-14,14,74,8,1,10.81
MBX00537,2026-05-15,19,69,6,1,8.7
MBX00537,2026-05-16,2,13,1,0,7.69
MBX00537,2026-05-17,2,10,0,0,0.0
MBX00537,2026-05-18,21,89,8,1,8.99
MBX00537,2026-05-19,18,91,6,0,6.59
MBX00537,2026-05-20,12,76,4,0,5.26
MBX00537,2026-05-21,15,77,7,0,9.09
MBX00537,2026-05-22,22,77,4,1,5.19
MBX00537,2026-05-23,1,22,1,0,4.55
MBX00537,2026-05-24,2,12,0,0,0.0
MBX00537,2026-05-25,17,85,4,1,4.71
MBX00537,2026-05-26,22,74,7,3,9.46
MBX00537,2026-05-27,17,69,3,2,4.35
MBX00537,2026-05-28,16,90,3,2,3.33
MBX00537,2026-05-29,21,77,6,1,7.79
MBX00537,2026-05-30,1,15,0,0,0.0
MBX00537,2026-05-31,4,14,3,0,21.43
MBX00537,2026-06-01,20,76,8,0,10.53
MBX00537,2026-06-02,11,75,6,0,8.0
MBX00537,2026-06-03,23,74,2,1,2.7
MBX00537,2026-06-04,12,77,1,2,1.3
MBX00537,2026-06-05,18,77,9,4,11.69
MBX00537,2026-06-06,1,14,0,0,0.0
MBX00537,2026-06-07,3,8,0,1,0.0
MBX00537,2026-06-08,23,99,4,0,4.04
MBX00537,2026-06-09,19,91,1,0,1.1
MBX00537,2026-06-10,11,88,5,1,5.68
MBX00537,2026-06-11,19,80,4,1,5.0
MBX00537,2026-06-12,15,92,6,1,6.52
MBX00537,2026-06-13,5,11,1,0,9.09
MBX00537,2026-06-14,1,10,1,0,10.0
MBX00537,2026-06-15,19,80,1,1,1.25
MBX00537,2026-06-16,13,86,2,2,2.33
MBX00537,2026-06-17,19,93,1,3,1.08
MBX00537,2026-06-18,13,68,3,0,4.41
MBX00537,2026-06-19,18,62,3,0,4.84
MBX00537,2026-06-20,2,11,1,0,9.09
MBX00537,2026-06-21,1,5,1,0,20.0
MBX00537,2026-06-22,19,89,2,0,2.25
MBX00537,2026-06-23,15,87,4,1,4.6
MBX00537,2026-06-24,26,89,3,2,3.37
MBX00537,2026-06-25,19,90,14,1,15.56
MBX00537,2026-06-26,20,81,5,0,6.17
MBX00537,2026-06-27,2,15,1,0,6.67
MBX00537,2026-06-28,4,5,0,0,0.0
MBX00537,2026-06-29,14,71,4,2,5.63
MBX00537,2026-06-30,12,81,6,3,7.41
MBX00537,2026-07-01,22,68,7,1,10.29
MBX00537,2026-07-02,15,79,3,1,3.8
MBX00537,2026-07-03,24,87,7,1,8.05
MBX00537,2026-07-04,4,8,0,0,0.0
MBX00537,2026-07-05,2,15,1,0,6.67
MBX00537,2026-07-06,15,83,7,0,8.43
MBX00537,2026-07-07,16,86,7,1,8.14
MBX00537,2026-07-08,16,69,1,2,1.45
MBX00537,2026-07-09,20,70,10,0,14.29
MBX00537,2026-07-10,16,83,2,1,2.41
MBX00537,2026-07-11,4,14,1,1,7.14
MBX00537,2026-07-12,2,15,4,0,26.67
MBX00537,2026-07-13,23,96,6,2,6.25
MBX00537,2026-07-14,15,92,5,1,5.43
MBX00537,2026-07-15,22,91,5,1,5.49
MBX00537,2026-07-16,16,90,5,2,5.56
MBX00537,2026-07-17,14,69,4,1,5.8
MBX00537,2026-07-18,5,9,3,0,33.33
MBX00537,2026-07-19,3,16,2,0,12.5
MBX00537,2026-07-20,14,75,4,0,5.33
MBX00537,2026-07-21,14,84,3,3,3.57
MBX00537,2026-07-22,16,55,4,0,7.27
MBX00537,2026-07-23,18,77,6,1,7.79
MBX00537,2026-07-24,20,80,5,2,6.25
MBX00496,2026-04-26,2,0,0,0,0.0
MBX00496,2026-04-27,5,9,0,0,0.0
MBX00496,2026-04-28,1,10,0,0,0.0
MBX00496,2026-04-29,1,8,1,0,12.5
MBX00496,2026-04-30,0,9,1,0,11.11
MBX00496,2026-05-01,4,5,1,2,20.0
MBX00496,2026-05-02,1,0,0,0,0.0
MBX00496,2026-05-03,0,2,1,0,50.0
MBX00496,2026-05-04,0,10,0,0,0.0
MBX00496,2026-05-05,4,5,0,0,0.0
MBX00496,2026-05-06,3,5,0,1,0.0
MBX00496,2026-05-07,3,10,1,0,10.0
MBX00496,2026-05-08,5,8,1,0,12.5
MBX00496,2026-05-09,0,0,0,0,0.0
MBX00496,2026-05-10,0,0,0,0,0.0
MBX00496,2026-05-11,5,13,1,0,7.69
MBX00496,2026-05-12,1,10,0,0,0.0
MBX00496,2026-05-13,4,11,0,0,0.0
MBX00496,2026-05-14,3,11,0,0,0.0
MBX00496,2026-05-15,5,11,0,0,0.0
MBX00496,2026-05-16,0,1,0,0,0.0
MBX00496,2026-05-17,0,1,0,0,0.0
MBX00496,2026-05-18,2,8,1,0,12.5
MBX00496,2026-05-19,4,8,0,0,0.0
MBX00496,2026-05-20,2,3,0,0,0.0
MBX00496,2026-05-21,1,11,0,0,0.0
MBX00496,2026-05-22,2,5,0,0,0.0
MBX00496,2026-05-23,1,0,0,0,0.0
MBX00496,2026-05-24,0,1,0,0,0.0
MBX00496,2026-05-25,2,11,1,0,9.09
MBX00496,2026-05-26,1,12,0,0,0.0
MBX00496,2026-05-27,0,2,0,0,0.0
MBX00496,2026-05-28,2,6,1,0,16.67
MBX00496,2026-05-29,6,8,0,0,0.0
MBX00496,2026-05-30,1,1,0,0,0.0
MBX00496,2026-05-31,0,1,0,0,0.0
MBX00496,2026-06-01,3,10,0,0,0.0
MBX00496,2026-06-02,5,9,0,0,0.0
MBX00496,2026-06-03,2,9,0,0,0.0
MBX00496,2026-06-04,4,10,0,0,0.0
MBX00496,2026-06-05,3,11,0,0,0.0
MBX00496,2026-06-06,0,0,0,0,0.0
MBX00496,2026-06-07,0,1,0,0,0.0
MBX00496,2026-06-08,8,11,0,1,0.0
MBX00496,2026-06-09,5,5,0,0,0.0
MBX00496,2026-06-10,4,7,0,0,0.0
MBX00496,2026-06-11,5,10,1,0,10.0
MBX00496,2026-06-12,4,8,1,0,12.5
MBX00496,2026-06-13,1,1,0,0,0.0
MBX00496,2026-06-14,0,2,0,0,0.0
MBX00496,2026-06-15,5,7,0,1,0.0
MBX00496,2026-06-16,4,4,0,0,0.0
MBX00496,2026-06-17,5,4,0,0,0.0
MBX00496,2026-06-18,5,9,1,0,11.11
MBX00496,2026-06-19,0,7,0,0,0.0
MBX00496,2026-06-20,0,2,0,0,0.0
MBX00496,2026-06-21,0,0,0,0,0.0
MBX00496,2026-06-22,1,7,0,0,0.0
MBX00496,2026-06-23,6,10,0,0,0.0
MBX00496,2026-06-24,7,8,0,0,0.0
MBX00496,2026-06-25,4,7,1,0,14.29
MBX00496,2026-06-26,7,9,1,0,11.11
MBX00496,2026-06-27,1,1,1,0,100.0
MBX00496,2026-06-28,0,1,0,0,0.0
MBX00496,2026-06-29,8,4,0,0,0.0
MBX00496,2026-06-30,3,8,0,0,0.0
MBX00496,2026-07-01,9,4,1,0,25.0
MBX00496,2026-07-02,8,17,1,1,5.88
MBX00496,2026-07-03,2,4,0,0,0.0
MBX00496,2026-07-04,0,2,0,0,0.0
MBX00496,2026-07-05,0,3,0,0,0.0
MBX00496,2026-07-06,0,9,2,0,22.22
MBX00496,2026-07-07,2,11,0,1,0.0
MBX00496,2026-07-08,1,9,1,0,11.11
MBX00496,2026-07-09,4,6,1,0,16.67
MBX00496,2026-07-10,4,7,2,0,28.57
MBX00496,2026-07-11,0,0,0,0,0.0
MBX00496,2026-07-12,0,1,0,0,0.0
MBX00496,2026-07-13,1,8,0,0,0.0
MBX00496,2026-07-14,2,17,2,0,11.76
MBX00496,2026-07-15,1,8,0,0,0.0
MBX00496,2026-07-16,3,7,0,0,0.0
MBX00496,2026-07-17,2,11,1,0,9.09
MBX00496,2026-07-18,0,1,0,0,0.0
MBX00496,2026-07-19,1,1,0,0,0.0
MBX00496,2026-07-20,2,4,1,0,25.0
MBX00496,2026-07-21,4,9,0,0,0.0
MBX00496,2026-07-22,3,9,1,0,11.11
MBX00496,2026-07-23,2,7,0,0,0.0
MBX00496,2026-07-24,4,9,0,0,0.0
MBX00383,2026-04-26,1,8,1,0,12.5
MBX00383,2026-04-27,7,57,5,0,8.77
MBX00383,2026-04-28,8,96,5,0,5.21
MBX00383,2026-04-29,9,75,1,1,1.33
MBX00383,2026-04-30,7,80,3,0,3.75
MBX00383,2026-05-01,13,74,6,1,8.11
MBX00383,2026-05-02,0,12,0,0,0.0
MBX00383,2026-05-03,1,10,0,0,0.0
MBX00383,2026-05-04,11,56,6,1,10.71
MBX00383,2026-05-05,12,75,3,1,4.0
MBX00383,2026-05-06,5,94,4,1,4.26
MBX00383,2026-05-07,9,85,5,1,5.88
MBX00383,2026-05-08,3,55,2,0,3.64
MBX00383,2026-05-09,0,12,3,1,25.0
MBX00383,2026-05-10,2,8,0,1,0.0
MBX00383,2026-05-11,6,76,5,0,6.58
MBX00383,2026-05-12,5,72,1,0,1.39
MBX00383,2026-05-13,6,92,5,1,5.43
MBX00383,2026-05-14,10,67,7,0,10.45
MBX00383,2026-05-15,4,94,3,2,3.19
MBX00383,2026-05-16,0,18,0,0,0.0
MBX00383,2026-05-17,2,14,0,0,0.0
MBX00383,2026-05-18,4,86,6,0,6.98
MBX00383,2026-05-19,6,81,3,0,3.7
MBX00383,2026-05-20,7,67,3,1,4.48
MBX00383,2026-05-21,7,67,8,1,11.94
MBX00383,2026-05-22,7,75,3,0,4.0
MBX00383,2026-05-23,1,15,1,1,6.67
MBX00383,2026-05-24,3,15,2,0,13.33
MBX00383,2026-05-25,6,94,10,0,10.64
MBX00383,2026-05-26,6,84,6,2,7.14
MBX00383,2026-05-27,6,98,6,0,6.12
MBX00383,2026-05-28,10,88,10,1,11.36
MBX00383,2026-05-29,9,74,6,3,8.11
MBX00383,2026-05-30,1,10,0,0,0.0
MBX00383,2026-05-31,1,7,0,0,0.0
MBX00383,2026-06-01,11,77,1,0,1.3
MBX00383,2026-06-02,14,93,6,0,6.45
MBX00383,2026-06-03,9,88,5,0,5.68
MBX00383,2026-06-04,12,89,2,1,2.25
MBX00383,2026-06-05,8,83,3,1,3.61
MBX00383,2026-06-06,0,9,0,0,0.0
MBX00383,2026-06-07,0,16,3,0,18.75
MBX00383,2026-06-08,5,85,11,0,12.94
MBX00383,2026-06-09,7,67,7,1,10.45
MBX00383,2026-06-10,10,65,4,1,6.15
MBX00383,2026-06-11,8,75,5,1,6.67
MBX00383,2026-06-12,4,87,3,1,3.45
MBX00383,2026-06-13,1,13,0,2,0.0
MBX00383,2026-06-14,0,15,0,0,0.0
MBX00383,2026-06-15,7,86,6,1,6.98
MBX00383,2026-06-16,7,81,5,0,6.17
MBX00383,2026-06-17,5,71,3,0,4.23
MBX00383,2026-06-18,10,81,1,1,1.23
MBX00383,2026-06-19,12,83,4,0,4.82
MBX00383,2026-06-20,2,10,1,0,10.0
MBX00383,2026-06-21,2,15,1,0,6.67
MBX00383,2026-06-22,14,78,1,0,1.28
MBX00383,2026-06-23,6,79,5,0,6.33
MBX00383,2026-06-24,10,77,3,0,3.9
MBX00383,2026-06-25,10,71,1,0,1.41
MBX00383,2026-06-26,7,78,5,0,6.41
MBX00383,2026-06-27,0,15,0,0,0.0
MBX00383,2026-06-28,4,12,0,0,0.0
MBX00383,2026-06-29,7,94,8,0,8.51
MBX00383,2026-06-30,8,75,6,0,8.0
MBX00383,2026-07-01,8,70,5,1,7.14
MBX00383,2026-07-02,18,68,4,2,5.88
MBX00383,2026-07-03,9,57,0,1,0.0
MBX00383,2026-07-04,2,17,1,0,5.88
MBX00383,2026-07-05,0,10,0,0,0.0
MBX00383,2026-07-06,8,75,3,0,4.0
MBX00383,2026-07-07,6,75,7,1,9.33
MBX00383,2026-07-08,3,71,6,0,8.45
MBX00383,2026-07-09,6,85,12,2,14.12
MBX00383,2026-07-10,8,97,6,1,6.19
MBX00383,2026-07-11,1,4,0,0,0.0
MBX00383,2026-07-12,2,16,2,1,12.5
MBX00383,2026-07-13,3,63,3,0,4.76
MBX00383,2026-07-14,11,96,5,2,5.21
MBX00383,2026-07-15,7,74,3,1,4.05
MBX00383,2026-07-16,7,82,6,0,7.32
MBX00383,2026-07-17,8,87,5,0,5.75
MBX00383,2026-07-18,1,14,2,0,14.29
MBX00383,2026-07-19,1,12,0,0,0.0
MBX00383,2026-07-20,6,77,3,1,3.9
MBX00383,2026-07-21,7,94,4,1,4.26
MBX00383,2026-07-22,2,67,4,2,5.97
MBX00383,2026-07-23,2,86,6,1,6.98
MBX00383,2026-07-24,8,87,5,0,5.75
MBX00578,2026-04-26,1,9,3,0,33.33
MBX00578,2026-04-27,13,36,3,0,8.33
MBX00578,2026-04-28,26,57,2,0,3.51
MBX00578,2026-04-29,23,62,5,0,8.06
MBX00578,2026-04-30,25,51,2,0,3.92
MBX00578,2026-05-01,16,45,3,3,6.67
MBX00578,2026-05-02,3,11,2,0,18.18
MBX00578,2026-05-03,1,6,0,0,0.0
MBX00578,2026-05-04,18,62,4,2,6.45
MBX00578,2026-05-05,13,44,1,1,2.27
MBX00578,2026-05-06,17,42,2,0,4.76
MBX00578,2026-05-07,15,47,4,1,8.51
MBX00578,2026-05-08,23,51,6,1,11.76
MBX00578,2026-05-09,4,13,2,1,15.38
MBX00578,2026-05-10,3,8,1,0,12.5
MBX00578,2026-05-11,25,56,6,0,10.71
MBX00578,2026-05-12,24,52,0,1,0.0
MBX00578,2026-05-13,24,51,3,1,5.88
MBX00578,2026-05-14,22,51,3,1,5.88
MBX00578,2026-05-15,16,69,6,0,8.7
MBX00578,2026-05-16,4,9,0,0,0.0
MBX00578,2026-05-17,6,6,1,0,16.67
MBX00578,2026-05-18,21,51,2,3,3.92
MBX00578,2026-05-19,24,52,1,1,1.92
MBX00578,2026-05-20,19,60,0,1,0.0
MBX00578,2026-05-21,21,47,2,0,4.26
MBX00578,2026-05-22,14,53,6,0,11.32
MBX00578,2026-05-23,6,12,0,0,0.0
MBX00578,2026-05-24,2,5,3,0,60.0
MBX00578,2026-05-25,27,52,2,0,3.85
MBX00578,2026-05-26,20,58,3,4,5.17
MBX00578,2026-05-27,22,56,2,1,3.57
MBX00578,2026-05-28,23,57,4,2,7.02
MBX00578,2026-05-29,23,59,5,0,8.47
MBX00578,2026-05-30,7,9,2,0,22.22
MBX00578,2026-05-31,4,8,2,0,25.0
MBX00578,2026-06-01,19,49,3,2,6.12
MBX00578,2026-06-02,19,44,5,1,11.36
MBX00578,2026-06-03,17,57,1,1,1.75
MBX00578,2026-06-04,21,48,8,0,16.67
MBX00578,2026-06-05,15,51,1,0,1.96
MBX00578,2026-06-06,4,7,0,0,0.0
MBX00578,2026-06-07,2,7,0,0,0.0
MBX00578,2026-06-08,20,63,4,1,6.35
MBX00578,2026-06-09,19,46,1,1,2.17
MBX00578,2026-06-10,20,35,2,2,5.71
MBX00578,2026-06-11,12,42,2,1,4.76
MBX00578,2026-06-12,24,51,4,0,7.84
MBX00578,2026-06-13,4,7,1,0,14.29
MBX00578,2026-06-14,3,8,1,0,12.5
MBX00578,2026-06-15,21,55,5,2,9.09
MBX00578,2026-06-16,20,55,3,5,5.45
MBX00578,2026-06-17,21,51,0,0,0.0
MBX00578,2026-06-18,27,53,3,0,5.66
MBX00578,2026-06-19,20,43,1,0,2.33
MBX00578,2026-06-20,4,9,1,0,11.11
MBX00578,2026-06-21,4,8,0,0,0.0
MBX00578,2026-06-22,21,48,5,0,10.42
MBX00578,2026-06-23,19,55,4,0,7.27
MBX00578,2026-06-24,26,46,1,2,2.17
MBX00578,2026-06-25,15,51,4,1,7.84
MBX00578,2026-06-26,25,49,0,0,0.0
MBX00578,2026-06-27,3,9,2,1,22.22
MBX00578,2026-06-28,4,7,1,0,14.29
MBX00578,2026-06-29,17,59,3,0,5.08
MBX00578,2026-06-30,23,61,3,1,4.92
MBX00578,2026-07-01,24,62,2,1,3.23
MBX00578,2026-07-02,24,55,5,1,9.09
MBX00578,2026-07-03,15,51,5,1,9.8
MBX00578,2026-07-04,7,5,0,0,0.0
MBX00578,2026-07-05,4,7,1,0,14.29
MBX00578,2026-07-06,24,50,4,1,8.0
MBX00578,2026-07-07,25,45,3,0,6.67
MBX00578,2026-07-08,20,49,4,0,8.16
MBX00578,2026-07-09,17,52,7,3,13.46
MBX00578,2026-07-10,16,74,7,0,9.46
MBX00578,2026-07-11,3,10,1,0,10.0
MBX00578,2026-07-12,2,5,0,0,0.0
MBX00578,2026-07-13,29,62,2,2,3.23
MBX00578,2026-07-14,29,50,1,0,2.0
MBX00578,2026-07-15,21,46,2,1,4.35
MBX00578,2026-07-16,26,47,4,0,8.51
MBX00578,2026-07-17,25,55,2,0,3.64
MBX00578,2026-07-18,5,7,0,0,0.0
MBX00578,2026-07-19,2,11,2,0,18.18
MBX00578,2026-07-20,22,53,2,1,3.77
MBX00578,2026-07-21,23,63,4,0,6.35
MBX00578,2026-07-22,25,64,4,1,6.25
MBX00578,2026-07-23,14,50,3,1,6.0
MBX00578,2026-07-24,22,56,3,0,5.36
MBX00205,2026-04-26,10,10,1,0,10.0
MBX00205,2026-04-27,44,98,7,1,7.14
MBX00205,2026-04-28,34,89,3,2,3.37
MBX00205,2026-04-29,33,95,3,0,3.16
MBX00205,2026-04-30,41,104,7,5,6.73
MBX00205,2026-05-01,44,115,7,1,6.09
MBX00205,2026-05-02,3,13,1,0,7.69
MBX00205,2026-05-03,8,19,1,0,5.26
MBX00205,2026-05-04,37,110,8,1,7.27
MBX00205,2026-05-05,36,92,8,1,8.7
MBX00205,2026-05-06,39,94,5,1,5.32
MBX00205,2026-05-07,37,107,6,1,5.61
MBX00205,2026-05-08,41,102,10,1,9.8
MBX00205,2026-05-09,11,18,0,0,0.0
MBX00205,2026-05-10,9,16,1,0,6.25
MBX00205,2026-05-11,45,104,8,3,7.69
MBX00205,2026-05-12,37,97,3,3,3.09
MBX00205,2026-05-13,29,93,10,2,10.75
MBX00205,2026-05-14,38,106,6,1,5.66
MBX00205,2026-05-15,34,107,7,1,6.54
MBX00205,2026-05-16,2,15,1,0,6.67
MBX00205,2026-05-17,6,16,0,0,0.0
MBX00205,2026-05-18,40,101,4,0,3.96
MBX00205,2026-05-19,22,110,7,0,6.36
MBX00205,2026-05-20,44,108,6,3,5.56
MBX00205,2026-05-21,44,102,7,0,6.86
MBX00205,2026-05-22,35,103,4,1,3.88
MBX00205,2026-05-23,8,14,3,0,21.43
MBX00205,2026-05-24,8,17,0,0,0.0
MBX00205,2026-05-25,37,97,4,1,4.12
MBX00205,2026-05-26,31,94,3,0,3.19
MBX00205,2026-05-27,43,99,10,1,10.1
MBX00205,2026-05-28,34,97,5,0,5.15
MBX00205,2026-05-29,46,82,2,3,2.44
MBX00205,2026-05-30,7,28,0,0,0.0
MBX00205,2026-05-31,6,21,1,1,4.76
MBX00205,2026-06-01,35,88,7,1,7.95
MBX00205,2026-06-02,33,81,5,1,6.17
MBX00205,2026-06-03,43,103,6,1,5.83
MBX00205,2026-06-04,40,107,5,1,4.67
MBX00205,2026-06-05,39,97,5,2,5.15
MBX00205,2026-06-06,4,17,3,0,17.65
MBX00205,2026-06-07,7,16,2,1,12.5
MBX00205,2026-06-08,29,101,8,4,7.92
MBX00205,2026-06-09,43,101,8,1,7.92
MBX00205,2026-06-10,49,110,7,2,6.36
MBX00205,2026-06-11,42,95,1,0,1.05
MBX00205,2026-06-12,40,89,5,0,5.62
MBX00205,2026-06-13,7,15,2,0,13.33
MBX00205,2026-06-14,7,8,0,0,0.0
MBX00205,2026-06-15,43,92,3,0,3.26
MBX00205,2026-06-16,46,104,8,0,7.69
MBX00205,2026-06-17,33,102,3,0,2.94
MBX00205,2026-06-18,51,99,9,0,9.09
MBX00205,2026-06-19,31,100,3,0,3.0
MBX00205,2026-06-20,3,13,1,0,7.69
MBX00205,2026-06-21,4,19,0,0,0.0
MBX00205,2026-06-22,42,101,6,2,5.94
MBX00205,2026-06-23,49,112,4,1,3.57
MBX00205,2026-06-24,45,117,8,0,6.84
MBX00205,2026-06-25,41,107,6,0,5.61
MBX00205,2026-06-26,36,109,6,3,5.5
MBX00205,2026-06-27,4,12,1,1,8.33
MBX00205,2026-06-28,3,13,0,0,0.0
MBX00205,2026-06-29,42,104,13,2,12.5
MBX00205,2026-06-30,26,105,3,3,2.86
MBX00205,2026-07-01,35,86,6,1,6.98
MBX00205,2026-07-02,31,126,7,1,5.56
MBX00205,2026-07-03,36,102,6,0,5.88
MBX00205,2026-07-04,4,23,0,0,0.0
MBX00205,2026-07-05,5,17,1,0,5.88
MBX00205,2026-07-06,42,101,8,1,7.92
MBX00205,2026-07-07,34,98,8,1,8.16
MBX00205,2026-07-08,46,102,3,2,2.94
MBX00205,2026-07-09,41,95,5,5,5.26
MBX00205,2026-07-10,38,101,6,1,5.94
MBX00205,2026-07-11,5,26,1,0,3.85
MBX00205,2026-07-12,10,25,0,0,0.0
MBX00205,2026-07-13,34,93,8,2,8.6
MBX00205,2026-07-14,50,111,7,1,6.31
MBX00205,2026-07-15,32,92,5,0,5.43
MBX00205,2026-07-16,36,110,10,3,9.09
MBX00205,2026-07-17,38,115,6,0,5.22
MBX00205,2026-07-18,6,15,1,0,6.67
MBX00205,2026-07-19,3,18,0,0,0.0
MBX00205,2026-07-20,32,99,7,1,7.07
MBX00205,2026-07-21,30,94,3,1,3.19
MBX00205,2026-07-22,43,93,1,0,1.08
MBX00205,2026-07-23,30,121,3,6,2.48
MBX00205,2026-07-24,46,115,4,2,3.48
MBX00406,2026-04-26,2,6,0,0,0.0
MBX00406,2026-04-27,21,47,1,1,2.13
MBX00406,2026-04-28,20,39,4,0,10.26
MBX00406,2026-04-29,34,50,2,0,4.0
MBX00406,2026-04-30,29,46,5,0,10.87
MBX00406,2026-05-01,21,49,2,1,4.08
MBX00406,2026-05-02,4,4,0,0,0.0
MBX00406,2026-05-03,6,4,0,0,0.0
MBX00406,2026-05-04,18,52,2,0,3.85
MBX00406,2026-05-05,25,45,1,0,2.22
MBX00406,2026-05-06,20,44,2,3,4.55
MBX00406,2026-05-07,30,37,2,0,5.41
MBX00406,2026-05-08,29,29,3,1,10.34
MBX00406,2026-05-09,3,4,1,0,25.0
MBX00406,2026-05-10,5,7,0,0,0.0
MBX00406,2026-05-11,26,57,4,0,7.02
MBX00406,2026-05-12,27,42,3,0,7.14
MBX00406,2026-05-13,26,49,1,1,2.04
MBX00406,2026-05-14,23,52,2,0,3.85
MBX00406,2026-05-15,28,52,2,0,3.85
MBX00406,2026-05-16,6,11,0,0,0.0
MBX00406,2026-05-17,3,11,2,0,18.18
MBX00406,2026-05-18,15,36,3,1,8.33
MBX00406,2026-05-19,22,40,3,1,7.5
MBX00406,2026-05-20,15,45,5,1,11.11
MBX00406,2026-05-21,24,37,3,0,8.11
MBX00406,2026-05-22,33,31,1,0,3.23
MBX00406,2026-05-23,3,5,0,0,0.0
MBX00406,2026-05-24,3,8,0,0,0.0
MBX00406,2026-05-25,24,39,2,0,5.13
MBX00406,2026-05-26,24,41,1,1,2.44
MBX00406,2026-05-27,20,40,3,0,7.5
MBX00406,2026-05-28,27,41,4,1,9.76
MBX00406,2026-05-29,24,37,3,1,8.11
MBX00406,2026-05-30,4,5,0,0,0.0
MBX00406,2026-05-31,5,10,0,0,0.0
MBX00406,2026-06-01,28,49,3,1,6.12
MBX00406,2026-06-02,21,41,1,0,2.44
MBX00406,2026-06-03,24,54,3,1,5.56
MBX00406,2026-06-04,19,48,5,1,10.42
MBX00406,2026-06-05,29,40,1,1,2.5
MBX00406,2026-06-06,3,7,0,0,0.0
MBX00406,2026-06-07,3,9,1,0,11.11
MBX00406,2026-06-08,24,47,5,2,10.64
MBX00406,2026-06-09,29,43,1,1,2.33
MBX00406,2026-06-10,42,37,3,0,8.11
MBX00406,2026-06-11,17,37,2,0,5.41
MBX00406,2026-06-12,25,36,0,1,0.0
MBX00406,2026-06-13,3,8,2,0,25.0
MBX00406,2026-06-14,3,5,0,0,0.0
MBX00406,2026-06-15,29,56,3,1,5.36
MBX00406,2026-06-16,17,38,1,0,2.63
MBX00406,2026-06-17,24,43,3,0,6.98
MBX00406,2026-06-18,27,58,1,1,1.72
MBX00406,2026-06-19,24,56,4,1,7.14
MBX00406,2026-06-20,1,8,1,0,12.5
MBX00406,2026-06-21,3,14,0,0,0.0
MBX00406,2026-06-22,30,53,1,0,1.89
MBX00406,2026-06-23,32,44,3,1,6.82
MBX00406,2026-06-24,24,46,5,1,10.87
MBX00406,2026-06-25,18,46,4,1,8.7
MBX00406,2026-06-26,23,42,0,0,0.0
MBX00406,2026-06-27,3,7,0,0,0.0
MBX00406,2026-06-28,4,4,0,0,0.0
MBX00406,2026-06-29,29,54,6,0,11.11
MBX00406,2026-06-30,36,53,2,2,3.77
MBX00406,2026-07-01,26,47,8,3,17.02
MBX00406,2026-07-02,37,55,1,0,1.82
MBX00406,2026-07-03,24,42,3,2,7.14
MBX00406,2026-07-04,4,6,0,0,0.0
MBX00406,2026-07-05,3,8,0,0,0.0
MBX00406,2026-07-06,28,48,3,0,6.25
MBX00406,2026-07-07,24,41,1,0,2.44
MBX00406,2026-07-08,33,56,4,1,7.14
MBX00406,2026-07-09,26,55,5,0,9.09
MBX00406,2026-07-10,26,44,2,1,4.55
MBX00406,2026-07-11,6,8,0,0,0.0
MBX00406,2026-07-12,5,5,0,0,0.0
MBX00406,2026-07-13,24,50,3,1,6.0
MBX00406,2026-07-14,29,47,3,2,6.38
MBX00406,2026-07-15,28,50,0,0,0.0
MBX00406,2026-07-16,27,50,4,2,8.0
MBX00406,2026-07-17,33,51,4,2,7.84
MBX00406,2026-07-18,3,9,1,0,11.11
MBX00406,2026-07-19,5,6,1,1,16.67
MBX00406,2026-07-20,31,40,2,0,5.0
MBX00406,2026-07-21,22,43,5,0,11.63
MBX00406,2026-07-22,23,36,1,1,2.78
MBX00406,2026-07-23,25,31,2,0,6.45
MBX00406,2026-07-24,29,37,1,0,2.7
MBX00325,2026-04-26,0,9,1,0,11.11
MBX00325,2026-04-27,13,70,7,5,10.0
MBX00325,2026-04-28,19,77,6,1,7.79
MBX00325,2026-04-29,10,72,6,1,8.33
MBX00325,2026-04-30,7,57,3,3,5.26
MBX00325,2026-05-01,15,61,9,0,14.75
MBX00325,2026-05-02,2,12,0,0,0.0
MBX00325,2026-05-03,1,10,1,0,10.0
MBX00325,2026-05-04,12,64,3,1,4.69
MBX00325,2026-05-05,10,70,3,0,4.29
MBX00325,2026-05-06,16,58,0,2,0.0
MBX00325,2026-05-07,13,53,3,1,5.66
MBX00325,2026-05-08,16,76,5,1,6.58
MBX00325,2026-05-09,1,6,0,0,0.0
MBX00325,2026-05-10,2,8,0,0,0.0
MBX00325,2026-05-11,17,60,4,1,6.67
MBX00325,2026-05-12,12,72,3,0,4.17
MBX00325,2026-05-13,17,52,4,1,7.69
MBX00325,2026-05-14,12,57,3,0,5.26
MBX00325,2026-05-15,13,58,9,0,15.52
MBX00325,2026-05-16,1,11,1,1,9.09
MBX00325,2026-05-17,0,14,1,0,7.14
MBX00325,2026-05-18,11,65,3,0,4.62
MBX00325,2026-05-19,10,53,3,1,5.66
MBX00325,2026-05-20,14,60,5,2,8.33
MBX00325,2026-05-21,8,72,6,1,8.33
MBX00325,2026-05-22,13,60,5,1,8.33
MBX00325,2026-05-23,1,11,0,0,0.0
MBX00325,2026-05-24,0,3,0,0,0.0
MBX00325,2026-05-25,8,59,3,0,5.08
MBX00325,2026-05-26,13,66,3,0,4.55
MBX00325,2026-05-27,11,68,7,0,10.29
MBX00325,2026-05-28,11,56,0,1,0.0
MBX00325,2026-05-29,12,65,4,1,6.15
MBX00325,2026-05-30,1,5,0,0,0.0
MBX00325,2026-05-31,0,6,0,0,0.0
MBX00325,2026-06-01,10,68,8,0,11.76
MBX00325,2026-06-02,11,60,3,0,5.0
MBX00325,2026-06-03,7,84,5,3,5.95
MBX00325,2026-06-04,9,53,3,1,5.66
MBX00325,2026-06-05,16,52,3,0,5.77
MBX00325,2026-06-06,2,12,0,0,0.0
MBX00325,2026-06-07,2,11,1,0,9.09
MBX00325,2026-06-08,5,59,5,0,8.47
MBX00325,2026-06-09,11,74,8,1,10.81
MBX00325,2026-06-10,9,58,4,0,6.9
MBX00325,2026-06-11,15,71,5,0,7.04
MBX00325,2026-06-12,17,74,2,1,2.7
MBX00325,2026-06-13,1,12,2,0,16.67
MBX00325,2026-06-14,3,10,1,0,10.0
MBX00325,2026-06-15,10,71,6,0,8.45
MBX00325,2026-06-16,12,74,6,0,8.11
MBX00325,2026-06-17,19,59,5,0,8.47
MBX00325,2026-06-18,22,75,5,1,6.67
MBX00325,2026-06-19,11,71,9,0,12.68
MBX00325,2026-06-20,1,7,0,0,0.0
MBX00325,2026-06-21,1,6,0,0,0.0
MBX00325,2026-06-22,10,74,5,1,6.76
MBX00325,2026-06-23,14,65,5,1,7.69
MBX00325,2026-06-24,12,54,1,1,1.85
MBX00325,2026-06-25,6,69,1,0,1.45
MBX00325,2026-06-26,11,46,2,3,4.35
MBX00325,2026-06-27,0,11,1,1,9.09
MBX00325,2026-06-28,0,8,0,0,0.0
MBX00325,2026-06-29,14,59,6,0,10.17
MBX00325,2026-06-30,15,48,3,1,6.25
MBX00325,2026-07-01,10,64,3,0,4.69
MBX00325,2026-07-02,13,66,7,0,10.61
MBX00325,2026-07-03,21,56,1,0,1.79
MBX00325,2026-07-04,2,11,0,0,0.0
MBX00325,2026-07-05,1,12,0,0,0.0
MBX00325,2026-07-06,14,60,1,1,1.67
MBX00325,2026-07-07,12,61,5,1,8.2
MBX00325,2026-07-08,14,71,5,2,7.04
MBX00325,2026-07-09,9,58,4,1,6.9
MBX00325,2026-07-10,16,63,6,0,9.52
MBX00325,2026-07-11,2,6,0,0,0.0
MBX00325,2026-07-12,1,9,0,0,0.0
MBX00325,2026-07-13,9,72,6,1,8.33
MBX00325,2026-07-14,11,60,4,0,6.67
MBX00325,2026-07-15,11,67,5,0,7.46
MBX00325,2026-07-16,14,76,3,0,3.95
MBX00325,2026-07-17,11,62,6,2,9.68
MBX00325,2026-07-18,3,8,0,0,0.0
MBX00325,2026-07-19,2,14,1,0,7.14
MBX00325,2026-07-20,12,60,6,2,10.0
MBX00325,2026-07-21,8,63,5,2,7.94
MBX00325,2026-07-22,17,62,5,0,8.06
MBX00325,2026-07-23,11,73,4,1,5.48
MBX00325,2026-07-24,11,66,4,0,6.06
MBX00222,2026-04-26,4,16,0,0,0.0
MBX00222,2026-04-27,11,110,4,1,3.64
MBX00222,2026-04-28,15,116,9,1,7.76
MBX00222,2026-04-29,18,109,9,4,8.26
MBX00222,2026-04-30,13,119,4,2,3.36
MBX00222,2026-05-01,16,119,9,0,7.56
MBX00222,2026-05-02,3,19,1,0,5.26
MBX00222,2026-05-03,0,13,1,0,7.69
MBX00222,2026-05-04,21,120,5,3,4.17
MBX00222,2026-05-05,20,132,11,0,8.33
MBX00222,2026-05-06,13,107,10,0,9.35
MBX00222,2026-05-07,24,116,11,2,9.48
MBX00222,2026-05-08,11,104,5,3,4.81
MBX00222,2026-05-09,4,16,0,0,0.0
MBX00222,2026-05-10,0,13,0,0,0.0
MBX00222,2026-05-11,31,102,5,3,4.9
MBX00222,2026-05-12,17,105,12,2,11.43
MBX00222,2026-05-13,16,96,3,3,3.12
MBX00222,2026-05-14,17,89,7,2,7.87
MBX00222,2026-05-15,23,108,5,1,4.63
MBX00222,2026-05-16,2,17,1,0,5.88
MBX00222,2026-05-17,3,13,0,0,0.0
MBX00222,2026-05-18,9,101,7,2,6.93
MBX00222,2026-05-19,17,137,4,1,2.92
MBX00222,2026-05-20,13,111,2,2,1.8
MBX00222,2026-05-21,19,97,6,0,6.19
MBX00222,2026-05-22,16,104,9,1,8.65
MBX00222,2026-05-23,5,10,0,0,0.0
MBX00222,2026-05-24,2,16,0,0,0.0
MBX00222,2026-05-25,10,98,6,3,6.12
MBX00222,2026-05-26,12,114,5,0,4.39
MBX00222,2026-05-27,16,122,4,0,3.28
MBX00222,2026-05-28,18,104,6,1,5.77
MBX00222,2026-05-29,16,114,1,0,0.88
MBX00222,2026-05-30,2,15,2,0,13.33
MBX00222,2026-05-31,6,17,0,1,0.0
MBX00222,2026-06-01,22,112,7,1,6.25
MBX00222,2026-06-02,7,133,4,4,3.01
MBX00222,2026-06-03,14,97,4,0,4.12
MBX00222,2026-06-04,16,115,9,1,7.83
MBX00222,2026-06-05,12,128,9,1,7.03
MBX00222,2026-06-06,3,27,1,1,3.7
MBX00222,2026-06-07,2,17,0,1,0.0
MBX00222,2026-06-08,11,84,5,0,5.95
MBX00222,2026-06-09,11,103,4,2,3.88
MBX00222,2026-06-10,15,118,8,0,6.78
MBX00222,2026-06-11,19,115,5,0,4.35
MBX00222,2026-06-12,13,121,11,0,9.09
MBX00222,2026-06-13,2,16,0,0,0.0
MBX00222,2026-06-14,3,16,1,0,6.25
MBX00222,2026-06-15,20,110,2,1,1.82
MBX00222,2026-06-16,20,116,6,2,5.17
MBX00222,2026-06-17,13,116,10,1,8.62
MBX00222,2026-06-18,18,101,4,1,3.96
MBX00222,2026-06-19,23,102,5,0,4.9
MBX00222,2026-06-20,0,17,1,0,5.88
MBX00222,2026-06-21,1,18,1,0,5.56
MBX00222,2026-06-22,16,99,4,2,4.04
MBX00222,2026-06-23,18,116,7,0,6.03
MBX00222,2026-06-24,10,107,7,1,6.54
MBX00222,2026-06-25,5,100,2,0,2.0
MBX00222,2026-06-26,14,114,3,0,2.63
MBX00222,2026-06-27,2,16,2,0,12.5
MBX00222,2026-06-28,2,21,2,0,9.52
MBX00222,2026-06-29,22,123,7,3,5.69
MBX00222,2026-06-30,17,103,5,0,4.85
MBX00222,2026-07-01,18,111,5,1,4.5
MBX00222,2026-07-02,23,125,5,0,4.0
MBX00222,2026-07-03,20,109,6,3,5.5
MBX00222,2026-07-04,1,12,1,0,8.33
MBX00222,2026-07-05,1,19,0,0,0.0
MBX00222,2026-07-06,18,112,9,1,8.04
MBX00222,2026-07-07,17,122,6,5,4.92
MBX00222,2026-07-08,15,99,4,3,4.04
MBX00222,2026-07-09,17,108,12,1,11.11
MBX00222,2026-07-10,14,114,11,2,9.65
MBX00222,2026-07-11,1,13,0,0,0.0
MBX00222,2026-07-12,0,10,1,1,10.0
MBX00222,2026-07-13,11,110,5,1,4.55
MBX00222,2026-07-14,17,95,7,1,7.37
MBX00222,2026-07-15,16,101,5,2,4.95
MBX00222,2026-07-16,13,122,11,0,9.02
MBX00222,2026-07-17,16,104,7,1,6.73
MBX00222,2026-07-18,5,20,1,0,5.0
MBX00222,2026-07-19,3,21,2,0,9.52
MBX00222,2026-07-20,18,122,8,1,6.56
MBX00222,2026-07-21,15,107,10,0,9.35
MBX00222,2026-07-22,18,104,3,4,2.88
MBX00222,2026-07-23,16,105,4,2,3.81
MBX00222,2026-07-24,17,105,6,1,5.71
MBX00557,2026-04-26,2,7,2,0,28.57
MBX00557,2026-04-27,4,44,4,0,9.09
MBX00557,2026-04-28,7,28,2,1,7.14
MBX00557,2026-04-29,7,36,3,0,8.33
MBX00557,2026-04-30,4,30,0,2,0.0
MBX00557,2026-05-01,7,38,3,0,7.89
MBX00557,2026-05-02,1,4,0,0,0.0
MBX00557,2026-05-03,0,6,0,1,0.0
MBX00557,2026-05-04,4,42,5,2,11.9
MBX00557,2026-05-05,2,30,2,0,6.67
MBX00557,2026-05-06,5,26,3,0,11.54
MBX00557,2026-05-07,4,29,0,2,0.0
MBX00557,2026-05-08,6,37,3,0,8.11
MBX00557,2026-05-09,3,3,0,0,0.0
MBX00557,2026-05-10,1,3,0,0,0.0
MBX00557,2026-05-11,5,34,2,2,5.88
MBX00557,2026-05-12,7,33,2,0,6.06
MBX00557,2026-05-13,10,33,2,0,6.06
MBX00557,2026-05-14,6,31,0,2,0.0
MBX00557,2026-05-15,5,43,6,1,13.95
MBX00557,2026-05-16,2,4,0,0,0.0
MBX00557,2026-05-17,0,6,0,0,0.0
MBX00557,2026-05-18,7,32,0,0,0.0
MBX00557,2026-05-19,8,36,4,0,11.11
MBX00557,2026-05-20,4,30,1,0,3.33
MBX00557,2026-05-21,6,47,2,2,4.26
MBX00557,2026-05-22,7,36,1,0,2.78
MBX00557,2026-05-23,0,2,0,0,0.0
MBX00557,2026-05-24,2,5,2,0,40.0
MBX00557,2026-05-25,11,47,4,0,8.51
MBX00557,2026-05-26,6,20,0,1,0.0
MBX00557,2026-05-27,8,26,1,0,3.85
MBX00557,2026-05-28,8,42,2,0,4.76
MBX00557,2026-05-29,5,44,1,0,2.27
MBX00557,2026-05-30,1,7,0,1,0.0
MBX00557,2026-05-31,2,6,0,0,0.0
MBX00557,2026-06-01,6,34,2,0,5.88
MBX00557,2026-06-02,9,35,1,3,2.86
MBX00557,2026-06-03,4,27,0,0,0.0
MBX00557,2026-06-04,6,43,1,0,2.33
MBX00557,2026-06-05,5,30,2,0,6.67
MBX00557,2026-06-06,1,6,0,0,0.0
MBX00557,2026-06-07,1,9,0,0,0.0
MBX00557,2026-06-08,4,35,3,0,8.57
MBX00557,2026-06-09,8,33,2,0,6.06
MBX00557,2026-06-10,5,47,4,0,8.51
MBX00557,2026-06-11,11,24,2,0,8.33
MBX00557,2026-06-12,7,41,1,0,2.44
MBX00557,2026-06-13,0,3,0,0,0.0
MBX00557,2026-06-14,2,7,1,0,14.29
MBX00557,2026-06-15,6,46,3,1,6.52
MBX00557,2026-06-16,9,39,3,0,7.69
MBX00557,2026-06-17,5,35,2,0,5.71
MBX00557,2026-06-18,7,35,1,1,2.86
MBX00557,2026-06-19,6,37,3,0,8.11
MBX00557,2026-06-20,1,4,0,0,0.0
MBX00557,2026-06-21,0,7,0,0,0.0
MBX00557,2026-06-22,7,30,3,0,10.0
MBX00557,2026-06-23,6,48,4,0,8.33
MBX00557,2026-06-24,6,26,3,0,11.54
MBX00557,2026-06-25,11,32,0,0,0.0
MBX00557,2026-06-26,3,38,1,0,2.63
MBX00557,2026-06-27,0,5,0,0,0.0
MBX00557,2026-06-28,2,2,0,0,0.0
MBX00557,2026-06-29,7,36,2,0,5.56
MBX00557,2026-06-30,6,25,1,2,4.0
MBX00557,2026-07-01,6,35,1,0,2.86
MBX00557,2026-07-02,8,26,0,0,0.0
MBX00557,2026-07-03,8,35,3,1,8.57
MBX00557,2026-07-04,0,5,1,0,20.0
MBX00557,2026-07-05,2,4,0,0,0.0
MBX00557,2026-07-06,6,39,4,0,10.26
MBX00557,2026-07-07,10,43,1,0,2.33
MBX00557,2026-07-08,10,27,2,1,7.41
MBX00557,2026-07-09,8,39,5,0,12.82
MBX00557,2026-07-10,8,28,1,0,3.57
MBX00557,2026-07-11,0,3,0,0,0.0
MBX00557,2026-07-12,2,6,0,0,0.0
MBX00557,2026-07-13,8,36,3,0,8.33
MBX00557,2026-07-14,6,42,1,1,2.38
MBX00557,2026-07-15,1,34,1,0,2.94
MBX00557,2026-07-16,7,36,1,0,2.78
MBX00557,2026-07-17,5,40,1,0,2.5
MBX00557,2026-07-18,1,9,0,0,0.0
MBX00557,2026-07-19,2,1,0,0,0.0
MBX00557,2026-07-20,9,29,1,0,3.45
MBX00557,2026-07-21,4,29,1,0,3.45
MBX00557,2026-07-22,3,40,1,0,2.5
MBX00557,2026-07-23,9,29,1,0,3.45
MBX00557,2026-07-24,6,20,2,1,10.0
MBX00418,2026-04-26,3,3,0,2,0.0
MBX00418,2026-04-27,14,49,4,2,8.16
MBX00418,2026-04-28,17,37,3,1,8.11
MBX00418,2026-04-29,21,52,2,0,3.85
MBX00418,2026-04-30,14,52,5,0,9.62
MBX00418,2026-05-01,15,44,4,2,9.09
MBX00418,2026-05-02,0,3,0,0,0.0
MBX00418,2026-05-03,4,6,3,0,50.0
MBX00418,2026-05-04,19,46,3,1,6.52
MBX00418,2026-05-05,24,41,2,0,4.88
MBX00418,2026-05-06,19,44,3,0,6.82
MBX00418,2026-05-07,12,36,3,0,8.33
MBX00418,2026-05-08,16,40,4,1,10.0
MBX00418,2026-05-09,1,7,1,0,14.29
MBX00418,2026-05-10,0,6,0,0,0.0
MBX00418,2026-05-11,19,36,5,0,13.89
MBX00418,2026-05-12,24,32,2,1,6.25
MBX00418,2026-05-13,22,40,2,0,5.0
MBX00418,2026-05-14,27,35,2,0,5.71
MBX00418,2026-05-15,26,43,4,0,9.3
MBX00418,2026-05-16,4,3,0,0,0.0
MBX00418,2026-05-17,2,5,1,0,20.0
MBX00418,2026-05-18,16,38,4,2,10.53
MBX00418,2026-05-19,16,42,3,1,7.14
MBX00418,2026-05-20,17,38,1,1,2.63
MBX00418,2026-05-21,22,53,3,3,5.66
MBX00418,2026-05-22,15,50,1,1,2.0
MBX00418,2026-05-23,1,5,0,0,0.0
MBX00418,2026-05-24,0,9,0,0,0.0
MBX00418,2026-05-25,19,49,3,0,6.12
MBX00418,2026-05-26,11,36,2,1,5.56
MBX00418,2026-05-27,33,47,3,0,6.38
MBX00418,2026-05-28,21,38,2,0,5.26
MBX00418,2026-05-29,20,37,2,0,5.41
MBX00418,2026-05-30,0,5,0,0,0.0
MBX00418,2026-05-31,9,4,0,0,0.0
MBX00418,2026-06-01,16,42,4,2,9.52
MBX00418,2026-06-02,19,33,3,0,9.09
MBX00418,2026-06-03,17,42,2,0,4.76
MBX00418,2026-06-04,15,37,4,0,10.81
MBX00418,2026-06-05,13,48,5,0,10.42
MBX00418,2026-06-06,4,8,1,0,12.5
MBX00418,2026-06-07,2,10,0,1,0.0
MBX00418,2026-06-08,12,43,3,0,6.98
MBX00418,2026-06-09,15,50,1,1,2.0
MBX00418,2026-06-10,22,36,0,1,0.0
MBX00418,2026-06-11,21,40,3,0,7.5
MBX00418,2026-06-12,16,37,0,0,0.0
MBX00418,2026-06-13,6,5,1,0,20.0
MBX00418,2026-06-14,2,7,0,0,0.0
MBX00418,2026-06-15,19,40,1,0,2.5
MBX00418,2026-06-16,22,36,2,1,5.56
MBX00418,2026-06-17,16,38,1,0,2.63
MBX00418,2026-06-18,19,56,0,0,0.0
MBX00418,2026-06-19,20,40,2,1,5.0
MBX00418,2026-06-20,4,8,1,0,12.5
MBX00418,2026-06-21,0,8,0,0,0.0
MBX00418,2026-06-22,19,42,5,0,11.9
MBX00418,2026-06-23,13,45,0,0,0.0
MBX00418,2026-06-24,12,42,4,0,9.52
MBX00418,2026-06-25,15,38,4,0,10.53
MBX00418,2026-06-26,21,33,0,1,0.0
MBX00418,2026-06-27,4,9,0,0,0.0
MBX00418,2026-06-28,3,7,0,0,0.0
MBX00418,2026-06-29,17,40,4,0,10.0
MBX00418,2026-06-30,24,41,2,0,4.88
MBX00418,2026-07-01,18,56,1,2,1.79
MBX00418,2026-07-02,20,44,3,1,6.82
MBX00418,2026-07-03,17,41,5,0,12.2
MBX00418,2026-07-04,0,5,0,0,0.0
MBX00418,2026-07-05,4,8,1,0,12.5
MBX00418,2026-07-06,19,40,1,1,2.5
MBX00418,2026-07-07,19,43,4,1,9.3
MBX00418,2026-07-08,12,50,1,0,2.0
MBX00418,2026-07-09,21,40,2,0,5.0
MBX00418,2026-07-10,17,46,2,1,4.35
MBX00418,2026-07-11,4,4,0,1,0.0
MBX00418,2026-07-12,4,4,0,0,0.0
MBX00418,2026-07-13,14,30,1,2,3.33
MBX00418,2026-07-14,17,55,5,1,9.09
MBX00418,2026-07-15,24,44,1,1,2.27
MBX00418,2026-07-16,12,31,0,1,0.0
MBX00418,2026-07-17,11,47,4,0,8.51
MBX00418,2026-07-18,1,5,0,0,0.0
MBX00418,2026-07-19,1,7,1,1,14.29
MBX00418,2026-07-20,18,40,5,2,12.5
MBX00418,2026-07-21,14,39,0,0,0.0
MBX00418,2026-07-22,16,43,2,0,4.65
MBX00418,2026-07-23,27,43,3,1,6.98
MBX00418,2026-07-24,15,38,3,2,7.89
MBX00310,2026-04-26,0,3,0,0,0.0
MBX00310,2026-04-27,10,22,0,1,0.0
MBX00310,2026-04-28,7,16,0,0,0.0
MBX00310,2026-04-29,4,25,1,2,4.0
MBX00310,2026-04-30,3,19,3,0,15.79
MBX00310,2026-05-01,10,32,1,2,3.12
MBX00310,2026-05-02,3,3,0,0,0.0
MBX00310,2026-05-03,3,5,0,0,0.0
MBX00310,2026-05-04,13,26,3,0,11.54
MBX00310,2026-05-05,3,27,1,0,3.7
MBX00310,2026-05-06,6,30,1,0,3.33
MBX00310,2026-05-07,14,22,1,0,4.55
MBX00310,2026-05-08,5,28,4,0,14.29
MBX00310,2026-05-09,1,2,0,0,0.0
MBX00310,2026-05-10,0,3,0,0,0.0
MBX00310,2026-05-11,18,27,3,1,11.11
MBX00310,2026-05-12,16,25,1,1,4.0
MBX00310,2026-05-13,11,31,3,0,9.68
MBX00310,2026-05-14,10,25,1,1,4.0
MBX00310,2026-05-15,9,29,0,0,0.0
MBX00310,2026-05-16,2,8,0,0,0.0
MBX00310,2026-05-17,0,1,0,0,0.0
MBX00310,2026-05-18,12,30,4,1,13.33
MBX00310,2026-05-19,13,27,2,1,7.41
MBX00310,2026-05-20,8,24,1,1,4.17
MBX00310,2026-05-21,13,23,3,0,13.04
MBX00310,2026-05-22,13,23,2,0,8.7
MBX00310,2026-05-23,4,1,0,1,0.0
MBX00310,2026-05-24,2,4,0,0,0.0
MBX00310,2026-05-25,18,32,3,1,9.38
MBX00310,2026-05-26,14,17,1,0,5.88
MBX00310,2026-05-27,10,26,2,0,7.69
MBX00310,2026-05-28,8,30,1,1,3.33
MBX00310,2026-05-29,11,25,3,1,12.0
MBX00310,2026-05-30,2,5,3,0,60.0
MBX00310,2026-05-31,0,3,0,0,0.0
MBX00310,2026-06-01,5,26,1,0,3.85
MBX00310,2026-06-02,11,29,2,1,6.9
MBX00310,2026-06-03,14,31,1,0,3.23
MBX00310,2026-06-04,7,17,0,2,0.0
MBX00310,2026-06-05,9,21,1,2,4.76
MBX00310,2026-06-06,1,3,0,0,0.0
MBX00310,2026-06-07,2,3,0,0,0.0
MBX00310,2026-06-08,9,15,1,0,6.67
MBX00310,2026-06-09,11,18,1,0,5.56
MBX00310,2026-06-10,11,32,4,1,12.5
MBX00310,2026-06-11,4,29,1,0,3.45
MBX00310,2026-06-12,12,32,2,0,6.25
MBX00310,2026-06-13,2,1,0,0,0.0
MBX00310,2026-06-14,3,6,0,0,0.0
MBX00310,2026-06-15,12,20,0,0,0.0
MBX00310,2026-06-16,15,22,3,1,13.64
MBX00310,2026-06-17,11,18,1,0,5.56
MBX00310,2026-06-18,8,17,2,0,11.76
MBX00310,2026-06-19,8,24,0,0,0.0
MBX00310,2026-06-20,1,3,2,0,66.67
MBX00310,2026-06-21,3,1,0,0,0.0
MBX00310,2026-06-22,13,29,1,1,3.45
MBX00310,2026-06-23,7,27,1,1,3.7
MBX00310,2026-06-24,5,23,1,1,4.35
MBX00310,2026-06-25,12,28,2,1,7.14
MBX00310,2026-06-26,7,32,0,0,0.0
MBX00310,2026-06-27,3,0,0,0,0.0
MBX00310,2026-06-28,4,6,0,0,0.0
MBX00310,2026-06-29,11,26,1,0,3.85
MBX00310,2026-06-30,14,27,0,0,0.0
MBX00310,2026-07-01,17,13,0,2,0.0
MBX00310,2026-07-02,12,26,3,1,11.54
MBX00310,2026-07-03,11,22,2,0,9.09
MBX00310,2026-07-04,2,1,0,1,0.0
MBX00310,2026-07-05,2,1,0,0,0.0
MBX00310,2026-07-06,9,15,1,0,6.67
MBX00310,2026-07-07,14,27,2,0,7.41
MBX00310,2026-07-08,8,17,1,0,5.88
MBX00310,2026-07-09,15,25,0,0,0.0
MBX00310,2026-07-10,11,25,4,0,16.0
MBX00310,2026-07-11,5,3,0,0,0.0
MBX00310,2026-07-12,1,3,0,0,0.0
MBX00310,2026-07-13,7,33,1,0,3.03
MBX00310,2026-07-14,15,27,1,1,3.7
MBX00310,2026-07-15,4,22,0,0,0.0
MBX00310,2026-07-16,11,26,2,0,7.69
MBX00310,2026-07-17,13,26,0,0,0.0
MBX00310,2026-07-18,1,6,0,1,0.0
MBX00310,2026-07-19,2,2,0,0,0.0
MBX00310,2026-07-20,12,25,1,0,4.0
MBX00310,2026-07-21,8,33,1,1,3.03
MBX00310,2026-07-22,13,33,5,0,15.15
MBX00310,2026-07-23,14,24,4,0,16.67
MBX00310,2026-07-24,6,29,1,0,3.45
MBX00216,2026-04-26,1,4,0,0,0.0
MBX00216,2026-04-27,13,26,1,1,3.85
MBX00216,2026-04-28,15,26,0,0,0.0
MBX00216,2026-04-29,15,24,0,1,0.0
MBX00216,2026-04-30,12,17,0,0,0.0
MBX00216,2026-05-01,19,22,0,0,0.0
MBX00216,2026-05-02,1,1,0,0,0.0
MBX00216,2026-05-03,4,3,0,0,0.0
MBX00216,2026-05-04,20,21,2,0,9.52
MBX00216,2026-05-05,12,33,2,0,6.06
MBX00216,2026-05-06,10,17,2,1,11.76
MBX00216,2026-05-07,15,18,3,1,16.67
MBX00216,2026-05-08,8,25,2,2,8.0
MBX00216,2026-05-09,5,5,1,1,20.0
MBX00216,2026-05-10,1,7,0,0,0.0
MBX00216,2026-05-11,17,25,0,1,0.0
MBX00216,2026-05-12,18,20,1,0,5.0
MBX00216,2026-05-13,20,26,0,1,0.0
MBX00216,2026-05-14,12,23,1,0,4.35
MBX00216,2026-05-15,13,19,3,0,15.79
MBX00216,2026-05-16,3,3,0,0,0.0
MBX00216,2026-05-17,2,1,0,0,0.0
MBX00216,2026-05-18,14,23,1,1,4.35
MBX00216,2026-05-19,19,33,3,1,9.09
MBX00216,2026-05-20,22,22,1,1,4.55
MBX00216,2026-05-21,13,24,0,0,0.0
MBX00216,2026-05-22,15,26,4,0,15.38
MBX00216,2026-05-23,4,6,1,0,16.67
MBX00216,2026-05-24,2,3,0,0,0.0
MBX00216,2026-05-25,15,35,0,0,0.0
MBX00216,2026-05-26,15,21,2,0,9.52
MBX00216,2026-05-27,17,27,0,0,0.0
MBX00216,2026-05-28,17,33,0,0,0.0
MBX00216,2026-05-29,17,26,2,0,7.69
MBX00216,2026-05-30,3,2,1,0,50.0
MBX00216,2026-05-31,3,6,0,0,0.0
MBX00216,2026-06-01,21,24,1,1,4.17
MBX00216,2026-06-02,16,28,0,0,0.0
MBX00216,2026-06-03,16,32,3,0,9.38
MBX00216,2026-06-04,19,19,3,0,15.79
MBX00216,2026-06-05,15,30,0,0,0.0
MBX00216,2026-06-06,2,4,0,0,0.0
MBX00216,2026-06-07,2,0,0,0,0.0
MBX00216,2026-06-08,11,24,1,0,4.17
MBX00216,2026-06-09,13,21,3,0,14.29
MBX00216,2026-06-10,14,26,0,0,0.0
MBX00216,2026-06-11,12,26,2,1,7.69
MBX00216,2026-06-12,21,30,3,1,10.0
MBX00216,2026-06-13,1,6,1,0,16.67
MBX00216,2026-06-14,4,3,0,0,0.0
MBX00216,2026-06-15,8,23,1,0,4.35
MBX00216,2026-06-16,19,20,0,1,0.0
MBX00216,2026-06-17,19,21,3,0,14.29
MBX00216,2026-06-18,20,19,0,0,0.0
MBX00216,2026-06-19,23,20,0,0,0.0
MBX00216,2026-06-20,4,2,0,0,0.0
MBX00216,2026-06-21,3,7,0,0,0.0
MBX00216,2026-06-22,20,29,5,0,17.24
MBX00216,2026-06-23,16,25,0,0,0.0
MBX00216,2026-06-24,16,24,1,0,4.17
MBX00216,2026-06-25,14,25,0,2,0.0
MBX00216,2026-06-26,11,28,1,1,3.57
MBX00216,2026-06-27,4,5,2,0,40.0
MBX00216,2026-06-28,1,5,0,0,0.0
MBX00216,2026-06-29,19,30,3,0,10.0
MBX00216,2026-06-30,19,23,0,0,0.0
MBX00216,2026-07-01,21,30,3,1,10.0
MBX00216,2026-07-02,19,33,1,2,3.03
MBX00216,2026-07-03,12,18,5,0,27.78
MBX00216,2026-07-04,2,2,0,1,0.0
MBX00216,2026-07-05,2,4,0,0,0.0
MBX00216,2026-07-06,19,35,3,1,8.57
MBX00216,2026-07-07,21,26,0,0,0.0
MBX00216,2026-07-08,21,30,3,2,10.0
MBX00216,2026-07-09,15,32,1,1,3.12
MBX00216,2026-07-10,20,27,2,1,7.41
MBX00216,2026-07-11,2,3,1,0,33.33
MBX00216,2026-07-12,4,4,0,0,0.0
MBX00216,2026-07-13,12,32,3,0,9.38
MBX00216,2026-07-14,15,23,0,0,0.0
MBX00216,2026-07-15,16,23,1,1,4.35
MBX00216,2026-07-16,21,22,1,1,4.55
MBX00216,2026-07-17,21,28,2,2,7.14
MBX00216,2026-07-18,2,5,0,0,0.0
MBX00216,2026-07-19,5,4,0,0,0.0
MBX00216,2026-07-20,20,23,0,1,0.0
MBX00216,2026-07-21,16,23,3,0,13.04
MBX00216,2026-07-22,19,28,1,1,3.57
MBX00216,2026-07-23,19,28,2,1,7.14
MBX00216,2026-07-24,15,21,1,0,4.76
MBX00045,2026-04-26,1,15,1,0,6.67
MBX00045,2026-04-27,10,100,3,0,3.0
MBX00045,2026-04-28,4,100,3,2,3.0
MBX00045,2026-04-29,10,115,8,0,6.96
MBX00045,2026-04-30,5,113,7,1,6.19
MBX00045,2026-05-01,13,106,6,2,5.66
MBX00045,2026-05-02,1,14,0,0,0.0
MBX00045,2026-05-03,1,6,0,0,0.0
MBX00045,2026-05-04,7,98,2,1,2.04
MBX00045,2026-05-05,11,112,8,0,7.14
MBX00045,2026-05-06,8,111,6,0,5.41
MBX00045,2026-05-07,7,80,6,1,7.5
MBX00045,2026-05-08,9,114,5,1,4.39
MBX00045,2026-05-09,1,15,1,1,6.67
MBX00045,2026-05-10,1,10,0,1,0.0
MBX00045,2026-05-11,9,109,10,1,9.17
MBX00045,2026-05-12,11,101,6,0,5.94
MBX00045,2026-05-13,5,98,7,1,7.14
MBX00045,2026-05-14,6,108,4,0,3.7
MBX00045,2026-05-15,10,100,8,0,8.0
MBX00045,2026-05-16,1,19,1,0,5.26
MBX00045,2026-05-17,2,17,1,0,5.88
MBX00045,2026-05-18,8,96,6,1,6.25
MBX00045,2026-05-19,9,98,7,1,7.14
MBX00045,2026-05-20,5,90,3,0,3.33
MBX00045,2026-05-21,5,95,7,1,7.37
MBX00045,2026-05-22,13,84,7,0,8.33
MBX00045,2026-05-23,1,10,1,0,10.0
MBX00045,2026-05-24,0,19,0,0,0.0
MBX00045,2026-05-25,6,100,6,1,6.0
MBX00045,2026-05-26,11,108,3,1,2.78
MBX00045,2026-05-27,8,104,6,3,5.77
MBX00045,2026-05-28,8,97,5,1,5.15
MBX00045,2026-05-29,15,105,8,2,7.62
MBX00045,2026-05-30,1,19,4,1,21.05
MBX00045,2026-05-31,1,16,1,0,6.25
MBX00045,2026-06-01,9,86,2,1,2.33
MBX00045,2026-06-02,12,104,3,0,2.88
MBX00045,2026-06-03,7,96,8,0,8.33
MBX00045,2026-06-04,7,96,10,1,10.42
MBX00045,2026-06-05,3,114,6,1,5.26
MBX00045,2026-06-06,2,19,4,1,21.05
MBX00045,2026-06-07,2,17,0,0,0.0
MBX00045,2026-06-08,11,82,6,2,7.32
MBX00045,2026-06-09,10,99,6,0,6.06
MBX00045,2026-06-10,7,114,7,1,6.14
MBX00045,2026-06-11,10,104,8,3,7.69
MBX00045,2026-06-12,6,107,5,2,4.67
MBX00045,2026-06-13,1,18,0,0,0.0
MBX00045,2026-06-14,1,14,1,0,7.14
MBX00045,2026-06-15,13,123,7,2,5.69
MBX00045,2026-06-16,11,106,7,0,6.6
MBX00045,2026-06-17,19,91,5,1,5.49
MBX00045,2026-06-18,9,113,8,1,7.08
MBX00045,2026-06-19,12,105,7,2,6.67
MBX00045,2026-06-20,4,12,1,0,8.33
MBX00045,2026-06-21,1,18,0,0,0.0
MBX00045,2026-06-22,9,110,8,2,7.27
MBX00045,2026-06-23,3,105,8,1,7.62
MBX00045,2026-06-24,13,114,5,0,4.39
MBX00045,2026-06-25,6,102,4,0,3.92
MBX00045,2026-06-26,6,102,3,1,2.94
MBX00045,2026-06-27,3,9,0,0,0.0
MBX00045,2026-06-28,0,16,1,0,6.25
MBX00045,2026-06-29,10,121,6,1,4.96
MBX00045,2026-06-30,8,126,7,0,5.56
MBX00045,2026-07-01,9,104,9,0,8.65
MBX00045,2026-07-02,9,120,9,1,7.5
MBX00045,2026-07-03,9,100,9,0,9.0
MBX00045,2026-07-04,4,14,2,0,14.29
MBX00045,2026-07-05,0,15,1,0,6.67
MBX00045,2026-07-06,14,105,4,2,3.81
MBX00045,2026-07-07,7,99,4,1,4.04
MBX00045,2026-07-08,6,110,3,0,2.73
MBX00045,2026-07-09,9,102,9,3,8.82
MBX00045,2026-07-10,5,113,10,1,8.85
MBX00045,2026-07-11,3,26,4,0,15.38
MBX00045,2026-07-12,1,13,0,0,0.0
MBX00045,2026-07-13,7,116,10,3,8.62
MBX00045,2026-07-14,11,113,15,0,13.27
MBX00045,2026-07-15,5,109,4,0,3.67
MBX00045,2026-07-16,9,112,8,3,7.14
MBX00045,2026-07-17,9,107,7,2,6.54
MBX00045,2026-07-18,3,20,2,0,10.0
MBX00045,2026-07-19,1,13,0,0,0.0
MBX00045,2026-07-20,7,118,4,0,3.39
MBX00045,2026-07-21,9,103,8,0,7.77
MBX00045,2026-07-22,2,96,6,1,6.25
MBX00045,2026-07-23,15,102,10,1,9.8
MBX00045,2026-07-24,6,120,6,2,5.0
MBX00304,2026-04-26,4,8,0,0,0.0
MBX00304,2026-04-27,21,47,1,0,2.13
MBX00304,2026-04-28,18,70,8,1,11.43
MBX00304,2026-04-29,17,52,3,3,5.77
MBX00304,2026-04-30,19,53,4,0,7.55
MBX00304,2026-05-01,22,55,3,1,5.45
MBX00304,2026-05-02,2,12,1,0,8.33
MBX00304,2026-05-03,2,13,0,0,0.0
MBX00304,2026-05-04,17,61,3,0,4.92
MBX00304,2026-05-05,20,57,5,0,8.77
MBX00304,2026-05-06,22,62,4,1,6.45
MBX00304,2026-05-07,27,51,3,0,5.88
MBX00304,2026-05-08,18,55,2,0,3.64
MBX00304,2026-05-09,2,4,0,0,0.0
MBX00304,2026-05-10,3,4,0,0,0.0
MBX00304,2026-05-11,15,47,3,1,6.38
MBX00304,2026-05-12,18,64,1,1,1.56
MBX00304,2026-05-13,20,61,3,2,4.92
MBX00304,2026-05-14,21,52,2,0,3.85
MBX00304,2026-05-15,22,58,4,0,6.9
MBX00304,2026-05-16,3,8,1,0,12.5
MBX00304,2026-05-17,2,9,0,0,0.0
MBX00304,2026-05-18,24,58,2,2,3.45
MBX00304,2026-05-19,24,51,4,1,7.84
MBX00304,2026-05-20,13,55,6,0,10.91
MBX00304,2026-05-21,19,37,1,0,2.7
MBX00304,2026-05-22,30,54,1,2,1.85
MBX00304,2026-05-23,3,10,0,0,0.0
MBX00304,2026-05-24,0,16,1,0,6.25
MBX00304,2026-05-25,17,60,7,1,11.67
MBX00304,2026-05-26,28,64,3,2,4.69
MBX00304,2026-05-27,22,54,3,1,5.56
MBX00304,2026-05-28,24,38,2,0,5.26
MBX00304,2026-05-29,21,53,1,0,1.89
MBX00304,2026-05-30,3,8,1,0,12.5
MBX00304,2026-05-31,4,12,1,0,8.33
MBX00304,2026-06-01,20,59,3,0,5.08
MBX00304,2026-06-02,17,69,4,2,5.8
MBX00304,2026-06-03,13,53,2,0,3.77
MBX00304,2026-06-04,16,47,4,0,8.51
MBX00304,2026-06-05,23,52,1,0,1.92
MBX00304,2026-06-06,2,13,1,0,7.69
MBX00304,2026-06-07,0,13,2,0,15.38
MBX00304,2026-06-08,17,49,7,0,14.29
MBX00304,2026-06-09,25,75,5,0,6.67
MBX00304,2026-06-10,20,56,6,1,10.71
MBX00304,2026-06-11,14,48,5,0,10.42
MBX00304,2026-06-12,20,58,4,0,6.9
MBX00304,2026-06-13,3,6,0,1,0.0
MBX00304,2026-06-14,3,2,0,0,0.0
MBX00304,2026-06-15,13,68,3,0,4.41
MBX00304,2026-06-16,21,58,6,1,10.34
MBX00304,2026-06-17,26,70,6,0,8.57
MBX00304,2026-06-18,9,46,2,0,4.35
MBX00304,2026-06-19,14,53,0,2,0.0
MBX00304,2026-06-20,5,7,1,0,14.29
MBX00304,2026-06-21,2,9,0,0,0.0
MBX00304,2026-06-22,20,63,3,1,4.76
MBX00304,2026-06-23,16,57,3,0,5.26
MBX00304,2026-06-24,19,65,3,2,4.62
MBX00304,2026-06-25,13,69,4,0,5.8
MBX00304,2026-06-26,21,63,3,1,4.76
MBX00304,2026-06-27,3,7,1,0,14.29
MBX00304,2026-06-28,5,10,0,0,0.0
MBX00304,2026-06-29,28,54,2,4,3.7
MBX00304,2026-06-30,18,64,10,0,15.62
MBX00304,2026-07-01,17,56,7,1,12.5
MBX00304,2026-07-02,20,48,6,0,12.5
MBX00304,2026-07-03,16,55,2,0,3.64
MBX00304,2026-07-04,3,12,0,0,0.0
MBX00304,2026-07-05,4,6,0,0,0.0
MBX00304,2026-07-06,23,59,4,0,6.78
MBX00304,2026-07-07,18,68,6,1,8.82
MBX00304,2026-07-08,13,62,3,0,4.84
MBX00304,2026-07-09,23,64,6,0,9.38
MBX00304,2026-07-10,26,58,2,1,3.45
MBX00304,2026-07-11,4,6,1,0,16.67
MBX00304,2026-07-12,1,15,2,0,13.33
MBX00304,2026-07-13,17,64,2,0,3.12
MBX00304,2026-07-14,23,60,6,2,10.0
MBX00304,2026-07-15,13,63,6,0,9.52
MBX00304,2026-07-16,17,53,2,2,3.77
MBX00304,2026-07-17,17,73,7,2,9.59
MBX00304,2026-07-18,2,6,1,0,16.67
MBX00304,2026-07-19,4,11,0,1,0.0
MBX00304,2026-07-20,21,66,9,0,13.64
MBX00304,2026-07-21,16,65,4,0,6.15
MBX00304,2026-07-22,23,54,2,3,3.7
MBX00304,2026-07-23,11,52,4,1,7.69
MBX00304,2026-07-24,15,60,9,0,15.0
MBX00006,2026-04-26,2,13,2,0,15.38
MBX00006,2026-04-27,7,68,3,0,4.41
MBX00006,2026-04-28,7,74,2,1,2.7
MBX00006,2026-04-29,13,77,8,0,10.39
MBX00006,2026-04-30,8,87,4,0,4.6
MBX00006,2026-05-01,13,72,6,0,8.33
MBX00006,2026-05-02,1,13,0,0,0.0
MBX00006,2026-05-03,4,12,1,0,8.33
MBX00006,2026-05-04,4,76,2,0,2.63
MBX00006,2026-05-05,7,86,8,2,9.3
MBX00006,2026-05-06,9,82,7,3,8.54
MBX00006,2026-05-07,11,87,8,1,9.2
MBX00006,2026-05-08,12,83,3,3,3.61
MBX00006,2026-05-09,1,8,0,0,0.0
MBX00006,2026-05-10,1,12,1,0,8.33
MBX00006,2026-05-11,8,68,2,0,2.94
MBX00006,2026-05-12,10,86,2,1,2.33
MBX00006,2026-05-13,7,59,4,0,6.78
MBX00006,2026-05-14,10,91,5,1,5.49
MBX00006,2026-05-15,14,89,7,2,7.87
MBX00006,2026-05-16,2,14,1,0,7.14
MBX00006,2026-05-17,2,15,2,0,13.33
MBX00006,2026-05-18,6,85,9,1,10.59
MBX00006,2026-05-19,3,69,3,0,4.35
MBX00006,2026-05-20,9,55,3,0,5.45
MBX00006,2026-05-21,10,76,3,2,3.95
MBX00006,2026-05-22,7,93,6,3,6.45
MBX00006,2026-05-23,0,16,1,0,6.25
MBX00006,2026-05-24,0,9,0,0,0.0
MBX00006,2026-05-25,7,82,8,0,9.76
MBX00006,2026-05-26,8,72,6,0,8.33
MBX00006,2026-05-27,8,75,3,0,4.0
MBX00006,2026-05-28,13,70,5,0,7.14
MBX00006,2026-05-29,14,74,5,2,6.76
MBX00006,2026-05-30,0,10,0,0,0.0
MBX00006,2026-05-31,1,11,0,0,0.0
MBX00006,2026-06-01,10,76,7,0,9.21
MBX00006,2026-06-02,11,73,7,2,9.59
MBX00006,2026-06-03,7,64,2,1,3.12
MBX00006,2026-06-04,10,70,1,2,1.43
MBX00006,2026-06-05,4,83,7,1,8.43
MBX00006,2026-06-06,0,14,0,0,0.0
MBX00006,2026-06-07,0,9,1,0,11.11
MBX00006,2026-06-08,7,70,4,0,5.71
MBX00006,2026-06-09,11,77,5,0,6.49
MBX00006,2026-06-10,8,73,3,1,4.11
MBX00006,2026-06-11,7,89,5,0,5.62
MBX00006,2026-06-12,4,79,3,1,3.8
MBX00006,2026-06-13,3,11,2,0,18.18
MBX00006,2026-06-14,1,14,0,0,0.0
MBX00006,2026-06-15,11,82,7,1,8.54
MBX00006,2026-06-16,8,88,4,0,4.55
MBX00006,2026-06-17,14,87,2,0,2.3
MBX00006,2026-06-18,7,55,4,0,7.27
MBX00006,2026-06-19,7,84,6,1,7.14
MBX00006,2026-06-20,1,10,1,0,10.0
MBX00006,2026-06-21,4,15,3,0,20.0
MBX00006,2026-06-22,3,83,10,1,12.05
MBX00006,2026-06-23,10,94,1,1,1.06
MBX00006,2026-06-24,13,80,4,3,5.0
MBX00006,2026-06-25,9,85,7,1,8.24
MBX00006,2026-06-26,9,81,9,0,11.11
MBX00006,2026-06-27,2,8,0,0,0.0
MBX00006,2026-06-28,0,13,1,0,7.69
MBX00006,2026-06-29,8,81,5,3,6.17
MBX00006,2026-06-30,10,81,4,0,4.94
MBX00006,2026-07-01,12,64,5,2,7.81
MBX00006,2026-07-02,9,89,7,1,7.87
MBX00006,2026-07-03,7,68,2,1,2.94
MBX00006,2026-07-04,0,12,0,0,0.0
MBX00006,2026-07-05,0,15,1,0,6.67
MBX00006,2026-07-06,5,76,4,2,5.26
MBX00006,2026-07-07,11,91,5,0,5.49
MBX00006,2026-07-08,15,67,4,0,5.97
MBX00006,2026-07-09,12,78,2,1,2.56
MBX00006,2026-07-10,13,75,5,1,6.67
MBX00006,2026-07-11,2,7,0,1,0.0
MBX00006,2026-07-12,1,13,2,0,15.38
MBX00006,2026-07-13,10,85,7,1,8.24
MBX00006,2026-07-14,7,76,5,1,6.58
MBX00006,2026-07-15,10,86,6,4,6.98
MBX00006,2026-07-16,6,68,5,0,7.35
MBX00006,2026-07-17,10,91,6,0,6.59
MBX00006,2026-07-18,1,10,0,0,0.0
MBX00006,2026-07-19,0,14,1,0,7.14
MBX00006,2026-07-20,7,80,6,0,7.5
MBX00006,2026-07-21,9,74,5,1,6.76
MBX00006,2026-07-22,11,92,7,1,7.61
MBX00006,2026-07-23,14,95,7,1,7.37
MBX00006,2026-07-24,11,74,2,1,2.7
MBX00711,2026-04-26,3,10,0,0,0.0
MBX00711,2026-04-27,15,126,5,3,3.97
MBX00711,2026-04-28,28,91,5,0,5.49
MBX00711,2026-04-29,25,121,7,0,5.79
MBX00711,2026-04-30,9,125,9,1,7.2
MBX00711,2026-05-01,24,137,5,4,3.65
MBX00711,2026-05-02,5,18,1,0,5.56
MBX00711,2026-05-03,4,14,0,0,0.0
MBX00711,2026-05-04,17,100,8,2,8.0
MBX00711,2026-05-05,20,118,9,1,7.63
MBX00711,2026-05-06,20,110,8,2,7.27
MBX00711,2026-05-07,16,114,6,2,5.26
MBX00711,2026-05-08,19,107,3,2,2.8
MBX00711,2026-05-09,0,21,0,0,0.0
MBX00711,2026-05-10,1,19,0,0,0.0
MBX00711,2026-05-11,22,106,6,3,5.66
MBX00711,2026-05-12,16,117,5,1,4.27
MBX00711,2026-05-13,22,127,11,2,8.66
MBX00711,2026-05-14,16,116,3,2,2.59
MBX00711,2026-05-15,24,132,6,1,4.55
MBX00711,2026-05-16,2,15,0,0,0.0
MBX00711,2026-05-17,3,19,0,0,0.0
MBX00711,2026-05-18,18,106,11,0,10.38
MBX00711,2026-05-19,22,117,6,0,5.13
MBX00711,2026-05-20,17,100,7,1,7.0
MBX00711,2026-05-21,20,130,5,1,3.85
MBX00711,2026-05-22,26,114,5,2,4.39
MBX00711,2026-05-23,5,14,0,1,0.0
MBX00711,2026-05-24,4,15,0,0,0.0
MBX00711,2026-05-25,13,124,11,2,8.87
MBX00711,2026-05-26,19,116,6,2,5.17
MBX00711,2026-05-27,22,107,5,2,4.67
MBX00711,2026-05-28,19,99,7,0,7.07
MBX00711,2026-05-29,20,120,9,0,7.5
MBX00711,2026-05-30,2,13,1,0,7.69
MBX00711,2026-05-31,3,17,0,0,0.0
MBX00711,2026-06-01,27,128,10,1,7.81
MBX00711,2026-06-02,24,119,5,2,4.2
MBX00711,2026-06-03,26,119,5,2,4.2
MBX00711,2026-06-04,17,120,7,0,5.83
MBX00711,2026-06-05,18,111,8,0,7.21
MBX00711,2026-06-06,4,16,0,0,0.0
MBX00711,2026-06-07,6,10,0,0,0.0
MBX00711,2026-06-08,24,109,8,2,7.34
MBX00711,2026-06-09,24,115,9,0,7.83
MBX00711,2026-06-10,17,109,8,1,7.34
MBX00711,2026-06-11,14,126,12,6,9.52
MBX00711,2026-06-12,26,117,3,2,2.56
MBX00711,2026-06-13,4,12,2,1,16.67
MBX00711,2026-06-14,1,14,0,0,0.0
MBX00711,2026-06-15,14,121,9,1,7.44
MBX00711,2026-06-16,18,80,8,1,10.0
MBX00711,2026-06-17,14,118,4,0,3.39
MBX00711,2026-06-18,20,101,4,3,3.96
MBX00711,2026-06-19,22,126,5,1,3.97
MBX00711,2026-06-20,1,14,2,0,14.29
MBX00711,2026-06-21,3,14,1,0,7.14
MBX00711,2026-06-22,21,115,8,0,6.96
MBX00711,2026-06-23,21,110,7,2,6.36
MBX00711,2026-06-24,18,102,8,0,7.84
MBX00711,2026-06-25,15,118,7,2,5.93
MBX00711,2026-06-26,15,145,8,1,5.52
MBX00711,2026-06-27,3,18,1,0,5.56
MBX00711,2026-06-28,6,14,1,1,7.14
MBX00711,2026-06-29,18,107,8,0,7.48
MBX00711,2026-06-30,18,113,4,0,3.54
MBX00711,2026-07-01,22,116,13,1,11.21
MBX00711,2026-07-02,24,93,2,1,2.15
MBX00711,2026-07-03,21,102,8,3,7.84
MBX00711,2026-07-04,1,14,2,0,14.29
MBX00711,2026-07-05,2,21,2,0,9.52
MBX00711,2026-07-06,14,112,4,2,3.57
MBX00711,2026-07-07,25,117,7,3,5.98
MBX00711,2026-07-08,20,114,6,1,5.26
MBX00711,2026-07-09,24,116,10,1,8.62
MBX00711,2026-07-10,18,112,6,1,5.36
MBX00711,2026-07-11,2,20,1,0,5.0
MBX00711,2026-07-12,3,28,1,0,3.57
MBX00711,2026-07-13,20,111,4,2,3.6
MBX00711,2026-07-14,14,123,9,1,7.32
MBX00711,2026-07-15,26,115,3,1,2.61
MBX00711,2026-07-16,26,129,10,0,7.75
MBX00711,2026-07-17,13,112,5,1,4.46
MBX00711,2026-07-18,5,10,0,0,0.0
MBX00711,2026-07-19,4,22,0,0,0.0
MBX00711,2026-07-20,28,88,10,3,11.36
MBX00711,2026-07-21,21,109,11,2,10.09
MBX00711,2026-07-22,21,125,8,1,6.4
MBX00711,2026-07-23,28,95,6,1,6.32
MBX00711,2026-07-24,19,118,5,1,4.24
MBX00385,2026-04-26,1,11,1,0,9.09
MBX00385,2026-04-27,6,89,8,0,8.99
MBX00385,2026-04-28,11,101,10,1,9.9
MBX00385,2026-04-29,8,85,3,0,3.53
MBX00385,2026-04-30,11,78,3,0,3.85
MBX00385,2026-05-01,12,99,6,0,6.06
MBX00385,2026-05-02,1,12,1,0,8.33
MBX00385,2026-05-03,1,14,0,0,0.0
MBX00385,2026-05-04,10,100,4,0,4.0
MBX00385,2026-05-05,7,97,5,1,5.15
MBX00385,2026-05-06,5,82,5,1,6.1
MBX00385,2026-05-07,10,81,6,0,7.41
MBX00385,2026-05-08,9,85,5,0,5.88
MBX00385,2026-05-09,4,13,0,0,0.0
MBX00385,2026-05-10,1,10,2,0,20.0
MBX00385,2026-05-11,11,96,4,2,4.17
MBX00385,2026-05-12,14,91,3,2,3.3
MBX00385,2026-05-13,10,74,6,0,8.11
MBX00385,2026-05-14,8,81,3,1,3.7
MBX00385,2026-05-15,10,75,11,0,14.67
MBX00385,2026-05-16,0,13,2,0,15.38
MBX00385,2026-05-17,1,14,0,0,0.0
MBX00385,2026-05-18,9,86,4,2,4.65
MBX00385,2026-05-19,6,93,8,1,8.6
MBX00385,2026-05-20,8,122,6,0,4.92
MBX00385,2026-05-21,10,93,8,0,8.6
MBX00385,2026-05-22,6,92,3,0,3.26
MBX00385,2026-05-23,1,16,1,1,6.25
MBX00385,2026-05-24,2,12,0,0,0.0
MBX00385,2026-05-25,8,91,3,1,3.3
MBX00385,2026-05-26,6,81,9,1,11.11
MBX00385,2026-05-27,11,106,12,2,11.32
MBX00385,2026-05-28,8,95,7,1,7.37
MBX00385,2026-05-29,16,90,2,2,2.22
MBX00385,2026-05-30,1,15,1,0,6.67
MBX00385,2026-05-31,3,9,3,0,33.33
MBX00385,2026-06-01,10,79,6,1,7.59
MBX00385,2026-06-02,15,95,6,1,6.32
MBX00385,2026-06-03,12,108,9,2,8.33
MBX00385,2026-06-04,7,85,6,0,7.06
MBX00385,2026-06-05,9,93,4,2,4.3
MBX00385,2026-06-06,2,13,0,0,0.0
MBX00385,2026-06-07,1,24,1,1,4.17
MBX00385,2026-06-08,6,79,5,1,6.33
MBX00385,2026-06-09,8,80,4,0,5.0
MBX00385,2026-06-10,13,77,3,0,3.9
MBX00385,2026-06-11,7,80,6,0,7.5
MBX00385,2026-06-12,10,85,5,1,5.88
MBX00385,2026-06-13,1,10,0,0,0.0
MBX00385,2026-06-14,1,9,1,0,11.11
MBX00385,2026-06-15,10,96,8,0,8.33
MBX00385,2026-06-16,5,85,5,0,5.88
MBX00385,2026-06-17,9,92,7,0,7.61
MBX00385,2026-06-18,9,70,4,0,5.71
MBX00385,2026-06-19,7,86,3,1,3.49
MBX00385,2026-06-20,1,6,0,0,0.0
MBX00385,2026-06-21,3,18,0,0,0.0
MBX00385,2026-06-22,7,79,6,1,7.59
MBX00385,2026-06-23,13,99,5,1,5.05
MBX00385,2026-06-24,4,73,10,2,13.7
MBX00385,2026-06-25,11,65,7,0,10.77
MBX00385,2026-06-26,9,87,3,0,3.45
MBX00385,2026-06-27,0,11,1,0,9.09
MBX00385,2026-06-28,2,14,1,0,7.14
MBX00385,2026-06-29,10,71,3,2,4.23
MBX00385,2026-06-30,14,69,4,2,5.8
MBX00385,2026-07-01,7,100,2,0,2.0
MBX00385,2026-07-02,9,100,5,2,5.0
MBX00385,2026-07-03,11,85,7,0,8.24
MBX00385,2026-07-04,2,14,1,0,7.14
MBX00385,2026-07-05,1,16,0,0,0.0
MBX00385,2026-07-06,8,97,8,1,8.25
MBX00385,2026-07-07,8,87,5,2,5.75
MBX00385,2026-07-08,8,83,6,2,7.23
MBX00385,2026-07-09,6,72,7,1,9.72
MBX00385,2026-07-10,5,81,5,0,6.17
MBX00385,2026-07-11,0,16,3,0,18.75
MBX00385,2026-07-12,1,19,1,0,5.26
MBX00385,2026-07-13,13,103,4,3,3.88
MBX00385,2026-07-14,13,103,8,0,7.77
MBX00385,2026-07-15,2,89,3,2,3.37
MBX00385,2026-07-16,6,69,8,0,11.59
MBX00385,2026-07-17,6,81,1,0,1.23
MBX00385,2026-07-18,2,18,0,1,0.0
MBX00385,2026-07-19,1,10,1,0,10.0
MBX00385,2026-07-20,14,85,8,0,9.41
MBX00385,2026-07-21,7,86,3,2,3.49
MBX00385,2026-07-22,7,79,5,1,6.33
MBX00385,2026-07-23,10,87,7,1,8.05
MBX00385,2026-07-24,9,124,8,0,6.45
MBX00403,2026-04-26,6,6,2,0,33.33
MBX00403,2026-04-27,44,52,3,0,5.77
MBX00403,2026-04-28,47,45,4,0,8.89
MBX00403,2026-04-29,32,47,3,0,6.38
MBX00403,2026-04-30,38,44,1,0,2.27
MBX00403,2026-05-01,44,50,2,1,4.0
MBX00403,2026-05-02,7,7,0,0,0.0
MBX00403,2026-05-03,4,10,0,0,0.0
MBX00403,2026-05-04,53,48,3,1,6.25
MBX00403,2026-05-05,37,43,3,3,6.98
MBX00403,2026-05-06,41,39,1,0,2.56
MBX00403,2026-05-07,38,42,3,0,7.14
MBX00403,2026-05-08,44,40,1,2,2.5
MBX00403,2026-05-09,9,6,0,1,0.0
MBX00403,2026-05-10,7,11,0,0,0.0
MBX00403,2026-05-11,38,44,5,2,11.36
MBX00403,2026-05-12,39,42,5,0,11.9
MBX00403,2026-05-13,39,61,8,1,13.11
MBX00403,2026-05-14,34,51,4,0,7.84
MBX00403,2026-05-15,39,46,7,0,15.22
MBX00403,2026-05-16,4,6,0,0,0.0
MBX00403,2026-05-17,4,9,0,0,0.0
MBX00403,2026-05-18,38,50,2,2,4.0
MBX00403,2026-05-19,42,54,3,2,5.56
MBX00403,2026-05-20,36,55,4,0,7.27
MBX00403,2026-05-21,41,48,1,0,2.08
MBX00403,2026-05-22,28,62,4,0,6.45
MBX00403,2026-05-23,4,5,0,0,0.0
MBX00403,2026-05-24,8,5,0,0,0.0
MBX00403,2026-05-25,43,49,1,1,2.04
MBX00403,2026-05-26,45,59,3,0,5.08
MBX00403,2026-05-27,34,54,1,3,1.85
MBX00403,2026-05-28,31,55,3,1,5.45
MBX00403,2026-05-29,33,43,2,0,4.65
MBX00403,2026-05-30,4,5,0,0,0.0
MBX00403,2026-05-31,8,14,1,0,7.14
MBX00403,2026-06-01,37,45,2,1,4.44
MBX00403,2026-06-02,47,50,4,0,8.0
MBX00403,2026-06-03,43,52,3,1,5.77
MBX00403,2026-06-04,38,57,7,1,12.28
MBX00403,2026-06-05,33,52,5,1,9.62
MBX00403,2026-06-06,2,7,0,0,0.0
MBX00403,2026-06-07,7,5,0,0,0.0
MBX00403,2026-06-08,31,52,2,3,3.85
MBX00403,2026-06-09,36,47,1,0,2.13
MBX00403,2026-06-10,39,58,1,1,1.72
MBX00403,2026-06-11,46,50,8,0,16.0
MBX00403,2026-06-12,45,57,3,1,5.26
MBX00403,2026-06-13,6,3,0,0,0.0
MBX00403,2026-06-14,8,4,0,0,0.0
MBX00403,2026-06-15,35,40,2,0,5.0
MBX00403,2026-06-16,46,57,3,2,5.26
MBX00403,2026-06-17,39,57,2,2,3.51
MBX00403,2026-06-18,37,44,0,1,0.0
MBX00403,2026-06-19,32,51,5,0,9.8
MBX00403,2026-06-20,11,9,0,0,0.0
MBX00403,2026-06-21,2,5,0,0,0.0
MBX00403,2026-06-22,47,50,4,0,8.0
MBX00403,2026-06-23,37,42,1,2,2.38
MBX00403,2026-06-24,49,40,2,0,5.0
MBX00403,2026-06-25,39,53,4,0,7.55
MBX00403,2026-06-26,39,42,3,0,7.14
MBX00403,2026-06-27,6,11,0,1,0.0
MBX00403,2026-06-28,5,9,0,1,0.0
MBX00403,2026-06-29,43,34,2,1,5.88
MBX00403,2026-06-30,45,38,1,1,2.63
MBX00403,2026-07-01,43,59,4,2,6.78
MBX00403,2026-07-02,28,45,3,0,6.67
MBX00403,2026-07-03,32,51,5,2,9.8
MBX00403,2026-07-04,4,8,0,0,0.0
MBX00403,2026-07-05,3,7,0,0,0.0
MBX00403,2026-07-06,36,56,5,2,8.93
MBX00403,2026-07-07,42,47,2,0,4.26
MBX00403,2026-07-08,46,38,3,2,7.89
MBX00403,2026-07-09,47,47,1,0,2.13
MBX00403,2026-07-10,36,52,2,3,3.85
MBX00403,2026-07-11,8,6,0,0,0.0
MBX00403,2026-07-12,4,12,1,0,8.33
MBX00403,2026-07-13,32,45,1,1,2.22
MBX00403,2026-07-14,44,46,3,1,6.52
MBX00403,2026-07-15,43,48,3,1,6.25
MBX00403,2026-07-16,41,49,3,1,6.12
MBX00403,2026-07-17,41,45,2,0,4.44
MBX00403,2026-07-18,7,11,1,0,9.09
MBX00403,2026-07-19,7,8,1,0,12.5
MBX00403,2026-07-20,35,56,3,4,5.36
MBX00403,2026-07-21,46,50,4,0,8.0
MBX00403,2026-07-22,44,58,1,0,1.72
MBX00403,2026-07-23,38,45,3,2,6.67
MBX00403,2026-07-24,39,48,3,3,6.25
MBX00043,2026-04-26,6,10,1,0,10.0
MBX00043,2026-04-27,34,78,3,1,3.85
MBX00043,2026-04-28,35,74,3,3,4.05
MBX00043,2026-04-29,40,74,3,2,4.05
MBX00043,2026-04-30,36,94,2,1,2.13
MBX00043,2026-05-01,38,69,4,5,5.8
MBX00043,2026-05-02,5,12,1,0,8.33
MBX00043,2026-05-03,5,11,0,0,0.0
MBX00043,2026-05-04,39,70,5,1,7.14
MBX00043,2026-05-05,29,67,5,1,7.46
MBX00043,2026-05-06,33,75,4,0,5.33
MBX00043,2026-05-07,24,62,4,2,6.45
MBX00043,2026-05-08,36,75,5,0,6.67
MBX00043,2026-05-09,7,10,0,2,0.0
MBX00043,2026-05-10,8,8,0,0,0.0
MBX00043,2026-05-11,31,72,5,0,6.94
MBX00043,2026-05-12,38,64,4,0,6.25
MBX00043,2026-05-13,38,60,2,0,3.33
MBX00043,2026-05-14,31,84,4,1,4.76
MBX00043,2026-05-15,24,72,6,2,8.33
MBX00043,2026-05-16,7,12,0,0,0.0
MBX00043,2026-05-17,10,14,1,1,7.14
MBX00043,2026-05-18,30,67,6,0,8.96
MBX00043,2026-05-19,34,64,1,1,1.56
MBX00043,2026-05-20,36,73,3,2,4.11
MBX00043,2026-05-21,28,61,4,0,6.56
MBX00043,2026-05-22,31,73,4,1,5.48
MBX00043,2026-05-23,5,3,0,0,0.0
MBX00043,2026-05-24,4,19,0,0,0.0
MBX00043,2026-05-25,39,76,4,0,5.26
MBX00043,2026-05-26,34,76,5,1,6.58
MBX00043,2026-05-27,37,73,5,0,6.85
MBX00043,2026-05-28,38,84,3,1,3.57
MBX00043,2026-05-29,31,60,2,2,3.33
MBX00043,2026-05-30,9,10,0,0,0.0
MBX00043,2026-05-31,6,13,2,0,15.38
MBX00043,2026-06-01,45,73,6,1,8.22
MBX00043,2026-06-02,33,82,6,5,7.32
MBX00043,2026-06-03,34,52,2,0,3.85
MBX00043,2026-06-04,43,68,5,0,7.35
MBX00043,2026-06-05,33,65,5,2,7.69
MBX00043,2026-06-06,7,16,0,0,0.0
MBX00043,2026-06-07,5,17,3,0,17.65
MBX00043,2026-06-08,37,68,6,0,8.82
MBX00043,2026-06-09,49,76,6,0,7.89
MBX00043,2026-06-10,37,85,2,2,2.35
MBX00043,2026-06-11,26,75,8,0,10.67
MBX00043,2026-06-12,35,79,3,1,3.8
MBX00043,2026-06-13,4,11,0,0,0.0
MBX00043,2026-06-14,4,12,0,0,0.0
MBX00043,2026-06-15,32,79,7,1,8.86
MBX00043,2026-06-16,40,69,3,0,4.35
MBX00043,2026-06-17,22,69,3,0,4.35
MBX00043,2026-06-18,32,78,7,1,8.97
MBX00043,2026-06-19,34,68,7,0,10.29
MBX00043,2026-06-20,4,14,0,0,0.0
MBX00043,2026-06-21,7,8,2,0,25.0
MBX00043,2026-06-22,29,69,4,1,5.8
MBX00043,2026-06-23,39,78,12,1,15.38
MBX00043,2026-06-24,37,74,4,2,5.41
MBX00043,2026-06-25,28,88,7,2,7.95
MBX00043,2026-06-26,29,70,1,0,1.43
MBX00043,2026-06-27,2,15,0,0,0.0
MBX00043,2026-06-28,6,10,2,0,20.0
MBX00043,2026-06-29,42,53,6,1,11.32
MBX00043,2026-06-30,34,69,3,2,4.35
MBX00043,2026-07-01,35,62,5,0,8.06
MBX00043,2026-07-02,23,65,3,0,4.62
MBX00043,2026-07-03,37,77,7,0,9.09
MBX00043,2026-07-04,8,10,1,0,10.0
MBX00043,2026-07-05,2,6,0,0,0.0
MBX00043,2026-07-06,34,70,6,2,8.57
MBX00043,2026-07-07,32,65,3,1,4.62
MBX00043,2026-07-08,36,71,3,2,4.23
MBX00043,2026-07-09,40,81,3,3,3.7
MBX00043,2026-07-10,35,73,5,0,6.85
MBX00043,2026-07-11,7,16,1,0,6.25
MBX00043,2026-07-12,5,15,0,0,0.0
MBX00043,2026-07-13,44,81,5,1,6.17
MBX00043,2026-07-14,30,78,1,1,1.28
MBX00043,2026-07-15,38,75,4,2,5.33
MBX00043,2026-07-16,31,76,5,0,6.58
MBX00043,2026-07-17,21,70,6,2,8.57
MBX00043,2026-07-18,3,13,1,0,7.69
MBX00043,2026-07-19,4,11,2,0,18.18
MBX00043,2026-07-20,40,74,3,0,4.05
MBX00043,2026-07-21,32,76,4,2,5.26
MBX00043,2026-07-22,30,58,2,2,3.45
MBX00043,2026-07-23,33,89,4,0,4.49
MBX00043,2026-07-24,27,77,5,1,6.49
MBX00469,2026-04-26,3,18,1,0,5.56
MBX00469,2026-04-27,17,98,7,0,7.14
MBX00469,2026-04-28,24,94,4,1,4.26
MBX00469,2026-04-29,24,108,4,0,3.7
MBX00469,2026-04-30,18,106,6,3,5.66
MBX00469,2026-05-01,19,104,7,2,6.73
MBX00469,2026-05-02,6,14,2,0,14.29
MBX00469,2026-05-03,3,13,1,0,7.69
MBX00469,2026-05-04,23,103,9,0,8.74
MBX00469,2026-05-05,32,103,6,0,5.83
MBX00469,2026-05-06,22,86,4,1,4.65
MBX00469,2026-05-07,29,92,5,2,5.43
MBX00469,2026-05-08,33,103,7,0,6.8
MBX00469,2026-05-09,4,15,2,0,13.33
MBX00469,2026-05-10,5,20,0,0,0.0
MBX00469,2026-05-11,31,79,6,1,7.59
MBX00469,2026-05-12,21,96,5,0,5.21
MBX00469,2026-05-13,17,74,4,1,5.41
MBX00469,2026-05-14,24,95,10,1,10.53
MBX00469,2026-05-15,28,104,11,4,10.58
MBX00469,2026-05-16,3,8,0,0,0.0
MBX00469,2026-05-17,4,12,1,0,8.33
MBX00469,2026-05-18,26,93,5,0,5.38
MBX00469,2026-05-19,18,87,4,0,4.6
MBX00469,2026-05-20,21,116,10,0,8.62
MBX00469,2026-05-21,24,110,10,0,9.09
MBX00469,2026-05-22,28,107,7,1,6.54
MBX00469,2026-05-23,3,16,1,0,6.25
MBX00469,2026-05-24,3,15,0,0,0.0
MBX00469,2026-05-25,24,76,9,1,11.84
MBX00469,2026-05-26,27,108,3,2,2.78
MBX00469,2026-05-27,25,90,3,0,3.33
MBX00469,2026-05-28,31,85,5,1,5.88
MBX00469,2026-05-29,35,118,4,4,3.39
MBX00469,2026-05-30,6,19,1,0,5.26
MBX00469,2026-05-31,5,16,0,2,0.0
MBX00469,2026-06-01,29,104,3,2,2.88
MBX00469,2026-06-02,23,84,8,0,9.52
MBX00469,2026-06-03,24,108,8,3,7.41
MBX00469,2026-06-04,29,99,8,3,8.08
MBX00469,2026-06-05,25,89,6,1,6.74
MBX00469,2026-06-06,3,17,1,0,5.88
MBX00469,2026-06-07,4,12,1,0,8.33
MBX00469,2026-06-08,24,110,7,2,6.36
MBX00469,2026-06-09,27,101,4,1,3.96
MBX00469,2026-06-10,35,103,11,0,10.68
MBX00469,2026-06-11,22,86,8,3,9.3
MBX00469,2026-06-12,24,97,8,3,8.25
MBX00469,2026-06-13,2,16,1,0,6.25
MBX00469,2026-06-14,5,11,1,0,9.09
MBX00469,2026-06-15,22,99,10,1,10.1
MBX00469,2026-06-16,25,87,6,1,6.9
MBX00469,2026-06-17,18,97,2,2,2.06
MBX00469,2026-06-18,36,103,7,0,6.8
MBX00469,2026-06-19,14,103,11,1,10.68
MBX00469,2026-06-20,3,14,0,0,0.0
MBX00469,2026-06-21,3,19,1,0,5.26
MBX00469,2026-06-22,16,77,2,1,2.6
MBX00469,2026-06-23,31,88,1,2,1.14
MBX00469,2026-06-24,25,77,6,0,7.79
MBX00469,2026-06-25,39,107,8,1,7.48
MBX00469,2026-06-26,30,106,1,1,0.94
MBX00469,2026-06-27,7,22,3,0,13.64
MBX00469,2026-06-28,3,13,2,0,15.38
MBX00469,2026-06-29,29,83,8,0,9.64
MBX00469,2026-06-30,26,94,7,3,7.45
MBX00469,2026-07-01,19,105,3,1,2.86
MBX00469,2026-07-02,26,97,5,0,5.15
MBX00469,2026-07-03,33,102,4,2,3.92
MBX00469,2026-07-04,2,12,1,0,8.33
MBX00469,2026-07-05,5,15,0,0,0.0
MBX00469,2026-07-06,28,107,5,0,4.67
MBX00469,2026-07-07,19,86,3,1,3.49
MBX00469,2026-07-08,25,101,10,1,9.9
MBX00469,2026-07-09,30,106,8,2,7.55
MBX00469,2026-07-10,16,94,6,3,6.38
MBX00469,2026-07-11,4,18,0,0,0.0
MBX00469,2026-07-12,2,10,1,0,10.0
MBX00469,2026-07-13,24,95,2,0,2.11
MBX00469,2026-07-14,27,88,6,3,6.82
MBX00469,2026-07-15,27,102,7,1,6.86
MBX00469,2026-07-16,25,92,6,1,6.52
MBX00469,2026-07-17,26,99,4,0,4.04
MBX00469,2026-07-18,1,14,0,1,0.0
MBX00469,2026-07-19,5,15,0,0,0.0
MBX00469,2026-07-20,26,88,5,3,5.68
MBX00469,2026-07-21,26,93,8,1,8.6
MBX00469,2026-07-22,18,99,7,1,7.07
MBX00469,2026-07-23,30,95,7,0,7.37
MBX00469,2026-07-24,19,111,8,0,7.21
MBX00683,2026-04-26,1,14,0,0,0.0
MBX00683,2026-04-27,11,116,9,3,7.76
MBX00683,2026-04-28,3,98,8,2,8.16
MBX00683,2026-04-29,5,111,12,1,10.81
MBX00683,2026-04-30,4,107,9,1,8.41
MBX00683,2026-05-01,5,103,5,1,4.85
MBX00683,2026-05-02,0,15,0,2,0.0
MBX00683,2026-05-03,3,18,4,1,22.22
MBX00683,2026-05-04,3,101,5,0,4.95
MBX00683,2026-05-05,4,86,1,2,1.16
MBX00683,2026-05-06,5,98,8,1,8.16
MBX00683,2026-05-07,6,118,10,0,8.47
MBX00683,2026-05-08,3,103,8,1,7.77
MBX00683,2026-05-09,1,19,0,0,0.0
MBX00683,2026-05-10,0,17,0,0,0.0
MBX00683,2026-05-11,5,110,5,1,4.55
MBX00683,2026-05-12,3,98,5,1,5.1
MBX00683,2026-05-13,7,104,9,1,8.65
MBX00683,2026-05-14,6,99,8,1,8.08
MBX00683,2026-05-15,4,111,12,3,10.81
MBX00683,2026-05-16,2,12,0,0,0.0
MBX00683,2026-05-17,0,18,0,0,0.0
MBX00683,2026-05-18,8,113,11,1,9.73
MBX00683,2026-05-19,4,111,9,1,8.11
MBX00683,2026-05-20,3,105,7,1,6.67
MBX00683,2026-05-21,6,93,4,3,4.3
MBX00683,2026-05-22,4,97,5,1,5.15
MBX00683,2026-05-23,0,13,2,0,15.38
MBX00683,2026-05-24,0,11,1,0,9.09
MBX00683,2026-05-25,8,105,13,1,12.38
MBX00683,2026-05-26,5,112,5,4,4.46
MBX00683,2026-05-27,2,100,4,2,4.0
MBX00683,2026-05-28,6,123,5,1,4.07
MBX00683,2026-05-29,13,87,7,1,8.05
MBX00683,2026-05-30,2,11,1,0,9.09
MBX00683,2026-05-31,1,14,0,0,0.0
MBX00683,2026-06-01,8,100,2,1,2.0
MBX00683,2026-06-02,5,116,12,0,10.34
MBX00683,2026-06-03,7,106,6,2,5.66
MBX00683,2026-06-04,4,110,8,1,7.27
MBX00683,2026-06-05,6,90,2,0,2.22
MBX00683,2026-06-06,0,17,0,0,0.0
MBX00683,2026-06-07,0,11,0,0,0.0
MBX00683,2026-06-08,9,108,5,0,4.63
MBX00683,2026-06-09,5,109,5,3,4.59
MBX00683,2026-06-10,8,99,4,0,4.04
MBX00683,2026-06-11,11,93,5,0,5.38
MBX00683,2026-06-12,2,91,4,0,4.4
MBX00683,2026-06-13,1,14,1,0,7.14
MBX00683,2026-06-14,1,11,0,0,0.0
MBX00683,2026-06-15,5,95,8,1,8.42
MBX00683,2026-06-16,5,105,10,2,9.52
MBX00683,2026-06-17,7,101,4,2,3.96
MBX00683,2026-06-18,2,89,4,0,4.49
MBX00683,2026-06-19,5,92,3,2,3.26
MBX00683,2026-06-20,0,15,0,0,0.0
MBX00683,2026-06-21,3,16,0,0,0.0
MBX00683,2026-06-22,7,92,1,0,1.09
MBX00683,2026-06-23,8,94,8,1,8.51
MBX00683,2026-06-24,6,88,3,1,3.41
MBX00683,2026-06-25,6,109,8,0,7.34
MBX00683,2026-06-26,6,104,8,1,7.69
MBX00683,2026-06-27,0,14,1,1,7.14
MBX00683,2026-06-28,0,13,0,0,0.0
MBX00683,2026-06-29,2,101,7,0,6.93
MBX00683,2026-06-30,3,113,11,2,9.73
MBX00683,2026-07-01,5,101,7,0,6.93
MBX00683,2026-07-02,5,110,6,2,5.45
MBX00683,2026-07-03,8,96,3,1,3.12
MBX00683,2026-07-04,2,21,3,0,14.29
MBX00683,2026-07-05,0,17,1,0,5.88
MBX00683,2026-07-06,6,108,6,2,5.56
MBX00683,2026-07-07,5,88,4,0,4.55
MBX00683,2026-07-08,12,93,7,2,7.53
MBX00683,2026-07-09,6,116,9,0,7.76
MBX00683,2026-07-10,6,113,11,2,9.73
MBX00683,2026-07-11,1,18,0,0,0.0
MBX00683,2026-07-12,0,15,0,0,0.0
MBX00683,2026-07-13,3,105,0,3,0.0
MBX00683,2026-07-14,1,102,3,0,2.94
MBX00683,2026-07-15,5,102,9,4,8.82
MBX00683,2026-07-16,5,87,8,1,9.2
MBX00683,2026-07-17,6,102,3,2,2.94
MBX00683,2026-07-18,2,19,1,0,5.26
MBX00683,2026-07-19,0,23,1,1,4.35
MBX00683,2026-07-20,4,90,1,0,1.11
MBX00683,2026-07-21,4,95,9,1,9.47
MBX00683,2026-07-22,3,103,5,2,4.85
MBX00683,2026-07-23,7,98,1,1,1.02
MBX00683,2026-07-24,10,99,8,1,8.08
MBX00714,2026-04-26,5,7,0,0,0.0
MBX00714,2026-04-27,29,78,3,2,3.85
MBX00714,2026-04-28,27,54,1,0,1.85
MBX00714,2026-04-29,30,65,2,0,3.08
MBX00714,2026-04-30,26,61,3,2,4.92
MBX00714,2026-05-01,34,63,4,2,6.35
MBX00714,2026-05-02,2,12,1,0,8.33
MBX00714,2026-05-03,6,12,1,0,8.33
MBX00714,2026-05-04,32,66,4,0,6.06
MBX00714,2026-05-05,26,71,8,2,11.27
MBX00714,2026-05-06,17,61,7,1,11.48
MBX00714,2026-05-07,22,72,4,1,5.56
MBX00714,2026-05-08,29,81,5,0,6.17
MBX00714,2026-05-09,3,14,1,1,7.14
MBX00714,2026-05-10,4,5,0,0,0.0
MBX00714,2026-05-11,34,65,1,2,1.54
MBX00714,2026-05-12,21,63,5,1,7.94
MBX00714,2026-05-13,28,63,6,0,9.52
MBX00714,2026-05-14,21,70,5,1,7.14
MBX00714,2026-05-15,16,68,2,0,2.94
MBX00714,2026-05-16,4,7,0,0,0.0
MBX00714,2026-05-17,4,7,0,0,0.0
MBX00714,2026-05-18,15,73,5,1,6.85
MBX00714,2026-05-19,33,70,5,1,7.14
MBX00714,2026-05-20,22,67,4,2,5.97
MBX00714,2026-05-21,18,73,3,1,4.11
MBX00714,2026-05-22,17,71,9,1,12.68
MBX00714,2026-05-23,3,11,0,1,0.0
MBX00714,2026-05-24,2,12,1,0,8.33
MBX00714,2026-05-25,33,82,1,1,1.22
MBX00714,2026-05-26,29,69,2,1,2.9
MBX00714,2026-05-27,28,65,3,0,4.62
MBX00714,2026-05-28,26,86,2,1,2.33
MBX00714,2026-05-29,18,75,5,0,6.67
MBX00714,2026-05-30,0,10,0,0,0.0
MBX00714,2026-05-31,1,8,2,0,25.0
MBX00714,2026-06-01,21,54,2,1,3.7
MBX00714,2026-06-02,20,64,5,1,7.81
MBX00714,2026-06-03,30,68,3,1,4.41
MBX00714,2026-06-04,19,78,4,0,5.13
MBX00714,2026-06-05,19,77,5,1,6.49
MBX00714,2026-06-06,4,9,0,1,0.0
MBX00714,2026-06-07,5,17,0,0,0.0
MBX00714,2026-06-08,30,66,7,1,10.61
MBX00714,2026-06-09,31,59,1,0,1.69
MBX00714,2026-06-10,29,69,2,2,2.9
MBX00714,2026-06-11,33,66,0,1,0.0
MBX00714,2026-06-12,23,77,3,4,3.9
MBX00714,2026-06-13,4,13,0,0,0.0
MBX00714,2026-06-14,4,5,1,0,20.0
MBX00714,2026-06-15,19,64,4,0,6.25
MBX00714,2026-06-16,23,56,2,2,3.57
MBX00714,2026-06-17,24,83,6,3,7.23
MBX00714,2026-06-18,22,69,6,2,8.7
MBX00714,2026-06-19,20,72,6,0,8.33
MBX00714,2026-06-20,8,9,0,0,0.0
MBX00714,2026-06-21,3,11,2,0,18.18
MBX00714,2026-06-22,36,72,2,2,2.78
MBX00714,2026-06-23,24,60,3,0,5.0
MBX00714,2026-06-24,30,55,2,2,3.64
MBX00714,2026-06-25,22,69,7,1,10.14
MBX00714,2026-06-26,19,52,3,0,5.77
MBX00714,2026-06-27,3,9,0,0,0.0
MBX00714,2026-06-28,3,17,1,0,5.88
MBX00714,2026-06-29,19,69,4,4,5.8
MBX00714,2026-06-30,25,68,6,2,8.82
MBX00714,2026-07-01,21,80,6,0,7.5
MBX00714,2026-07-02,31,77,5,2,6.49
MBX00714,2026-07-03,31,56,5,0,8.93
MBX00714,2026-07-04,5,15,0,0,0.0
MBX00714,2026-07-05,4,14,0,0,0.0
MBX00714,2026-07-06,32,71,3,3,4.23
MBX00714,2026-07-07,21,64,2,2,3.12
MBX00714,2026-07-08,32,71,8,3,11.27
MBX00714,2026-07-09,20,74,6,1,8.11
MBX00714,2026-07-10,29,86,10,3,11.63
MBX00714,2026-07-11,10,6,0,0,0.0
MBX00714,2026-07-12,5,14,2,0,14.29
MBX00714,2026-07-13,20,70,6,0,8.57
MBX00714,2026-07-14,23,56,5,0,8.93
MBX00714,2026-07-15,23,69,3,1,4.35
MBX00714,2026-07-16,25,69,3,1,4.35
MBX00714,2026-07-17,30,65,4,1,6.15
MBX00714,2026-07-18,5,7,0,0,0.0
MBX00714,2026-07-19,3,14,1,1,7.14
MBX00714,2026-07-20,21,60,3,1,5.0
MBX00714,2026-07-21,33,62,9,2,14.52
MBX00714,2026-07-22,21,71,4,0,5.63
MBX00714,2026-07-23,21,61,7,0,11.48
MBX00714,2026-07-24,28,82,4,0,4.88
MBX00624,2026-04-26,7,3,0,0,0.0
MBX00624,2026-04-27,32,36,1,0,2.78
MBX00624,2026-04-28,37,33,2,1,6.06
MBX00624,2026-04-29,32,17,0,1,0.0
MBX00624,2026-04-30,32,33,3,0,9.09
MBX00624,2026-05-01,39,30,0,0,0.0
MBX00624,2026-05-02,8,3,0,1,0.0
MBX00624,2026-05-03,4,8,1,0,12.5
MBX00624,2026-05-04,26,27,0,0,0.0
MBX00624,2026-05-05,34,26,2,1,7.69
MBX00624,2026-05-06,27,26,3,0,11.54
MBX00624,2026-05-07,25,38,3,0,7.89
MBX00624,2026-05-08,26,16,2,1,12.5
MBX00624,2026-05-09,2,4,0,0,0.0
MBX00624,2026-05-10,5,4,1,0,25.0
MBX00624,2026-05-11,32,26,3,1,11.54
MBX00624,2026-05-12,22,23,1,0,4.35
MBX00624,2026-05-13,34,30,1,0,3.33
MBX00624,2026-05-14,34,32,0,1,0.0
MBX00624,2026-05-15,29,25,0,1,0.0
MBX00624,2026-05-16,2,6,0,0,0.0
MBX00624,2026-05-17,5,2,0,0,0.0
MBX00624,2026-05-18,41,27,1,2,3.7
MBX00624,2026-05-19,28,31,1,0,3.23
MBX00624,2026-05-20,24,37,2,0,5.41
MBX00624,2026-05-21,25,28,0,1,0.0
MBX00624,2026-05-22,28,31,3,0,9.68
MBX00624,2026-05-23,4,4,0,0,0.0
MBX00624,2026-05-24,2,7,1,1,14.29
MBX00624,2026-05-25,30,32,0,2,0.0
MBX00624,2026-05-26,26,23,1,0,4.35
MBX00624,2026-05-27,31,31,3,0,9.68
MBX00624,2026-05-28,26,26,5,0,19.23
MBX00624,2026-05-29,37,27,1,1,3.7
MBX00624,2026-05-30,5,2,0,0,0.0
MBX00624,2026-05-31,7,4,1,0,25.0
MBX00624,2026-06-01,34,33,3,0,9.09
MBX00624,2026-06-02,19,31,0,1,0.0
MBX00624,2026-06-03,30,44,2,1,4.55
MBX00624,2026-06-04,31,27,2,1,7.41
MBX00624,2026-06-05,30,22,1,0,4.55
MBX00624,2026-06-06,6,2,0,0,0.0
MBX00624,2026-06-07,7,2,0,0,0.0
MBX00624,2026-06-08,36,33,0,1,0.0
MBX00624,2026-06-09,30,25,3,1,12.0
MBX00624,2026-06-10,16,28,0,0,0.0
MBX00624,2026-06-11,23,23,1,1,4.35
MBX00624,2026-06-12,31,27,1,0,3.7
MBX00624,2026-06-13,2,2,0,0,0.0
MBX00624,2026-06-14,5,0,0,0,0.0
MBX00624,2026-06-15,25,28,3,2,10.71
MBX00624,2026-06-16,26,24,1,0,4.17
MBX00624,2026-06-17,31,32,1,1,3.12
MBX00624,2026-06-18,31,22,2,0,9.09
MBX00624,2026-06-19,37,31,2,1,6.45
MBX00624,2026-06-20,1,6,0,0,0.0
MBX00624,2026-06-21,6,4,0,0,0.0
MBX00624,2026-06-22,32,35,1,0,2.86
MBX00624,2026-06-23,32,22,1,1,4.55
MBX00624,2026-06-24,29,25,1,1,4.0
MBX00624,2026-06-25,31,32,1,1,3.12
MBX00624,2026-06-26,32,36,3,0,8.33
MBX00624,2026-06-27,7,8,0,0,0.0
MBX00624,2026-06-28,5,4,1,0,25.0
MBX00624,2026-06-29,32,23,1,0,4.35
MBX00624,2026-06-30,43,24,1,0,4.17
MBX00624,2026-07-01,28,31,1,1,3.23
MBX00624,2026-07-02,36,25,0,1,0.0
MBX00624,2026-07-03,30,31,4,1,12.9
MBX00624,2026-07-04,4,5,1,0,20.0
MBX00624,2026-07-05,5,7,0,0,0.0
MBX00624,2026-07-06,32,24,0,0,0.0
MBX00624,2026-07-07,26,30,1,0,3.33
MBX00624,2026-07-08,26,24,3,0,12.5
MBX00624,2026-07-09,22,28,3,2,10.71
MBX00624,2026-07-10,28,25,2,0,8.0
MBX00624,2026-07-11,4,10,1,0,10.0
MBX00624,2026-07-12,3,2,0,0,0.0
MBX00624,2026-07-13,30,30,1,0,3.33
MBX00624,2026-07-14,34,26,0,0,0.0
MBX00624,2026-07-15,33,32,0,0,0.0
MBX00624,2026-07-16,24,28,1,0,3.57
MBX00624,2026-07-17,34,26,2,1,7.69
MBX00624,2026-07-18,7,9,1,1,11.11
MBX00624,2026-07-19,2,4,0,0,0.0
MBX00624,2026-07-20,39,22,1,1,4.55
MBX00624,2026-07-21,23,25,0,0,0.0
MBX00624,2026-07-22,23,30,3,1,10.0
MBX00624,2026-07-23,30,29,1,0,3.45
MBX00624,2026-07-24,34,19,0,1,0.0
MBX00183,2026-04-26,2,7,0,0,0.0
MBX00183,2026-04-27,15,25,0,1,0.0
MBX00183,2026-04-28,10,26,3,2,11.54
MBX00183,2026-04-29,9,29,1,1,3.45
MBX00183,2026-04-30,17,24,1,0,4.17
MBX00183,2026-05-01,9,35,1,0,2.86
MBX00183,2026-05-02,1,3,0,0,0.0
MBX00183,2026-05-03,0,4,0,0,0.0
MBX00183,2026-05-04,12,27,1,0,3.7
MBX00183,2026-05-05,12,30,1,1,3.33
MBX00183,2026-05-06,15,27,1,0,3.7
MBX00183,2026-05-07,8,18,0,0,0.0
MBX00183,2026-05-08,10,25,3,0,12.0
MBX00183,2026-05-09,0,4,0,0,0.0
MBX00183,2026-05-10,1,5,2,0,40.0
MBX00183,2026-05-11,15,27,5,0,18.52
MBX00183,2026-05-12,13,21,0,1,0.0
MBX00183,2026-05-13,9,24,1,0,4.17
MBX00183,2026-05-14,13,26,5,0,19.23
MBX00183,2026-05-15,14,31,0,2,0.0
MBX00183,2026-05-16,2,2,1,0,50.0
MBX00183,2026-05-17,3,3,0,0,0.0
MBX00183,2026-05-18,6,32,2,0,6.25
MBX00183,2026-05-19,14,38,4,0,10.53
MBX00183,2026-05-20,16,34,1,0,2.94
MBX00183,2026-05-21,5,29,2,0,6.9
MBX00183,2026-05-22,10,26,4,0,15.38
MBX00183,2026-05-23,1,4,0,0,0.0
MBX00183,2026-05-24,2,3,0,0,0.0
MBX00183,2026-05-25,4,30,2,0,6.67
MBX00183,2026-05-26,16,28,5,0,17.86
MBX00183,2026-05-27,10,21,0,0,0.0
MBX00183,2026-05-28,15,19,3,0,15.79
MBX00183,2026-05-29,7,32,0,0,0.0
MBX00183,2026-05-30,3,4,1,1,25.0
MBX00183,2026-05-31,1,9,1,0,11.11
MBX00183,2026-06-01,14,27,1,1,3.7
MBX00183,2026-06-02,12,29,2,0,6.9
MBX00183,2026-06-03,18,25,3,0,12.0
MBX00183,2026-06-04,23,26,1,1,3.85
MBX00183,2026-06-05,17,21,0,0,0.0
MBX00183,2026-06-06,5,3,0,0,0.0
MBX00183,2026-06-07,2,1,0,0,0.0
MBX00183,2026-06-08,13,30,1,0,3.33
MBX00183,2026-06-09,20,27,3,0,11.11
MBX00183,2026-06-10,14,33,1,0,3.03
MBX00183,2026-06-11,12,27,2,1,7.41
MBX00183,2026-06-12,5,22,0,1,0.0
MBX00183,2026-06-13,1,2,0,0,0.0
MBX00183,2026-06-14,1,2,0,0,0.0
MBX00183,2026-06-15,17,30,2,1,6.67
MBX00183,2026-06-16,10,25,0,1,0.0
MBX00183,2026-06-17,3,27,1,1,3.7
MBX00183,2026-06-18,14,18,0,1,0.0
MBX00183,2026-06-19,13,25,1,1,4.0
MBX00183,2026-06-20,2,6,0,0,0.0
MBX00183,2026-06-21,0,5,0,0,0.0
MBX00183,2026-06-22,18,32,2,0,6.25
MBX00183,2026-06-23,14,23,1,2,4.35
MBX00183,2026-06-24,9,21,3,0,14.29
MBX00183,2026-06-25,5,32,1,2,3.12
MBX00183,2026-06-26,13,34,1,1,2.94
MBX00183,2026-06-27,0,2,0,0,0.0
MBX00183,2026-06-28,4,5,0,0,0.0
MBX00183,2026-06-29,12,31,2,1,6.45
MBX00183,2026-06-30,14,42,2,0,4.76
MBX00183,2026-07-01,6,19,2,0,10.53
MBX00183,2026-07-02,24,29,2,1,6.9
MBX00183,2026-07-03,9,26,1,0,3.85
MBX00183,2026-07-04,3,3,0,0,0.0
MBX00183,2026-07-05,1,3,0,0,0.0
MBX00183,2026-07-06,12,24,1,0,4.17
MBX00183,2026-07-07,15,23,1,1,4.35
MBX00183,2026-07-08,12,22,2,0,9.09
MBX00183,2026-07-09,11,32,3,1,9.38
MBX00183,2026-07-10,15,32,1,0,3.12
MBX00183,2026-07-11,1,4,1,0,25.0
MBX00183,2026-07-12,2,2,0,0,0.0
MBX00183,2026-07-13,12,31,2,1,6.45
MBX00183,2026-07-14,15,27,2,0,7.41
MBX00183,2026-07-15,16,28,2,2,7.14
MBX00183,2026-07-16,13,23,0,0,0.0
MBX00183,2026-07-17,8,30,0,2,0.0
MBX00183,2026-07-18,2,5,0,0,0.0
MBX00183,2026-07-19,1,4,0,0,0.0
MBX00183,2026-07-20,11,30,4,0,13.33
MBX00183,2026-07-21,6,21,1,0,4.76
MBX00183,2026-07-22,14,22,2,0,9.09
MBX00183,2026-07-23,12,28,0,0,0.0
MBX00183,2026-07-24,8,22,0,1,0.0
MBX00075,2026-04-26,0,13,2,0,15.38
MBX00075,2026-04-27,21,58,4,3,6.9
MBX00075,2026-04-28,24,74,6,1,8.11
MBX00075,2026-04-29,22,75,2,0,2.67
MBX00075,2026-04-30,20,83,2,1,2.41
MBX00075,2026-05-01,22,55,5,0,9.09
MBX00075,2026-05-02,7,6,1,0,16.67
MBX00075,2026-05-03,2,10,2,0,20.0
MBX00075,2026-05-04,23,66,1,2,1.52
MBX00075,2026-05-05,22,77,4,1,5.19
MBX00075,2026-05-06,24,67,3,0,4.48
MBX00075,2026-05-07,18,77,3,1,3.9
MBX00075,2026-05-08,27,66,4,2,6.06
MBX00075,2026-05-09,3,8,0,1,0.0
MBX00075,2026-05-10,2,4,1,0,25.0
MBX00075,2026-05-11,24,68,5,0,7.35
MBX00075,2026-05-12,21,60,3,3,5.0
MBX00075,2026-05-13,15,55,0,0,0.0
MBX00075,2026-05-14,19,60,4,1,6.67
MBX00075,2026-05-15,23,67,6,1,8.96
MBX00075,2026-05-16,2,7,0,0,0.0
MBX00075,2026-05-17,8,6,0,0,0.0
MBX00075,2026-05-18,23,61,5,1,8.2
MBX00075,2026-05-19,26,68,4,0,5.88
MBX00075,2026-05-20,21,55,3,2,5.45
MBX00075,2026-05-21,22,67,3,4,4.48
MBX00075,2026-05-22,18,55,3,0,5.45
MBX00075,2026-05-23,1,17,0,0,0.0
MBX00075,2026-05-24,1,13,3,0,23.08
MBX00075,2026-05-25,22,64,3,2,4.69
MBX00075,2026-05-26,23,70,7,2,10.0
MBX00075,2026-05-27,24,80,4,1,5.0
MBX00075,2026-05-28,26,49,2,1,4.08
MBX00075,2026-05-29,15,52,1,2,1.92
MBX00075,2026-05-30,3,8,0,0,0.0
MBX00075,2026-05-31,2,8,1,0,12.5
MBX00075,2026-06-01,15,64,5,0,7.81
MBX00075,2026-06-02,24,53,5,0,9.43
MBX00075,2026-06-03,18,64,6,0,9.38
MBX00075,2026-06-04,18,61,5,0,8.2
MBX00075,2026-06-05,29,52,3,0,5.77
MBX00075,2026-06-06,3,14,0,0,0.0
MBX00075,2026-06-07,2,7,0,0,0.0
MBX00075,2026-06-08,24,68,6,2,8.82
MBX00075,2026-06-09,17,47,2,0,4.26
MBX00075,2026-06-10,16,60,3,1,5.0
MBX00075,2026-06-11,25,68,4,1,5.88
MBX00075,2026-06-12,21,73,7,1,9.59
MBX00075,2026-06-13,6,8,0,1,0.0
MBX00075,2026-06-14,3,12,2,0,16.67
MBX00075,2026-06-15,20,73,5,1,6.85
MBX00075,2026-06-16,29,63,4,1,6.35
MBX00075,2026-06-17,24,71,5,0,7.04
MBX00075,2026-06-18,25,64,6,1,9.38
MBX00075,2026-06-19,32,69,3,0,4.35
MBX00075,2026-06-20,6,9,1,0,11.11
MBX00075,2026-06-21,1,7,0,0,0.0
MBX00075,2026-06-22,14,67,2,0,2.99
MBX00075,2026-06-23,15,62,5,1,8.06
MBX00075,2026-06-24,18,49,4,1,8.16
MBX00075,2026-06-25,30,49,5,1,10.2
MBX00075,2026-06-26,18,54,6,0,11.11
MBX00075,2026-06-27,6,10,2,0,20.0
MBX00075,2026-06-28,3,6,0,0,0.0
MBX00075,2026-06-29,21,64,5,1,7.81
MBX00075,2026-06-30,21,48,5,0,10.42
MBX00075,2026-07-01,31,71,2,2,2.82
MBX00075,2026-07-02,17,62,5,4,8.06
MBX00075,2026-07-03,24,76,5,0,6.58
MBX00075,2026-07-04,3,8,0,0,0.0
MBX00075,2026-07-05,7,15,0,0,0.0
MBX00075,2026-07-06,18,78,3,0,3.85
MBX00075,2026-07-07,21,48,2,2,4.17
MBX00075,2026-07-08,17,76,4,1,5.26
MBX00075,2026-07-09,24,64,2,1,3.12
MBX00075,2026-07-10,16,64,3,3,4.69
MBX00075,2026-07-11,6,10,0,0,0.0
MBX00075,2026-07-12,4,6,0,0,0.0
MBX00075,2026-07-13,27,59,7,1,11.86
MBX00075,2026-07-14,25,65,3,1,4.62
MBX00075,2026-07-15,15,71,2,1,2.82
MBX00075,2026-07-16,20,66,5,0,7.58
MBX00075,2026-07-17,26,51,1,1,1.96
MBX00075,2026-07-18,4,9,0,0,0.0
MBX00075,2026-07-19,3,7,1,0,14.29
MBX00075,2026-07-20,21,64,5,0,7.81
MBX00075,2026-07-21,21,82,7,0,8.54
MBX00075,2026-07-22,19,65,2,0,3.08
MBX00075,2026-07-23,16,61,2,1,3.28
MBX00075,2026-07-24,21,47,4,1,8.51
MBX00142,2026-04-26,2,14,0,0,0.0
MBX00142,2026-04-27,3,103,6,2,5.83
MBX00142,2026-04-28,4,106,8,4,7.55
MBX00142,2026-04-29,2,120,4,3,3.33
MBX00142,2026-04-30,7,104,10,1,9.62
MBX00142,2026-05-01,5,113,6,1,5.31
MBX00142,2026-05-02,1,16,0,0,0.0
MBX00142,2026-05-03,0,11,0,0,0.0
MBX00142,2026-05-04,8,98,12,1,12.24
MBX00142,2026-05-05,8,106,4,1,3.77
MBX00142,2026-05-06,6,115,9,2,7.83
MBX00142,2026-05-07,6,100,3,1,3.0
MBX00142,2026-05-08,8,127,7,2,5.51
MBX00142,2026-05-09,0,13,1,0,7.69
MBX00142,2026-05-10,2,14,1,0,7.14
MBX00142,2026-05-11,7,111,6,0,5.41
MBX00142,2026-05-12,7,97,5,1,5.15
MBX00142,2026-05-13,7,106,8,0,7.55
MBX00142,2026-05-14,9,113,3,0,2.65
MBX00142,2026-05-15,8,112,5,1,4.46
MBX00142,2026-05-16,0,14,0,0,0.0
MBX00142,2026-05-17,0,17,1,0,5.88
MBX00142,2026-05-18,9,104,11,2,10.58
MBX00142,2026-05-19,10,118,8,2,6.78
MBX00142,2026-05-20,4,112,9,0,8.04
MBX00142,2026-05-21,7,115,5,1,4.35
MBX00142,2026-05-22,5,101,8,3,7.92
MBX00142,2026-05-23,1,15,0,0,0.0
MBX00142,2026-05-24,0,11,0,0,0.0
MBX00142,2026-05-25,4,100,6,0,6.0
MBX00142,2026-05-26,6,96,1,1,1.04
MBX00142,2026-05-27,6,88,8,0,9.09
MBX00142,2026-05-28,10,88,7,2,7.95
MBX00142,2026-05-29,8,109,6,2,5.5
MBX00142,2026-05-30,2,13,0,0,0.0
MBX00142,2026-05-31,1,17,0,0,0.0
MBX00142,2026-06-01,9,112,7,0,6.25
MBX00142,2026-06-02,7,112,4,0,3.57
MBX00142,2026-06-03,6,115,4,0,3.48
MBX00142,2026-06-04,11,114,10,0,8.77
MBX00142,2026-06-05,7,113,5,1,4.42
MBX00142,2026-06-06,0,10,5,0,50.0
MBX00142,2026-06-07,2,22,1,0,4.55
MBX00142,2026-06-08,11,106,1,1,0.94
MBX00142,2026-06-09,9,93,5,1,5.38
MBX00142,2026-06-10,9,117,7,2,5.98
MBX00142,2026-06-11,9,99,4,1,4.04
MBX00142,2026-06-12,4,89,4,1,4.49
MBX00142,2026-06-13,0,10,2,0,20.0
MBX00142,2026-06-14,0,18,3,0,16.67
MBX00142,2026-06-15,5,104,6,1,5.77
MBX00142,2026-06-16,3,121,5,0,4.13
MBX00142,2026-06-17,7,103,7,0,6.8
MBX00142,2026-06-18,3,105,4,1,3.81
MBX00142,2026-06-19,7,104,14,0,13.46
MBX00142,2026-06-20,1,13,0,0,0.0
MBX00142,2026-06-21,0,19,1,1,5.26
MBX00142,2026-06-22,7,84,5,1,5.95
MBX00142,2026-06-23,1,98,6,1,6.12
MBX00142,2026-06-24,6,118,11,2,9.32
MBX00142,2026-06-25,3,105,7,0,6.67
MBX00142,2026-06-26,9,105,9,0,8.57
MBX00142,2026-06-27,2,16,0,0,0.0
MBX00142,2026-06-28,1,17,0,1,0.0
MBX00142,2026-06-29,5,106,9,1,8.49
MBX00142,2026-06-30,11,123,6,2,4.88
MBX00142,2026-07-01,3,122,6,0,4.92
MBX00142,2026-07-02,4,100,7,1,7.0
MBX00142,2026-07-03,3,120,9,1,7.5
MBX00142,2026-07-04,2,16,1,0,6.25
MBX00142,2026-07-05,0,10,2,0,20.0
MBX00142,2026-07-06,7,109,3,0,2.75
MBX00142,2026-07-07,4,96,4,0,4.17
MBX00142,2026-07-08,3,102,7,3,6.86
MBX00142,2026-07-09,9,104,9,1,8.65
MBX00142,2026-07-10,9,114,7,0,6.14
MBX00142,2026-07-11,2,12,0,1,0.0
MBX00142,2026-07-12,0,13,1,0,7.69
MBX00142,2026-07-13,10,121,8,1,6.61
MBX00142,2026-07-14,4,106,6,2,5.66
MBX00142,2026-07-15,8,116,7,1,6.03
MBX00142,2026-07-16,7,132,6,1,4.55
MBX00142,2026-07-17,3,97,5,0,5.15
MBX00142,2026-07-18,1,13,2,0,15.38
MBX00142,2026-07-19,1,16,2,1,12.5
MBX00142,2026-07-20,6,104,13,3,12.5
MBX00142,2026-07-21,6,126,6,0,4.76
MBX00142,2026-07-22,10,113,6,0,5.31
MBX00142,2026-07-23,13,109,15,0,13.76
MBX00142,2026-07-24,11,99,9,0,9.09
MBX00044,2026-04-26,2,12,1,0,8.33
MBX00044,2026-04-27,7,49,6,1,12.24
MBX00044,2026-04-28,9,70,5,1,7.14
MBX00044,2026-04-29,8,58,1,0,1.72
MBX00044,2026-04-30,9,58,5,1,8.62
MBX00044,2026-05-01,8,71,2,3,2.82
MBX00044,2026-05-02,3,7,0,0,0.0
MBX00044,2026-05-03,1,8,1,0,12.5
MBX00044,2026-05-04,7,68,4,1,5.88
MBX00044,2026-05-05,7,63,2,0,3.17
MBX00044,2026-05-06,11,75,5,0,6.67
MBX00044,2026-05-07,13,64,5,0,7.81
MBX00044,2026-05-08,11,67,1,2,1.49
MBX00044,2026-05-09,1,13,0,0,0.0
MBX00044,2026-05-10,0,10,2,0,20.0
MBX00044,2026-05-11,14,61,3,0,4.92
MBX00044,2026-05-12,6,55,5,1,9.09
MBX00044,2026-05-13,6,64,3,0,4.69
MBX00044,2026-05-14,6,59,3,0,5.08
MBX00044,2026-05-15,12,62,3,3,4.84
MBX00044,2026-05-16,1,8,1,0,12.5
MBX00044,2026-05-17,2,7,0,0,0.0
MBX00044,2026-05-18,5,55,1,0,1.82
MBX00044,2026-05-19,7,90,4,0,4.44
MBX00044,2026-05-20,4,70,4,0,5.71
MBX00044,2026-05-21,12,57,3,0,5.26
MBX00044,2026-05-22,11,54,0,0,0.0
MBX00044,2026-05-23,0,7,0,0,0.0
MBX00044,2026-05-24,0,11,2,0,18.18
MBX00044,2026-05-25,9,67,2,1,2.99
MBX00044,2026-05-26,5,70,6,0,8.57
MBX00044,2026-05-27,11,64,4,1,6.25
MBX00044,2026-05-28,7,60,3,1,5.0
MBX00044,2026-05-29,7,56,4,1,7.14
MBX00044,2026-05-30,3,13,1,1,7.69
MBX00044,2026-05-31,2,4,0,0,0.0
MBX00044,2026-06-01,8,66,6,1,9.09
MBX00044,2026-06-02,11,53,4,2,7.55
MBX00044,2026-06-03,10,70,2,1,2.86
MBX00044,2026-06-04,6,65,2,1,3.08
MBX00044,2026-06-05,8,65,3,0,4.62
MBX00044,2026-06-06,2,8,0,0,0.0
MBX00044,2026-06-07,2,11,0,1,0.0
MBX00044,2026-06-08,6,54,1,0,1.85
MBX00044,2026-06-09,7,64,4,1,6.25
MBX00044,2026-06-10,10,62,3,1,4.84
MBX00044,2026-06-11,17,59,1,1,1.69
MBX00044,2026-06-12,7,72,6,1,8.33
MBX00044,2026-06-13,1,5,0,0,0.0
MBX00044,2026-06-14,0,13,3,0,23.08
MBX00044,2026-06-15,11,65,4,3,6.15
MBX00044,2026-06-16,7,60,5,2,8.33
MBX00044,2026-06-17,3,54,1,0,1.85
MBX00044,2026-06-18,12,53,3,2,5.66
MBX00044,2026-06-19,17,60,3,0,5.0
MBX00044,2026-06-20,1,12,2,0,16.67
MBX00044,2026-06-21,1,10,1,0,10.0
MBX00044,2026-06-22,5,60,4,0,6.67
MBX00044,2026-06-23,10,52,2,0,3.85
MBX00044,2026-06-24,11,63,6,0,9.52
MBX00044,2026-06-25,11,56,6,0,10.71
MBX00044,2026-06-26,8,55,1,2,1.82
MBX00044,2026-06-27,1,11,0,0,0.0
MBX00044,2026-06-28,0,10,1,0,10.0
MBX00044,2026-06-29,9,65,3,0,4.62
MBX00044,2026-06-30,10,75,4,0,5.33
MBX00044,2026-07-01,8,53,0,2,0.0
MBX00044,2026-07-02,4,48,4,1,8.33
MBX00044,2026-07-03,6,66,6,0,9.09
MBX00044,2026-07-04,0,5,0,0,0.0
MBX00044,2026-07-05,0,10,1,0,10.0
MBX00044,2026-07-06,3,52,2,0,3.85
MBX00044,2026-07-07,6,54,3,0,5.56
MBX00044,2026-07-08,8,65,4,0,6.15
MBX00044,2026-07-09,9,52,3,2,5.77
MBX00044,2026-07-10,7,55,2,0,3.64
MBX00044,2026-07-11,4,6,1,0,16.67
MBX00044,2026-07-12,2,12,1,1,8.33
MBX00044,2026-07-13,7,67,6,0,8.96
MBX00044,2026-07-14,7,85,5,1,5.88
MBX00044,2026-07-15,9,57,6,0,10.53
MBX00044,2026-07-16,9,72,7,1,9.72
MBX00044,2026-07-17,5,57,2,0,3.51
MBX00044,2026-07-18,1,14,1,0,7.14
MBX00044,2026-07-19,1,7,1,0,14.29
MBX00044,2026-07-20,7,70,4,1,5.71
MBX00044,2026-07-21,7,69,4,1,5.8
MBX00044,2026-07-22,8,59,0,1,0.0
MBX00044,2026-07-23,9,75,3,3,4.0
MBX00044,2026-07-24,4,52,5,2,9.62
MBX00449,2026-04-26,0,2,0,0,0.0
MBX00449,2026-04-27,2,2,0,0,0.0
MBX00449,2026-04-28,0,2,0,0,0.0
MBX00449,2026-04-29,0,5,1,0,20.0
MBX00449,2026-04-30,1,6,1,0,16.67
MBX00449,2026-05-01,1,4,0,0,0.0
MBX00449,2026-05-02,0,1,0,0,0.0
MBX00449,2026-05-03,0,0,0,0,0.0
MBX00449,2026-05-04,0,3,1,0,33.33
MBX00449,2026-05-05,1,2,0,0,0.0
MBX00449,2026-05-06,0,2,0,0,0.0
MBX00449,2026-05-07,1,4,0,0,0.0
MBX00449,2026-05-08,1,1,0,0,0.0
MBX00449,2026-05-09,0,0,0,0,0.0
MBX00449,2026-05-10,0,0,0,0,0.0
MBX00449,2026-05-11,1,6,0,0,0.0
MBX00449,2026-05-12,3,3,0,1,0.0
MBX00449,2026-05-13,1,3,0,0,0.0
MBX00449,2026-05-14,1,0,0,0,0.0
MBX00449,2026-05-15,1,3,0,0,0.0
MBX00449,2026-05-16,0,2,0,0,0.0
MBX00449,2026-05-17,2,1,1,0,100.0
MBX00449,2026-05-18,5,2,0,0,0.0
MBX00449,2026-05-19,1,6,0,0,0.0
MBX00449,2026-05-20,2,3,0,0,0.0
MBX00449,2026-05-21,0,2,0,1,0.0
MBX00449,2026-05-22,1,1,0,0,0.0
MBX00449,2026-05-23,0,0,0,0,0.0
MBX00449,2026-05-24,0,0,0,0,0.0
MBX00449,2026-05-25,6,4,0,0,0.0
MBX00449,2026-05-26,2,4,0,0,0.0
MBX00449,2026-05-27,1,1,0,0,0.0
MBX00449,2026-05-28,1,3,1,1,33.33
MBX00449,2026-05-29,0,2,0,0,0.0
MBX00449,2026-05-30,0,0,0,0,0.0
MBX00449,2026-05-31,1,0,0,0,0.0
MBX00449,2026-06-01,2,5,1,0,20.0
MBX00449,2026-06-02,1,1,0,0,0.0
MBX00449,2026-06-03,0,2,0,0,0.0
MBX00449,2026-06-04,3,3,0,0,0.0
MBX00449,2026-06-05,3,2,1,0,50.0
MBX00449,2026-06-06,1,0,0,0,0.0
MBX00449,2026-06-07,0,1,0,0,0.0
MBX00449,2026-06-08,1,2,0,0,0.0
MBX00449,2026-06-09,0,3,0,0,0.0
MBX00449,2026-06-10,1,2,0,0,0.0
MBX00449,2026-06-11,1,1,0,0,0.0
MBX00449,2026-06-12,2,7,0,0,0.0
MBX00449,2026-06-13,0,0,0,0,0.0
MBX00449,2026-06-14,0,1,0,0,0.0
MBX00449,2026-06-15,1,3,0,0,0.0
MBX00449,2026-06-16,2,4,0,0,0.0
MBX00449,2026-06-17,3,3,1,0,33.33
MBX00449,2026-06-18,1,1,0,0,0.0
MBX00449,2026-06-19,2,2,1,0,50.0
MBX00449,2026-06-20,0,0,0,0,0.0
MBX00449,2026-06-21,0,0,0,0,0.0
MBX00449,2026-06-22,0,3,0,0,0.0
MBX00449,2026-06-23,1,2,0,0,0.0
MBX00449,2026-06-24,2,3,0,0,0.0
MBX00449,2026-06-25,1,6,1,0,16.67
MBX00449,2026-06-26,2,3,0,0,0.0
MBX00449,2026-06-27,0,0,0,0,0.0
MBX00449,2026-06-28,0,0,0,0,0.0
MBX00449,2026-06-29,2,4,0,1,0.0
MBX00449,2026-06-30,1,0,0,0,0.0
MBX00449,2026-07-01,0,1,0,0,0.0
MBX00449,2026-07-02,4,6,0,0,0.0
MBX00449,2026-07-03,2,5,2,0,40.0
MBX00449,2026-07-04,1,0,0,0,0.0
MBX00449,2026-07-05,0,2,0,0,0.0
MBX00449,2026-07-06,4,3,0,0,0.0
MBX00449,2026-07-07,1,2,3,0,150.0
MBX00449,2026-07-08,3,1,0,0,0.0
MBX00449,2026-07-09,0,3,1,0,33.33
MBX00449,2026-07-10,2,4,0,0,0.0
MBX00449,2026-07-11,0,1,0,0,0.0
MBX00449,2026-07-12,0,0,0,0,0.0
MBX00449,2026-07-13,1,5,0,0,0.0
MBX00449,2026-07-14,2,4,0,0,0.0
MBX00449,2026-07-15,0,8,1,0,12.5
MBX00449,2026-07-16,0,3,0,0,0.0
MBX00449,2026-07-17,3,6,0,0,0.0
MBX00449,2026-07-18,0,2,0,0,0.0
MBX00449,2026-07-19,1,0,0,0,0.0
MBX00449,2026-07-20,0,3,1,0,33.33
MBX00449,2026-07-21,1,3,0,0,0.0
MBX00449,2026-07-22,0,3,1,0,33.33
MBX00449,2026-07-23,2,6,0,0,0.0
MBX00449,2026-07-24,2,2,1,0,50.0
MBX00574,2026-04-26,2,18,1,0,5.56
MBX00574,2026-04-27,11,130,14,1,10.77
MBX00574,2026-04-28,16,115,5,2,4.35
MBX00574,2026-04-29,12,125,8,0,6.4
MBX00574,2026-04-30,17,118,5,0,4.24
MBX00574,2026-05-01,12,100,4,1,4.0
MBX00574,2026-05-02,2,15,0,0,0.0
MBX00574,2026-05-03,1,21,3,0,14.29
MBX00574,2026-05-04,10,126,8,1,6.35
MBX00574,2026-05-05,16,119,4,0,3.36
MBX00574,2026-05-06,14,116,3,0,2.59
MBX00574,2026-05-07,10,111,4,2,3.6
MBX00574,2026-05-08,14,120,9,0,7.5
MBX00574,2026-05-09,2,19,0,0,0.0
MBX00574,2026-05-10,1,20,3,1,15.0
MBX00574,2026-05-11,12,133,4,0,3.01
MBX00574,2026-05-12,19,124,7,2,5.65
MBX00574,2026-05-13,18,124,2,0,1.61
MBX00574,2026-05-14,15,120,9,2,7.5
MBX00574,2026-05-15,14,103,5,0,4.85
MBX00574,2026-05-16,0,18,2,0,11.11
MBX00574,2026-05-17,3,18,1,0,5.56
MBX00574,2026-05-18,17,102,8,0,7.84
MBX00574,2026-05-19,16,103,5,0,4.85
MBX00574,2026-05-20,11,123,7,2,5.69
MBX00574,2026-05-21,13,120,8,0,6.67
MBX00574,2026-05-22,11,123,7,1,5.69
MBX00574,2026-05-23,3,18,0,0,0.0
MBX00574,2026-05-24,5,16,1,0,6.25
MBX00574,2026-05-25,11,93,5,4,5.38
MBX00574,2026-05-26,20,118,8,1,6.78
MBX00574,2026-05-27,18,107,9,0,8.41
MBX00574,2026-05-28,13,134,5,1,3.73
MBX00574,2026-05-29,16,108,4,3,3.7
MBX00574,2026-05-30,2,22,0,0,0.0
MBX00574,2026-05-31,4,18,1,0,5.56
MBX00574,2026-06-01,12,123,14,0,11.38
MBX00574,2026-06-02,13,113,6,0,5.31
MBX00574,2026-06-03,20,134,4,1,2.99
MBX00574,2026-06-04,17,124,5,2,4.03
MBX00574,2026-06-05,15,121,3,0,2.48
MBX00574,2026-06-06,1,16,0,0,0.0
MBX00574,2026-06-07,1,17,0,1,0.0
MBX00574,2026-06-08,19,102,5,0,4.9
MBX00574,2026-06-09,22,110,3,0,2.73
MBX00574,2026-06-10,13,122,7,1,5.74
MBX00574,2026-06-11,13,119,6,2,5.04
MBX00574,2026-06-12,14,119,7,2,5.88
MBX00574,2026-06-13,2,25,3,1,12.0
MBX00574,2026-06-14,3,16,1,1,6.25
MBX00574,2026-06-15,22,126,11,1,8.73
MBX00574,2026-06-16,19,105,8,0,7.62
MBX00574,2026-06-17,17,117,6,2,5.13
MBX00574,2026-06-18,15,123,9,2,7.32
MBX00574,2026-06-19,16,111,8,0,7.21
MBX00574,2026-06-20,3,23,1,0,4.35
MBX00574,2026-06-21,1,19,0,1,0.0
MBX00574,2026-06-22,9,113,7,2,6.19
MBX00574,2026-06-23,16,125,4,2,3.2
MBX00574,2026-06-24,17,120,7,2,5.83
MBX00574,2026-06-25,11,119,7,2,5.88
MBX00574,2026-06-26,17,135,10,1,7.41
MBX00574,2026-06-27,0,18,1,0,5.56
MBX00574,2026-06-28,0,13,0,0,0.0
MBX00574,2026-06-29,19,132,1,3,0.76
MBX00574,2026-06-30,12,131,7,3,5.34
MBX00574,2026-07-01,13,109,4,0,3.67
MBX00574,2026-07-02,10,109,5,0,4.59
MBX00574,2026-07-03,15,114,11,2,9.65
MBX00574,2026-07-04,2,20,3,0,15.0
MBX00574,2026-07-05,3,16,0,0,0.0
MBX00574,2026-07-06,17,105,7,0,6.67
MBX00574,2026-07-07,18,120,8,1,6.67
MBX00574,2026-07-08,13,111,7,0,6.31
MBX00574,2026-07-09,15,91,7,2,7.69
MBX00574,2026-07-10,19,119,6,0,5.04
MBX00574,2026-07-11,1,22,3,0,13.64
MBX00574,2026-07-12,4,20,1,0,5.0
MBX00574,2026-07-13,12,106,3,0,2.83
MBX00574,2026-07-14,19,120,8,2,6.67
MBX00574,2026-07-15,19,110,5,2,4.55
MBX00574,2026-07-16,17,98,4,0,4.08
MBX00574,2026-07-17,13,117,10,2,8.55
MBX00574,2026-07-18,2,18,0,0,0.0
MBX00574,2026-07-19,1,23,2,0,8.7
MBX00574,2026-07-20,12,104,7,3,6.73
MBX00574,2026-07-21,20,125,7,3,5.6
MBX00574,2026-07-22,17,151,13,2,8.61
MBX00574,2026-07-23,21,115,7,0,6.09
MBX00574,2026-07-24,17,146,3,3,2.05
MBX00274,2026-04-26,0,0,0,0,0.0
MBX00274,2026-04-27,1,4,0,0,0.0
MBX00274,2026-04-28,0,2,0,0,0.0
MBX00274,2026-04-29,2,4,0,0,0.0
MBX00274,2026-04-30,4,10,1,0,10.0
MBX00274,2026-05-01,3,2,0,0,0.0
MBX00274,2026-05-02,1,0,0,0,0.0
MBX00274,2026-05-03,0,0,0,0,0.0
MBX00274,2026-05-04,1,5,0,0,0.0
MBX00274,2026-05-05,4,10,0,0,0.0
MBX00274,2026-05-06,5,8,0,1,0.0
MBX00274,2026-05-07,3,4,1,0,25.0
MBX00274,2026-05-08,3,2,0,0,0.0
MBX00274,2026-05-09,0,1,0,0,0.0
MBX00274,2026-05-10,1,0,0,0,0.0
MBX00274,2026-05-11,4,2,0,0,0.0
MBX00274,2026-05-12,2,7,0,0,0.0
MBX00274,2026-05-13,3,7,0,0,0.0
MBX00274,2026-05-14,1,3,0,0,0.0
MBX00274,2026-05-15,3,4,0,1,0.0
MBX00274,2026-05-16,0,1,0,0,0.0
MBX00274,2026-05-17,0,0,0,0,0.0
MBX00274,2026-05-18,3,7,0,0,0.0
MBX00274,2026-05-19,4,6,0,0,0.0
MBX00274,2026-05-20,4,3,0,0,0.0
MBX00274,2026-05-21,1,4,0,0,0.0
MBX00274,2026-05-22,3,5,1,0,20.0
MBX00274,2026-05-23,1,0,0,0,0.0
MBX00274,2026-05-24,0,1,0,0,0.0
MBX00274,2026-05-25,3,2,0,0,0.0
MBX00274,2026-05-26,6,3,2,0,66.67
MBX00274,2026-05-27,1,3,1,0,33.33
MBX00274,2026-05-28,0,2,0,0,0.0
MBX00274,2026-05-29,2,4,0,0,0.0
MBX00274,2026-05-30,0,1,0,0,0.0
MBX00274,2026-05-31,0,1,0,0,0.0
MBX00274,2026-06-01,2,4,0,0,0.0
MBX00274,2026-06-02,4,3,0,0,0.0
MBX00274,2026-06-03,1,2,0,0,0.0
MBX00274,2026-06-04,2,5,0,0,0.0
MBX00274,2026-06-05,3,3,0,0,0.0
MBX00274,2026-06-06,0,1,0,0,0.0
MBX00274,2026-06-07,0,1,0,0,0.0
MBX00274,2026-06-08,2,6,0,1,0.0
MBX00274,2026-06-09,2,6,1,0,16.67
MBX00274,2026-06-10,2,2,0,0,0.0
MBX00274,2026-06-11,6,3,0,0,0.0
MBX00274,2026-06-12,0,3,0,0,0.0
MBX00274,2026-06-13,0,0,0,0,0.0
MBX00274,2026-06-14,0,1,0,0,0.0
MBX00274,2026-06-15,9,3,0,0,0.0
MBX00274,2026-06-16,2,5,0,0,0.0
MBX00274,2026-06-17,2,7,1,0,14.29
MBX00274,2026-06-18,3,2,0,0,0.0
MBX00274,2026-06-19,1,3,0,0,0.0
MBX00274,2026-06-20,0,0,0,0,0.0
MBX00274,2026-06-21,2,3,0,0,0.0
MBX00274,2026-06-22,1,5,1,0,20.0
MBX00274,2026-06-23,0,3,0,0,0.0
MBX00274,2026-06-24,3,6,0,0,0.0
MBX00274,2026-06-25,5,3,0,0,0.0
MBX00274,2026-06-26,4,3,0,0,0.0
MBX00274,2026-06-27,0,1,0,0,0.0
MBX00274,2026-06-28,2,0,0,0,0.0
MBX00274,2026-06-29,3,5,0,0,0.0
MBX00274,2026-06-30,3,2,0,0,0.0
MBX00274,2026-07-01,2,5,0,0,0.0
MBX00274,2026-07-02,2,3,0,0,0.0
MBX00274,2026-07-03,2,4,0,0,0.0
MBX00274,2026-07-04,1,1,0,0,0.0
MBX00274,2026-07-05,0,0,0,0,0.0
MBX00274,2026-07-06,1,2,1,0,50.0
MBX00274,2026-07-07,2,6,1,0,16.67
MBX00274,2026-07-08,2,2,0,0,0.0
MBX00274,2026-07-09,4,4,0,0,0.0
MBX00274,2026-07-10,5,6,1,0,16.67
MBX00274,2026-07-11,0,1,0,0,0.0
MBX00274,2026-07-12,0,0,0,0,0.0
MBX00274,2026-07-13,4,5,0,0,0.0
MBX00274,2026-07-14,1,6,1,0,16.67
MBX00274,2026-07-15,2,4,0,0,0.0
MBX00274,2026-07-16,6,6,0,0,0.0
MBX00274,2026-07-17,4,5,1,0,20.0
MBX00274,2026-07-18,0,0,0,0,0.0
MBX00274,2026-07-19,0,0,0,0,0.0
MBX00274,2026-07-20,6,3,0,0,0.0
MBX00274,2026-07-21,1,2,0,0,0.0
MBX00274,2026-07-22,3,3,0,0,0.0
MBX00274,2026-07-23,2,3,0,0,0.0
MBX00274,2026-07-24,1,5,0,0,0.0
MBX00168,2026-04-26,5,1,0,0,0.0
MBX00168,2026-04-27,13,22,1,0,4.55
MBX00168,2026-04-28,3,22,3,0,13.64
MBX00168,2026-04-29,14,17,1,0,5.88
MBX00168,2026-04-30,20,18,2,2,11.11
MBX00168,2026-05-01,13,24,2,0,8.33
MBX00168,2026-05-02,3,1,0,0,0.0
MBX00168,2026-05-03,8,4,0,0,0.0
MBX00168,2026-05-04,14,24,0,3,0.0
MBX00168,2026-05-05,13,12,0,0,0.0
MBX00168,2026-05-06,11,23,2,2,8.7
MBX00168,2026-05-07,13,21,1,0,4.76
MBX00168,2026-05-08,15,27,2,0,7.41
MBX00168,2026-05-09,2,3,0,0,0.0
MBX00168,2026-05-10,1,4,1,0,25.0
MBX00168,2026-05-11,18,14,2,1,14.29
MBX00168,2026-05-12,15,16,3,0,18.75
MBX00168,2026-05-13,19,13,1,0,7.69
MBX00168,2026-05-14,9,18,4,0,22.22
MBX00168,2026-05-15,12,15,0,0,0.0
MBX00168,2026-05-16,3,5,3,0,60.0
MBX00168,2026-05-17,2,4,1,0,25.0
MBX00168,2026-05-18,12,14,0,0,0.0
MBX00168,2026-05-19,9,14,1,0,7.14
MBX00168,2026-05-20,16,25,0,0,0.0
MBX00168,2026-05-21,21,12,0,1,0.0
MBX00168,2026-05-22,15,18,0,0,0.0
MBX00168,2026-05-23,0,3,0,0,0.0
MBX00168,2026-05-24,2,5,0,0,0.0
MBX00168,2026-05-25,10,19,1,1,5.26
MBX00168,2026-05-26,17,26,0,0,0.0
MBX00168,2026-05-27,8,21,3,0,14.29
MBX00168,2026-05-28,12,19,1,1,5.26
MBX00168,2026-05-29,11,20,1,0,5.0
MBX00168,2026-05-30,0,4,0,0,0.0
MBX00168,2026-05-31,5,4,0,0,0.0
MBX00168,2026-06-01,9,12,0,0,0.0
MBX00168,2026-06-02,11,18,0,0,0.0
MBX00168,2026-06-03,12,22,0,0,0.0
MBX00168,2026-06-04,11,20,0,0,0.0
MBX00168,2026-06-05,15,14,1,1,7.14
MBX00168,2026-06-06,1,0,0,0,0.0
MBX00168,2026-06-07,2,3,0,0,0.0
MBX00168,2026-06-08,12,17,1,0,5.88
MBX00168,2026-06-09,12,22,5,1,22.73
MBX00168,2026-06-10,18,16,1,1,6.25
MBX00168,2026-06-11,13,19,3,2,15.79
MBX00168,2026-06-12,13,17,0,0,0.0
MBX00168,2026-06-13,1,1,0,0,0.0
MBX00168,2026-06-14,2,3,1,0,33.33
MBX00168,2026-06-15,27,19,2,0,10.53
MBX00168,2026-06-16,17,21,0,0,0.0
MBX00168,2026-06-17,13,20,2,0,10.0
MBX00168,2026-06-18,15,26,1,0,3.85
MBX00168,2026-06-19,14,27,2,0,7.41
MBX00168,2026-06-20,4,2,1,1,50.0
MBX00168,2026-06-21,3,2,0,0,0.0
MBX00168,2026-06-22,18,23,3,0,13.04
MBX00168,2026-06-23,19,20,0,0,0.0
MBX00168,2026-06-24,16,18,0,0,0.0
MBX00168,2026-06-25,11,12,0,0,0.0
MBX00168,2026-06-26,11,23,1,0,4.35
MBX00168,2026-06-27,3,0,0,0,0.0
MBX00168,2026-06-28,2,5,1,0,20.0
MBX00168,2026-06-29,15,17,2,1,11.76
MBX00168,2026-06-30,14,12,1,0,8.33
MBX00168,2026-07-01,16,15,2,0,13.33
MBX00168,2026-07-02,19,10,0,1,0.0
MBX00168,2026-07-03,11,19,0,0,0.0
MBX00168,2026-07-04,4,2,1,0,50.0
MBX00168,2026-07-05,1,2,0,0,0.0
MBX00168,2026-07-06,17,12,2,0,16.67
MBX00168,2026-07-07,16,19,0,1,0.0
MBX00168,2026-07-08,17,29,1,2,3.45
MBX00168,2026-07-09,13,19,1,0,5.26
MBX00168,2026-07-10,12,24,0,0,0.0
MBX00168,2026-07-11,0,4,0,0,0.0
MBX00168,2026-07-12,0,4,0,0,0.0
MBX00168,2026-07-13,13,24,1,0,4.17
MBX00168,2026-07-14,14,22,3,0,13.64
MBX00168,2026-07-15,11,22,0,0,0.0
MBX00168,2026-07-16,15,25,0,0,0.0
MBX00168,2026-07-17,13,25,1,1,4.0
MBX00168,2026-07-18,6,3,1,0,33.33
MBX00168,2026-07-19,2,3,0,0,0.0
MBX00168,2026-07-20,9,22,4,0,18.18
MBX00168,2026-07-21,15,20,2,1,10.0
MBX00168,2026-07-22,14,18,0,1,0.0
MBX00168,2026-07-23,9,17,0,0,0.0
MBX00168,2026-07-24,11,19,2,0,10.53
MBX00454,2026-04-26,3,14,0,0,0.0
MBX00454,2026-04-27,18,112,10,1,8.93
MBX00454,2026-04-28,10,103,6,3,5.83
MBX00454,2026-04-29,17,108,5,2,4.63
MBX00454,2026-04-30,13,96,5,1,5.21
MBX00454,2026-05-01,23,105,4,1,3.81
MBX00454,2026-05-02,6,19,2,1,10.53
MBX00454,2026-05-03,1,14,3,0,21.43
MBX00454,2026-05-04,19,114,5,0,4.39
MBX00454,2026-05-05,23,89,2,3,2.25
MBX00454,2026-05-06,13,97,5,0,5.15
MBX00454,2026-05-07,8,94,5,1,5.32
MBX00454,2026-05-08,16,90,6,1,6.67
MBX00454,2026-05-09,2,15,1,0,6.67
MBX00454,2026-05-10,2,12,0,0,0.0
MBX00454,2026-05-11,15,99,9,1,9.09
MBX00454,2026-05-12,19,98,6,1,6.12
MBX00454,2026-05-13,20,101,6,1,5.94
MBX00454,2026-05-14,15,98,9,2,9.18
MBX00454,2026-05-15,16,84,5,0,5.95
MBX00454,2026-05-16,4,18,2,0,11.11
MBX00454,2026-05-17,4,23,4,1,17.39
MBX00454,2026-05-18,19,91,8,0,8.79
MBX00454,2026-05-19,14,111,11,3,9.91
MBX00454,2026-05-20,25,102,6,0,5.88
MBX00454,2026-05-21,18,92,2,1,2.17
MBX00454,2026-05-22,23,81,8,2,9.88
MBX00454,2026-05-23,3,15,0,0,0.0
MBX00454,2026-05-24,1,16,2,0,12.5
MBX00454,2026-05-25,20,86,10,1,11.63
MBX00454,2026-05-26,16,102,4,1,3.92
MBX00454,2026-05-27,17,81,1,3,1.23
MBX00454,2026-05-28,25,105,8,1,7.62
MBX00454,2026-05-29,23,108,6,0,5.56
MBX00454,2026-05-30,3,14,1,0,7.14
MBX00454,2026-05-31,2,21,2,0,9.52
MBX00454,2026-06-01,13,107,6,3,5.61
MBX00454,2026-06-02,22,91,7,0,7.69
MBX00454,2026-06-03,23,104,11,2,10.58
MBX00454,2026-06-04,20,96,5,1,5.21
MBX00454,2026-06-05,21,106,4,0,3.77
MBX00454,2026-06-06,2,16,2,0,12.5
MBX00454,2026-06-07,7,11,4,0,36.36
MBX00454,2026-06-08,20,112,1,1,0.89
MBX00454,2026-06-09,23,89,3,1,3.37
MBX00454,2026-06-10,20,91,9,0,9.89
MBX00454,2026-06-11,12,112,4,1,3.57
MBX00454,2026-06-12,22,89,5,1,5.62
MBX00454,2026-06-13,3,16,1,0,6.25
MBX00454,2026-06-14,3,11,1,0,9.09
MBX00454,2026-06-15,14,92,12,1,13.04
MBX00454,2026-06-16,17,87,5,0,5.75
MBX00454,2026-06-17,18,87,6,0,6.9
MBX00454,2026-06-18,18,114,10,1,8.77
MBX00454,2026-06-19,20,86,7,0,8.14
MBX00454,2026-06-20,2,18,0,0,0.0
MBX00454,2026-06-21,2,16,2,0,12.5
MBX00454,2026-06-22,8,89,7,2,7.87
MBX00454,2026-06-23,18,119,5,0,4.2
MBX00454,2026-06-24,13,102,8,1,7.84
MBX00454,2026-06-25,16,76,8,0,10.53
MBX00454,2026-06-26,22,89,6,1,6.74
MBX00454,2026-06-27,2,15,1,0,6.67
MBX00454,2026-06-28,0,14,1,0,7.14
MBX00454,2026-06-29,18,89,10,0,11.24
MBX00454,2026-06-30,20,96,9,2,9.38
MBX00454,2026-07-01,19,110,7,0,6.36
MBX00454,2026-07-02,15,94,3,0,3.19
MBX00454,2026-07-03,19,102,5,1,4.9
MBX00454,2026-07-04,0,10,2,0,20.0
MBX00454,2026-07-05,2,12,1,0,8.33
MBX00454,2026-07-06,12,91,6,0,6.59
MBX00454,2026-07-07,17,99,3,1,3.03
MBX00454,2026-07-08,24,85,11,1,12.94
MBX00454,2026-07-09,13,101,7,0,6.93
MBX00454,2026-07-10,21,96,6,1,6.25
MBX00454,2026-07-11,4,18,1,0,5.56
MBX00454,2026-07-12,2,19,0,1,0.0
MBX00454,2026-07-13,10,96,5,1,5.21
MBX00454,2026-07-14,13,105,2,1,1.9
MBX00454,2026-07-15,19,105,7,3,6.67
MBX00454,2026-07-16,15,101,3,2,2.97
MBX00454,2026-07-17,20,99,5,2,5.05
MBX00454,2026-07-18,3,22,2,0,9.09
MBX00454,2026-07-19,6,14,1,0,7.14
MBX00454,2026-07-20,13,90,6,2,6.67
MBX00454,2026-07-21,22,98,9,1,9.18
MBX00454,2026-07-22,16,107,6,0,5.61
MBX00454,2026-07-23,20,100,6,0,6.0
MBX00454,2026-07-24,13,85,4,0,4.71
MBX00509,2026-04-26,8,6,0,0,0.0
MBX00509,2026-04-27,41,61,2,1,3.28
MBX00509,2026-04-28,30,49,3,2,6.12
MBX00509,2026-04-29,33,52,5,2,9.62
MBX00509,2026-04-30,21,51,3,0,5.88
MBX00509,2026-05-01,22,67,2,0,2.99
MBX00509,2026-05-02,5,10,1,0,10.0
MBX00509,2026-05-03,3,5,0,0,0.0
MBX00509,2026-05-04,31,60,2,0,3.33
MBX00509,2026-05-05,23,62,5,0,8.06
MBX00509,2026-05-06,32,64,2,1,3.12
MBX00509,2026-05-07,32,63,4,1,6.35
MBX00509,2026-05-08,30,58,5,1,8.62
MBX00509,2026-05-09,4,17,1,0,5.88
MBX00509,2026-05-10,5,10,1,1,10.0
MBX00509,2026-05-11,27,74,7,0,9.46
MBX00509,2026-05-12,29,69,7,2,10.14
MBX00509,2026-05-13,41,65,4,0,6.15
MBX00509,2026-05-14,27,54,5,2,9.26
MBX00509,2026-05-15,31,61,7,2,11.48
MBX00509,2026-05-16,7,13,0,0,0.0
MBX00509,2026-05-17,4,11,1,0,9.09
MBX00509,2026-05-18,37,69,3,1,4.35
MBX00509,2026-05-19,30,77,4,0,5.19
MBX00509,2026-05-20,26,75,3,1,4.0
MBX00509,2026-05-21,24,60,1,1,1.67
MBX00509,2026-05-22,28,61,3,0,4.92
MBX00509,2026-05-23,6,10,0,0,0.0
MBX00509,2026-05-24,6,7,0,0,0.0
MBX00509,2026-05-25,25,60,7,2,11.67
MBX00509,2026-05-26,32,53,3,0,5.66
MBX00509,2026-05-27,39,67,2,1,2.99
MBX00509,2026-05-28,35,51,4,0,7.84
MBX00509,2026-05-29,20,63,3,0,4.76
MBX00509,2026-05-30,3,10,0,0,0.0
MBX00509,2026-05-31,4,10,0,0,0.0
MBX00509,2026-06-01,36,61,5,1,8.2
MBX00509,2026-06-02,30,68,2,1,2.94
MBX00509,2026-06-03,30,77,3,0,3.9
MBX00509,2026-06-04,41,46,5,1,10.87
MBX00509,2026-06-05,34,52,3,2,5.77
MBX00509,2026-06-06,3,8,0,1,0.0
MBX00509,2026-06-07,4,6,0,0,0.0
MBX00509,2026-06-08,28,54,1,0,1.85
MBX00509,2026-06-09,22,57,3,0,5.26
MBX00509,2026-06-10,43,63,2,0,3.17
MBX00509,2026-06-11,18,73,4,1,5.48
MBX00509,2026-06-12,23,60,2,0,3.33
MBX00509,2026-06-13,2,12,1,0,8.33
MBX00509,2026-06-14,2,11,0,0,0.0
MBX00509,2026-06-15,31,63,3,2,4.76
MBX00509,2026-06-16,29,55,5,0,9.09
MBX00509,2026-06-17,38,72,5,1,6.94
MBX00509,2026-06-18,18,55,2,1,3.64
MBX00509,2026-06-19,27,63,9,2,14.29
MBX00509,2026-06-20,2,10,0,0,0.0
MBX00509,2026-06-21,6,11,1,0,9.09
MBX00509,2026-06-22,41,69,2,0,2.9
MBX00509,2026-06-23,29,53,7,1,13.21
MBX00509,2026-06-24,23,40,7,1,17.5
MBX00509,2026-06-25,24,50,4,2,8.0
MBX00509,2026-06-26,35,62,5,2,8.06
MBX00509,2026-06-27,0,11,2,0,18.18
MBX00509,2026-06-28,5,6,1,0,16.67
MBX00509,2026-06-29,33,54,2,1,3.7
MBX00509,2026-06-30,24,58,7,1,12.07
MBX00509,2026-07-01,28,62,6,1,9.68
MBX00509,2026-07-02,38,56,4,1,7.14
MBX00509,2026-07-03,22,63,3,2,4.76
MBX00509,2026-07-04,3,15,1,0,6.67
MBX00509,2026-07-05,5,9,1,0,11.11
MBX00509,2026-07-06,24,68,4,1,5.88
MBX00509,2026-07-07,31,66,2,0,3.03
MBX00509,2026-07-08,28,48,4,0,8.33
MBX00509,2026-07-09,38,75,4,1,5.33
MBX00509,2026-07-10,35,68,3,1,4.41
MBX00509,2026-07-11,3,9,0,0,0.0
MBX00509,2026-07-12,5,10,0,1,0.0
MBX00509,2026-07-13,24,61,8,0,13.11
MBX00509,2026-07-14,28,74,4,0,5.41
MBX00509,2026-07-15,33,63,0,1,0.0
MBX00509,2026-07-16,29,58,3,0,5.17
MBX00509,2026-07-17,39,60,1,1,1.67
MBX00509,2026-07-18,4,10,0,0,0.0
MBX00509,2026-07-19,4,7,1,0,14.29
MBX00509,2026-07-20,31,46,4,2,8.7
MBX00509,2026-07-21,31,50,4,1,8.0
MBX00509,2026-07-22,33,67,4,2,5.97
MBX00509,2026-07-23,30,68,1,2,1.47
MBX00509,2026-07-24,23,68,3,0,4.41
MBX00665,2026-04-26,0,0,0,0,0.0
MBX00665,2026-04-27,0,0,0,0,0.0
MBX00665,2026-04-28,0,0,0,0,0.0
MBX00665,2026-04-29,0,1,0,0,0.0
MBX00665,2026-04-30,0,0,0,0,0.0
MBX00665,2026-05-01,0,0,0,0,0.0
MBX00665,2026-05-02,0,0,0,0,0.0
MBX00665,2026-05-03,0,0,0,0,0.0
MBX00665,2026-05-04,0,0,0,0,0.0
MBX00665,2026-05-05,0,0,0,0,0.0
MBX00665,2026-05-06,0,0,0,0,0.0
MBX00665,2026-05-07,0,0,0,0,0.0
MBX00665,2026-05-08,0,0,0,0,0.0
MBX00665,2026-05-09,0,0,0,0,0.0
MBX00665,2026-05-10,0,0,0,0,0.0
MBX00665,2026-05-11,0,0,0,0,0.0
MBX00665,2026-05-12,0,0,0,0,0.0
MBX00665,2026-05-13,0,0,0,0,0.0
MBX00665,2026-05-14,0,0,0,0,0.0
MBX00665,2026-05-15,0,0,0,0,0.0
MBX00665,2026-05-16,0,0,0,0,0.0
MBX00665,2026-05-17,0,0,0,0,0.0
MBX00665,2026-05-18,0,0,0,0,0.0
MBX00665,2026-05-19,0,0,0,0,0.0
MBX00665,2026-05-20,0,0,0,0,0.0
MBX00665,2026-05-21,0,0,0,0,0.0
MBX00665,2026-05-22,0,0,0,0,0.0
MBX00665,2026-05-23,0,0,0,0,0.0
MBX00665,2026-05-24,0,0,0,0,0.0
MBX00665,2026-05-25,0,0,0,0,0.0
MBX00665,2026-05-26,0,0,0,0,0.0
MBX00665,2026-05-27,0,0,0,0,0.0
MBX00665,2026-05-28,0,0,0,0,0.0
MBX00665,2026-05-29,0,0,0,0,0.0
MBX00665,2026-05-30,0,0,0,0,0.0
MBX00665,2026-05-31,0,0,0,0,0.0
MBX00665,2026-06-01,0,0,0,0,0.0
MBX00665,2026-06-02,0,0,0,0,0.0
MBX00665,2026-06-03,0,0,0,0,0.0
MBX00665,2026-06-04,0,0,0,0,0.0
MBX00665,2026-06-05,0,0,0,0,0.0
MBX00665,2026-06-06,0,0,0,0,0.0
MBX00665,2026-06-07,0,0,0,0,0.0
MBX00665,2026-06-08,0,1,0,0,0.0
MBX00665,2026-06-09,0,0,0,0,0.0
MBX00665,2026-06-10,0,0,0,0,0.0
MBX00665,2026-06-11,0,0,0,0,0.0
MBX00665,2026-06-12,0,0,0,0,0.0
MBX00665,2026-06-13,0,0,0,0,0.0
MBX00665,2026-06-14,0,0,0,0,0.0
MBX00665,2026-06-15,0,0,0,0,0.0
MBX00665,2026-06-16,0,0,0,0,0.0
MBX00665,2026-06-17,0,0,0,0,0.0
MBX00665,2026-06-18,1,0,0,0,0.0
MBX00665,2026-06-19,0,0,0,0,0.0
MBX00665,2026-06-20,0,0,0,0,0.0
MBX00665,2026-06-21,0,0,0,0,0.0
MBX00665,2026-06-22,0,0,0,0,0.0
MBX00665,2026-06-23,0,0,0,0,0.0
MBX00665,2026-06-24,0,1,0,0,0.0
MBX00665,2026-06-25,0,0,0,0,0.0
MBX00665,2026-06-26,0,1,0,0,0.0
MBX00665,2026-06-27,0,0,0,0,0.0
MBX00665,2026-06-28,0,0,0,0,0.0
MBX00665,2026-06-29,0,0,0,0,0.0
MBX00665,2026-06-30,0,0,0,0,0.0
MBX00665,2026-07-01,0,0,0,0,0.0
MBX00665,2026-07-02,0,0,0,0,0.0
MBX00665,2026-07-03,0,1,0,0,0.0
MBX00665,2026-07-04,0,0,0,0,0.0
MBX00665,2026-07-05,0,0,0,0,0.0
MBX00665,2026-07-06,0,0,0,0,0.0
MBX00665,2026-07-07,0,0,0,0,0.0
MBX00665,2026-07-08,0,0,0,0,0.0
MBX00665,2026-07-09,0,0,0,0,0.0
MBX00665,2026-07-10,0,0,0,0,0.0
MBX00665,2026-07-11,0,0,0,0,0.0
MBX00665,2026-07-12,0,1,0,0,0.0
MBX00665,2026-07-13,0,0,0,0,0.0
MBX00665,2026-07-14,0,0,0,0,0.0
MBX00665,2026-07-15,0,0,0,0,0.0
MBX00665,2026-07-16,0,0,0,0,0.0
MBX00665,2026-07-17,0,0,0,0,0.0
MBX00665,2026-07-18,0,0,0,0,0.0
MBX00665,2026-07-19,0,0,0,0,0.0
MBX00665,2026-07-20,0,0,0,0,0.0
MBX00665,2026-07-21,0,0,0,0,0.0
MBX00665,2026-07-22,0,0,0,0,0.0
MBX00665,2026-07-23,0,0,0,0,0.0
MBX00665,2026-07-24,0,1,0,0,0.0
MBX00543,2026-04-26,4,12,1,0,8.33
MBX00543,2026-04-27,22,101,9,0,8.91
MBX00543,2026-04-28,33,100,2,2,2.0
MBX00543,2026-04-29,26,92,5,0,5.43
MBX00543,2026-04-30,19,105,1,1,0.95
MBX00543,2026-05-01,31,99,9,2,9.09
MBX00543,2026-05-02,5,20,1,0,5.0
MBX00543,2026-05-03,6,14,0,0,0.0
MBX00543,2026-05-04,18,89,11,3,12.36
MBX00543,2026-05-05,28,95,6,1,6.32
MBX00543,2026-05-06,19,95,8,0,8.42
MBX00543,2026-05-07,27,94,5,0,5.32
MBX00543,2026-05-08,30,101,6,1,5.94
MBX00543,2026-05-09,3,14,1,0,7.14
MBX00543,2026-05-10,4,27,3,0,11.11
MBX00543,2026-05-11,25,88,6,1,6.82
MBX00543,2026-05-12,29,89,6,2,6.74
MBX00543,2026-05-13,27,101,6,0,5.94
MBX00543,2026-05-14,20,111,13,1,11.71
MBX00543,2026-05-15,25,95,5,1,5.26
MBX00543,2026-05-16,4,15,0,0,0.0
MBX00543,2026-05-17,1,16,2,1,12.5
MBX00543,2026-05-18,39,96,5,0,5.21
MBX00543,2026-05-19,21,97,3,1,3.09
MBX00543,2026-05-20,17,101,5,1,4.95
MBX00543,2026-05-21,17,105,6,3,5.71
MBX00543,2026-05-22,21,84,5,1,5.95
MBX00543,2026-05-23,0,15,2,0,13.33
MBX00543,2026-05-24,6,23,0,0,0.0
MBX00543,2026-05-25,26,94,3,0,3.19
MBX00543,2026-05-26,32,90,10,0,11.11
MBX00543,2026-05-27,35,81,5,1,6.17
MBX00543,2026-05-28,34,90,5,2,5.56
MBX00543,2026-05-29,22,97,6,3,6.19
MBX00543,2026-05-30,2,15,2,0,13.33
MBX00543,2026-05-31,8,12,0,0,0.0
MBX00543,2026-06-01,31,112,5,4,4.46
MBX00543,2026-06-02,20,95,7,0,7.37
MBX00543,2026-06-03,38,97,6,5,6.19
MBX00543,2026-06-04,24,86,7,0,8.14
MBX00543,2026-06-05,23,94,9,1,9.57
MBX00543,2026-06-06,6,16,0,0,0.0
MBX00543,2026-06-07,2,18,1,0,5.56
MBX00543,2026-06-08,26,106,7,3,6.6
MBX00543,2026-06-09,26,95,6,0,6.32
MBX00543,2026-06-10,19,96,3,0,3.12
MBX00543,2026-06-11,19,101,3,3,2.97
MBX00543,2026-06-12,24,89,7,2,7.87
MBX00543,2026-06-13,7,20,3,0,15.0
MBX00543,2026-06-14,4,16,0,2,0.0
MBX00543,2026-06-15,27,102,4,0,3.92
MBX00543,2026-06-16,29,90,6,0,6.67
MBX00543,2026-06-17,39,86,5,1,5.81
MBX00543,2026-06-18,22,86,5,2,5.81
MBX00543,2026-06-19,14,100,6,5,6.0
MBX00543,2026-06-20,2,18,1,0,5.56
MBX00543,2026-06-21,4,14,1,0,7.14
MBX00543,2026-06-22,25,103,8,0,7.77
MBX00543,2026-06-23,23,92,4,0,4.35
MBX00543,2026-06-24,22,118,11,1,9.32
MBX00543,2026-06-25,28,116,8,3,6.9
MBX00543,2026-06-26,25,121,7,2,5.79
MBX00543,2026-06-27,5,12,1,0,8.33
MBX00543,2026-06-28,4,11,0,0,0.0
MBX00543,2026-06-29,16,83,4,1,4.82
MBX00543,2026-06-30,34,75,7,2,9.33
MBX00543,2026-07-01,40,97,8,3,8.25
MBX00543,2026-07-02,18,96,7,3,7.29
MBX00543,2026-07-03,25,86,7,1,8.14
MBX00543,2026-07-04,5,17,1,0,5.88
MBX00543,2026-07-05,3,7,0,0,0.0
MBX00543,2026-07-06,18,92,6,3,6.52
MBX00543,2026-07-07,17,86,7,1,8.14
MBX00543,2026-07-08,31,99,3,2,3.03
MBX00543,2026-07-09,27,98,7,0,7.14
MBX00543,2026-07-10,38,98,5,1,5.1
MBX00543,2026-07-11,4,14,1,1,7.14
MBX00543,2026-07-12,2,7,0,0,0.0
MBX00543,2026-07-13,29,86,2,1,2.33
MBX00543,2026-07-14,33,96,6,3,6.25
MBX00543,2026-07-15,36,120,18,2,15.0
MBX00543,2026-07-16,20,79,4,1,5.06
MBX00543,2026-07-17,23,88,6,1,6.82
MBX00543,2026-07-18,3,11,0,0,0.0
MBX00543,2026-07-19,7,18,0,1,0.0
MBX00543,2026-07-20,16,114,10,0,8.77
MBX00543,2026-07-21,22,86,2,3,2.33
MBX00543,2026-07-22,25,93,2,1,2.15
MBX00543,2026-07-23,30,92,4,0,4.35
MBX00543,2026-07-24,20,98,2,1,2.04
MBX00742,2026-04-26,4,5,0,0,0.0
MBX00742,2026-04-27,36,61,1,3,1.64
MBX00742,2026-04-28,42,47,3,0,6.38
MBX00742,2026-04-29,32,50,2,1,4.0
MBX00742,2026-04-30,19,46,2,1,4.35
MBX00742,2026-05-01,41,51,3,0,5.88
MBX00742,2026-05-02,5,5,1,0,20.0
MBX00742,2026-05-03,6,9,0,0,0.0
MBX00742,2026-05-04,42,48,3,1,6.25
MBX00742,2026-05-05,36,42,0,1,0.0
MBX00742,2026-05-06,39,45,3,0,6.67
MBX00742,2026-05-07,30,37,1,0,2.7
MBX00742,2026-05-08,43,51,5,1,9.8
MBX00742,2026-05-09,5,8,0,0,0.0
MBX00742,2026-05-10,6,5,0,0,0.0
MBX00742,2026-05-11,44,45,2,1,4.44
MBX00742,2026-05-12,43,46,3,1,6.52
MBX00742,2026-05-13,31,43,4,1,9.3
MBX00742,2026-05-14,35,42,3,0,7.14
MBX00742,2026-05-15,28,43,5,0,11.63
MBX00742,2026-05-16,8,9,0,0,0.0
MBX00742,2026-05-17,6,4,0,0,0.0
MBX00742,2026-05-18,34,38,3,1,7.89
MBX00742,2026-05-19,36,31,1,2,3.23
MBX00742,2026-05-20,41,42,5,0,11.9
MBX00742,2026-05-21,33,49,1,1,2.04
MBX00742,2026-05-22,35,49,1,1,2.04
MBX00742,2026-05-23,5,8,0,0,0.0
MBX00742,2026-05-24,4,4,0,0,0.0
MBX00742,2026-05-25,40,41,2,2,4.88
MBX00742,2026-05-26,33,52,3,1,5.77
MBX00742,2026-05-27,43,55,2,1,3.64
MBX00742,2026-05-28,29,42,1,1,2.38
MBX00742,2026-05-29,50,43,6,4,13.95
MBX00742,2026-05-30,6,11,0,0,0.0
MBX00742,2026-05-31,6,5,0,0,0.0
MBX00742,2026-06-01,30,48,6,0,12.5
MBX00742,2026-06-02,37,43,1,0,2.33
MBX00742,2026-06-03,48,40,3,0,7.5
MBX00742,2026-06-04,44,48,0,1,0.0
MBX00742,2026-06-05,54,43,3,0,6.98
MBX00742,2026-06-06,3,4,2,0,50.0
MBX00742,2026-06-07,6,10,2,0,20.0
MBX00742,2026-06-08,29,32,0,0,0.0
MBX00742,2026-06-09,35,48,2,0,4.17
MBX00742,2026-06-10,34,51,4,1,7.84
MBX00742,2026-06-11,50,49,1,2,2.04
MBX00742,2026-06-12,46,50,2,1,4.0
MBX00742,2026-06-13,3,6,0,0,0.0
MBX00742,2026-06-14,5,11,0,0,0.0
MBX00742,2026-06-15,47,44,2,1,4.55
MBX00742,2026-06-16,42,56,6,0,10.71
MBX00742,2026-06-17,39,37,0,0,0.0
MBX00742,2026-06-18,34,40,1,2,2.5
MBX00742,2026-06-19,50,44,4,2,9.09
MBX00742,2026-06-20,4,5,1,0,20.0
MBX00742,2026-06-21,6,6,0,0,0.0
MBX00742,2026-06-22,35,49,2,1,4.08
MBX00742,2026-06-23,35,50,1,2,2.0
MBX00742,2026-06-24,42,59,2,1,3.39
MBX00742,2026-06-25,33,48,5,0,10.42
MBX00742,2026-06-26,26,52,9,2,17.31
MBX00742,2026-06-27,8,9,0,0,0.0
MBX00742,2026-06-28,2,7,0,0,0.0
MBX00742,2026-06-29,37,32,1,0,3.12
MBX00742,2026-06-30,35,36,0,0,0.0
MBX00742,2026-07-01,42,40,2,1,5.0
MBX00742,2026-07-02,34,44,0,1,0.0
MBX00742,2026-07-03,45,45,5,0,11.11
MBX00742,2026-07-04,7,7,2,0,28.57
MBX00742,2026-07-05,3,3,0,0,0.0
MBX00742,2026-07-06,37,45,1,1,2.22
MBX00742,2026-07-07,39,32,4,0,12.5
MBX00742,2026-07-08,32,50,4,0,8.0
MBX00742,2026-07-09,39,53,6,2,11.32
MBX00742,2026-07-10,42,53,5,0,9.43
MBX00742,2026-07-11,13,4,0,0,0.0
MBX00742,2026-07-12,6,12,0,0,0.0
MBX00742,2026-07-13,32,45,3,0,6.67
MBX00742,2026-07-14,26,46,8,1,17.39
MBX00742,2026-07-15,45,46,2,2,4.35
MBX00742,2026-07-16,40,43,2,0,4.65
MBX00742,2026-07-17,37,39,2,0,5.13
MBX00742,2026-07-18,7,7,0,0,0.0
MBX00742,2026-07-19,3,8,0,0,0.0
MBX00742,2026-07-20,41,56,1,1,1.79
MBX00742,2026-07-21,27,51,4,1,7.84
MBX00742,2026-07-22,37,48,2,1,4.17
MBX00742,2026-07-23,34,43,3,0,6.98
MBX00742,2026-07-24,34,36,1,1,2.78
MBX00728,2026-04-26,1,12,1,0,8.33
MBX00728,2026-04-27,13,81,4,1,4.94
MBX00728,2026-04-28,11,72,6,0,8.33
MBX00728,2026-04-29,8,67,6,1,8.96
MBX00728,2026-04-30,3,78,9,1,11.54
MBX00728,2026-05-01,10,57,0,1,0.0
MBX00728,2026-05-02,2,12,0,0,0.0
MBX00728,2026-05-03,1,10,0,0,0.0
MBX00728,2026-05-04,9,73,4,2,5.48
MBX00728,2026-05-05,5,77,5,0,6.49
MBX00728,2026-05-06,7,80,6,1,7.5
MBX00728,2026-05-07,10,71,2,2,2.82
MBX00728,2026-05-08,8,75,9,1,12.0
MBX00728,2026-05-09,0,9,0,0,0.0
MBX00728,2026-05-10,1,10,0,0,0.0
MBX00728,2026-05-11,7,57,3,0,5.26
MBX00728,2026-05-12,7,65,6,5,9.23
MBX00728,2026-05-13,4,68,6,1,8.82
MBX00728,2026-05-14,5,59,3,0,5.08
MBX00728,2026-05-15,10,67,4,1,5.97
MBX00728,2026-05-16,3,9,0,0,0.0
MBX00728,2026-05-17,2,14,1,0,7.14
MBX00728,2026-05-18,8,69,7,0,10.14
MBX00728,2026-05-19,11,75,5,2,6.67
MBX00728,2026-05-20,12,89,7,0,7.87
MBX00728,2026-05-21,7,56,1,0,1.79
MBX00728,2026-05-22,6,75,2,0,2.67
MBX00728,2026-05-23,0,8,1,1,12.5
MBX00728,2026-05-24,2,9,0,0,0.0
MBX00728,2026-05-25,6,84,3,0,3.57
MBX00728,2026-05-26,7,61,5,1,8.2
MBX00728,2026-05-27,11,68,5,0,7.35
MBX00728,2026-05-28,12,78,2,0,2.56
MBX00728,2026-05-29,5,59,3,0,5.08
MBX00728,2026-05-30,1,4,1,0,25.0
MBX00728,2026-05-31,3,16,0,0,0.0
MBX00728,2026-06-01,11,69,8,0,11.59
MBX00728,2026-06-02,11,65,2,1,3.08
MBX00728,2026-06-03,8,78,3,0,3.85
MBX00728,2026-06-04,6,78,6,0,7.69
MBX00728,2026-06-05,3,66,4,0,6.06
MBX00728,2026-06-06,3,9,0,0,0.0
MBX00728,2026-06-07,3,6,1,0,16.67
MBX00728,2026-06-08,7,60,4,2,6.67
MBX00728,2026-06-09,14,60,3,1,5.0
MBX00728,2026-06-10,10,62,4,2,6.45
MBX00728,2026-06-11,6,68,6,1,8.82
MBX00728,2026-06-12,5,83,1,1,1.2
MBX00728,2026-06-13,3,7,1,0,14.29
MBX00728,2026-06-14,2,6,0,0,0.0
MBX00728,2026-06-15,8,64,6,0,9.38
MBX00728,2026-06-16,12,63,10,0,15.87
MBX00728,2026-06-17,4,69,7,1,10.14
MBX00728,2026-06-18,11,64,5,1,7.81
MBX00728,2026-06-19,8,88,5,0,5.68
MBX00728,2026-06-20,0,12,1,0,8.33
MBX00728,2026-06-21,1,6,0,0,0.0
MBX00728,2026-06-22,10,70,7,1,10.0
MBX00728,2026-06-23,11,58,8,2,13.79
MBX00728,2026-06-24,9,79,4,0,5.06
MBX00728,2026-06-25,10,59,4,1,6.78
MBX00728,2026-06-26,6,69,4,2,5.8
MBX00728,2026-06-27,2,12,1,0,8.33
MBX00728,2026-06-28,2,8,0,0,0.0
MBX00728,2026-06-29,13,75,3,0,4.0
MBX00728,2026-06-30,13,67,2,0,2.99
MBX00728,2026-07-01,5,67,5,1,7.46
MBX00728,2026-07-02,9,71,7,0,9.86
MBX00728,2026-07-03,7,65,3,0,4.62
MBX00728,2026-07-04,0,8,0,0,0.0
MBX00728,2026-07-05,1,12,1,0,8.33
MBX00728,2026-07-06,8,57,4,2,7.02
MBX00728,2026-07-07,10,58,2,1,3.45
MBX00728,2026-07-08,4,76,5,1,6.58
MBX00728,2026-07-09,7,59,0,0,0.0
MBX00728,2026-07-10,11,62,3,0,4.84
MBX00728,2026-07-11,3,11,0,0,0.0
MBX00728,2026-07-12,2,12,2,1,16.67
MBX00728,2026-07-13,8,65,5,0,7.69
MBX00728,2026-07-14,5,66,6,0,9.09
MBX00728,2026-07-15,8,71,2,4,2.82
MBX00728,2026-07-16,11,72,3,1,4.17
MBX00728,2026-07-17,7,75,5,0,6.67
MBX00728,2026-07-18,1,9,0,0,0.0
MBX00728,2026-07-19,2,9,1,0,11.11
MBX00728,2026-07-20,10,75,3,1,4.0
MBX00728,2026-07-21,12,72,4,0,5.56
MBX00728,2026-07-22,3,59,2,0,3.39
MBX00728,2026-07-23,9,72,2,0,2.78
MBX00728,2026-07-24,11,81,4,1,4.94
MBX00035,2026-04-26,2,4,0,0,0.0
MBX00035,2026-04-27,5,16,1,0,6.25
MBX00035,2026-04-28,9,19,2,0,10.53
MBX00035,2026-04-29,6,19,1,0,5.26
MBX00035,2026-04-30,7,16,0,0,0.0
MBX00035,2026-05-01,7,13,0,1,0.0
MBX00035,2026-05-02,0,5,1,0,20.0
MBX00035,2026-05-03,1,3,0,0,0.0
MBX00035,2026-05-04,8,10,0,0,0.0
MBX00035,2026-05-05,8,22,2,0,9.09
MBX00035,2026-05-06,8,21,0,1,0.0
MBX00035,2026-05-07,2,17,0,0,0.0
MBX00035,2026-05-08,13,16,2,1,12.5
MBX00035,2026-05-09,0,3,0,0,0.0
MBX00035,2026-05-10,2,3,0,0,0.0
MBX00035,2026-05-11,6,20,1,0,5.0
MBX00035,2026-05-12,13,10,1,0,10.0
MBX00035,2026-05-13,3,20,1,0,5.0
MBX00035,2026-05-14,6,11,0,0,0.0
MBX00035,2026-05-15,6,23,0,0,0.0
MBX00035,2026-05-16,3,3,0,0,0.0
MBX00035,2026-05-17,3,3,1,0,33.33
MBX00035,2026-05-18,4,11,0,0,0.0
MBX00035,2026-05-19,7,21,0,0,0.0
MBX00035,2026-05-20,10,17,2,0,11.76
MBX00035,2026-05-21,13,15,0,0,0.0
MBX00035,2026-05-22,9,10,1,0,10.0
MBX00035,2026-05-23,3,4,0,0,0.0
MBX00035,2026-05-24,2,2,0,0,0.0
MBX00035,2026-05-25,11,13,1,0,7.69
MBX00035,2026-05-26,12,14,1,1,7.14
MBX00035,2026-05-27,6,21,4,0,19.05
MBX00035,2026-05-28,9,22,1,0,4.55
MBX00035,2026-05-29,7,17,0,1,0.0
MBX00035,2026-05-30,1,4,0,0,0.0
MBX00035,2026-05-31,3,5,1,0,20.0
MBX00035,2026-06-01,7,11,0,0,0.0
MBX00035,2026-06-02,11,10,1,1,10.0
MBX00035,2026-06-03,8,26,0,0,0.0
MBX00035,2026-06-04,5,17,1,1,5.88
MBX00035,2026-06-05,9,14,0,1,0.0
MBX00035,2026-06-06,1,2,0,0,0.0
MBX00035,2026-06-07,0,2,0,0,0.0
MBX00035,2026-06-08,7,10,0,0,0.0
MBX00035,2026-06-09,8,15,1,0,6.67
MBX00035,2026-06-10,5,13,3,1,23.08
MBX00035,2026-06-11,6,14,1,0,7.14
MBX00035,2026-06-12,5,15,1,0,6.67
MBX00035,2026-06-13,1,2,0,0,0.0
MBX00035,2026-06-14,2,1,0,0,0.0
MBX00035,2026-06-15,7,21,0,0,0.0
MBX00035,2026-06-16,9,11,0,0,0.0
MBX00035,2026-06-17,10,19,2,0,10.53
MBX00035,2026-06-18,13,15,2,0,13.33
MBX00035,2026-06-19,11,18,2,0,11.11
MBX00035,2026-06-20,0,3,1,0,33.33
MBX00035,2026-06-21,1,3,1,0,33.33
MBX00035,2026-06-22,6,22,1,1,4.55
MBX00035,2026-06-23,10,16,2,0,12.5
MBX00035,2026-06-24,6,14,1,0,7.14
MBX00035,2026-06-25,6,18,0,0,0.0
MBX00035,2026-06-26,9,24,2,0,8.33
MBX00035,2026-06-27,0,1,0,0,0.0
MBX00035,2026-06-28,0,1,0,0,0.0
MBX00035,2026-06-29,9,10,0,0,0.0
MBX00035,2026-06-30,7,17,1,0,5.88
MBX00035,2026-07-01,13,27,1,0,3.7
MBX00035,2026-07-02,9,11,0,0,0.0
MBX00035,2026-07-03,9,13,0,0,0.0
MBX00035,2026-07-04,0,3,0,0,0.0
MBX00035,2026-07-05,0,2,0,0,0.0
MBX00035,2026-07-06,10,21,0,0,0.0
MBX00035,2026-07-07,6,20,0,0,0.0
MBX00035,2026-07-08,6,14,0,0,0.0
MBX00035,2026-07-09,11,22,1,0,4.55
MBX00035,2026-07-10,8,19,2,0,10.53
MBX00035,2026-07-11,3,4,0,1,0.0
MBX00035,2026-07-12,0,5,0,0,0.0
MBX00035,2026-07-13,3,15,0,1,0.0
MBX00035,2026-07-14,8,20,2,1,10.0
MBX00035,2026-07-15,10,18,0,2,0.0
MBX00035,2026-07-16,5,18,0,0,0.0
MBX00035,2026-07-17,10,12,0,0,0.0
MBX00035,2026-07-18,1,3,0,0,0.0
MBX00035,2026-07-19,1,2,0,0,0.0
MBX00035,2026-07-20,9,11,1,0,9.09
MBX00035,2026-07-21,11,16,1,0,6.25
MBX00035,2026-07-22,7,12,0,0,0.0
MBX00035,2026-07-23,10,25,0,0,0.0
MBX00035,2026-07-24,8,19,0,0,0.0
MBX00609,2026-04-26,0,0,0,0,0.0
MBX00609,2026-04-27,0,2,0,0,0.0
MBX00609,2026-04-28,2,1,0,0,0.0
MBX00609,2026-04-29,1,7,0,0,0.0
MBX00609,2026-04-30,1,5,0,0,0.0
MBX00609,2026-05-01,3,3,0,0,0.0
MBX00609,2026-05-02,1,1,0,0,0.0
MBX00609,2026-05-03,0,1,0,0,0.0
MBX00609,2026-05-04,1,0,0,0,0.0
MBX00609,2026-05-05,1,2,0,0,0.0
MBX00609,2026-05-06,1,2,0,0,0.0
MBX00609,2026-05-07,1,2,0,0,0.0
MBX00609,2026-05-08,0,2,0,0,0.0
MBX00609,2026-05-09,0,0,0,0,0.0
MBX00609,2026-05-10,1,0,0,0,0.0
MBX00609,2026-05-11,0,2,0,0,0.0
MBX00609,2026-05-12,0,3,0,0,0.0
MBX00609,2026-05-13,0,2,0,0,0.0
MBX00609,2026-05-14,0,2,1,0,50.0
MBX00609,2026-05-15,2,1,0,0,0.0
MBX00609,2026-05-16,0,0,0,0,0.0
MBX00609,2026-05-17,0,0,0,0,0.0
MBX00609,2026-05-18,0,1,0,0,0.0
MBX00609,2026-05-19,0,2,0,0,0.0
MBX00609,2026-05-20,0,1,0,0,0.0
MBX00609,2026-05-21,0,2,1,0,50.0
MBX00609,2026-05-22,0,3,1,0,33.33
MBX00609,2026-05-23,0,0,0,0,0.0
MBX00609,2026-05-24,0,1,0,0,0.0
MBX00609,2026-05-25,2,3,0,0,0.0
MBX00609,2026-05-26,0,1,0,0,0.0
MBX00609,2026-05-27,0,1,0,0,0.0
MBX00609,2026-05-28,2,1,0,0,0.0
MBX00609,2026-05-29,1,3,1,0,33.33
MBX00609,2026-05-30,0,0,0,0,0.0
MBX00609,2026-05-31,0,0,0,0,0.0
MBX00609,2026-06-01,1,3,0,0,0.0
MBX00609,2026-06-02,2,5,0,0,0.0
MBX00609,2026-06-03,2,2,0,0,0.0
MBX00609,2026-06-04,1,2,0,0,0.0
MBX00609,2026-06-05,0,0,0,0,0.0
MBX00609,2026-06-06,0,0,0,0,0.0
MBX00609,2026-06-07,0,1,0,0,0.0
MBX00609,2026-06-08,1,3,0,0,0.0
MBX00609,2026-06-09,0,1,0,0,0.0
MBX00609,2026-06-10,1,2,0,0,0.0
MBX00609,2026-06-11,1,3,0,0,0.0
MBX00609,2026-06-12,1,1,0,0,0.0
MBX00609,2026-06-13,0,0,0,0,0.0
MBX00609,2026-06-14,0,2,0,0,0.0
MBX00609,2026-06-15,1,3,1,0,33.33
MBX00609,2026-06-16,1,3,1,0,33.33
MBX00609,2026-06-17,0,4,1,0,25.0
MBX00609,2026-06-18,2,3,0,0,0.0
MBX00609,2026-06-19,0,3,0,0,0.0
MBX00609,2026-06-20,0,0,0,0,0.0
MBX00609,2026-06-21,0,1,0,0,0.0
MBX00609,2026-06-22,0,3,0,0,0.0
MBX00609,2026-06-23,0,3,0,0,0.0
MBX00609,2026-06-24,2,6,0,1,0.0
MBX00609,2026-06-25,0,1,0,0,0.0
MBX00609,2026-06-26,2,1,0,0,0.0
MBX00609,2026-06-27,0,1,0,0,0.0
MBX00609,2026-06-28,0,0,0,0,0.0
MBX00609,2026-06-29,0,2,1,0,50.0
MBX00609,2026-06-30,0,4,0,0,0.0
MBX00609,2026-07-01,1,0,0,0,0.0
MBX00609,2026-07-02,0,6,0,0,0.0
MBX00609,2026-07-03,0,0,0,0,0.0
MBX00609,2026-07-04,0,0,0,0,0.0
MBX00609,2026-07-05,1,0,0,0,0.0
MBX00609,2026-07-06,0,3,0,0,0.0
MBX00609,2026-07-07,0,1,0,0,0.0
MBX00609,2026-07-08,0,4,0,0,0.0
MBX00609,2026-07-09,1,5,0,0,0.0
MBX00609,2026-07-10,1,3,1,0,33.33
MBX00609,2026-07-11,0,0,0,0,0.0
MBX00609,2026-07-12,0,1,0,0,0.0
MBX00609,2026-07-13,2,2,1,0,50.0
MBX00609,2026-07-14,1,4,0,0,0.0
MBX00609,2026-07-15,3,2,0,0,0.0
MBX00609,2026-07-16,1,0,0,0,0.0
MBX00609,2026-07-17,0,1,0,0,0.0
MBX00609,2026-07-18,0,0,0,0,0.0
MBX00609,2026-07-19,0,0,0,0,0.0
MBX00609,2026-07-20,1,2,0,0,0.0
MBX00609,2026-07-21,0,3,0,0,0.0
MBX00609,2026-07-22,0,3,0,0,0.0
MBX00609,2026-07-23,4,5,1,0,20.0
MBX00609,2026-07-24,0,3,0,0,0.0
MBX00495,2026-04-26,2,6,0,0,0.0
MBX00495,2026-04-27,31,73,8,0,10.96
MBX00495,2026-04-28,22,71,7,0,9.86
MBX00495,2026-04-29,34,70,6,2,8.57
MBX00495,2026-04-30,24,59,6,0,10.17
MBX00495,2026-05-01,29,68,4,1,5.88
MBX00495,2026-05-02,5,7,0,1,0.0
MBX00495,2026-05-03,0,9,0,0,0.0
MBX00495,2026-05-04,21,67,6,1,8.96
MBX00495,2026-05-05,24,70,4,1,5.71
MBX00495,2026-05-06,35,64,1,1,1.56
MBX00495,2026-05-07,35,66,4,0,6.06
MBX00495,2026-05-08,30,60,3,1,5.0
MBX00495,2026-05-09,2,9,1,0,11.11
MBX00495,2026-05-10,10,16,1,1,6.25
MBX00495,2026-05-11,19,71,4,0,5.63
MBX00495,2026-05-12,27,53,2,1,3.77
MBX00495,2026-05-13,28,66,2,3,3.03
MBX00495,2026-05-14,18,60,2,1,3.33
MBX00495,2026-05-15,35,76,6,0,7.89
MBX00495,2026-05-16,9,12,0,0,0.0
MBX00495,2026-05-17,6,7,0,0,0.0
MBX00495,2026-05-18,21,75,4,1,5.33
MBX00495,2026-05-19,37,72,6,0,8.33
MBX00495,2026-05-20,26,74,2,2,2.7
MBX00495,2026-05-21,28,81,8,1,9.88
MBX00495,2026-05-22,29,65,3,1,4.62
MBX00495,2026-05-23,0,8,0,0,0.0
MBX00495,2026-05-24,3,6,0,0,0.0
MBX00495,2026-05-25,15,61,8,0,13.11
MBX00495,2026-05-26,26,66,3,2,4.55
MBX00495,2026-05-27,26,65,3,0,4.62
MBX00495,2026-05-28,30,63,6,2,9.52
MBX00495,2026-05-29,28,75,5,2,6.67
MBX00495,2026-05-30,3,10,0,1,0.0
MBX00495,2026-05-31,5,9,0,0,0.0
MBX00495,2026-06-01,25,66,6,0,9.09
MBX00495,2026-06-02,25,65,5,4,7.69
MBX00495,2026-06-03,20,61,3,2,4.92
MBX00495,2026-06-04,23,58,3,1,5.17
MBX00495,2026-06-05,26,51,1,1,1.96
MBX00495,2026-06-06,9,8,0,0,0.0
MBX00495,2026-06-07,2,15,0,0,0.0
MBX00495,2026-06-08,24,69,3,0,4.35
MBX00495,2026-06-09,38,60,4,1,6.67
MBX00495,2026-06-10,28,64,2,0,3.12
MBX00495,2026-06-11,29,68,4,1,5.88
MBX00495,2026-06-12,21,55,6,0,10.91
MBX00495,2026-06-13,3,11,0,0,0.0
MBX00495,2026-06-14,4,9,0,0,0.0
MBX00495,2026-06-15,35,56,5,3,8.93
MBX00495,2026-06-16,16,68,4,1,5.88
MBX00495,2026-06-17,16,66,4,0,6.06
MBX00495,2026-06-18,23,73,3,1,4.11
MBX00495,2026-06-19,16,58,2,3,3.45
MBX00495,2026-06-20,3,8,0,0,0.0
MBX00495,2026-06-21,2,10,1,0,10.0
MBX00495,2026-06-22,35,55,5,0,9.09
MBX00495,2026-06-23,22,70,2,0,2.86
MBX00495,2026-06-24,27,55,3,0,5.45
MBX00495,2026-06-25,27,60,3,1,5.0
MBX00495,2026-06-26,21,81,7,1,8.64
MBX00495,2026-06-27,10,15,0,0,0.0
MBX00495,2026-06-28,3,15,0,0,0.0
MBX00495,2026-06-29,25,53,6,2,11.32
MBX00495,2026-06-30,23,61,0,0,0.0
MBX00495,2026-07-01,24,72,4,0,5.56
MBX00495,2026-07-02,26,68,2,0,2.94
MBX00495,2026-07-03,22,58,3,0,5.17
MBX00495,2026-07-04,2,6,1,0,16.67
MBX00495,2026-07-05,3,5,1,0,20.0
MBX00495,2026-07-06,22,81,7,0,8.64
MBX00495,2026-07-07,18,71,5,1,7.04
MBX00495,2026-07-08,27,63,2,3,3.17
MBX00495,2026-07-09,20,73,5,0,6.85
MBX00495,2026-07-10,35,61,3,1,4.92
MBX00495,2026-07-11,3,7,3,0,42.86
MBX00495,2026-07-12,4,11,2,0,18.18
MBX00495,2026-07-13,20,66,2,2,3.03
MBX00495,2026-07-14,35,56,3,0,5.36
MBX00495,2026-07-15,32,68,5,2,7.35
MBX00495,2026-07-16,20,72,8,1,11.11
MBX00495,2026-07-17,26,69,5,0,7.25
MBX00495,2026-07-18,8,7,2,0,28.57
MBX00495,2026-07-19,5,7,0,0,0.0
MBX00495,2026-07-20,24,68,3,0,4.41
MBX00495,2026-07-21,38,53,2,1,3.77
MBX00495,2026-07-22,34,77,7,1,9.09
MBX00495,2026-07-23,19,49,4,0,8.16
MBX00495,2026-07-24,21,71,6,2,8.45
MBX00351,2026-04-26,6,2,0,0,0.0
MBX00351,2026-04-27,42,19,0,0,0.0
MBX00351,2026-04-28,30,24,1,1,4.17
MBX00351,2026-04-29,43,21,1,0,4.76
MBX00351,2026-04-30,32,18,2,0,11.11
MBX00351,2026-05-01,43,28,2,1,7.14
MBX00351,2026-05-02,11,4,0,0,0.0
MBX00351,2026-05-03,4,2,0,0,0.0
MBX00351,2026-05-04,35,29,2,0,6.9
MBX00351,2026-05-05,43,27,2,0,7.41
MBX00351,2026-05-06,34,30,2,1,6.67
MBX00351,2026-05-07,40,31,1,1,3.23
MBX00351,2026-05-08,38,21,2,1,9.52
MBX00351,2026-05-09,4,8,0,0,0.0
MBX00351,2026-05-10,7,4,0,0,0.0
MBX00351,2026-05-11,30,22,1,0,4.55
MBX00351,2026-05-12,39,21,1,0,4.76
MBX00351,2026-05-13,40,20,1,1,5.0
MBX00351,2026-05-14,32,24,2,1,8.33
MBX00351,2026-05-15,40,25,3,0,12.0
MBX00351,2026-05-16,10,2,0,0,0.0
MBX00351,2026-05-17,8,5,1,0,20.0
MBX00351,2026-05-18,37,29,3,0,10.34
MBX00351,2026-05-19,45,25,2,0,8.0
MBX00351,2026-05-20,35,28,2,0,7.14
MBX00351,2026-05-21,32,18,1,0,5.56
MBX00351,2026-05-22,43,20,0,1,0.0
MBX00351,2026-05-23,7,2,0,0,0.0
MBX00351,2026-05-24,7,2,0,0,0.0
MBX00351,2026-05-25,31,23,2,1,8.7
MBX00351,2026-05-26,31,26,3,1,11.54
MBX00351,2026-05-27,39,29,2,0,6.9
MBX00351,2026-05-28,30,27,0,0,0.0
MBX00351,2026-05-29,38,29,4,0,13.79
MBX00351,2026-05-30,7,5,0,0,0.0
MBX00351,2026-05-31,3,5,0,1,0.0
MBX00351,2026-06-01,38,30,0,0,0.0
MBX00351,2026-06-02,41,19,2,2,10.53
MBX00351,2026-06-03,29,21,0,0,0.0
MBX00351,2026-06-04,36,21,1,0,4.76
MBX00351,2026-06-05,45,31,0,1,0.0
MBX00351,2026-06-06,4,6,1,0,16.67
MBX00351,2026-06-07,8,3,0,0,0.0
MBX00351,2026-06-08,38,25,1,0,4.0
MBX00351,2026-06-09,51,20,1,2,5.0
MBX00351,2026-06-10,26,21,1,1,4.76
MBX00351,2026-06-11,43,23,2,0,8.7
MBX00351,2026-06-12,36,23,4,0,17.39
MBX00351,2026-06-13,6,3,0,0,0.0
MBX00351,2026-06-14,6,1,0,0,0.0
MBX00351,2026-06-15,36,21,4,1,19.05
MBX00351,2026-06-16,49,15,2,0,13.33
MBX00351,2026-06-17,21,33,2,1,6.06
MBX00351,2026-06-18,33,19,2,0,10.53
MBX00351,2026-06-19,38,26,2,0,7.69
MBX00351,2026-06-20,3,2,1,0,50.0
MBX00351,2026-06-21,6,4,1,0,25.0
MBX00351,2026-06-22,35,24,1,1,4.17
MBX00351,2026-06-23,30,24,1,0,4.17
MBX00351,2026-06-24,51,29,1,1,3.45
MBX00351,2026-06-25,43,20,1,0,5.0
MBX00351,2026-06-26,28,25,2,0,8.0
MBX00351,2026-06-27,5,9,0,1,0.0
MBX00351,2026-06-28,6,4,0,0,0.0
MBX00351,2026-06-29,30,30,1,1,3.33
MBX00351,2026-06-30,32,28,2,2,7.14
MBX00351,2026-07-01,26,32,1,1,3.12
MBX00351,2026-07-02,33,27,1,2,3.7
MBX00351,2026-07-03,28,23,4,0,17.39
MBX00351,2026-07-04,7,4,0,0,0.0
MBX00351,2026-07-05,4,3,0,0,0.0
MBX00351,2026-07-06,40,27,2,0,7.41
MBX00351,2026-07-07,39,33,2,1,6.06
MBX00351,2026-07-08,31,29,2,1,6.9
MBX00351,2026-07-09,33,26,1,0,3.85
MBX00351,2026-07-10,47,19,1,2,5.26
MBX00351,2026-07-11,7,4,0,0,0.0
MBX00351,2026-07-12,6,2,0,0,0.0
MBX00351,2026-07-13,27,30,1,1,3.33
MBX00351,2026-07-14,34,25,0,0,0.0
MBX00351,2026-07-15,33,25,0,2,0.0
MBX00351,2026-07-16,34,25,0,1,0.0
MBX00351,2026-07-17,28,26,1,1,3.85
MBX00351,2026-07-18,4,4,1,0,25.0
MBX00351,2026-07-19,6,4,0,0,0.0
MBX00351,2026-07-20,31,31,4,1,12.9
MBX00351,2026-07-21,35,27,0,0,0.0
MBX00351,2026-07-22,45,20,0,0,0.0
MBX00351,2026-07-23,44,33,0,1,0.0
MBX00351,2026-07-24,35,30,2,0,6.67
MBX00109,2026-04-26,8,2,0,0,0.0
MBX00109,2026-04-27,21,15,2,1,13.33
MBX00109,2026-04-28,25,22,0,1,0.0
MBX00109,2026-04-29,24,22,4,0,18.18
MBX00109,2026-04-30,28,19,1,0,5.26
MBX00109,2026-05-01,25,26,0,1,0.0
MBX00109,2026-05-02,3,6,0,0,0.0
MBX00109,2026-05-03,5,2,0,0,0.0
MBX00109,2026-05-04,34,17,0,0,0.0
MBX00109,2026-05-05,31,21,1,1,4.76
MBX00109,2026-05-06,20,25,1,0,4.0
MBX00109,2026-05-07,29,16,2,2,12.5
MBX00109,2026-05-08,26,15,0,0,0.0
MBX00109,2026-05-09,2,4,1,0,25.0
MBX00109,2026-05-10,3,3,0,0,0.0
MBX00109,2026-05-11,24,22,0,0,0.0
MBX00109,2026-05-12,20,18,0,0,0.0
MBX00109,2026-05-13,29,25,3,1,12.0
MBX00109,2026-05-14,30,20,2,0,10.0
MBX00109,2026-05-15,28,21,2,0,9.52
MBX00109,2026-05-16,5,4,0,0,0.0
MBX00109,2026-05-17,4,1,0,0,0.0
MBX00109,2026-05-18,24,14,0,0,0.0
MBX00109,2026-05-19,27,25,1,0,4.0
MBX00109,2026-05-20,27,11,0,1,0.0
MBX00109,2026-05-21,29,16,1,0,6.25
MBX00109,2026-05-22,25,28,4,1,14.29
MBX00109,2026-05-23,8,2,0,0,0.0
MBX00109,2026-05-24,1,7,0,0,0.0
MBX00109,2026-05-25,23,16,1,0,6.25
MBX00109,2026-05-26,32,23,1,0,4.35
MBX00109,2026-05-27,33,25,1,1,4.0
MBX00109,2026-05-28,25,24,0,1,0.0
MBX00109,2026-05-29,26,17,0,0,0.0
MBX00109,2026-05-30,2,1,0,0,0.0
MBX00109,2026-05-31,4,4,0,0,0.0
MBX00109,2026-06-01,37,25,2,1,8.0
MBX00109,2026-06-02,27,11,0,0,0.0
MBX00109,2026-06-03,27,22,0,1,0.0
MBX00109,2026-06-04,32,16,0,0,0.0
MBX00109,2026-06-05,38,14,2,0,14.29
MBX00109,2026-06-06,4,5,0,0,0.0
MBX00109,2026-06-07,7,5,1,0,20.0
MBX00109,2026-06-08,22,23,0,2,0.0
MBX00109,2026-06-09,19,13,0,0,0.0
MBX00109,2026-06-10,29,11,0,0,0.0
MBX00109,2026-06-11,26,20,2,0,10.0
MBX00109,2026-06-12,16,20,3,1,15.0
MBX00109,2026-06-13,3,4,0,0,0.0
MBX00109,2026-06-14,4,3,0,0,0.0
MBX00109,2026-06-15,25,29,1,0,3.45
MBX00109,2026-06-16,20,20,1,0,5.0
MBX00109,2026-06-17,22,17,0,0,0.0
MBX00109,2026-06-18,22,33,2,0,6.06
MBX00109,2026-06-19,26,19,3,0,15.79
MBX00109,2026-06-20,3,1,0,0,0.0
MBX00109,2026-06-21,3,3,0,0,0.0
MBX00109,2026-06-22,19,22,2,0,9.09
MBX00109,2026-06-23,19,20,0,0,0.0
MBX00109,2026-06-24,16,18,1,0,5.56
MBX00109,2026-06-25,28,22,2,1,9.09
MBX00109,2026-06-26,35,24,0,0,0.0
MBX00109,2026-06-27,4,5,1,1,20.0
MBX00109,2026-06-28,2,5,0,0,0.0
MBX00109,2026-06-29,24,19,0,0,0.0
MBX00109,2026-06-30,33,22,0,0,0.0
MBX00109,2026-07-01,25,12,2,1,16.67
MBX00109,2026-07-02,26,20,0,0,0.0
MBX00109,2026-07-03,22,31,1,0,3.23
MBX00109,2026-07-04,3,2,1,0,50.0
MBX00109,2026-07-05,2,2,0,0,0.0
MBX00109,2026-07-06,23,14,1,0,7.14
MBX00109,2026-07-07,33,23,2,0,8.7
MBX00109,2026-07-08,23,24,1,0,4.17
MBX00109,2026-07-09,35,21,1,0,4.76
MBX00109,2026-07-10,22,26,3,1,11.54
MBX00109,2026-07-11,2,1,0,0,0.0
MBX00109,2026-07-12,5,0,0,0,0.0
MBX00109,2026-07-13,25,21,2,1,9.52
MBX00109,2026-07-14,31,20,2,0,10.0
MBX00109,2026-07-15,27,28,3,2,10.71
MBX00109,2026-07-16,22,18,0,1,0.0
MBX00109,2026-07-17,25,25,0,0,0.0
MBX00109,2026-07-18,7,3,0,0,0.0
MBX00109,2026-07-19,5,1,1,0,100.0
MBX00109,2026-07-20,27,22,3,1,13.64
MBX00109,2026-07-21,26,28,1,0,3.57
MBX00109,2026-07-22,19,17,2,2,11.76
MBX00109,2026-07-23,25,21,1,0,4.76
MBX00109,2026-07-24,30,23,2,0,8.7
MBX00622,2026-04-26,2,3,0,0,0.0
MBX00622,2026-04-27,25,29,6,0,20.69
MBX00622,2026-04-28,33,36,0,0,0.0
MBX00622,2026-04-29,33,30,2,1,6.67
MBX00622,2026-04-30,22,35,2,0,5.71
MBX00622,2026-05-01,39,32,0,1,0.0
MBX00622,2026-05-02,3,6,0,0,0.0
MBX00622,2026-05-03,2,9,0,0,0.0
MBX00622,2026-05-04,42,31,1,1,3.23
MBX00622,2026-05-05,37,36,0,0,0.0
MBX00622,2026-05-06,21,23,3,1,13.04
MBX00622,2026-05-07,53,43,5,1,11.63
MBX00622,2026-05-08,28,37,1,0,2.7
MBX00622,2026-05-09,2,1,1,0,100.0
MBX00622,2026-05-10,5,5,0,1,0.0
MBX00622,2026-05-11,40,31,6,0,19.35
MBX00622,2026-05-12,41,23,2,1,8.7
MBX00622,2026-05-13,34,27,1,0,3.7
MBX00622,2026-05-14,30,40,0,1,0.0
MBX00622,2026-05-15,32,28,1,0,3.57
MBX00622,2026-05-16,4,5,0,0,0.0
MBX00622,2026-05-17,8,10,0,0,0.0
MBX00622,2026-05-18,32,30,0,1,0.0
MBX00622,2026-05-19,29,26,3,0,11.54
MBX00622,2026-05-20,25,33,1,0,3.03
MBX00622,2026-05-21,32,35,3,0,8.57
MBX00622,2026-05-22,21,35,2,0,5.71
MBX00622,2026-05-23,5,7,1,0,14.29
MBX00622,2026-05-24,3,2,1,1,50.0
MBX00622,2026-05-25,38,33,0,0,0.0
MBX00622,2026-05-26,31,39,5,2,12.82
MBX00622,2026-05-27,36,30,1,1,3.33
MBX00622,2026-05-28,41,44,5,3,11.36
MBX00622,2026-05-29,42,25,2,0,8.0
MBX00622,2026-05-30,3,4,0,0,0.0
MBX00622,2026-05-31,2,4,0,0,0.0
MBX00622,2026-06-01,37,35,3,1,8.57
MBX00622,2026-06-02,35,30,5,0,16.67
MBX00622,2026-06-03,17,22,3,2,13.64
MBX00622,2026-06-04,31,37,1,1,2.7
MBX00622,2026-06-05,26,39,4,0,10.26
MBX00622,2026-06-06,1,3,0,0,0.0
MBX00622,2026-06-07,8,5,0,0,0.0
MBX00622,2026-06-08,20,30,1,3,3.33
MBX00622,2026-06-09,30,30,2,0,6.67
MBX00622,2026-06-10,28,21,1,0,4.76
MBX00622,2026-06-11,27,30,4,1,13.33
MBX00622,2026-06-12,34,29,2,1,6.9
MBX00622,2026-06-13,8,5,0,0,0.0
MBX00622,2026-06-14,3,6,0,0,0.0
MBX00622,2026-06-15,34,36,5,0,13.89
MBX00622,2026-06-16,34,34,3,0,8.82
MBX00622,2026-06-17,34,38,1,1,2.63
MBX00622,2026-06-18,39,28,0,3,0.0
MBX00622,2026-06-19,36,35,4,0,11.43
MBX00622,2026-06-20,4,3,0,1,0.0
MBX00622,2026-06-21,5,6,0,0,0.0
MBX00622,2026-06-22,32,35,2,1,5.71
MBX00622,2026-06-23,31,28,3,0,10.71
MBX00622,2026-06-24,39,28,2,0,7.14
MBX00622,2026-06-25,32,37,2,0,5.41
MBX00622,2026-06-26,38,42,2,2,4.76
MBX00622,2026-06-27,4,5,0,0,0.0
MBX00622,2026-06-28,3,5,0,0,0.0
MBX00622,2026-06-29,41,35,2,1,5.71
MBX00622,2026-06-30,23,33,1,0,3.03
MBX00622,2026-07-01,41,45,7,2,15.56
MBX00622,2026-07-02,34,29,2,1,6.9
MBX00622,2026-07-03,31,33,1,1,3.03
MBX00622,2026-07-04,6,4,0,0,0.0
MBX00622,2026-07-05,5,7,1,0,14.29
MBX00622,2026-07-06,34,29,1,1,3.45
MBX00622,2026-07-07,35,32,1,1,3.12
MBX00622,2026-07-08,28,31,4,0,12.9
MBX00622,2026-07-09,35,37,3,0,8.11
MBX00622,2026-07-10,29,34,1,0,2.94
MBX00622,2026-07-11,8,7,0,0,0.0
MBX00622,2026-07-12,6,5,0,0,0.0
MBX00622,2026-07-13,39,30,1,0,3.33
MBX00622,2026-07-14,35,37,3,0,8.11
MBX00622,2026-07-15,36,40,3,1,7.5
MBX00622,2026-07-16,38,35,0,1,0.0
MBX00622,2026-07-17,36,32,2,1,6.25
MBX00622,2026-07-18,7,3,1,0,33.33
MBX00622,2026-07-19,8,5,0,0,0.0
MBX00622,2026-07-20,43,26,2,0,7.69
MBX00622,2026-07-21,27,33,2,0,6.06
MBX00622,2026-07-22,25,30,1,0,3.33
MBX00622,2026-07-23,32,42,3,1,7.14
MBX00622,2026-07-24,43,38,2,1,5.26
MBX00292,2026-04-26,0,4,0,0,0.0
MBX00292,2026-04-27,3,13,2,0,15.38
MBX00292,2026-04-28,10,27,2,1,7.41
MBX00292,2026-04-29,6,26,0,1,0.0
MBX00292,2026-04-30,7,20,2,1,10.0
MBX00292,2026-05-01,5,21,2,0,9.52
MBX00292,2026-05-02,1,2,0,0,0.0
MBX00292,2026-05-03,0,3,0,0,0.0
MBX00292,2026-05-04,7,22,0,0,0.0
MBX00292,2026-05-05,5,22,1,1,4.55
MBX00292,2026-05-06,5,23,1,0,4.35
MBX00292,2026-05-07,9,18,1,0,5.56
MBX00292,2026-05-08,5,23,1,0,4.35
MBX00292,2026-05-09,1,1,0,0,0.0
MBX00292,2026-05-10,1,3,0,0,0.0
MBX00292,2026-05-11,9,24,2,0,8.33
MBX00292,2026-05-12,7,19,0,0,0.0
MBX00292,2026-05-13,4,27,2,0,7.41
MBX00292,2026-05-14,8,22,1,0,4.55
MBX00292,2026-05-15,5,22,0,0,0.0
MBX00292,2026-05-16,3,2,1,0,50.0
MBX00292,2026-05-17,0,4,0,0,0.0
MBX00292,2026-05-18,3,24,3,0,12.5
MBX00292,2026-05-19,9,22,2,0,9.09
MBX00292,2026-05-20,5,20,0,0,0.0
MBX00292,2026-05-21,5,24,2,0,8.33
MBX00292,2026-05-22,6,25,2,0,8.0
MBX00292,2026-05-23,1,2,0,0,0.0
MBX00292,2026-05-24,0,5,0,0,0.0
MBX00292,2026-05-25,6,24,0,0,0.0
MBX00292,2026-05-26,8,27,0,1,0.0
MBX00292,2026-05-27,5,20,1,0,5.0
MBX00292,2026-05-28,5,32,2,0,6.25
MBX00292,2026-05-29,7,18,1,0,5.56
MBX00292,2026-05-30,0,2,0,0,0.0
MBX00292,2026-05-31,2,3,0,0,0.0
MBX00292,2026-06-01,8,27,1,0,3.7
MBX00292,2026-06-02,7,32,1,0,3.12
MBX00292,2026-06-03,3,17,0,0,0.0
MBX00292,2026-06-04,5,25,1,0,4.0
MBX00292,2026-06-05,9,29,3,0,10.34
MBX00292,2026-06-06,1,3,0,0,0.0
MBX00292,2026-06-07,1,6,1,0,16.67
MBX00292,2026-06-08,7,27,1,0,3.7
MBX00292,2026-06-09,4,21,1,0,4.76
MBX00292,2026-06-10,5,22,0,1,0.0
MBX00292,2026-06-11,2,28,1,0,3.57
MBX00292,2026-06-12,5,24,2,0,8.33
MBX00292,2026-06-13,1,5,0,0,0.0
MBX00292,2026-06-14,0,3,0,0,0.0
MBX00292,2026-06-15,7,24,0,0,0.0
MBX00292,2026-06-16,11,26,0,1,0.0
MBX00292,2026-06-17,2,23,1,0,4.35
MBX00292,2026-06-18,7,21,1,0,4.76
MBX00292,2026-06-19,3,21,1,1,4.76
MBX00292,2026-06-20,0,4,1,0,25.0
MBX00292,2026-06-21,1,1,0,0,0.0
MBX00292,2026-06-22,4,22,1,0,4.55
MBX00292,2026-06-23,2,17,0,0,0.0
MBX00292,2026-06-24,5,21,2,1,9.52
MBX00292,2026-06-25,6,23,1,0,4.35
MBX00292,2026-06-26,6,22,2,0,9.09
MBX00292,2026-06-27,1,1,0,0,0.0
MBX00292,2026-06-28,0,3,0,0,0.0
MBX00292,2026-06-29,6,20,0,0,0.0
MBX00292,2026-06-30,7,23,0,0,0.0
MBX00292,2026-07-01,3,23,2,0,8.7
MBX00292,2026-07-02,3,17,0,0,0.0
MBX00292,2026-07-03,4,26,1,0,3.85
MBX00292,2026-07-04,1,0,0,0,0.0
MBX00292,2026-07-05,0,2,0,0,0.0
MBX00292,2026-07-06,4,22,1,0,4.55
MBX00292,2026-07-07,8,14,2,1,14.29
MBX00292,2026-07-08,5,19,0,0,0.0
MBX00292,2026-07-09,4,24,0,1,0.0
MBX00292,2026-07-10,9,27,2,0,7.41
MBX00292,2026-07-11,1,6,0,0,0.0
MBX00292,2026-07-12,0,4,0,0,0.0
MBX00292,2026-07-13,2,18,1,0,5.56
MBX00292,2026-07-14,6,18,0,0,0.0
MBX00292,2026-07-15,3,18,2,0,11.11
MBX00292,2026-07-16,6,15,2,1,13.33
MBX00292,2026-07-17,4,28,1,1,3.57
MBX00292,2026-07-18,2,3,0,0,0.0
MBX00292,2026-07-19,1,3,0,0,0.0
MBX00292,2026-07-20,4,24,1,1,4.17
MBX00292,2026-07-21,4,23,3,0,13.04
MBX00292,2026-07-22,5,13,1,0,7.69
MBX00292,2026-07-23,2,25,1,1,4.0
MBX00292,2026-07-24,5,23,2,0,8.7
MBX00214,2026-04-26,6,14,1,0,7.14
MBX00214,2026-04-27,25,74,6,2,8.11
MBX00214,2026-04-28,26,67,2,0,2.99
MBX00214,2026-04-29,24,76,4,1,5.26
MBX00214,2026-04-30,17,73,5,2,6.85
MBX00214,2026-05-01,21,68,5,0,7.35
MBX00214,2026-05-02,0,11,1,0,9.09
MBX00214,2026-05-03,1,16,0,0,0.0
MBX00214,2026-05-04,17,65,4,0,6.15
MBX00214,2026-05-05,23,81,6,1,7.41
MBX00214,2026-05-06,19,81,3,0,3.7
MBX00214,2026-05-07,17,68,1,1,1.47
MBX00214,2026-05-08,20,76,5,1,6.58
MBX00214,2026-05-09,6,17,1,0,5.88
MBX00214,2026-05-10,2,9,1,0,11.11
MBX00214,2026-05-11,15,78,1,3,1.28
MBX00214,2026-05-12,21,75,6,3,8.0
MBX00214,2026-05-13,27,77,2,1,2.6
MBX00214,2026-05-14,24,66,5,1,7.58
MBX00214,2026-05-15,32,58,5,0,8.62
MBX00214,2026-05-16,3,12,0,0,0.0
MBX00214,2026-05-17,2,5,0,0,0.0
MBX00214,2026-05-18,14,80,5,0,6.25
MBX00214,2026-05-19,22,67,7,1,10.45
MBX00214,2026-05-20,15,71,2,1,2.82
MBX00214,2026-05-21,18,87,3,0,3.45
MBX00214,2026-05-22,19,75,2,0,2.67
MBX00214,2026-05-23,4,16,2,1,12.5
MBX00214,2026-05-24,2,11,0,0,0.0
MBX00214,2026-05-25,19,76,8,1,10.53
MBX00214,2026-05-26,21,78,4,1,5.13
MBX00214,2026-05-27,21,73,3,1,4.11
MBX00214,2026-05-28,20,75,7,1,9.33
MBX00214,2026-05-29,18,73,4,1,5.48
MBX00214,2026-05-30,4,14,2,0,14.29
MBX00214,2026-05-31,2,14,1,1,7.14
MBX00214,2026-06-01,28,74,5,0,6.76
MBX00214,2026-06-02,21,80,4,0,5.0
MBX00214,2026-06-03,18,84,2,3,2.38
MBX00214,2026-06-04,25,89,3,4,3.37
MBX00214,2026-06-05,22,78,5,0,6.41
MBX00214,2026-06-06,3,6,0,0,0.0
MBX00214,2026-06-07,2,7,0,0,0.0
MBX00214,2026-06-08,21,57,0,1,0.0
MBX00214,2026-06-09,15,76,4,0,5.26
MBX00214,2026-06-10,16,69,4,2,5.8
MBX00214,2026-06-11,19,83,8,0,9.64
MBX00214,2026-06-12,30,74,6,2,8.11
MBX00214,2026-06-13,6,8,1,1,12.5
MBX00214,2026-06-14,3,8,1,0,12.5
MBX00214,2026-06-15,21,82,5,1,6.1
MBX00214,2026-06-16,28,79,6,1,7.59
MBX00214,2026-06-17,24,69,5,2,7.25
MBX00214,2026-06-18,24,77,3,1,3.9
MBX00214,2026-06-19,18,65,5,2,7.69
MBX00214,2026-06-20,4,12,0,0,0.0
MBX00214,2026-06-21,7,8,0,3,0.0
MBX00214,2026-06-22,25,74,3,2,4.05
MBX00214,2026-06-23,28,62,5,0,8.06
MBX00214,2026-06-24,25,88,4,0,4.55
MBX00214,2026-06-25,23,94,5,0,5.32
MBX00214,2026-06-26,14,80,10,0,12.5
MBX00214,2026-06-27,5,12,2,0,16.67
MBX00214,2026-06-28,5,14,1,0,7.14
MBX00214,2026-06-29,13,81,3,1,3.7
MBX00214,2026-06-30,15,75,5,0,6.67
MBX00214,2026-07-01,21,79,3,0,3.8
MBX00214,2026-07-02,15,60,5,1,8.33
MBX00214,2026-07-03,25,60,2,2,3.33
MBX00214,2026-07-04,0,13,0,0,0.0
MBX00214,2026-07-05,5,8,0,0,0.0
MBX00214,2026-07-06,26,85,6,0,7.06
MBX00214,2026-07-07,29,71,2,1,2.82
MBX00214,2026-07-08,27,100,5,1,5.0
MBX00214,2026-07-09,13,63,7,1,11.11
MBX00214,2026-07-10,25,72,4,2,5.56
MBX00214,2026-07-11,6,16,1,0,6.25
MBX00214,2026-07-12,3,10,0,0,0.0
MBX00214,2026-07-13,19,83,3,3,3.61
MBX00214,2026-07-14,19,85,11,0,12.94
MBX00214,2026-07-15,17,75,4,0,5.33
MBX00214,2026-07-16,13,75,4,3,5.33
MBX00214,2026-07-17,19,77,10,0,12.99
MBX00214,2026-07-18,4,18,0,0,0.0
MBX00214,2026-07-19,2,13,0,0,0.0
MBX00214,2026-07-20,21,73,3,1,4.11
MBX00214,2026-07-21,25,83,2,0,2.41
MBX00214,2026-07-22,21,77,2,0,2.6
MBX00214,2026-07-23,13,64,3,2,4.69
MBX00214,2026-07-24,24,70,2,1,2.86
MBX00627,2026-04-26,0,0,0,0,0.0
MBX00627,2026-04-27,0,6,1,0,16.67
MBX00627,2026-04-28,0,7,0,0,0.0
MBX00627,2026-04-29,1,4,0,0,0.0
MBX00627,2026-04-30,1,6,1,0,16.67
MBX00627,2026-05-01,1,8,1,0,12.5
MBX00627,2026-05-02,0,1,0,0,0.0
MBX00627,2026-05-03,0,1,0,0,0.0
MBX00627,2026-05-04,0,7,1,0,14.29
MBX00627,2026-05-05,0,2,0,0,0.0
MBX00627,2026-05-06,0,5,0,0,0.0
MBX00627,2026-05-07,0,3,0,0,0.0
MBX00627,2026-05-08,0,4,0,0,0.0
MBX00627,2026-05-09,0,1,0,0,0.0
MBX00627,2026-05-10,0,1,0,0,0.0
MBX00627,2026-05-11,0,4,1,0,25.0
MBX00627,2026-05-12,0,3,1,0,33.33
MBX00627,2026-05-13,1,2,0,0,0.0
MBX00627,2026-05-14,0,5,1,0,20.0
MBX00627,2026-05-15,0,3,0,1,0.0
MBX00627,2026-05-16,0,1,0,0,0.0
MBX00627,2026-05-17,0,0,0,0,0.0
MBX00627,2026-05-18,0,3,1,0,33.33
MBX00627,2026-05-19,1,2,0,0,0.0
MBX00627,2026-05-20,0,4,0,0,0.0
MBX00627,2026-05-21,1,8,0,0,0.0
MBX00627,2026-05-22,0,5,0,0,0.0
MBX00627,2026-05-23,0,0,0,0,0.0
MBX00627,2026-05-24,0,0,0,0,0.0
MBX00627,2026-05-25,1,2,0,0,0.0
MBX00627,2026-05-26,2,3,0,0,0.0
MBX00627,2026-05-27,0,4,0,0,0.0
MBX00627,2026-05-28,0,2,0,0,0.0
MBX00627,2026-05-29,0,5,0,0,0.0
MBX00627,2026-05-30,0,1,0,0,0.0
MBX00627,2026-05-31,0,0,0,0,0.0
MBX00627,2026-06-01,0,5,0,0,0.0
MBX00627,2026-06-02,0,2,0,0,0.0
MBX00627,2026-06-03,0,2,0,0,0.0
MBX00627,2026-06-04,0,1,0,0,0.0
MBX00627,2026-06-05,0,8,0,1,0.0
MBX00627,2026-06-06,0,1,0,0,0.0
MBX00627,2026-06-07,0,1,0,0,0.0
MBX00627,2026-06-08,1,6,1,0,16.67
MBX00627,2026-06-09,0,6,0,0,0.0
MBX00627,2026-06-10,0,0,0,0,0.0
MBX00627,2026-06-11,1,6,0,0,0.0
MBX00627,2026-06-12,0,2,0,0,0.0
MBX00627,2026-06-13,0,0,0,0,0.0
MBX00627,2026-06-14,0,0,0,0,0.0
MBX00627,2026-06-15,0,4,0,0,0.0
MBX00627,2026-06-16,0,2,0,0,0.0
MBX00627,2026-06-17,2,9,0,0,0.0
MBX00627,2026-06-18,0,4,0,0,0.0
MBX00627,2026-06-19,1,6,1,0,16.67
MBX00627,2026-06-20,0,2,0,0,0.0
MBX00627,2026-06-21,1,2,0,0,0.0
MBX00627,2026-06-22,1,7,0,0,0.0
MBX00627,2026-06-23,0,1,0,0,0.0
MBX00627,2026-06-24,1,2,0,0,0.0
MBX00627,2026-06-25,0,8,2,0,25.0
MBX00627,2026-06-26,1,4,0,0,0.0
MBX00627,2026-06-27,0,0,0,0,0.0
MBX00627,2026-06-28,0,1,0,0,0.0
MBX00627,2026-06-29,0,7,0,0,0.0
MBX00627,2026-06-30,0,6,0,0,0.0
MBX00627,2026-07-01,0,3,0,0,0.0
MBX00627,2026-07-02,0,4,0,0,0.0
MBX00627,2026-07-03,0,6,0,0,0.0
MBX00627,2026-07-04,0,0,0,0,0.0
MBX00627,2026-07-05,0,0,0,0,0.0
MBX00627,2026-07-06,1,1,0,0,0.0
MBX00627,2026-07-07,0,7,0,0,0.0
MBX00627,2026-07-08,1,1,0,0,0.0
MBX00627,2026-07-09,0,7,0,0,0.0
MBX00627,2026-07-10,0,6,1,0,16.67
MBX00627,2026-07-11,0,0,0,0,0.0
MBX00627,2026-07-12,0,1,0,0,0.0
MBX00627,2026-07-13,0,2,0,0,0.0
MBX00627,2026-07-14,0,4,0,0,0.0
MBX00627,2026-07-15,0,3,1,0,33.33
MBX00627,2026-07-16,1,5,1,0,20.0
MBX00627,2026-07-17,0,7,0,0,0.0
MBX00627,2026-07-18,0,1,0,0,0.0
MBX00627,2026-07-19,0,0,0,0,0.0
MBX00627,2026-07-20,0,4,0,0,0.0
MBX00627,2026-07-21,0,7,1,0,14.29
MBX00627,2026-07-22,0,5,1,0,20.0
MBX00627,2026-07-23,1,7,0,0,0.0
MBX00627,2026-07-24,0,3,0,0,0.0
MBX00166,2026-04-26,0,0,0,0,0.0
MBX00166,2026-04-27,6,8,0,0,0.0
MBX00166,2026-04-28,4,17,0,0,0.0
MBX00166,2026-04-29,0,14,0,0,0.0
MBX00166,2026-04-30,1,8,1,0,12.5
MBX00166,2026-05-01,6,13,0,0,0.0
MBX00166,2026-05-02,1,3,1,0,33.33
MBX00166,2026-05-03,1,3,0,0,0.0
MBX00166,2026-05-04,4,16,0,0,0.0
MBX00166,2026-05-05,3,11,1,0,9.09
MBX00166,2026-05-06,3,9,1,0,11.11
MBX00166,2026-05-07,2,8,2,0,25.0
MBX00166,2026-05-08,2,16,1,0,6.25
MBX00166,2026-05-09,0,1,0,0,0.0
MBX00166,2026-05-10,2,4,0,0,0.0
MBX00166,2026-05-11,2,14,0,0,0.0
MBX00166,2026-05-12,4,9,0,0,0.0
MBX00166,2026-05-13,8,19,0,1,0.0
MBX00166,2026-05-14,2,11,1,0,9.09
MBX00166,2026-05-15,1,16,0,0,0.0
MBX00166,2026-05-16,0,0,0,0,0.0
MBX00166,2026-05-17,0,1,0,0,0.0
MBX00166,2026-05-18,4,8,2,0,25.0
MBX00166,2026-05-19,2,8,0,0,0.0
MBX00166,2026-05-20,6,17,2,0,11.76
MBX00166,2026-05-21,1,10,0,0,0.0
MBX00166,2026-05-22,6,13,0,1,0.0
MBX00166,2026-05-23,1,3,0,0,0.0
MBX00166,2026-05-24,0,1,0,0,0.0
MBX00166,2026-05-25,4,16,0,0,0.0
MBX00166,2026-05-26,5,7,1,0,14.29
MBX00166,2026-05-27,7,9,0,0,0.0
MBX00166,2026-05-28,5,9,0,0,0.0
MBX00166,2026-05-29,5,14,2,0,14.29
MBX00166,2026-05-30,0,1,0,0,0.0
MBX00166,2026-05-31,0,0,0,0,0.0
MBX00166,2026-06-01,6,14,0,0,0.0
MBX00166,2026-06-02,3,9,1,0,11.11
MBX00166,2026-06-03,2,7,3,0,42.86
MBX00166,2026-06-04,3,8,0,0,0.0
MBX00166,2026-06-05,4,10,0,0,0.0
MBX00166,2026-06-06,1,0,0,0,0.0
MBX00166,2026-06-07,0,2,0,1,0.0
MBX00166,2026-06-08,3,11,1,0,9.09
MBX00166,2026-06-09,5,3,0,0,0.0
MBX00166,2026-06-10,4,17,2,0,11.76
MBX00166,2026-06-11,2,11,3,0,27.27
MBX00166,2026-06-12,4,6,0,0,0.0
MBX00166,2026-06-13,1,1,0,0,0.0
MBX00166,2026-06-14,0,1,0,0,0.0
MBX00166,2026-06-15,1,9,0,0,0.0
MBX00166,2026-06-16,3,9,0,0,0.0
MBX00166,2026-06-17,4,11,0,0,0.0
MBX00166,2026-06-18,4,11,0,1,0.0
MBX00166,2026-06-19,3,9,0,0,0.0
MBX00166,2026-06-20,0,3,0,0,0.0
MBX00166,2026-06-21,3,1,0,0,0.0
MBX00166,2026-06-22,1,14,0,1,0.0
MBX00166,2026-06-23,5,11,1,1,9.09
MBX00166,2026-06-24,3,11,0,0,0.0
MBX00166,2026-06-25,5,11,0,1,0.0
MBX00166,2026-06-26,2,10,0,0,0.0
MBX00166,2026-06-27,0,4,0,0,0.0
MBX00166,2026-06-28,0,2,0,0,0.0
MBX00166,2026-06-29,2,6,0,0,0.0
MBX00166,2026-06-30,3,13,0,0,0.0
MBX00166,2026-07-01,4,15,2,0,13.33
MBX00166,2026-07-02,3,12,2,0,16.67
MBX00166,2026-07-03,5,6,0,0,0.0
MBX00166,2026-07-04,2,1,0,0,0.0
MBX00166,2026-07-05,0,0,0,0,0.0
MBX00166,2026-07-06,2,16,2,1,12.5
MBX00166,2026-07-07,4,14,0,0,0.0
MBX00166,2026-07-08,4,14,1,0,7.14
MBX00166,2026-07-09,5,11,0,0,0.0
MBX00166,2026-07-10,4,11,1,0,9.09
MBX00166,2026-07-11,0,2,0,0,0.0
MBX00166,2026-07-12,1,2,0,0,0.0
MBX00166,2026-07-13,4,12,1,0,8.33
MBX00166,2026-07-14,4,7,0,0,0.0
MBX00166,2026-07-15,2,10,0,0,0.0
MBX00166,2026-07-16,1,7,0,0,0.0
MBX00166,2026-07-17,4,20,1,0,5.0
MBX00166,2026-07-18,1,2,0,0,0.0
MBX00166,2026-07-19,1,3,0,0,0.0
MBX00166,2026-07-20,1,13,0,1,0.0
MBX00166,2026-07-21,5,9,0,0,0.0
MBX00166,2026-07-22,1,10,1,0,10.0
MBX00166,2026-07-23,3,11,0,0,0.0
MBX00166,2026-07-24,1,6,1,0,16.67
MBX00550,2026-04-26,2,13,0,1,0.0
MBX00550,2026-04-27,13,97,3,1,3.09
MBX00550,2026-04-28,12,111,13,2,11.71
MBX00550,2026-04-29,20,101,7,1,6.93
MBX00550,2026-04-30,10,76,1,1,1.32
MBX00550,2026-05-01,21,110,12,1,10.91
MBX00550,2026-05-02,3,19,1,1,5.26
MBX00550,2026-05-03,2,19,2,0,10.53
MBX00550,2026-05-04,15,88,7,1,7.95
MBX00550,2026-05-05,16,107,6,1,5.61
MBX00550,2026-05-06,15,95,5,5,5.26
MBX00550,2026-05-07,20,98,7,3,7.14
MBX00550,2026-05-08,9,94,4,3,4.26
MBX00550,2026-05-09,1,16,1,0,6.25
MBX00550,2026-05-10,3,12,0,0,0.0
MBX00550,2026-05-11,14,89,3,0,3.37
MBX00550,2026-05-12,15,98,8,2,8.16
MBX00550,2026-05-13,11,92,8,2,8.7
MBX00550,2026-05-14,14,91,6,4,6.59
MBX00550,2026-05-15,12,92,6,1,6.52
MBX00550,2026-05-16,0,13,0,1,0.0
MBX00550,2026-05-17,4,13,0,0,0.0
MBX00550,2026-05-18,13,102,9,0,8.82
MBX00550,2026-05-19,13,103,8,0,7.77
MBX00550,2026-05-20,8,104,3,2,2.88
MBX00550,2026-05-21,17,104,6,2,5.77
MBX00550,2026-05-22,13,116,7,0,6.03
MBX00550,2026-05-23,1,14,1,0,7.14
MBX00550,2026-05-24,1,18,2,2,11.11
MBX00550,2026-05-25,14,96,4,1,4.17
MBX00550,2026-05-26,17,99,4,3,4.04
MBX00550,2026-05-27,17,97,8,1,8.25
MBX00550,2026-05-28,12,111,9,0,8.11
MBX00550,2026-05-29,15,128,6,0,4.69
MBX00550,2026-05-30,1,11,0,1,0.0
MBX00550,2026-05-31,1,23,2,0,8.7
MBX00550,2026-06-01,10,106,4,1,3.77
MBX00550,2026-06-02,17,100,8,1,8.0
MBX00550,2026-06-03,20,74,1,1,1.35
MBX00550,2026-06-04,14,93,4,0,4.3
MBX00550,2026-06-05,13,110,4,2,3.64
MBX00550,2026-06-06,2,12,0,0,0.0
MBX00550,2026-06-07,6,7,0,0,0.0
MBX00550,2026-06-08,14,99,10,3,10.1
MBX00550,2026-06-09,12,92,9,2,9.78
MBX00550,2026-06-10,14,119,6,1,5.04
MBX00550,2026-06-11,15,94,8,0,8.51
MBX00550,2026-06-12,14,102,8,3,7.84
MBX00550,2026-06-13,3,11,1,0,9.09
MBX00550,2026-06-14,3,20,2,0,10.0
MBX00550,2026-06-15,14,112,6,0,5.36
MBX00550,2026-06-16,10,78,4,0,5.13
MBX00550,2026-06-17,15,97,4,3,4.12
MBX00550,2026-06-18,16,106,6,2,5.66
MBX00550,2026-06-19,8,96,4,1,4.17
MBX00550,2026-06-20,1,16,1,0,6.25
MBX00550,2026-06-21,8,16,3,0,18.75
MBX00550,2026-06-22,17,101,5,0,4.95
MBX00550,2026-06-23,16,104,5,2,4.81
MBX00550,2026-06-24,11,103,9,1,8.74
MBX00550,2026-06-25,17,104,7,3,6.73
MBX00550,2026-06-26,12,108,6,1,5.56
MBX00550,2026-06-27,0,13,1,0,7.69
MBX00550,2026-06-28,1,15,2,0,13.33
MBX00550,2026-06-29,15,97,8,0,8.25
MBX00550,2026-06-30,18,108,11,0,10.19
MBX00550,2026-07-01,11,87,2,1,2.3
MBX00550,2026-07-02,20,97,7,1,7.22
MBX00550,2026-07-03,12,94,6,2,6.38
MBX00550,2026-07-04,1,10,1,0,10.0
MBX00550,2026-07-05,2,13,0,0,0.0
MBX00550,2026-07-06,19,92,6,1,6.52
MBX00550,2026-07-07,18,101,13,0,12.87
MBX00550,2026-07-08,12,94,6,2,6.38
MBX00550,2026-07-09,15,114,9,2,7.89
MBX00550,2026-07-10,17,111,11,1,9.91
MBX00550,2026-07-11,4,19,0,0,0.0
MBX00550,2026-07-12,2,10,2,0,20.0
MBX00550,2026-07-13,20,110,13,0,11.82
MBX00550,2026-07-14,16,86,12,1,13.95
MBX00550,2026-07-15,14,94,10,3,10.64
MBX00550,2026-07-16,19,113,6,1,5.31
MBX00550,2026-07-17,14,111,9,0,8.11
MBX00550,2026-07-18,3,11,3,0,27.27
MBX00550,2026-07-19,1,23,1,0,4.35
MBX00550,2026-07-20,15,102,11,3,10.78
MBX00550,2026-07-21,15,107,2,1,1.87
MBX00550,2026-07-22,17,118,9,2,7.63
MBX00550,2026-07-23,15,95,10,0,10.53
MBX00550,2026-07-24,8,97,8,2,8.25
MBX00086,2026-04-26,0,4,1,0,25.0
MBX00086,2026-04-27,5,20,4,0,20.0
MBX00086,2026-04-28,7,22,0,0,0.0
MBX00086,2026-04-29,9,15,2,0,13.33
MBX00086,2026-04-30,6,23,0,1,0.0
MBX00086,2026-05-01,7,10,0,0,0.0
MBX00086,2026-05-02,0,4,0,0,0.0
MBX00086,2026-05-03,1,2,0,0,0.0
MBX00086,2026-05-04,3,14,0,0,0.0
MBX00086,2026-05-05,3,17,0,0,0.0
MBX00086,2026-05-06,3,11,2,0,18.18
MBX00086,2026-05-07,4,17,1,1,5.88
MBX00086,2026-05-08,7,23,0,1,0.0
MBX00086,2026-05-09,1,5,0,0,0.0
MBX00086,2026-05-10,2,0,0,0,0.0
MBX00086,2026-05-11,7,19,0,0,0.0
MBX00086,2026-05-12,5,16,0,0,0.0
MBX00086,2026-05-13,5,22,0,0,0.0
MBX00086,2026-05-14,15,18,1,0,5.56
MBX00086,2026-05-15,9,23,2,0,8.7
MBX00086,2026-05-16,1,0,0,0,0.0
MBX00086,2026-05-17,2,4,1,0,25.0
MBX00086,2026-05-18,7,21,1,0,4.76
MBX00086,2026-05-19,5,15,1,0,6.67
MBX00086,2026-05-20,3,24,3,0,12.5
MBX00086,2026-05-21,5,23,3,0,13.04
MBX00086,2026-05-22,8,19,0,1,0.0
MBX00086,2026-05-23,2,1,0,0,0.0
MBX00086,2026-05-24,1,6,0,0,0.0
MBX00086,2026-05-25,0,17,1,0,5.88
MBX00086,2026-05-26,7,12,1,0,8.33
MBX00086,2026-05-27,7,17,0,1,0.0
MBX00086,2026-05-28,5,16,0,1,0.0
MBX00086,2026-05-29,7,19,0,1,0.0
MBX00086,2026-05-30,1,3,0,0,0.0
MBX00086,2026-05-31,1,4,0,0,0.0
MBX00086,2026-06-01,6,23,1,0,4.35
MBX00086,2026-06-02,8,20,1,0,5.0
MBX00086,2026-06-03,6,14,2,0,14.29
MBX00086,2026-06-04,12,20,0,1,0.0
MBX00086,2026-06-05,4,18,0,0,0.0
MBX00086,2026-06-06,0,3,0,0,0.0
MBX00086,2026-06-07,1,3,0,0,0.0
MBX00086,2026-06-08,11,19,1,0,5.26
MBX00086,2026-06-09,5,25,3,0,12.0
MBX00086,2026-06-10,5,25,0,0,0.0
MBX00086,2026-06-11,9,24,1,0,4.17
MBX00086,2026-06-12,5,19,1,0,5.26
MBX00086,2026-06-13,0,3,0,0,0.0
MBX00086,2026-06-14,1,4,0,0,0.0
MBX00086,2026-06-15,11,24,1,0,4.17
MBX00086,2026-06-16,4,19,2,0,10.53
MBX00086,2026-06-17,7,21,1,0,4.76
MBX00086,2026-06-18,7,25,6,0,24.0
MBX00086,2026-06-19,8,27,1,0,3.7
MBX00086,2026-06-20,0,5,1,0,20.0
MBX00086,2026-06-21,0,0,0,0,0.0
MBX00086,2026-06-22,10,24,2,2,8.33
MBX00086,2026-06-23,5,22,3,0,13.64
MBX00086,2026-06-24,8,17,3,0,17.65
MBX00086,2026-06-25,9,11,1,1,9.09
MBX00086,2026-06-26,3,18,0,0,0.0
MBX00086,2026-06-27,2,3,0,0,0.0
MBX00086,2026-06-28,0,4,0,1,0.0
MBX00086,2026-06-29,5,18,0,0,0.0
MBX00086,2026-06-30,5,23,1,0,4.35
MBX00086,2026-07-01,15,22,1,0,4.55
MBX00086,2026-07-02,9,16,1,1,6.25
MBX00086,2026-07-03,7,16,1,0,6.25
MBX00086,2026-07-04,2,4,1,0,25.0
MBX00086,2026-07-05,1,3,0,0,0.0
MBX00086,2026-07-06,7,18,1,0,5.56
MBX00086,2026-07-07,7,19,1,0,5.26
MBX00086,2026-07-08,7,20,0,0,0.0
MBX00086,2026-07-09,6,11,0,0,0.0
MBX00086,2026-07-10,8,22,0,0,0.0
MBX00086,2026-07-11,1,1,0,0,0.0
MBX00086,2026-07-12,1,1,0,0,0.0
MBX00086,2026-07-13,8,26,2,0,7.69
MBX00086,2026-07-14,7,24,1,0,4.17
MBX00086,2026-07-15,9,26,1,0,3.85
MBX00086,2026-07-16,5,19,0,1,0.0
MBX00086,2026-07-17,9,19,1,0,5.26
MBX00086,2026-07-18,1,4,0,0,0.0
MBX00086,2026-07-19,0,3,0,0,0.0
MBX00086,2026-07-20,11,14,0,0,0.0
MBX00086,2026-07-21,14,19,0,0,0.0
MBX00086,2026-07-22,4,18,1,0,5.56
MBX00086,2026-07-23,12,9,0,0,0.0
MBX00086,2026-07-24,8,14,1,1,7.14
MBX00562,2026-04-26,5,6,1,0,16.67
MBX00562,2026-04-27,35,14,1,0,7.14
MBX00562,2026-04-28,33,23,3,0,13.04
MBX00562,2026-04-29,36,24,2,1,8.33
MBX00562,2026-04-30,38,29,3,0,10.34
MBX00562,2026-05-01,42,22,2,0,9.09
MBX00562,2026-05-02,12,4,0,0,0.0
MBX00562,2026-05-03,8,1,0,0,0.0
MBX00562,2026-05-04,29,35,2,1,5.71
MBX00562,2026-05-05,46,22,0,0,0.0
MBX00562,2026-05-06,32,21,0,1,0.0
MBX00562,2026-05-07,29,20,0,0,0.0
MBX00562,2026-05-08,46,27,2,0,7.41
MBX00562,2026-05-09,6,3,0,0,0.0
MBX00562,2026-05-10,5,3,0,0,0.0
MBX00562,2026-05-11,35,26,1,2,3.85
MBX00562,2026-05-12,35,30,1,0,3.33
MBX00562,2026-05-13,43,27,1,2,3.7
MBX00562,2026-05-14,41,16,5,2,31.25
MBX00562,2026-05-15,52,26,1,1,3.85
MBX00562,2026-05-16,0,8,1,0,12.5
MBX00562,2026-05-17,5,3,0,0,0.0
MBX00562,2026-05-18,34,25,1,1,4.0
MBX00562,2026-05-19,32,30,0,0,0.0
MBX00562,2026-05-20,36,26,2,1,7.69
MBX00562,2026-05-21,46,24,1,0,4.17
MBX00562,2026-05-22,31,21,0,0,0.0
MBX00562,2026-05-23,7,7,0,0,0.0
MBX00562,2026-05-24,9,2,0,0,0.0
MBX00562,2026-05-25,28,28,2,0,7.14
MBX00562,2026-05-26,35,33,2,1,6.06
MBX00562,2026-05-27,30,28,3,0,10.71
MBX00562,2026-05-28,37,25,2,0,8.0
MBX00562,2026-05-29,23,21,1,0,4.76
MBX00562,2026-05-30,10,2,0,0,0.0
MBX00562,2026-05-31,4,4,0,0,0.0
MBX00562,2026-06-01,38,21,1,0,4.76
MBX00562,2026-06-02,29,35,1,0,2.86
MBX00562,2026-06-03,37,20,1,0,5.0
MBX00562,2026-06-04,43,20,3,1,15.0
MBX00562,2026-06-05,26,22,2,0,9.09
MBX00562,2026-06-06,8,6,1,0,16.67
MBX00562,2026-06-07,5,2,0,0,0.0
MBX00562,2026-06-08,29,23,0,1,0.0
MBX00562,2026-06-09,38,27,1,1,3.7
MBX00562,2026-06-10,38,18,2,1,11.11
MBX00562,2026-06-11,38,34,3,0,8.82
MBX00562,2026-06-12,29,37,3,0,8.11
MBX00562,2026-06-13,6,1,0,0,0.0
MBX00562,2026-06-14,6,2,0,0,0.0
MBX00562,2026-06-15,34,29,2,0,6.9
MBX00562,2026-06-16,40,25,1,1,4.0
MBX00562,2026-06-17,33,29,2,2,6.9
MBX00562,2026-06-18,39,22,2,0,9.09
MBX00562,2026-06-19,32,19,1,0,5.26
MBX00562,2026-06-20,6,1,0,0,0.0
MBX00562,2026-06-21,3,6,1,0,16.67
MBX00562,2026-06-22,43,31,4,0,12.9
MBX00562,2026-06-23,30,30,3,1,10.0
MBX00562,2026-06-24,40,23,0,2,0.0
MBX00562,2026-06-25,25,36,1,0,2.78
MBX00562,2026-06-26,28,20,4,1,20.0
MBX00562,2026-06-27,7,7,0,0,0.0
MBX00562,2026-06-28,7,2,0,0,0.0
MBX00562,2026-06-29,28,18,0,0,0.0
MBX00562,2026-06-30,47,29,1,1,3.45
MBX00562,2026-07-01,36,20,1,0,5.0
MBX00562,2026-07-02,25,21,2,0,9.52
MBX00562,2026-07-03,31,25,0,1,0.0
MBX00562,2026-07-04,7,4,2,0,50.0
MBX00562,2026-07-05,7,4,0,0,0.0
MBX00562,2026-07-06,49,29,1,0,3.45
MBX00562,2026-07-07,35,16,2,0,12.5
MBX00562,2026-07-08,25,19,2,0,10.53
MBX00562,2026-07-09,32,27,2,0,7.41
MBX00562,2026-07-10,36,22,2,0,9.09
MBX00562,2026-07-11,3,4,0,0,0.0
MBX00562,2026-07-12,6,2,0,0,0.0
MBX00562,2026-07-13,46,24,1,0,4.17
MBX00562,2026-07-14,37,25,4,0,16.0
MBX00562,2026-07-15,38,26,1,0,3.85
MBX00562,2026-07-16,33,34,3,0,8.82
MBX00562,2026-07-17,38,29,0,0,0.0
MBX00562,2026-07-18,2,5,0,0,0.0
MBX00562,2026-07-19,3,1,0,0,0.0
MBX00562,2026-07-20,36,23,0,0,0.0
MBX00562,2026-07-21,34,16,0,0,0.0
MBX00562,2026-07-22,44,24,4,1,16.67
MBX00562,2026-07-23,35,28,2,0,7.14
MBX00562,2026-07-24,33,27,2,1,7.41
MBX00511,2026-04-26,5,10,0,0,0.0
MBX00511,2026-04-27,38,38,3,0,7.89
MBX00511,2026-04-28,26,33,2,0,6.06
MBX00511,2026-04-29,28,26,2,2,7.69
MBX00511,2026-04-30,30,37,0,1,0.0
MBX00511,2026-05-01,27,43,4,1,9.3
MBX00511,2026-05-02,2,1,0,0,0.0
MBX00511,2026-05-03,5,6,1,0,16.67
MBX00511,2026-05-04,30,40,5,0,12.5
MBX00511,2026-05-05,33,32,2,0,6.25
MBX00511,2026-05-06,41,27,0,2,0.0
MBX00511,2026-05-07,20,31,1,1,3.23
MBX00511,2026-05-08,28,30,3,0,10.0
MBX00511,2026-05-09,8,3,0,0,0.0
MBX00511,2026-05-10,4,8,0,0,0.0
MBX00511,2026-05-11,21,33,1,2,3.03
MBX00511,2026-05-12,34,30,6,2,20.0
MBX00511,2026-05-13,31,32,4,3,12.5
MBX00511,2026-05-14,24,30,3,0,10.0
MBX00511,2026-05-15,22,32,0,0,0.0
MBX00511,2026-05-16,4,8,0,0,0.0
MBX00511,2026-05-17,2,1,0,0,0.0
MBX00511,2026-05-18,26,34,1,3,2.94
MBX00511,2026-05-19,32,35,1,0,2.86
MBX00511,2026-05-20,22,33,2,2,6.06
MBX00511,2026-05-21,32,27,1,1,3.7
MBX00511,2026-05-22,29,45,6,0,13.33
MBX00511,2026-05-23,7,2,0,1,0.0
MBX00511,2026-05-24,5,5,0,0,0.0
MBX00511,2026-05-25,26,41,3,0,7.32
MBX00511,2026-05-26,35,37,5,0,13.51
MBX00511,2026-05-27,32,32,0,0,0.0
MBX00511,2026-05-28,36,46,6,1,13.04
MBX00511,2026-05-29,31,28,1,0,3.57
MBX00511,2026-05-30,2,5,1,0,20.0
MBX00511,2026-05-31,1,1,0,0,0.0
MBX00511,2026-06-01,28,35,3,1,8.57
MBX00511,2026-06-02,24,40,1,2,2.5
MBX00511,2026-06-03,29,28,1,0,3.57
MBX00511,2026-06-04,31,33,0,1,0.0
MBX00511,2026-06-05,21,27,2,0,7.41
MBX00511,2026-06-06,2,11,1,0,9.09
MBX00511,2026-06-07,4,9,1,0,11.11
MBX00511,2026-06-08,35,44,6,2,13.64
MBX00511,2026-06-09,28,35,2,3,5.71
MBX00511,2026-06-10,34,35,2,0,5.71
MBX00511,2026-06-11,22,37,2,1,5.41
MBX00511,2026-06-12,29,53,4,2,7.55
MBX00511,2026-06-13,12,7,0,0,0.0
MBX00511,2026-06-14,2,1,0,0,0.0
MBX00511,2026-06-15,23,33,0,0,0.0
MBX00511,2026-06-16,29,31,2,0,6.45
MBX00511,2026-06-17,24,39,1,0,2.56
MBX00511,2026-06-18,29,39,3,2,7.69
MBX00511,2026-06-19,26,34,1,0,2.94
MBX00511,2026-06-20,4,7,0,0,0.0
MBX00511,2026-06-21,3,6,0,0,0.0
MBX00511,2026-06-22,32,27,1,3,3.7
MBX00511,2026-06-23,25,38,1,0,2.63
MBX00511,2026-06-24,24,30,1,0,3.33
MBX00511,2026-06-25,30,46,2,1,4.35
MBX00511,2026-06-26,27,35,0,0,0.0
MBX00511,2026-06-27,1,6,0,0,0.0
MBX00511,2026-06-28,4,5,0,0,0.0
MBX00511,2026-06-29,20,28,1,0,3.57
MBX00511,2026-06-30,27,45,6,1,13.33
MBX00511,2026-07-01,35,41,1,0,2.44
MBX00511,2026-07-02,24,33,3,0,9.09
MBX00511,2026-07-03,15,43,7,0,16.28
MBX00511,2026-07-04,6,4,0,0,0.0
MBX00511,2026-07-05,4,5,0,0,0.0
MBX00511,2026-07-06,25,41,3,1,7.32
MBX00511,2026-07-07,35,44,3,1,6.82
MBX00511,2026-07-08,27,39,3,0,7.69
MBX00511,2026-07-09,34,34,1,0,2.94
MBX00511,2026-07-10,24,36,3,2,8.33
MBX00511,2026-07-11,2,3,0,0,0.0
MBX00511,2026-07-12,2,3,0,0,0.0
MBX00511,2026-07-13,27,34,2,0,5.88
MBX00511,2026-07-14,21,33,1,1,3.03
MBX00511,2026-07-15,24,44,1,0,2.27
MBX00511,2026-07-16,27,35,3,0,8.57
MBX00511,2026-07-17,32,44,2,0,4.55
MBX00511,2026-07-18,3,5,0,0,0.0
MBX00511,2026-07-19,5,4,1,0,25.0
MBX00511,2026-07-20,35,36,4,2,11.11
MBX00511,2026-07-21,29,50,2,1,4.0
MBX00511,2026-07-22,26,31,2,0,6.45
MBX00511,2026-07-23,26,44,4,1,9.09
MBX00511,2026-07-24,27,32,2,1,6.25
MBX00069,2026-04-26,2,8,0,0,0.0
MBX00069,2026-04-27,14,71,7,1,9.86
MBX00069,2026-04-28,20,72,4,0,5.56
MBX00069,2026-04-29,18,76,8,3,10.53
MBX00069,2026-04-30,16,74,5,1,6.76
MBX00069,2026-05-01,14,76,4,1,5.26
MBX00069,2026-05-02,1,8,1,0,12.5
MBX00069,2026-05-03,1,12,1,0,8.33
MBX00069,2026-05-04,15,71,3,0,4.23
MBX00069,2026-05-05,16,94,8,0,8.51
MBX00069,2026-05-06,13,80,6,1,7.5
MBX00069,2026-05-07,19,84,3,2,3.57
MBX00069,2026-05-08,15,71,6,0,8.45
MBX00069,2026-05-09,0,11,2,0,18.18
MBX00069,2026-05-10,1,10,0,0,0.0
MBX00069,2026-05-11,15,85,9,1,10.59
MBX00069,2026-05-12,14,68,7,1,10.29
MBX00069,2026-05-13,10,76,3,0,3.95
MBX00069,2026-05-14,17,64,3,1,4.69
MBX00069,2026-05-15,11,71,2,1,2.82
MBX00069,2026-05-16,1,14,1,0,7.14
MBX00069,2026-05-17,4,17,0,0,0.0
MBX00069,2026-05-18,14,73,7,0,9.59
MBX00069,2026-05-19,11,66,4,2,6.06
MBX00069,2026-05-20,21,75,5,0,6.67
MBX00069,2026-05-21,17,69,7,1,10.14
MBX00069,2026-05-22,10,66,4,1,6.06
MBX00069,2026-05-23,1,9,1,0,11.11
MBX00069,2026-05-24,0,8,0,0,0.0
MBX00069,2026-05-25,13,67,4,0,5.97
MBX00069,2026-05-26,11,78,8,0,10.26
MBX00069,2026-05-27,13,68,7,0,10.29
MBX00069,2026-05-28,20,77,3,1,3.9
MBX00069,2026-05-29,14,69,7,1,10.14
MBX00069,2026-05-30,3,15,1,0,6.67
MBX00069,2026-05-31,3,14,1,0,7.14
MBX00069,2026-06-01,13,87,4,0,4.6
MBX00069,2026-06-02,13,83,2,2,2.41
MBX00069,2026-06-03,10,65,1,1,1.54
MBX00069,2026-06-04,17,67,2,2,2.99
MBX00069,2026-06-05,12,63,4,0,6.35
MBX00069,2026-06-06,2,8,0,0,0.0
MBX00069,2026-06-07,3,11,2,0,18.18
MBX00069,2026-06-08,17,79,2,1,2.53
MBX00069,2026-06-09,16,71,4,1,5.63
MBX00069,2026-06-10,24,88,5,1,5.68
MBX00069,2026-06-11,13,72,3,0,4.17
MBX00069,2026-06-12,8,87,5,0,5.75
MBX00069,2026-06-13,3,9,0,0,0.0
MBX00069,2026-06-14,2,12,0,0,0.0
MBX00069,2026-06-15,15,73,3,2,4.11
MBX00069,2026-06-16,15,76,4,1,5.26
MBX00069,2026-06-17,8,75,8,0,10.67
MBX00069,2026-06-18,11,72,3,2,4.17
MBX00069,2026-06-19,11,59,1,1,1.69
MBX00069,2026-06-20,3,14,1,0,7.14
MBX00069,2026-06-21,1,15,0,0,0.0
MBX00069,2026-06-22,16,83,2,0,2.41
MBX00069,2026-06-23,15,63,5,2,7.94
MBX00069,2026-06-24,16,65,4,0,6.15
MBX00069,2026-06-25,22,56,5,0,8.93
MBX00069,2026-06-26,8,83,7,1,8.43
MBX00069,2026-06-27,1,16,0,0,0.0
MBX00069,2026-06-28,1,8,0,0,0.0
MBX00069,2026-06-29,14,81,8,3,9.88
MBX00069,2026-06-30,9,80,3,2,3.75
MBX00069,2026-07-01,12,70,6,0,8.57
MBX00069,2026-07-02,11,79,5,1,6.33
MBX00069,2026-07-03,9,79,4,2,5.06
MBX00069,2026-07-04,0,8,0,0,0.0
MBX00069,2026-07-05,0,6,1,0,16.67
MBX00069,2026-07-06,9,76,3,0,3.95
MBX00069,2026-07-07,15,67,5,1,7.46
MBX00069,2026-07-08,14,84,3,1,3.57
MBX00069,2026-07-09,17,69,4,2,5.8
MBX00069,2026-07-10,5,76,7,0,9.21
MBX00069,2026-07-11,1,9,1,0,11.11
MBX00069,2026-07-12,1,12,0,0,0.0
MBX00069,2026-07-13,10,76,6,1,7.89
MBX00069,2026-07-14,11,84,5,0,5.95
MBX00069,2026-07-15,18,69,7,1,10.14
MBX00069,2026-07-16,17,67,4,2,5.97
MBX00069,2026-07-17,8,62,4,0,6.45
MBX00069,2026-07-18,0,9,0,0,0.0
MBX00069,2026-07-19,2,8,1,0,12.5
MBX00069,2026-07-20,13,59,4,0,6.78
MBX00069,2026-07-21,16,80,3,0,3.75
MBX00069,2026-07-22,15,78,7,2,8.97
MBX00069,2026-07-23,12,82,6,0,7.32
MBX00069,2026-07-24,13,67,4,1,5.97
MBX00569,2026-04-26,0,0,0,0,0.0
MBX00569,2026-04-27,1,1,0,0,0.0
MBX00569,2026-04-28,2,2,0,0,0.0
MBX00569,2026-04-29,2,0,0,0,0.0
MBX00569,2026-04-30,1,8,1,0,12.5
MBX00569,2026-05-01,2,5,0,0,0.0
MBX00569,2026-05-02,0,0,0,0,0.0
MBX00569,2026-05-03,0,0,0,0,0.0
MBX00569,2026-05-04,1,3,1,0,33.33
MBX00569,2026-05-05,1,3,1,0,33.33
MBX00569,2026-05-06,0,3,0,0,0.0
MBX00569,2026-05-07,2,6,0,0,0.0
MBX00569,2026-05-08,4,5,2,0,40.0
MBX00569,2026-05-09,0,0,0,0,0.0
MBX00569,2026-05-10,0,1,0,0,0.0
MBX00569,2026-05-11,2,5,0,0,0.0
MBX00569,2026-05-12,4,0,0,0,0.0
MBX00569,2026-05-13,2,5,0,0,0.0
MBX00569,2026-05-14,0,4,1,0,25.0
MBX00569,2026-05-15,2,5,1,0,20.0
MBX00569,2026-05-16,0,0,0,0,0.0
MBX00569,2026-05-17,0,0,0,0,0.0
MBX00569,2026-05-18,3,3,0,0,0.0
MBX00569,2026-05-19,3,4,0,0,0.0
MBX00569,2026-05-20,1,2,0,0,0.0
MBX00569,2026-05-21,0,5,0,0,0.0
MBX00569,2026-05-22,0,7,0,0,0.0
MBX00569,2026-05-23,1,0,0,0,0.0
MBX00569,2026-05-24,1,0,0,0,0.0
MBX00569,2026-05-25,2,9,0,0,0.0
MBX00569,2026-05-26,0,5,0,0,0.0
MBX00569,2026-05-27,2,8,0,0,0.0
MBX00569,2026-05-28,2,5,1,0,20.0
MBX00569,2026-05-29,1,3,0,0,0.0
MBX00569,2026-05-30,0,1,0,0,0.0
MBX00569,2026-05-31,0,0,0,0,0.0
MBX00569,2026-06-01,3,5,0,0,0.0
MBX00569,2026-06-02,0,8,0,0,0.0
MBX00569,2026-06-03,4,5,0,0,0.0
MBX00569,2026-06-04,2,4,0,0,0.0
MBX00569,2026-06-05,4,6,0,0,0.0
MBX00569,2026-06-06,0,0,0,0,0.0
MBX00569,2026-06-07,1,0,0,0,0.0
MBX00569,2026-06-08,0,5,0,0,0.0
MBX00569,2026-06-09,3,4,0,0,0.0
MBX00569,2026-06-10,2,4,0,0,0.0
MBX00569,2026-06-11,2,2,0,0,0.0
MBX00569,2026-06-12,4,4,0,0,0.0
MBX00569,2026-06-13,0,0,0,0,0.0
MBX00569,2026-06-14,0,0,0,0,0.0
MBX00569,2026-06-15,4,3,0,1,0.0
MBX00569,2026-06-16,2,2,0,0,0.0
MBX00569,2026-06-17,1,2,0,0,0.0
MBX00569,2026-06-18,1,1,0,0,0.0
MBX00569,2026-06-19,2,2,0,0,0.0
MBX00569,2026-06-20,0,0,0,0,0.0
MBX00569,2026-06-21,0,2,0,0,0.0
MBX00569,2026-06-22,4,5,0,0,0.0
MBX00569,2026-06-23,0,7,2,0,28.57
MBX00569,2026-06-24,3,2,0,0,0.0
MBX00569,2026-06-25,4,4,0,0,0.0
MBX00569,2026-06-26,2,6,0,0,0.0
MBX00569,2026-06-27,0,0,0,0,0.0
MBX00569,2026-06-28,0,1,0,0,0.0
MBX00569,2026-06-29,2,6,1,0,16.67
MBX00569,2026-06-30,3,0,0,0,0.0
MBX00569,2026-07-01,1,6,0,1,0.0
MBX00569,2026-07-02,0,3,0,0,0.0
MBX00569,2026-07-03,2,2,0,0,0.0
MBX00569,2026-07-04,0,1,0,0,0.0
MBX00569,2026-07-05,2,0,0,0,0.0
MBX00569,2026-07-06,1,4,0,0,0.0
MBX00569,2026-07-07,2,1,0,0,0.0
MBX00569,2026-07-08,3,2,0,0,0.0
MBX00569,2026-07-09,2,2,0,0,0.0
MBX00569,2026-07-10,2,1,1,0,100.0
MBX00569,2026-07-11,1,1,0,0,0.0
MBX00569,2026-07-12,0,0,0,0,0.0
MBX00569,2026-07-13,1,6,1,0,16.67
MBX00569,2026-07-14,4,3,0,0,0.0
MBX00569,2026-07-15,1,0,0,0,0.0
MBX00569,2026-07-16,2,3,2,0,66.67
MBX00569,2026-07-17,0,3,0,0,0.0
MBX00569,2026-07-18,0,0,0,0,0.0
MBX00569,2026-07-19,0,0,0,0,0.0
MBX00569,2026-07-20,1,6,0,0,0.0
MBX00569,2026-07-21,2,6,0,0,0.0
MBX00569,2026-07-22,3,3,0,0,0.0
MBX00569,2026-07-23,1,4,0,0,0.0
MBX00569,2026-07-24,1,3,0,0,0.0
MBX00328,2026-04-26,1,4,0,0,0.0
MBX00328,2026-04-27,26,66,0,0,0.0
MBX00328,2026-04-28,22,51,3,0,5.88
MBX00328,2026-04-29,23,48,1,0,2.08
MBX00328,2026-04-30,15,40,2,1,5.0
MBX00328,2026-05-01,30,50,5,1,10.0
MBX00328,2026-05-02,4,8,0,0,0.0
MBX00328,2026-05-03,2,7,0,0,0.0
MBX00328,2026-05-04,20,54,3,1,5.56
MBX00328,2026-05-05,22,57,6,1,10.53
MBX00328,2026-05-06,34,70,4,0,5.71
MBX00328,2026-05-07,26,51,2,0,3.92
MBX00328,2026-05-08,16,51,4,1,7.84
MBX00328,2026-05-09,3,8,0,0,0.0
MBX00328,2026-05-10,5,9,0,0,0.0
MBX00328,2026-05-11,15,51,4,0,7.84
MBX00328,2026-05-12,33,55,1,0,1.82
MBX00328,2026-05-13,26,46,3,4,6.52
MBX00328,2026-05-14,22,52,1,2,1.92
MBX00328,2026-05-15,20,62,3,0,4.84
MBX00328,2026-05-16,3,10,0,0,0.0
MBX00328,2026-05-17,5,7,0,0,0.0
MBX00328,2026-05-18,20,53,1,0,1.89
MBX00328,2026-05-19,24,53,4,1,7.55
MBX00328,2026-05-20,26,46,4,2,8.7
MBX00328,2026-05-21,13,44,4,0,9.09
MBX00328,2026-05-22,21,42,3,0,7.14
MBX00328,2026-05-23,2,8,1,1,12.5
MBX00328,2026-05-24,0,6,0,0,0.0
MBX00328,2026-05-25,14,55,4,0,7.27
MBX00328,2026-05-26,19,57,5,1,8.77
MBX00328,2026-05-27,17,50,3,0,6.0
MBX00328,2026-05-28,24,57,3,2,5.26
MBX00328,2026-05-29,24,44,2,0,4.55
MBX00328,2026-05-30,6,8,1,0,12.5
MBX00328,2026-05-31,3,6,1,0,16.67
MBX00328,2026-06-01,32,67,3,3,4.48
MBX00328,2026-06-02,16,49,2,1,4.08
MBX00328,2026-06-03,27,50,5,1,10.0
MBX00328,2026-06-04,25,32,2,0,6.25
MBX00328,2026-06-05,24,57,0,1,0.0
MBX00328,2026-06-06,3,8,1,0,12.5
MBX00328,2026-06-07,4,8,1,1,12.5
MBX00328,2026-06-08,18,40,2,1,5.0
MBX00328,2026-06-09,25,54,3,0,5.56
MBX00328,2026-06-10,25,55,2,0,3.64
MBX00328,2026-06-11,27,49,0,1,0.0
MBX00328,2026-06-12,30,39,3,1,7.69
MBX00328,2026-06-13,5,8,0,0,0.0
MBX00328,2026-06-14,3,8,0,0,0.0
MBX00328,2026-06-15,26,49,2,1,4.08
MBX00328,2026-06-16,14,45,2,1,4.44
MBX00328,2026-06-17,19,50,2,1,4.0
MBX00328,2026-06-18,16,49,2,0,4.08
MBX00328,2026-06-19,23,56,2,2,3.57
MBX00328,2026-06-20,6,7,2,0,28.57
MBX00328,2026-06-21,2,8,1,0,12.5
MBX00328,2026-06-22,25,56,4,1,7.14
MBX00328,2026-06-23,22,45,2,0,4.44
MBX00328,2026-06-24,23,51,2,1,3.92
MBX00328,2026-06-25,24,59,4,0,6.78
MBX00328,2026-06-26,25,49,2,1,4.08
MBX00328,2026-06-27,3,10,0,1,0.0
MBX00328,2026-06-28,8,8,2,0,25.0
MBX00328,2026-06-29,23,72,6,1,8.33
MBX00328,2026-06-30,34,43,3,0,6.98
MBX00328,2026-07-01,18,54,7,0,12.96
MBX00328,2026-07-02,36,54,3,0,5.56
MBX00328,2026-07-03,28,48,4,0,8.33
MBX00328,2026-07-04,4,8,0,0,0.0
MBX00328,2026-07-05,1,7,1,0,14.29
MBX00328,2026-07-06,37,49,1,1,2.04
MBX00328,2026-07-07,23,63,6,0,9.52
MBX00328,2026-07-08,37,69,7,0,10.14
MBX00328,2026-07-09,24,40,1,0,2.5
MBX00328,2026-07-10,21,57,4,1,7.02
MBX00328,2026-07-11,4,7,1,1,14.29
MBX00328,2026-07-12,4,10,0,0,0.0
MBX00328,2026-07-13,27,54,2,0,3.7
MBX00328,2026-07-14,33,40,0,0,0.0
MBX00328,2026-07-15,21,60,2,0,3.33
MBX00328,2026-07-16,19,53,2,0,3.77
MBX00328,2026-07-17,24,61,5,0,8.2
MBX00328,2026-07-18,1,8,1,0,12.5
MBX00328,2026-07-19,7,5,0,0,0.0
MBX00328,2026-07-20,19,48,2,0,4.17
MBX00328,2026-07-21,16,75,4,0,5.33
MBX00328,2026-07-22,29,58,4,3,6.9
MBX00328,2026-07-23,27,42,3,1,7.14
MBX00328,2026-07-24,21,48,3,1,6.25
MBX00088,2026-04-26,0,1,0,0,0.0
MBX00088,2026-04-27,1,6,0,0,0.0
MBX00088,2026-04-28,0,2,1,0,50.0
MBX00088,2026-04-29,4,4,0,0,0.0
MBX00088,2026-04-30,1,3,0,0,0.0
MBX00088,2026-05-01,2,3,0,0,0.0
MBX00088,2026-05-02,1,0,0,0,0.0
MBX00088,2026-05-03,0,1,0,0,0.0
MBX00088,2026-05-04,1,5,2,0,40.0
MBX00088,2026-05-05,4,2,1,0,50.0
MBX00088,2026-05-06,4,1,0,0,0.0
MBX00088,2026-05-07,2,6,0,0,0.0
MBX00088,2026-05-08,4,7,0,1,0.0
MBX00088,2026-05-09,0,0,0,0,0.0
MBX00088,2026-05-10,1,0,0,0,0.0
MBX00088,2026-05-11,3,6,1,0,16.67
MBX00088,2026-05-12,2,1,0,0,0.0
MBX00088,2026-05-13,4,4,2,0,50.0
MBX00088,2026-05-14,0,7,0,0,0.0
MBX00088,2026-05-15,4,6,0,0,0.0
MBX00088,2026-05-16,1,0,0,0,0.0
MBX00088,2026-05-17,0,0,0,0,0.0
MBX00088,2026-05-18,2,9,1,0,11.11
MBX00088,2026-05-19,4,4,0,0,0.0
MBX00088,2026-05-20,2,4,0,0,0.0
MBX00088,2026-05-21,1,5,0,0,0.0
MBX00088,2026-05-22,1,2,0,0,0.0
MBX00088,2026-05-23,0,0,0,0,0.0
MBX00088,2026-05-24,0,0,0,0,0.0
MBX00088,2026-05-25,0,2,0,0,0.0
MBX00088,2026-05-26,0,4,0,0,0.0
MBX00088,2026-05-27,3,5,0,0,0.0
MBX00088,2026-05-28,6,5,0,0,0.0
MBX00088,2026-05-29,3,3,0,0,0.0
MBX00088,2026-05-30,0,0,0,0,0.0
MBX00088,2026-05-31,0,1,0,0,0.0
MBX00088,2026-06-01,1,5,2,0,40.0
MBX00088,2026-06-02,2,5,2,0,40.0
MBX00088,2026-06-03,4,3,0,0,0.0
MBX00088,2026-06-04,1,2,0,0,0.0
MBX00088,2026-06-05,2,6,0,0,0.0
MBX00088,2026-06-06,0,0,0,0,0.0
MBX00088,2026-06-07,0,1,0,0,0.0
MBX00088,2026-06-08,3,2,0,0,0.0
MBX00088,2026-06-09,1,6,0,0,0.0
MBX00088,2026-06-10,1,4,0,0,0.0
MBX00088,2026-06-11,2,4,0,1,0.0
MBX00088,2026-06-12,2,8,0,0,0.0
MBX00088,2026-06-13,2,0,0,0,0.0
MBX00088,2026-06-14,0,1,0,0,0.0
MBX00088,2026-06-15,2,6,1,0,16.67
MBX00088,2026-06-16,1,7,1,0,14.29
MBX00088,2026-06-17,0,7,0,0,0.0
MBX00088,2026-06-18,4,2,1,0,50.0
MBX00088,2026-06-19,1,4,0,0,0.0
MBX00088,2026-06-20,0,0,0,0,0.0
MBX00088,2026-06-21,1,2,0,0,0.0
MBX00088,2026-06-22,1,7,0,0,0.0
MBX00088,2026-06-23,0,4,1,0,25.0
MBX00088,2026-06-24,3,6,0,0,0.0
MBX00088,2026-06-25,4,4,1,0,25.0
MBX00088,2026-06-26,5,3,0,0,0.0
MBX00088,2026-06-27,0,2,0,0,0.0
MBX00088,2026-06-28,0,0,0,0,0.0
MBX00088,2026-06-29,2,2,0,0,0.0
MBX00088,2026-06-30,6,5,0,0,0.0
MBX00088,2026-07-01,2,5,0,0,0.0
MBX00088,2026-07-02,5,4,1,0,25.0
MBX00088,2026-07-03,4,4,0,0,0.0
MBX00088,2026-07-04,0,0,0,0,0.0
MBX00088,2026-07-05,0,0,0,0,0.0
MBX00088,2026-07-06,3,4,0,0,0.0
MBX00088,2026-07-07,3,3,0,0,0.0
MBX00088,2026-07-08,3,2,0,0,0.0
MBX00088,2026-07-09,1,2,0,0,0.0
MBX00088,2026-07-10,4,5,0,0,0.0
MBX00088,2026-07-11,0,0,0,0,0.0
MBX00088,2026-07-12,0,1,0,0,0.0
MBX00088,2026-07-13,3,6,1,0,16.67
MBX00088,2026-07-14,1,4,0,0,0.0
MBX00088,2026-07-15,1,4,0,0,0.0
MBX00088,2026-07-16,1,2,0,0,0.0
MBX00088,2026-07-17,1,1,0,0,0.0
MBX00088,2026-07-18,0,0,0,0,0.0
MBX00088,2026-07-19,1,0,0,0,0.0
MBX00088,2026-07-20,1,5,1,1,20.0
MBX00088,2026-07-21,4,7,2,0,28.57
MBX00088,2026-07-22,3,4,0,1,0.0
MBX00088,2026-07-23,4,5,0,0,0.0
MBX00088,2026-07-24,1,8,0,0,0.0
MBX00675,2026-04-26,3,18,1,0,5.56
MBX00675,2026-04-27,21,108,10,0,9.26
MBX00675,2026-04-28,15,99,5,1,5.05
MBX00675,2026-04-29,16,85,8,0,9.41
MBX00675,2026-04-30,16,107,7,0,6.54
MBX00675,2026-05-01,19,88,9,1,10.23
MBX00675,2026-05-02,3,14,2,0,14.29
MBX00675,2026-05-03,0,10,0,0,0.0
MBX00675,2026-05-04,20,110,10,1,9.09
MBX00675,2026-05-05,15,96,4,1,4.17
MBX00675,2026-05-06,13,81,5,1,6.17
MBX00675,2026-05-07,11,84,9,0,10.71
MBX00675,2026-05-08,17,90,7,0,7.78
MBX00675,2026-05-09,3,20,1,0,5.0
MBX00675,2026-05-10,1,21,0,0,0.0
MBX00675,2026-05-11,20,101,9,2,8.91
MBX00675,2026-05-12,17,101,5,1,4.95
MBX00675,2026-05-13,13,98,9,1,9.18
MBX00675,2026-05-14,13,79,3,4,3.8
MBX00675,2026-05-15,14,82,1,1,1.22
MBX00675,2026-05-16,1,14,1,0,7.14
MBX00675,2026-05-17,2,23,2,0,8.7
MBX00675,2026-05-18,23,105,11,0,10.48
MBX00675,2026-05-19,21,99,6,1,6.06
MBX00675,2026-05-20,14,92,10,2,10.87
MBX00675,2026-05-21,24,110,5,2,4.55
MBX00675,2026-05-22,12,102,3,3,2.94
MBX00675,2026-05-23,4,8,0,0,0.0
MBX00675,2026-05-24,4,10,0,0,0.0
MBX00675,2026-05-25,17,81,4,3,4.94
MBX00675,2026-05-26,19,73,7,1,9.59
MBX00675,2026-05-27,16,95,9,2,9.47
MBX00675,2026-05-28,23,98,8,0,8.16
MBX00675,2026-05-29,11,100,8,0,8.0
MBX00675,2026-05-30,4,10,0,1,0.0
MBX00675,2026-05-31,4,18,0,1,0.0
MBX00675,2026-06-01,18,96,7,0,7.29
MBX00675,2026-06-02,23,98,3,1,3.06
MBX00675,2026-06-03,14,88,5,0,5.68
MBX00675,2026-06-04,14,89,2,3,2.25
MBX00675,2026-06-05,17,82,4,1,4.88
MBX00675,2026-06-06,3,13,1,0,7.69
MBX00675,2026-06-07,4,13,0,0,0.0
MBX00675,2026-06-08,15,96,6,4,6.25
MBX00675,2026-06-09,23,107,3,2,2.8
MBX00675,2026-06-10,14,99,6,0,6.06
MBX00675,2026-06-11,29,99,4,1,4.04
MBX00675,2026-06-12,16,98,8,1,8.16
MBX00675,2026-06-13,1,5,0,0,0.0
MBX00675,2026-06-14,3,18,2,0,11.11
MBX00675,2026-06-15,22,84,8,0,9.52
MBX00675,2026-06-16,24,87,5,1,5.75
MBX00675,2026-06-17,19,85,4,1,4.71
MBX00675,2026-06-18,11,108,3,0,2.78
MBX00675,2026-06-19,16,89,3,1,3.37
MBX00675,2026-06-20,5,16,3,0,18.75
MBX00675,2026-06-21,2,11,1,0,9.09
MBX00675,2026-06-22,19,99,0,1,0.0
MBX00675,2026-06-23,17,94,6,0,6.38
MBX00675,2026-06-24,15,93,5,1,5.38
MBX00675,2026-06-25,18,93,5,1,5.38
MBX00675,2026-06-26,27,87,6,2,6.9
MBX00675,2026-06-27,0,8,0,0,0.0
MBX00675,2026-06-28,3,10,2,0,20.0
MBX00675,2026-06-29,17,96,4,1,4.17
MBX00675,2026-06-30,16,91,9,0,9.89
MBX00675,2026-07-01,20,83,2,1,2.41
MBX00675,2026-07-02,18,93,6,2,6.45
MBX00675,2026-07-03,22,94,5,0,5.32
MBX00675,2026-07-04,1,20,1,0,5.0
MBX00675,2026-07-05,3,17,3,0,17.65
MBX00675,2026-07-06,18,87,9,0,10.34
MBX00675,2026-07-07,13,107,2,0,1.87
MBX00675,2026-07-08,13,104,6,1,5.77
MBX00675,2026-07-09,16,86,4,1,4.65
MBX00675,2026-07-10,17,97,4,1,4.12
MBX00675,2026-07-11,1,10,0,0,0.0
MBX00675,2026-07-12,1,16,3,0,18.75
MBX00675,2026-07-13,16,101,6,1,5.94
MBX00675,2026-07-14,23,99,7,1,7.07
MBX00675,2026-07-15,13,105,11,1,10.48
MBX00675,2026-07-16,25,99,6,0,6.06
MBX00675,2026-07-17,26,109,7,1,6.42
MBX00675,2026-07-18,3,8,1,0,12.5
MBX00675,2026-07-19,3,16,1,0,6.25
MBX00675,2026-07-20,16,74,4,0,5.41
MBX00675,2026-07-21,20,92,1,0,1.09
MBX00675,2026-07-22,14,107,9,1,8.41
MBX00675,2026-07-23,14,95,5,1,5.26
MBX00675,2026-07-24,9,79,3,2,3.8
MBX00452,2026-04-26,3,6,0,0,0.0
MBX00452,2026-04-27,21,93,8,2,8.6
MBX00452,2026-04-28,27,82,1,1,1.22
MBX00452,2026-04-29,40,74,5,1,6.76
MBX00452,2026-04-30,19,78,7,2,8.97
MBX00452,2026-05-01,17,81,3,0,3.7
MBX00452,2026-05-02,2,7,1,0,14.29
MBX00452,2026-05-03,2,15,0,0,0.0
MBX00452,2026-05-04,20,82,7,2,8.54
MBX00452,2026-05-05,31,72,0,1,0.0
MBX00452,2026-05-06,23,93,3,3,3.23
MBX00452,2026-05-07,27,75,10,1,13.33
MBX00452,2026-05-08,22,85,3,1,3.53
MBX00452,2026-05-09,4,21,0,0,0.0
MBX00452,2026-05-10,6,14,3,0,21.43
MBX00452,2026-05-11,31,63,4,3,6.35
MBX00452,2026-05-12,17,86,7,0,8.14
MBX00452,2026-05-13,26,89,3,1,3.37
MBX00452,2026-05-14,16,78,5,1,6.41
MBX00452,2026-05-15,29,88,7,0,7.95
MBX00452,2026-05-16,2,15,0,0,0.0
MBX00452,2026-05-17,2,13,1,1,7.69
MBX00452,2026-05-18,24,75,6,1,8.0
MBX00452,2026-05-19,25,69,2,1,2.9
MBX00452,2026-05-20,25,92,4,1,4.35
MBX00452,2026-05-21,30,83,3,0,3.61
MBX00452,2026-05-22,20,85,5,3,5.88
MBX00452,2026-05-23,6,12,1,0,8.33
MBX00452,2026-05-24,3,16,0,0,0.0
MBX00452,2026-05-25,26,86,5,0,5.81
MBX00452,2026-05-26,24,68,0,0,0.0
MBX00452,2026-05-27,24,74,2,4,2.7
MBX00452,2026-05-28,23,95,8,1,8.42
MBX00452,2026-05-29,21,78,3,0,3.85
MBX00452,2026-05-30,2,11,2,0,18.18
MBX00452,2026-05-31,1,8,0,0,0.0
MBX00452,2026-06-01,25,80,6,1,7.5
MBX00452,2026-06-02,28,69,4,2,5.8
MBX00452,2026-06-03,16,70,2,0,2.86
MBX00452,2026-06-04,22,73,4,0,5.48
MBX00452,2026-06-05,33,71,3,2,4.23
MBX00452,2026-06-06,0,16,0,0,0.0
MBX00452,2026-06-07,3,10,0,0,0.0
MBX00452,2026-06-08,29,71,3,2,4.23
MBX00452,2026-06-09,28,78,4,1,5.13
MBX00452,2026-06-10,25,79,7,1,8.86
MBX00452,2026-06-11,20,70,5,1,7.14
MBX00452,2026-06-12,27,68,5,0,7.35
MBX00452,2026-06-13,4,9,0,1,0.0
MBX00452,2026-06-14,1,18,1,0,5.56
MBX00452,2026-06-15,29,75,3,2,4.0
MBX00452,2026-06-16,16,88,5,2,5.68
MBX00452,2026-06-17,19,84,5,0,5.95
MBX00452,2026-06-18,26,88,8,1,9.09
MBX00452,2026-06-19,20,83,13,1,15.66
MBX00452,2026-06-20,2,9,1,0,11.11
MBX00452,2026-06-21,5,13,1,1,7.69
MBX00452,2026-06-22,26,84,4,0,4.76
MBX00452,2026-06-23,17,87,8,1,9.2
MBX00452,2026-06-24,23,84,5,0,5.95
MBX00452,2026-06-25,25,78,2,1,2.56
MBX00452,2026-06-26,34,82,3,1,3.66
MBX00452,2026-06-27,2,16,0,0,0.0
MBX00452,2026-06-28,1,18,1,0,5.56
MBX00452,2026-06-29,24,82,4,0,4.88
MBX00452,2026-06-30,25,87,3,1,3.45
MBX00452,2026-07-01,26,81,7,2,8.64
MBX00452,2026-07-02,32,84,7,0,8.33
MBX00452,2026-07-03,19,80,4,0,5.0
MBX00452,2026-07-04,5,12,0,0,0.0
MBX00452,2026-07-05,1,8,0,0,0.0
MBX00452,2026-07-06,16,75,5,0,6.67
MBX00452,2026-07-07,22,96,4,0,4.17
MBX00452,2026-07-08,18,77,7,0,9.09
MBX00452,2026-07-09,21,103,8,2,7.77
MBX00452,2026-07-10,26,74,2,1,2.7
MBX00452,2026-07-11,3,8,0,1,0.0
MBX00452,2026-07-12,1,5,0,1,0.0
MBX00452,2026-07-13,25,86,3,0,3.49
MBX00452,2026-07-14,23,96,8,1,8.33
MBX00452,2026-07-15,21,83,3,1,3.61
MBX00452,2026-07-16,16,83,4,1,4.82
MBX00452,2026-07-17,27,82,6,2,7.32
MBX00452,2026-07-18,2,13,0,1,0.0
MBX00452,2026-07-19,7,13,1,0,7.69
MBX00452,2026-07-20,16,89,5,2,5.62
MBX00452,2026-07-21,25,104,4,0,3.85
MBX00452,2026-07-22,29,82,6,2,7.32
MBX00452,2026-07-23,25,93,13,1,13.98
MBX00452,2026-07-24,26,73,3,0,4.11
MBX00213,2026-04-26,0,0,0,0,0.0
MBX00213,2026-04-27,1,14,0,0,0.0
MBX00213,2026-04-28,3,18,1,0,5.56
MBX00213,2026-04-29,0,16,1,0,6.25
MBX00213,2026-04-30,0,8,0,0,0.0
MBX00213,2026-05-01,2,14,1,0,7.14
MBX00213,2026-05-02,0,0,0,0,0.0
MBX00213,2026-05-03,0,2,0,0,0.0
MBX00213,2026-05-04,1,12,1,0,8.33
MBX00213,2026-05-05,1,18,3,0,16.67
MBX00213,2026-05-06,0,15,1,1,6.67
MBX00213,2026-05-07,0,7,0,0,0.0
MBX00213,2026-05-08,1,13,2,0,15.38
MBX00213,2026-05-09,0,2,0,0,0.0
MBX00213,2026-05-10,0,0,0,0,0.0
MBX00213,2026-05-11,3,15,1,0,6.67
MBX00213,2026-05-12,2,12,0,0,0.0
MBX00213,2026-05-13,2,20,2,0,10.0
MBX00213,2026-05-14,1,16,1,0,6.25
MBX00213,2026-05-15,3,13,0,0,0.0
MBX00213,2026-05-16,1,2,0,0,0.0
MBX00213,2026-05-17,0,2,0,0,0.0
MBX00213,2026-05-18,1,19,1,1,5.26
MBX00213,2026-05-19,2,16,0,0,0.0
MBX00213,2026-05-20,2,13,1,0,7.69
MBX00213,2026-05-21,2,8,1,0,12.5
MBX00213,2026-05-22,0,15,1,1,6.67
MBX00213,2026-05-23,1,2,0,0,0.0
MBX00213,2026-05-24,0,3,0,0,0.0
MBX00213,2026-05-25,1,13,1,0,7.69
MBX00213,2026-05-26,2,19,0,0,0.0
MBX00213,2026-05-27,1,15,0,0,0.0
MBX00213,2026-05-28,2,13,0,0,0.0
MBX00213,2026-05-29,1,17,0,0,0.0
MBX00213,2026-05-30,0,1,0,0,0.0
MBX00213,2026-05-31,0,1,0,0,0.0
MBX00213,2026-06-01,1,10,0,0,0.0
MBX00213,2026-06-02,1,18,2,0,11.11
MBX00213,2026-06-03,0,14,4,0,28.57
MBX00213,2026-06-04,0,17,1,0,5.88
MBX00213,2026-06-05,3,13,2,0,15.38
MBX00213,2026-06-06,2,0,0,0,0.0
MBX00213,2026-06-07,0,2,0,0,0.0
MBX00213,2026-06-08,1,11,0,0,0.0
MBX00213,2026-06-09,2,10,2,0,20.0
MBX00213,2026-06-10,2,12,1,0,8.33
MBX00213,2026-06-11,1,14,1,0,7.14
MBX00213,2026-06-12,0,22,4,0,18.18
MBX00213,2026-06-13,0,2,0,0,0.0
MBX00213,2026-06-14,0,4,1,0,25.0
MBX00213,2026-06-15,1,4,0,0,0.0
MBX00213,2026-06-16,2,12,0,0,0.0
MBX00213,2026-06-17,3,17,1,0,5.88
MBX00213,2026-06-18,3,16,0,1,0.0
MBX00213,2026-06-19,0,16,1,0,6.25
MBX00213,2026-06-20,0,1,0,0,0.0
MBX00213,2026-06-21,0,1,0,0,0.0
MBX00213,2026-06-22,3,16,2,0,12.5
MBX00213,2026-06-23,1,13,1,0,7.69
MBX00213,2026-06-24,3,17,2,0,11.76
MBX00213,2026-06-25,2,14,2,0,14.29
MBX00213,2026-06-26,4,12,0,0,0.0
MBX00213,2026-06-27,0,2,0,0,0.0
MBX00213,2026-06-28,0,2,0,0,0.0
MBX00213,2026-06-29,4,11,0,1,0.0
MBX00213,2026-06-30,1,17,2,0,11.76
MBX00213,2026-07-01,5,15,1,0,6.67
MBX00213,2026-07-02,3,17,1,0,5.88
MBX00213,2026-07-03,1,5,0,0,0.0
MBX00213,2026-07-04,1,2,0,0,0.0
MBX00213,2026-07-05,0,2,0,0,0.0
MBX00213,2026-07-06,0,16,3,0,18.75
MBX00213,2026-07-07,2,10,0,0,0.0
MBX00213,2026-07-08,1,17,1,0,5.88
MBX00213,2026-07-09,2,17,1,1,5.88
MBX00213,2026-07-10,2,20,1,0,5.0
MBX00213,2026-07-11,0,0,0,0,0.0
MBX00213,2026-07-12,0,3,0,0,0.0
MBX00213,2026-07-13,0,23,2,0,8.7
MBX00213,2026-07-14,2,11,2,0,18.18
MBX00213,2026-07-15,2,20,1,0,5.0
MBX00213,2026-07-16,1,14,2,0,14.29
MBX00213,2026-07-17,0,12,0,0,0.0
MBX00213,2026-07-18,1,5,0,0,0.0
MBX00213,2026-07-19,0,4,0,0,0.0
MBX00213,2026-07-20,0,18,0,1,0.0
MBX00213,2026-07-21,3,15,1,0,6.67
MBX00213,2026-07-22,0,12,1,0,8.33
MBX00213,2026-07-23,0,16,0,0,0.0
MBX00213,2026-07-24,1,16,1,0,6.25
MBX00393,2026-04-26,8,6,0,0,0.0
MBX00393,2026-04-27,29,31,3,0,9.68
MBX00393,2026-04-28,43,24,3,0,12.5
MBX00393,2026-04-29,40,31,3,1,9.68
MBX00393,2026-04-30,28,36,5,1,13.89
MBX00393,2026-05-01,32,28,0,0,0.0
MBX00393,2026-05-02,6,4,0,0,0.0
MBX00393,2026-05-03,2,1,0,0,0.0
MBX00393,2026-05-04,28,36,4,1,11.11
MBX00393,2026-05-05,38,27,3,2,11.11
MBX00393,2026-05-06,45,33,2,0,6.06
MBX00393,2026-05-07,37,22,1,2,4.55
MBX00393,2026-05-08,43,20,5,2,25.0
MBX00393,2026-05-09,3,5,0,0,0.0
MBX00393,2026-05-10,4,5,0,0,0.0
MBX00393,2026-05-11,38,32,3,0,9.38
MBX00393,2026-05-12,35,37,4,0,10.81
MBX00393,2026-05-13,39,32,1,0,3.12
MBX00393,2026-05-14,34,25,3,0,12.0
MBX00393,2026-05-15,34,25,0,0,0.0
MBX00393,2026-05-16,7,3,0,0,0.0
MBX00393,2026-05-17,6,2,0,0,0.0
MBX00393,2026-05-18,43,38,1,0,2.63
MBX00393,2026-05-19,42,46,2,1,4.35
MBX00393,2026-05-20,37,30,1,0,3.33
MBX00393,2026-05-21,40,23,2,0,8.7
MBX00393,2026-05-22,34,42,3,1,7.14
MBX00393,2026-05-23,7,5,1,0,20.0
MBX00393,2026-05-24,5,3,0,0,0.0
MBX00393,2026-05-25,35,27,1,0,3.7
MBX00393,2026-05-26,23,30,1,0,3.33
MBX00393,2026-05-27,31,28,1,2,3.57
MBX00393,2026-05-28,39,33,2,0,6.06
MBX00393,2026-05-29,50,26,2,0,7.69
MBX00393,2026-05-30,4,3,0,0,0.0
MBX00393,2026-05-31,5,5,0,0,0.0
MBX00393,2026-06-01,33,21,2,1,9.52
MBX00393,2026-06-02,34,22,1,0,4.55
MBX00393,2026-06-03,43,16,1,2,6.25
MBX00393,2026-06-04,39,30,0,0,0.0
MBX00393,2026-06-05,35,41,2,1,4.88
MBX00393,2026-06-06,6,7,0,0,0.0
MBX00393,2026-06-07,6,4,0,0,0.0
MBX00393,2026-06-08,40,30,3,0,10.0
MBX00393,2026-06-09,31,34,0,0,0.0
MBX00393,2026-06-10,39,28,2,1,7.14
MBX00393,2026-06-11,35,42,2,0,4.76
MBX00393,2026-06-12,37,31,1,1,3.23
MBX00393,2026-06-13,5,8,1,0,12.5
MBX00393,2026-06-14,2,6,1,0,16.67
MBX00393,2026-06-15,35,28,2,2,7.14
MBX00393,2026-06-16,36,38,2,1,5.26
MBX00393,2026-06-17,33,38,1,2,2.63
MBX00393,2026-06-18,35,40,1,1,2.5
MBX00393,2026-06-19,27,34,1,0,2.94
MBX00393,2026-06-20,5,6,0,0,0.0
MBX00393,2026-06-21,1,1,0,0,0.0
MBX00393,2026-06-22,41,35,1,0,2.86
MBX00393,2026-06-23,49,25,1,1,4.0
MBX00393,2026-06-24,28,23,3,0,13.04
MBX00393,2026-06-25,33,35,3,0,8.57
MBX00393,2026-06-26,47,39,6,2,15.38
MBX00393,2026-06-27,9,5,0,0,0.0
MBX00393,2026-06-28,5,3,2,0,66.67
MBX00393,2026-06-29,38,35,1,1,2.86
MBX00393,2026-06-30,43,36,3,0,8.33
MBX00393,2026-07-01,43,38,1,2,2.63
MBX00393,2026-07-02,37,35,3,1,8.57
MBX00393,2026-07-03,42,28,0,1,0.0
MBX00393,2026-07-04,0,6,0,0,0.0
MBX00393,2026-07-05,2,3,0,0,0.0
MBX00393,2026-07-06,27,31,4,0,12.9
MBX00393,2026-07-07,33,40,1,0,2.5
MBX00393,2026-07-08,36,30,2,0,6.67
MBX00393,2026-07-09,33,28,1,0,3.57
MBX00393,2026-07-10,35,40,1,0,2.5
MBX00393,2026-07-11,7,5,0,0,0.0
MBX00393,2026-07-12,7,5,0,0,0.0
MBX00393,2026-07-13,30,29,4,0,13.79
MBX00393,2026-07-14,24,42,2,0,4.76
MBX00393,2026-07-15,33,32,1,0,3.12
MBX00393,2026-07-16,41,30,1,0,3.33
MBX00393,2026-07-17,49,39,2,0,5.13
MBX00393,2026-07-18,5,8,0,1,0.0
MBX00393,2026-07-19,6,8,0,0,0.0
MBX00393,2026-07-20,33,31,1,0,3.23
MBX00393,2026-07-21,44,41,0,0,0.0
MBX00393,2026-07-22,30,24,0,0,0.0
MBX00393,2026-07-23,42,28,3,0,10.71
MBX00393,2026-07-24,41,23,3,1,13.04
MBX00079,2026-04-26,4,6,0,0,0.0
MBX00079,2026-04-27,16,50,5,1,10.0
MBX00079,2026-04-28,25,54,2,0,3.7
MBX00079,2026-04-29,17,51,0,0,0.0
MBX00079,2026-04-30,26,40,1,2,2.5
MBX00079,2026-05-01,25,56,7,0,12.5
MBX00079,2026-05-02,5,7,0,0,0.0
MBX00079,2026-05-03,1,8,1,0,12.5
MBX00079,2026-05-04,31,40,5,0,12.5
MBX00079,2026-05-05,29,52,3,0,5.77
MBX00079,2026-05-06,20,57,2,0,3.51
MBX00079,2026-05-07,20,48,1,0,2.08
MBX00079,2026-05-08,19,39,3,1,7.69
MBX00079,2026-05-09,5,4,0,1,0.0
MBX00079,2026-05-10,4,6,1,1,16.67
MBX00079,2026-05-11,24,46,1,0,2.17
MBX00079,2026-05-12,23,55,5,0,9.09
MBX00079,2026-05-13,26,37,2,0,5.41
MBX00079,2026-05-14,23,60,3,4,5.0
MBX00079,2026-05-15,18,64,1,3,1.56
MBX00079,2026-05-16,2,7,0,0,0.0
MBX00079,2026-05-17,7,11,1,0,9.09
MBX00079,2026-05-18,15,56,3,0,5.36
MBX00079,2026-05-19,27,49,3,1,6.12
MBX00079,2026-05-20,21,45,1,0,2.22
MBX00079,2026-05-21,20,42,6,1,14.29
MBX00079,2026-05-22,32,55,1,1,1.82
MBX00079,2026-05-23,1,9,0,0,0.0
MBX00079,2026-05-24,6,6,0,0,0.0
MBX00079,2026-05-25,18,47,7,1,14.89
MBX00079,2026-05-26,22,51,3,0,5.88
MBX00079,2026-05-27,16,68,2,1,2.94
MBX00079,2026-05-28,24,64,5,1,7.81
MBX00079,2026-05-29,20,43,0,0,0.0
MBX00079,2026-05-30,2,14,1,0,7.14
MBX00079,2026-05-31,7,9,0,0,0.0
MBX00079,2026-06-01,21,58,2,0,3.45
MBX00079,2026-06-02,20,50,2,1,4.0
MBX00079,2026-06-03,18,49,5,0,10.2
MBX00079,2026-06-04,18,53,4,0,7.55
MBX00079,2026-06-05,27,49,7,0,14.29
MBX00079,2026-06-06,1,11,0,0,0.0
MBX00079,2026-06-07,7,9,0,0,0.0
MBX00079,2026-06-08,21,59,7,0,11.86
MBX00079,2026-06-09,19,53,3,0,5.66
MBX00079,2026-06-10,26,54,5,1,9.26
MBX00079,2026-06-11,26,42,5,2,11.9
MBX00079,2026-06-12,20,54,5,0,9.26
MBX00079,2026-06-13,5,5,1,0,20.0
MBX00079,2026-06-14,4,10,0,0,0.0
MBX00079,2026-06-15,15,49,2,0,4.08
MBX00079,2026-06-16,23,43,1,0,2.33
MBX00079,2026-06-17,23,62,5,0,8.06
MBX00079,2026-06-18,23,53,4,0,7.55
MBX00079,2026-06-19,18,44,3,0,6.82
MBX00079,2026-06-20,8,4,0,0,0.0
MBX00079,2026-06-21,3,6,0,0,0.0
MBX00079,2026-06-22,28,44,2,0,4.55
MBX00079,2026-06-23,24,54,3,1,5.56
MBX00079,2026-06-24,24,52,8,2,15.38
MBX00079,2026-06-25,11,41,1,1,2.44
MBX00079,2026-06-26,20,51,2,1,3.92
MBX00079,2026-06-27,5,9,0,1,0.0
MBX00079,2026-06-28,2,7,1,0,14.29
MBX00079,2026-06-29,21,52,2,1,3.85
MBX00079,2026-06-30,24,43,4,1,9.3
MBX00079,2026-07-01,11,52,3,0,5.77
MBX00079,2026-07-02,23,49,4,3,8.16
MBX00079,2026-07-03,22,66,5,1,7.58
MBX00079,2026-07-04,3,13,0,0,0.0
MBX00079,2026-07-05,4,5,0,0,0.0
MBX00079,2026-07-06,12,44,1,1,2.27
MBX00079,2026-07-07,25,52,3,0,5.77
MBX00079,2026-07-08,25,55,5,2,9.09
MBX00079,2026-07-09,30,70,7,2,10.0
MBX00079,2026-07-10,16,60,3,0,5.0
MBX00079,2026-07-11,3,6,1,0,16.67
MBX00079,2026-07-12,5,10,1,0,10.0
MBX00079,2026-07-13,26,45,2,2,4.44
MBX00079,2026-07-14,24,47,2,0,4.26
MBX00079,2026-07-15,15,63,5,0,7.94
MBX00079,2026-07-16,35,55,6,2,10.91
MBX00079,2026-07-17,20,47,2,0,4.26
MBX00079,2026-07-18,3,11,1,0,9.09
MBX00079,2026-07-19,4,7,0,1,0.0
MBX00079,2026-07-20,18,56,5,0,8.93
MBX00079,2026-07-21,18,51,4,2,7.84
MBX00079,2026-07-22,22,55,2,0,3.64
MBX00079,2026-07-23,22,38,1,0,2.63
MBX00079,2026-07-24,16,43,1,4,2.33
MBX00478,2026-04-26,5,9,2,0,22.22
MBX00478,2026-04-27,26,36,3,3,8.33
MBX00478,2026-04-28,29,34,4,0,11.76
MBX00478,2026-04-29,33,49,2,0,4.08
MBX00478,2026-04-30,20,49,3,0,6.12
MBX00478,2026-05-01,25,42,4,0,9.52
MBX00478,2026-05-02,5,5,0,0,0.0
MBX00478,2026-05-03,1,4,0,0,0.0
MBX00478,2026-05-04,32,33,3,0,9.09
MBX00478,2026-05-05,27,37,3,0,8.11
MBX00478,2026-05-06,22,41,2,3,4.88
MBX00478,2026-05-07,25,42,1,0,2.38
MBX00478,2026-05-08,25,41,2,1,4.88
MBX00478,2026-05-09,1,4,0,0,0.0
MBX00478,2026-05-10,3,5,0,0,0.0
MBX00478,2026-05-11,20,30,1,1,3.33
MBX00478,2026-05-12,30,51,4,0,7.84
MBX00478,2026-05-13,26,46,2,1,4.35
MBX00478,2026-05-14,21,41,3,0,7.32
MBX00478,2026-05-15,18,33,2,1,6.06
MBX00478,2026-05-16,3,5,1,0,20.0
MBX00478,2026-05-17,4,9,1,0,11.11
MBX00478,2026-05-18,15,39,3,0,7.69
MBX00478,2026-05-19,19,31,0,0,0.0
MBX00478,2026-05-20,26,42,3,0,7.14
MBX00478,2026-05-21,27,45,2,0,4.44
MBX00478,2026-05-22,28,42,6,1,14.29
MBX00478,2026-05-23,2,7,0,0,0.0
MBX00478,2026-05-24,6,4,0,0,0.0
MBX00478,2026-05-25,23,39,1,1,2.56
MBX00478,2026-05-26,26,32,1,1,3.12
MBX00478,2026-05-27,27,43,2,1,4.65
MBX00478,2026-05-28,24,39,3,0,7.69
MBX00478,2026-05-29,30,40,1,1,2.5
MBX00478,2026-05-30,1,5,1,0,20.0
MBX00478,2026-05-31,4,8,0,0,0.0
MBX00478,2026-06-01,19,33,1,1,3.03
MBX00478,2026-06-02,15,41,1,0,2.44
MBX00478,2026-06-03,13,44,2,2,4.55
MBX00478,2026-06-04,20,36,2,0,5.56
MBX00478,2026-06-05,22,43,2,0,4.65
MBX00478,2026-06-06,4,5,1,0,20.0
MBX00478,2026-06-07,3,3,0,0,0.0
MBX00478,2026-06-08,31,45,0,1,0.0
MBX00478,2026-06-09,27,39,2,2,5.13
MBX00478,2026-06-10,23,42,0,0,0.0
MBX00478,2026-06-11,17,52,3,0,5.77
MBX00478,2026-06-12,14,29,4,1,13.79
MBX00478,2026-06-13,2,10,1,0,10.0
MBX00478,2026-06-14,3,6,0,0,0.0
MBX00478,2026-06-15,20,36,2,0,5.56
MBX00478,2026-06-16,32,41,1,1,2.44
MBX00478,2026-06-17,17,53,1,0,1.89
MBX00478,2026-06-18,27,45,1,0,2.22
MBX00478,2026-06-19,22,34,2,0,5.88
MBX00478,2026-06-20,5,4,0,0,0.0
MBX00478,2026-06-21,8,8,1,0,12.5
MBX00478,2026-06-22,24,32,1,0,3.12
MBX00478,2026-06-23,21,29,2,0,6.9
MBX00478,2026-06-24,20,45,6,1,13.33
MBX00478,2026-06-25,24,44,2,1,4.55
MBX00478,2026-06-26,22,48,4,0,8.33
MBX00478,2026-06-27,8,4,0,0,0.0
MBX00478,2026-06-28,7,4,1,0,25.0
MBX00478,2026-06-29,31,36,4,0,11.11
MBX00478,2026-06-30,29,43,3,2,6.98
MBX00478,2026-07-01,23,40,0,1,0.0
MBX00478,2026-07-02,22,37,0,0,0.0
MBX00478,2026-07-03,32,35,0,0,0.0
MBX00478,2026-07-04,1,12,1,0,8.33
MBX00478,2026-07-05,2,7,1,0,14.29
MBX00478,2026-07-06,31,33,1,1,3.03
MBX00478,2026-07-07,31,38,1,1,2.63
MBX00478,2026-07-08,19,36,2,0,5.56
MBX00478,2026-07-09,24,38,2,0,5.26
MBX00478,2026-07-10,26,45,5,1,11.11
MBX00478,2026-07-11,4,6,1,0,16.67
MBX00478,2026-07-12,3,7,0,0,0.0
MBX00478,2026-07-13,25,42,1,1,2.38
MBX00478,2026-07-14,33,33,1,1,3.03
MBX00478,2026-07-15,26,37,2,1,5.41
MBX00478,2026-07-16,26,39,3,1,7.69
MBX00478,2026-07-17,24,34,0,1,0.0
MBX00478,2026-07-18,2,10,1,0,10.0
MBX00478,2026-07-19,4,6,0,0,0.0
MBX00478,2026-07-20,23,34,4,1,11.76
MBX00478,2026-07-21,18,42,4,0,9.52
MBX00478,2026-07-22,26,40,3,3,7.5
MBX00478,2026-07-23,31,45,3,2,6.67
MBX00478,2026-07-24,19,41,7,1,17.07
MBX00676,2026-04-26,2,6,0,0,0.0
MBX00676,2026-04-27,8,29,1,0,3.45
MBX00676,2026-04-28,9,26,0,0,0.0
MBX00676,2026-04-29,10,28,1,0,3.57
MBX00676,2026-04-30,7,32,1,0,3.12
MBX00676,2026-05-01,7,37,0,1,0.0
MBX00676,2026-05-02,2,0,0,0,0.0
MBX00676,2026-05-03,0,2,1,0,50.0
MBX00676,2026-05-04,10,40,2,0,5.0
MBX00676,2026-05-05,11,35,4,1,11.43
MBX00676,2026-05-06,10,28,0,2,0.0
MBX00676,2026-05-07,13,34,2,0,5.88
MBX00676,2026-05-08,7,25,0,0,0.0
MBX00676,2026-05-09,0,4,1,0,25.0
MBX00676,2026-05-10,2,5,1,1,20.0
MBX00676,2026-05-11,4,22,0,1,0.0
MBX00676,2026-05-12,17,27,0,1,0.0
MBX00676,2026-05-13,6,38,3,1,7.89
MBX00676,2026-05-14,9,29,1,1,3.45
MBX00676,2026-05-15,7,38,1,0,2.63
MBX00676,2026-05-16,0,1,0,0,0.0
MBX00676,2026-05-17,0,8,0,0,0.0
MBX00676,2026-05-18,9,26,2,0,7.69
MBX00676,2026-05-19,6,42,2,1,4.76
MBX00676,2026-05-20,10,32,1,1,3.12
MBX00676,2026-05-21,10,30,1,1,3.33
MBX00676,2026-05-22,7,26,1,0,3.85
MBX00676,2026-05-23,2,8,0,0,0.0
MBX00676,2026-05-24,2,2,0,0,0.0
MBX00676,2026-05-25,9,33,0,0,0.0
MBX00676,2026-05-26,10,34,3,0,8.82
MBX00676,2026-05-27,7,39,7,0,17.95
MBX00676,2026-05-28,7,31,0,0,0.0
MBX00676,2026-05-29,2,24,3,0,12.5
MBX00676,2026-05-30,2,4,1,0,25.0
MBX00676,2026-05-31,2,2,0,0,0.0
MBX00676,2026-06-01,8,30,1,0,3.33
MBX00676,2026-06-02,8,44,1,0,2.27
MBX00676,2026-06-03,7,27,2,0,7.41
MBX00676,2026-06-04,7,33,3,0,9.09
MBX00676,2026-06-05,8,36,1,1,2.78
MBX00676,2026-06-06,0,4,0,0,0.0
MBX00676,2026-06-07,1,4,0,0,0.0
MBX00676,2026-06-08,6,33,1,1,3.03
MBX00676,2026-06-09,7,34,2,0,5.88
MBX00676,2026-06-10,8,35,3,0,8.57
MBX00676,2026-06-11,7,30,2,0,6.67
MBX00676,2026-06-12,17,21,2,1,9.52
MBX00676,2026-06-13,0,4,0,0,0.0
MBX00676,2026-06-14,0,12,4,1,33.33
MBX00676,2026-06-15,8,42,3,0,7.14
MBX00676,2026-06-16,9,28,1,0,3.57
MBX00676,2026-06-17,3,33,1,1,3.03
MBX00676,2026-06-18,3,35,2,0,5.71
MBX00676,2026-06-19,5,39,3,1,7.69
MBX00676,2026-06-20,0,4,0,0,0.0
MBX00676,2026-06-21,2,4,0,0,0.0
MBX00676,2026-06-22,9,30,5,2,16.67
MBX00676,2026-06-23,9,43,1,0,2.33
MBX00676,2026-06-24,9,37,2,0,5.41
MBX00676,2026-06-25,9,39,2,1,5.13
MBX00676,2026-06-26,10,40,4,1,10.0
MBX00676,2026-06-27,1,5,0,0,0.0
MBX00676,2026-06-28,0,3,0,0,0.0
MBX00676,2026-06-29,9,33,4,0,12.12
MBX00676,2026-06-30,10,31,1,0,3.23
MBX00676,2026-07-01,5,36,2,0,5.56
MBX00676,2026-07-02,10,35,2,0,5.71
MBX00676,2026-07-03,11,35,0,0,0.0
MBX00676,2026-07-04,0,6,0,0,0.0
MBX00676,2026-07-05,3,4,0,0,0.0
MBX00676,2026-07-06,3,32,2,0,6.25
MBX00676,2026-07-07,4,29,4,0,13.79
MBX00676,2026-07-08,9,20,0,0,0.0
MBX00676,2026-07-09,10,34,3,0,8.82
MBX00676,2026-07-10,9,45,1,1,2.22
MBX00676,2026-07-11,2,7,0,0,0.0
MBX00676,2026-07-12,2,9,1,0,11.11
MBX00676,2026-07-13,7,41,5,0,12.2
MBX00676,2026-07-14,13,45,0,0,0.0
MBX00676,2026-07-15,5,43,1,0,2.33
MBX00676,2026-07-16,6,23,1,0,4.35
MBX00676,2026-07-17,12,28,3,0,10.71
MBX00676,2026-07-18,3,7,0,0,0.0
MBX00676,2026-07-19,1,9,1,1,11.11
MBX00676,2026-07-20,12,37,6,0,16.22
MBX00676,2026-07-21,7,30,3,0,10.0
MBX00676,2026-07-22,4,25,3,0,12.0
MBX00676,2026-07-23,8,34,1,0,2.94
MBX00676,2026-07-24,8,38,4,1,10.53
MBX00133,2026-04-26,9,6,1,0,16.67
MBX00133,2026-04-27,33,34,3,1,8.82
MBX00133,2026-04-28,43,29,3,0,10.34
MBX00133,2026-04-29,35,26,2,0,7.69
MBX00133,2026-04-30,36,28,1,2,3.57
MBX00133,2026-05-01,37,38,2,0,5.26
MBX00133,2026-05-02,8,8,1,0,12.5
MBX00133,2026-05-03,2,7,0,0,0.0
MBX00133,2026-05-04,38,34,0,0,0.0
MBX00133,2026-05-05,36,25,1,0,4.0
MBX00133,2026-05-06,33,39,3,0,7.69
MBX00133,2026-05-07,47,40,1,1,2.5
MBX00133,2026-05-08,33,34,5,1,14.71
MBX00133,2026-05-09,8,3,0,0,0.0
MBX00133,2026-05-10,5,6,0,0,0.0
MBX00133,2026-05-11,33,35,2,2,5.71
MBX00133,2026-05-12,48,34,3,1,8.82
MBX00133,2026-05-13,26,37,0,2,0.0
MBX00133,2026-05-14,40,36,1,0,2.78
MBX00133,2026-05-15,32,42,2,0,4.76
MBX00133,2026-05-16,2,4,0,0,0.0
MBX00133,2026-05-17,5,3,0,0,0.0
MBX00133,2026-05-18,30,24,1,1,4.17
MBX00133,2026-05-19,35,31,1,0,3.23
MBX00133,2026-05-20,37,25,0,0,0.0
MBX00133,2026-05-21,29,43,3,1,6.98
MBX00133,2026-05-22,29,28,5,0,17.86
MBX00133,2026-05-23,5,1,0,1,0.0
MBX00133,2026-05-24,4,0,0,0,0.0
MBX00133,2026-05-25,37,30,3,0,10.0
MBX00133,2026-05-26,27,38,1,1,2.63
MBX00133,2026-05-27,26,36,1,1,2.78
MBX00133,2026-05-28,29,34,0,1,0.0
MBX00133,2026-05-29,37,22,1,0,4.55
MBX00133,2026-05-30,1,2,0,0,0.0
MBX00133,2026-05-31,4,5,1,0,20.0
MBX00133,2026-06-01,35,41,0,0,0.0
MBX00133,2026-06-02,34,27,1,2,3.7
MBX00133,2026-06-03,33,25,0,1,0.0
MBX00133,2026-06-04,30,38,2,1,5.26
MBX00133,2026-06-05,35,40,3,0,7.5
MBX00133,2026-06-06,3,4,0,0,0.0
MBX00133,2026-06-07,3,4,0,0,0.0
MBX00133,2026-06-08,31,39,1,0,2.56
MBX00133,2026-06-09,47,37,2,0,5.41
MBX00133,2026-06-10,36,23,2,2,8.7
MBX00133,2026-06-11,33,34,1,1,2.94
MBX00133,2026-06-12,30,32,3,0,9.38
MBX00133,2026-06-13,7,8,1,0,12.5
MBX00133,2026-06-14,6,4,1,0,25.0
MBX00133,2026-06-15,29,34,0,0,0.0
MBX00133,2026-06-16,42,36,3,1,8.33
MBX00133,2026-06-17,37,40,1,0,2.5
MBX00133,2026-06-18,34,27,0,1,0.0
MBX00133,2026-06-19,31,30,0,1,0.0
MBX00133,2026-06-20,6,7,0,0,0.0
MBX00133,2026-06-21,2,6,0,0,0.0
MBX00133,2026-06-22,40,33,3,0,9.09
MBX00133,2026-06-23,32,38,0,3,0.0
MBX00133,2026-06-24,36,34,1,2,2.94
MBX00133,2026-06-25,34,34,4,1,11.76
MBX00133,2026-06-26,38,36,0,0,0.0
MBX00133,2026-06-27,4,5,0,0,0.0
MBX00133,2026-06-28,4,6,1,0,16.67
MBX00133,2026-06-29,34,30,2,0,6.67
MBX00133,2026-06-30,37,32,2,0,6.25
MBX00133,2026-07-01,32,33,1,0,3.03
MBX00133,2026-07-02,30,38,2,0,5.26
MBX00133,2026-07-03,31,41,0,0,0.0
MBX00133,2026-07-04,3,5,0,0,0.0
MBX00133,2026-07-05,5,5,0,1,0.0
MBX00133,2026-07-06,28,42,1,1,2.38
MBX00133,2026-07-07,26,35,2,0,5.71
MBX00133,2026-07-08,31,45,3,1,6.67
MBX00133,2026-07-09,30,45,1,2,2.22
MBX00133,2026-07-10,32,31,1,2,3.23
MBX00133,2026-07-11,4,7,2,0,28.57
MBX00133,2026-07-12,5,3,0,1,0.0
MBX00133,2026-07-13,33,34,0,1,0.0
MBX00133,2026-07-14,45,40,1,1,2.5
MBX00133,2026-07-15,32,40,0,0,0.0
MBX00133,2026-07-16,35,32,1,1,3.12
MBX00133,2026-07-17,32,32,3,0,9.38
MBX00133,2026-07-18,3,4,0,0,0.0
MBX00133,2026-07-19,8,6,0,1,0.0
MBX00133,2026-07-20,42,40,1,1,2.5
MBX00133,2026-07-21,36,35,0,0,0.0
MBX00133,2026-07-22,30,43,4,0,9.3
MBX00133,2026-07-23,35,41,3,0,7.32
MBX00133,2026-07-24,34,44,5,2,11.36
MBX00501,2026-04-26,3,7,1,0,14.29
MBX00501,2026-04-27,17,52,5,1,9.62
MBX00501,2026-04-28,21,64,3,0,4.69
MBX00501,2026-04-29,16,60,2,0,3.33
MBX00501,2026-04-30,11,50,4,1,8.0
MBX00501,2026-05-01,19,50,2,1,4.0
MBX00501,2026-05-02,2,6,0,0,0.0
MBX00501,2026-05-03,5,6,0,0,0.0
MBX00501,2026-05-04,17,54,4,0,7.41
MBX00501,2026-05-05,22,50,1,0,2.0
MBX00501,2026-05-06,19,55,3,1,5.45
MBX00501,2026-05-07,15,56,4,0,7.14
MBX00501,2026-05-08,22,55,4,1,7.27
MBX00501,2026-05-09,4,3,0,0,0.0
MBX00501,2026-05-10,0,8,3,0,37.5
MBX00501,2026-05-11,18,52,5,1,9.62
MBX00501,2026-05-12,18,66,2,0,3.03
MBX00501,2026-05-13,15,58,3,1,5.17
MBX00501,2026-05-14,22,44,2,1,4.55
MBX00501,2026-05-15,19,51,2,1,3.92
MBX00501,2026-05-16,5,9,0,0,0.0
MBX00501,2026-05-17,2,6,0,0,0.0
MBX00501,2026-05-18,14,49,2,3,4.08
MBX00501,2026-05-19,15,50,2,0,4.0
MBX00501,2026-05-20,17,40,2,1,5.0
MBX00501,2026-05-21,15,54,2,0,3.7
MBX00501,2026-05-22,14,52,0,0,0.0
MBX00501,2026-05-23,4,9,1,0,11.11
MBX00501,2026-05-24,2,12,0,0,0.0
MBX00501,2026-05-25,20,43,4,0,9.3
MBX00501,2026-05-26,25,40,3,1,7.5
MBX00501,2026-05-27,14,41,2,0,4.88
MBX00501,2026-05-28,20,46,2,1,4.35
MBX00501,2026-05-29,18,46,7,1,15.22
MBX00501,2026-05-30,3,7,2,0,28.57
MBX00501,2026-05-31,3,8,0,0,0.0
MBX00501,2026-06-01,21,54,2,0,3.7
MBX00501,2026-06-02,25,36,1,2,2.78
MBX00501,2026-06-03,13,45,4,0,8.89
MBX00501,2026-06-04,23,56,5,2,8.93
MBX00501,2026-06-05,14,53,5,0,9.43
MBX00501,2026-06-06,2,4,1,0,25.0
MBX00501,2026-06-07,0,6,0,0,0.0
MBX00501,2026-06-08,22,69,2,0,2.9
MBX00501,2026-06-09,20,47,1,0,2.13
MBX00501,2026-06-10,24,42,4,1,9.52
MBX00501,2026-06-11,22,50,6,0,12.0
MBX00501,2026-06-12,17,49,3,1,6.12
MBX00501,2026-06-13,2,6,0,0,0.0
MBX00501,2026-06-14,2,6,1,0,16.67
MBX00501,2026-06-15,17,59,7,1,11.86
MBX00501,2026-06-16,18,52,5,0,9.62
MBX00501,2026-06-17,13,44,4,0,9.09
MBX00501,2026-06-18,17,47,3,1,6.38
MBX00501,2026-06-19,21,55,5,0,9.09
MBX00501,2026-06-20,2,3,0,0,0.0
MBX00501,2026-06-21,1,7,0,0,0.0
MBX00501,2026-06-22,20,45,2,1,4.44
MBX00501,2026-06-23,19,53,5,1,9.43
MBX00501,2026-06-24,16,51,2,1,3.92
MBX00501,2026-06-25,17,56,3,0,5.36
MBX00501,2026-06-26,20,55,3,2,5.45
MBX00501,2026-06-27,0,5,0,0,0.0
MBX00501,2026-06-28,2,8,0,0,0.0
MBX00501,2026-06-29,14,59,4,1,6.78
MBX00501,2026-06-30,15,44,2,2,4.55
MBX00501,2026-07-01,19,51,6,0,11.76
MBX00501,2026-07-02,16,48,3,0,6.25
MBX00501,2026-07-03,14,47,3,0,6.38
MBX00501,2026-07-04,2,10,0,0,0.0
MBX00501,2026-07-05,4,8,3,0,37.5
MBX00501,2026-07-06,21,49,0,1,0.0
MBX00501,2026-07-07,15,57,0,0,0.0
MBX00501,2026-07-08,18,56,5,1,8.93
MBX00501,2026-07-09,17,45,1,2,2.22
MBX00501,2026-07-10,22,53,5,0,9.43
MBX00501,2026-07-11,1,7,1,0,14.29
MBX00501,2026-07-12,3,5,0,0,0.0
MBX00501,2026-07-13,12,49,4,0,8.16
MBX00501,2026-07-14,8,40,2,0,5.0
MBX00501,2026-07-15,11,49,5,0,10.2
MBX00501,2026-07-16,13,42,6,1,14.29
MBX00501,2026-07-17,14,50,4,2,8.0
MBX00501,2026-07-18,2,9,0,0,0.0
MBX00501,2026-07-19,6,8,0,0,0.0
MBX00501,2026-07-20,14,47,1,0,2.13
MBX00501,2026-07-21,10,62,5,1,8.06
MBX00501,2026-07-22,19,59,6,2,10.17
MBX00501,2026-07-23,5,51,1,2,1.96
MBX00501,2026-07-24,14,49,2,0,4.08
MBX00005,2026-04-26,2,8,0,0,0.0
MBX00005,2026-04-27,16,41,3,1,7.32
MBX00005,2026-04-28,23,58,5,0,8.62
MBX00005,2026-04-29,30,65,2,1,3.08
MBX00005,2026-04-30,23,59,0,1,0.0
MBX00005,2026-05-01,15,54,0,0,0.0
MBX00005,2026-05-02,4,11,2,2,18.18
MBX00005,2026-05-03,3,13,0,0,0.0
MBX00005,2026-05-04,25,50,3,3,6.0
MBX00005,2026-05-05,18,54,5,3,9.26
MBX00005,2026-05-06,29,45,5,1,11.11
MBX00005,2026-05-07,19,53,2,0,3.77
MBX00005,2026-05-08,30,69,4,1,5.8
MBX00005,2026-05-09,2,13,2,0,15.38
MBX00005,2026-05-10,4,6,2,0,33.33
MBX00005,2026-05-11,27,51,2,0,3.92
MBX00005,2026-05-12,16,56,3,3,5.36
MBX00005,2026-05-13,21,49,1,0,2.04
MBX00005,2026-05-14,29,57,4,0,7.02
MBX00005,2026-05-15,16,57,2,0,3.51
MBX00005,2026-05-16,4,11,1,0,9.09
MBX00005,2026-05-17,4,6,0,1,0.0
MBX00005,2026-05-18,18,58,3,0,5.17
MBX00005,2026-05-19,13,57,3,0,5.26
MBX00005,2026-05-20,23,55,3,0,5.45
MBX00005,2026-05-21,24,48,2,0,4.17
MBX00005,2026-05-22,22,55,1,1,1.82
MBX00005,2026-05-23,4,11,1,1,9.09
MBX00005,2026-05-24,5,11,1,0,9.09
MBX00005,2026-05-25,25,57,7,1,12.28
MBX00005,2026-05-26,16,62,4,0,6.45
MBX00005,2026-05-27,30,70,3,0,4.29
MBX00005,2026-05-28,34,64,3,1,4.69
MBX00005,2026-05-29,20,53,2,0,3.77
MBX00005,2026-05-30,1,7,1,0,14.29
MBX00005,2026-05-31,3,3,1,0,33.33
MBX00005,2026-06-01,31,75,6,1,8.0
MBX00005,2026-06-02,20,56,5,0,8.93
MBX00005,2026-06-03,17,62,7,2,11.29
MBX00005,2026-06-04,23,58,1,0,1.72
MBX00005,2026-06-05,14,64,5,0,7.81
MBX00005,2026-06-06,5,15,0,0,0.0
MBX00005,2026-06-07,1,9,1,1,11.11
MBX00005,2026-06-08,26,43,3,0,6.98
MBX00005,2026-06-09,26,61,4,0,6.56
MBX00005,2026-06-10,20,51,3,3,5.88
MBX00005,2026-06-11,20,64,6,1,9.38
MBX00005,2026-06-12,21,62,2,0,3.23
MBX00005,2026-06-13,3,6,0,0,0.0
MBX00005,2026-06-14,4,6,0,0,0.0
MBX00005,2026-06-15,30,51,7,1,13.73
MBX00005,2026-06-16,23,58,2,2,3.45
MBX00005,2026-06-17,28,63,2,3,3.17
MBX00005,2026-06-18,15,55,4,1,7.27
MBX00005,2026-06-19,29,63,3,0,4.76
MBX00005,2026-06-20,7,9,0,0,0.0
MBX00005,2026-06-21,3,5,0,0,0.0
MBX00005,2026-06-22,13,53,2,1,3.77
MBX00005,2026-06-23,15,61,6,1,9.84
MBX00005,2026-06-24,26,62,4,0,6.45
MBX00005,2026-06-25,25,57,3,2,5.26
MBX00005,2026-06-26,20,71,7,0,9.86
MBX00005,2026-06-27,7,10,0,0,0.0
MBX00005,2026-06-28,4,7,1,0,14.29
MBX00005,2026-06-29,23,57,6,1,10.53
MBX00005,2026-06-30,32,45,3,0,6.67
MBX00005,2026-07-01,13,58,5,0,8.62
MBX00005,2026-07-02,28,53,3,0,5.66
MBX00005,2026-07-03,27,48,3,2,6.25
MBX00005,2026-07-04,2,13,1,0,7.69
MBX00005,2026-07-05,5,10,1,0,10.0
MBX00005,2026-07-06,27,71,7,1,9.86
MBX00005,2026-07-07,35,60,4,1,6.67
MBX00005,2026-07-08,21,57,4,1,7.02
MBX00005,2026-07-09,23,68,3,2,4.41
MBX00005,2026-07-10,23,51,3,2,5.88
MBX00005,2026-07-11,2,8,0,0,0.0
MBX00005,2026-07-12,4,7,0,0,0.0
MBX00005,2026-07-13,27,63,5,0,7.94
MBX00005,2026-07-14,22,40,1,0,2.5
MBX00005,2026-07-15,24,44,2,2,4.55
MBX00005,2026-07-16,19,68,2,0,2.94
MBX00005,2026-07-17,22,63,1,1,1.59
MBX00005,2026-07-18,4,8,0,0,0.0
MBX00005,2026-07-19,2,8,0,0,0.0
MBX00005,2026-07-20,25,50,6,0,12.0
MBX00005,2026-07-21,22,51,2,0,3.92
MBX00005,2026-07-22,26,50,2,0,4.0
MBX00005,2026-07-23,24,59,4,0,6.78
MBX00005,2026-07-24,32,60,1,1,1.67
MBX00018,2026-04-26,8,10,0,1,0.0
MBX00018,2026-04-27,37,78,8,1,10.26
MBX00018,2026-04-28,47,83,5,1,6.02
MBX00018,2026-04-29,35,79,5,2,6.33
MBX00018,2026-04-30,52,87,4,2,4.6
MBX00018,2026-05-01,44,74,9,2,12.16
MBX00018,2026-05-02,6,11,0,0,0.0
MBX00018,2026-05-03,5,15,1,0,6.67
MBX00018,2026-05-04,36,91,6,3,6.59
MBX00018,2026-05-05,37,82,4,1,4.88
MBX00018,2026-05-06,34,63,2,1,3.17
MBX00018,2026-05-07,35,65,4,1,6.15
MBX00018,2026-05-08,36,86,4,0,4.65
MBX00018,2026-05-09,9,8,0,0,0.0
MBX00018,2026-05-10,3,12,3,0,25.0
MBX00018,2026-05-11,39,62,6,1,9.68
MBX00018,2026-05-12,44,83,4,0,4.82
MBX00018,2026-05-13,35,72,5,0,6.94
MBX00018,2026-05-14,39,99,1,1,1.01
MBX00018,2026-05-15,40,80,4,3,5.0
MBX00018,2026-05-16,7,17,2,1,11.76
MBX00018,2026-05-17,2,16,1,0,6.25
MBX00018,2026-05-18,52,67,5,0,7.46
MBX00018,2026-05-19,44,90,4,1,4.44
MBX00018,2026-05-20,40,81,4,2,4.94
MBX00018,2026-05-21,40,91,4,0,4.4
MBX00018,2026-05-22,48,84,5,4,5.95
MBX00018,2026-05-23,10,14,1,0,7.14
MBX00018,2026-05-24,5,14,1,0,7.14
MBX00018,2026-05-25,31,88,6,0,6.82
MBX00018,2026-05-26,63,88,5,2,5.68
MBX00018,2026-05-27,49,77,5,0,6.49
MBX00018,2026-05-28,36,82,7,1,8.54
MBX00018,2026-05-29,36,77,5,2,6.49
MBX00018,2026-05-30,4,17,2,0,11.76
MBX00018,2026-05-31,8,8,0,1,0.0
MBX00018,2026-06-01,37,87,6,2,6.9
MBX00018,2026-06-02,42,72,2,0,2.78
MBX00018,2026-06-03,46,75,2,1,2.67
MBX00018,2026-06-04,43,82,5,1,6.1
MBX00018,2026-06-05,44,76,4,1,5.26
MBX00018,2026-06-06,3,13,1,0,7.69
MBX00018,2026-06-07,8,11,0,0,0.0
MBX00018,2026-06-08,35,81,5,3,6.17
MBX00018,2026-06-09,42,78,2,2,2.56
MBX00018,2026-06-10,37,70,2,1,2.86
MBX00018,2026-06-11,37,71,9,4,12.68
MBX00018,2026-06-12,40,78,3,2,3.85
MBX00018,2026-06-13,4,10,3,1,30.0
MBX00018,2026-06-14,5,15,0,0,0.0
MBX00018,2026-06-15,46,77,8,1,10.39
MBX00018,2026-06-16,24,77,4,1,5.19
MBX00018,2026-06-17,35,68,1,0,1.47
MBX00018,2026-06-18,30,81,8,0,9.88
MBX00018,2026-06-19,33,77,3,1,3.9
MBX00018,2026-06-20,7,14,0,2,0.0
MBX00018,2026-06-21,9,14,0,0,0.0
MBX00018,2026-06-22,35,78,5,2,6.41
MBX00018,2026-06-23,46,72,6,1,8.33
MBX00018,2026-06-24,50,72,3,2,4.17
MBX00018,2026-06-25,33,77,3,2,3.9
MBX00018,2026-06-26,35,72,3,0,4.17
MBX00018,2026-06-27,3,14,0,0,0.0
MBX00018,2026-06-28,8,6,1,0,16.67
MBX00018,2026-06-29,51,86,3,1,3.49
MBX00018,2026-06-30,45,77,3,0,3.9
MBX00018,2026-07-01,44,82,3,1,3.66
MBX00018,2026-07-02,40,69,2,3,2.9
MBX00018,2026-07-03,38,77,5,3,6.49
MBX00018,2026-07-04,7,16,1,0,6.25
MBX00018,2026-07-05,8,7,2,0,28.57
MBX00018,2026-07-06,30,83,11,0,13.25
MBX00018,2026-07-07,41,82,5,1,6.1
MBX00018,2026-07-08,37,68,5,2,7.35
MBX00018,2026-07-09,38,78,3,1,3.85
MBX00018,2026-07-10,41,86,4,1,4.65
MBX00018,2026-07-11,5,16,1,0,6.25
MBX00018,2026-07-12,5,18,1,0,5.56
MBX00018,2026-07-13,38,79,7,4,8.86
MBX00018,2026-07-14,39,74,6,4,8.11
MBX00018,2026-07-15,36,68,3,2,4.41
MBX00018,2026-07-16,40,90,10,2,11.11
MBX00018,2026-07-17,41,66,4,0,6.06
MBX00018,2026-07-18,6,10,2,0,20.0
MBX00018,2026-07-19,10,12,0,0,0.0
MBX00018,2026-07-20,48,65,1,0,1.54
MBX00018,2026-07-21,47,81,5,1,6.17
MBX00018,2026-07-22,35,78,5,0,6.41
MBX00018,2026-07-23,39,69,3,2,4.35
MBX00018,2026-07-24,49,77,4,1,5.19
MBX00592,2026-04-26,2,4,1,0,25.0
MBX00592,2026-04-27,10,45,4,1,8.89
MBX00592,2026-04-28,19,43,0,0,0.0
MBX00592,2026-04-29,18,29,0,0,0.0
MBX00592,2026-04-30,23,51,2,1,3.92
MBX00592,2026-05-01,12,37,2,1,5.41
MBX00592,2026-05-02,5,7,1,0,14.29
MBX00592,2026-05-03,3,9,0,0,0.0
MBX00592,2026-05-04,15,31,1,0,3.23
MBX00592,2026-05-05,18,45,3,1,6.67
MBX00592,2026-05-06,25,37,5,0,13.51
MBX00592,2026-05-07,17,41,3,0,7.32
MBX00592,2026-05-08,20,31,2,2,6.45
MBX00592,2026-05-09,5,3,1,0,33.33
MBX00592,2026-05-10,6,6,2,0,33.33
MBX00592,2026-05-11,15,36,1,2,2.78
MBX00592,2026-05-12,17,44,3,0,6.82
MBX00592,2026-05-13,15,45,3,0,6.67
MBX00592,2026-05-14,11,31,3,1,9.68
MBX00592,2026-05-15,17,47,2,2,4.26
MBX00592,2026-05-16,2,7,1,0,14.29
MBX00592,2026-05-17,3,8,0,0,0.0
MBX00592,2026-05-18,14,35,3,1,8.57
MBX00592,2026-05-19,24,34,2,2,5.88
MBX00592,2026-05-20,15,46,6,0,13.04
MBX00592,2026-05-21,17,43,2,1,4.65
MBX00592,2026-05-22,21,27,0,1,0.0
MBX00592,2026-05-23,4,5,0,1,0.0
MBX00592,2026-05-24,6,4,0,1,0.0
MBX00592,2026-05-25,23,49,3,2,6.12
MBX00592,2026-05-26,23,47,2,1,4.26
MBX00592,2026-05-27,18,44,1,0,2.27
MBX00592,2026-05-28,22,39,2,0,5.13
MBX00592,2026-05-29,14,32,3,0,9.38
MBX00592,2026-05-30,2,7,0,0,0.0
MBX00592,2026-05-31,2,6,0,0,0.0
MBX00592,2026-06-01,8,47,1,0,2.13
MBX00592,2026-06-02,18,46,1,0,2.17
MBX00592,2026-06-03,23,50,3,0,6.0
MBX00592,2026-06-04,22,43,3,2,6.98
MBX00592,2026-06-05,15,41,2,2,4.88
MBX00592,2026-06-06,2,5,0,0,0.0
MBX00592,2026-06-07,9,6,1,0,16.67
MBX00592,2026-06-08,25,35,3,0,8.57
MBX00592,2026-06-09,23,42,2,0,4.76
MBX00592,2026-06-10,21,58,3,2,5.17
MBX00592,2026-06-11,19,43,2,0,4.65
MBX00592,2026-06-12,17,49,3,0,6.12
MBX00592,2026-06-13,4,7,0,0,0.0
MBX00592,2026-06-14,4,9,0,0,0.0
MBX00592,2026-06-15,22,40,3,1,7.5
MBX00592,2026-06-16,23,37,2,1,5.41
MBX00592,2026-06-17,21,42,3,0,7.14
MBX00592,2026-06-18,13,48,3,0,6.25
MBX00592,2026-06-19,17,48,3,1,6.25
MBX00592,2026-06-20,1,6,1,0,16.67
MBX00592,2026-06-21,4,7,0,0,0.0
MBX00592,2026-06-22,25,51,1,5,1.96
MBX00592,2026-06-23,19,31,2,0,6.45
MBX00592,2026-06-24,13,40,2,1,5.0
MBX00592,2026-06-25,24,47,3,0,6.38
MBX00592,2026-06-26,15,39,3,0,7.69
MBX00592,2026-06-27,0,9,0,0,0.0
MBX00592,2026-06-28,2,4,0,0,0.0
MBX00592,2026-06-29,16,39,0,0,0.0
MBX00592,2026-06-30,23,43,5,1,11.63
MBX00592,2026-07-01,21,30,0,0,0.0
MBX00592,2026-07-02,23,41,1,1,2.44
MBX00592,2026-07-03,31,45,2,0,4.44
MBX00592,2026-07-04,3,7,0,0,0.0
MBX00592,2026-07-05,6,4,0,0,0.0
MBX00592,2026-07-06,30,45,3,1,6.67
MBX00592,2026-07-07,16,42,2,2,4.76
MBX00592,2026-07-08,20,50,5,0,10.0
MBX00592,2026-07-09,17,35,3,0,8.57
MBX00592,2026-07-10,19,45,0,0,0.0
MBX00592,2026-07-11,0,3,1,0,33.33
MBX00592,2026-07-12,2,8,0,1,0.0
MBX00592,2026-07-13,24,42,4,1,9.52
MBX00592,2026-07-14,23,37,2,0,5.41
MBX00592,2026-07-15,18,34,3,0,8.82
MBX00592,2026-07-16,14,26,1,0,3.85
MBX00592,2026-07-17,19,44,3,0,6.82
MBX00592,2026-07-18,4,3,0,0,0.0
MBX00592,2026-07-19,1,4,0,0,0.0
MBX00592,2026-07-20,22,44,3,1,6.82
MBX00592,2026-07-21,16,44,3,0,6.82
MBX00592,2026-07-22,24,43,4,0,9.3
MBX00592,2026-07-23,18,50,4,0,8.0
MBX00592,2026-07-24,19,43,1,0,2.33
MBX00482,2026-04-26,4,6,0,0,0.0
MBX00482,2026-04-27,43,34,1,0,2.94
MBX00482,2026-04-28,39,32,2,1,6.25
MBX00482,2026-04-29,37,31,0,0,0.0
MBX00482,2026-04-30,35,32,3,0,9.38
MBX00482,2026-05-01,43,35,2,0,5.71
MBX00482,2026-05-02,6,8,2,0,25.0
MBX00482,2026-05-03,7,2,0,0,0.0
MBX00482,2026-05-04,47,37,3,0,8.11
MBX00482,2026-05-05,46,30,4,0,13.33
MBX00482,2026-05-06,28,32,0,0,0.0
MBX00482,2026-05-07,36,37,2,0,5.41
MBX00482,2026-05-08,24,27,1,0,3.7
MBX00482,2026-05-09,3,8,1,0,12.5
MBX00482,2026-05-10,8,5,1,0,20.0
MBX00482,2026-05-11,30,36,0,0,0.0
MBX00482,2026-05-12,38,36,1,1,2.78
MBX00482,2026-05-13,34,25,0,0,0.0
MBX00482,2026-05-14,26,32,1,0,3.12
MBX00482,2026-05-15,46,23,1,0,4.35
MBX00482,2026-05-16,4,7,0,0,0.0
MBX00482,2026-05-17,7,11,0,0,0.0
MBX00482,2026-05-18,28,37,0,0,0.0
MBX00482,2026-05-19,41,40,4,0,10.0
MBX00482,2026-05-20,37,24,4,1,16.67
MBX00482,2026-05-21,55,36,2,0,5.56
MBX00482,2026-05-22,40,32,1,0,3.12
MBX00482,2026-05-23,5,1,0,0,0.0
MBX00482,2026-05-24,4,4,1,0,25.0
MBX00482,2026-05-25,28,33,5,1,15.15
MBX00482,2026-05-26,43,28,2,0,7.14
MBX00482,2026-05-27,39,26,1,1,3.85
MBX00482,2026-05-28,31,38,0,0,0.0
MBX00482,2026-05-29,31,30,0,2,0.0
MBX00482,2026-05-30,5,7,0,0,0.0
MBX00482,2026-05-31,4,6,0,0,0.0
MBX00482,2026-06-01,49,32,3,1,9.38
MBX00482,2026-06-02,46,38,5,1,13.16
MBX00482,2026-06-03,34,23,0,2,0.0
MBX00482,2026-06-04,45,36,2,1,5.56
MBX00482,2026-06-05,36,23,0,0,0.0
MBX00482,2026-06-06,3,5,0,0,0.0
MBX00482,2026-06-07,4,3,1,0,33.33
MBX00482,2026-06-08,41,44,3,0,6.82
MBX00482,2026-06-09,35,27,4,0,14.81
MBX00482,2026-06-10,41,31,2,0,6.45
MBX00482,2026-06-11,35,43,2,0,4.65
MBX00482,2026-06-12,36,37,4,1,10.81
MBX00482,2026-06-13,4,4,0,0,0.0
MBX00482,2026-06-14,5,7,0,0,0.0
MBX00482,2026-06-15,35,37,1,0,2.7
MBX00482,2026-06-16,45,36,3,1,8.33
MBX00482,2026-06-17,53,31,1,1,3.23
MBX00482,2026-06-18,38,31,0,0,0.0
MBX00482,2026-06-19,36,26,2,1,7.69
MBX00482,2026-06-20,11,2,0,1,0.0
MBX00482,2026-06-21,4,6,0,0,0.0
MBX00482,2026-06-22,30,42,1,0,2.38
MBX00482,2026-06-23,47,41,2,2,4.88
MBX00482,2026-06-24,35,37,3,0,8.11
MBX00482,2026-06-25,39,34,1,0,2.94
MBX00482,2026-06-26,44,31,2,0,6.45
MBX00482,2026-06-27,4,6,1,0,16.67
MBX00482,2026-06-28,6,5,2,0,40.0
MBX00482,2026-06-29,35,36,3,0,8.33
MBX00482,2026-06-30,33,34,1,1,2.94
MBX00482,2026-07-01,45,30,1,0,3.33
MBX00482,2026-07-02,50,27,1,0,3.7
MBX00482,2026-07-03,40,26,2,1,7.69
MBX00482,2026-07-04,12,5,0,0,0.0
MBX00482,2026-07-05,10,6,0,0,0.0
MBX00482,2026-07-06,45,26,0,1,0.0
MBX00482,2026-07-07,31,28,3,1,10.71
MBX00482,2026-07-08,50,29,0,2,0.0
MBX00482,2026-07-09,34,28,3,2,10.71
MBX00482,2026-07-10,37,27,2,1,7.41
MBX00482,2026-07-11,7,3,0,0,0.0
MBX00482,2026-07-12,6,5,0,0,0.0
MBX00482,2026-07-13,38,42,1,2,2.38
MBX00482,2026-07-14,46,34,1,2,2.94
MBX00482,2026-07-15,34,33,0,0,0.0
MBX00482,2026-07-16,34,36,5,0,13.89
MBX00482,2026-07-17,40,30,2,0,6.67
MBX00482,2026-07-18,3,11,0,0,0.0
MBX00482,2026-07-19,9,3,0,0,0.0
MBX00482,2026-07-20,47,28,1,0,3.57
MBX00482,2026-07-21,43,31,1,2,3.23
MBX00482,2026-07-22,35,20,1,0,5.0
MBX00482,2026-07-23,36,41,1,1,2.44
MBX00482,2026-07-24,32,29,2,0,6.9
MBX00297,2026-04-26,3,11,0,0,0.0
MBX00297,2026-04-27,25,89,9,1,10.11
MBX00297,2026-04-28,18,88,7,2,7.95
MBX00297,2026-04-29,17,105,6,1,5.71
MBX00297,2026-04-30,20,101,5,1,4.95
MBX00297,2026-05-01,22,82,2,0,2.44
MBX00297,2026-05-02,2,13,1,1,7.69
MBX00297,2026-05-03,4,12,0,0,0.0
MBX00297,2026-05-04,15,102,7,2,6.86
MBX00297,2026-05-05,14,94,9,1,9.57
MBX00297,2026-05-06,17,86,3,0,3.49
MBX00297,2026-05-07,19,86,6,2,6.98
MBX00297,2026-05-08,16,87,8,1,9.2
MBX00297,2026-05-09,3,16,0,0,0.0
MBX00297,2026-05-10,7,10,1,0,10.0
MBX00297,2026-05-11,13,83,4,2,4.82
MBX00297,2026-05-12,21,83,2,0,2.41
MBX00297,2026-05-13,16,91,4,1,4.4
MBX00297,2026-05-14,16,94,4,2,4.26
MBX00297,2026-05-15,18,76,6,0,7.89
MBX00297,2026-05-16,2,14,0,0,0.0
MBX00297,2026-05-17,4,10,0,0,0.0
MBX00297,2026-05-18,21,97,7,0,7.22
MBX00297,2026-05-19,16,94,4,1,4.26
MBX00297,2026-05-20,26,101,4,3,3.96
MBX00297,2026-05-21,20,112,6,1,5.36
MBX00297,2026-05-22,17,89,5,1,5.62
MBX00297,2026-05-23,3,13,1,0,7.69
MBX00297,2026-05-24,1,11,0,0,0.0
MBX00297,2026-05-25,14,96,6,0,6.25
MBX00297,2026-05-26,15,103,2,1,1.94
MBX00297,2026-05-27,22,83,6,3,7.23
MBX00297,2026-05-28,14,92,3,0,3.26
MBX00297,2026-05-29,17,76,5,1,6.58
MBX00297,2026-05-30,2,19,1,0,5.26
MBX00297,2026-05-31,7,22,0,1,0.0
MBX00297,2026-06-01,15,90,5,2,5.56
MBX00297,2026-06-02,23,91,6,2,6.59
MBX00297,2026-06-03,21,88,6,0,6.82
MBX00297,2026-06-04,11,106,7,0,6.6
MBX00297,2026-06-05,16,96,5,2,5.21
MBX00297,2026-06-06,0,24,1,0,4.17
MBX00297,2026-06-07,3,14,0,1,0.0
MBX00297,2026-06-08,18,79,14,1,17.72
MBX00297,2026-06-09,16,83,5,1,6.02
MBX00297,2026-06-10,18,89,7,0,7.87
MBX00297,2026-06-11,28,92,4,1,4.35
MBX00297,2026-06-12,14,75,8,1,10.67
MBX00297,2026-06-13,4,10,0,0,0.0
MBX00297,2026-06-14,6,10,0,0,0.0
MBX00297,2026-06-15,15,92,6,0,6.52
MBX00297,2026-06-16,18,98,6,1,6.12
MBX00297,2026-06-17,13,89,4,0,4.49
MBX00297,2026-06-18,20,93,11,1,11.83
MBX00297,2026-06-19,23,100,4,1,4.0
MBX00297,2026-06-20,3,20,0,0,0.0
MBX00297,2026-06-21,3,21,3,0,14.29
MBX00297,2026-06-22,20,92,3,1,3.26
MBX00297,2026-06-23,14,80,4,1,5.0
MBX00297,2026-06-24,18,87,5,1,5.75
MBX00297,2026-06-25,13,101,3,1,2.97
MBX00297,2026-06-26,21,88,5,0,5.68
MBX00297,2026-06-27,1,13,0,1,0.0
MBX00297,2026-06-28,4,14,1,0,7.14
MBX00297,2026-06-29,15,89,5,1,5.62
MBX00297,2026-06-30,25,102,4,1,3.92
MBX00297,2026-07-01,22,97,6,4,6.19
MBX00297,2026-07-02,15,95,3,1,3.16
MBX00297,2026-07-03,16,91,7,4,7.69
MBX00297,2026-07-04,1,17,4,0,23.53
MBX00297,2026-07-05,5,13,0,1,0.0
MBX00297,2026-07-06,9,90,8,0,8.89
MBX00297,2026-07-07,26,114,9,0,7.89
MBX00297,2026-07-08,17,89,4,0,4.49
MBX00297,2026-07-09,16,86,9,2,10.47
MBX00297,2026-07-10,21,101,11,1,10.89
MBX00297,2026-07-11,3,20,1,0,5.0
MBX00297,2026-07-12,5,16,1,0,6.25
MBX00297,2026-07-13,22,82,5,0,6.1
MBX00297,2026-07-14,24,90,6,2,6.67
MBX00297,2026-07-15,17,80,4,0,5.0
MBX00297,2026-07-16,13,84,1,0,1.19
MBX00297,2026-07-17,17,102,9,1,8.82
MBX00297,2026-07-18,3,10,0,0,0.0
MBX00297,2026-07-19,3,14,0,1,0.0
MBX00297,2026-07-20,11,94,3,0,3.19
MBX00297,2026-07-21,11,98,8,1,8.16
MBX00297,2026-07-22,24,92,2,0,2.17
MBX00297,2026-07-23,17,83,2,3,2.41
MBX00297,2026-07-24,25,89,5,3,5.62
MBX00022,2026-04-26,4,8,0,0,0.0
MBX00022,2026-04-27,23,65,7,0,10.77
MBX00022,2026-04-28,23,76,2,0,2.63
MBX00022,2026-04-29,20,65,6,3,9.23
MBX00022,2026-04-30,20,63,9,0,14.29
MBX00022,2026-05-01,17,57,4,0,7.02
MBX00022,2026-05-02,5,10,0,1,0.0
MBX00022,2026-05-03,3,6,3,0,50.0
MBX00022,2026-05-04,21,70,5,0,7.14
MBX00022,2026-05-05,23,61,5,2,8.2
MBX00022,2026-05-06,15,51,2,1,3.92
MBX00022,2026-05-07,23,58,7,0,12.07
MBX00022,2026-05-08,16,58,5,2,8.62
MBX00022,2026-05-09,5,8,0,0,0.0
MBX00022,2026-05-10,0,13,1,0,7.69
MBX00022,2026-05-11,25,72,7,1,9.72
MBX00022,2026-05-12,21,49,2,1,4.08
MBX00022,2026-05-13,19,71,4,0,5.63
MBX00022,2026-05-14,21,66,6,0,9.09
MBX00022,2026-05-15,14,78,6,1,7.69
MBX00022,2026-05-16,1,4,0,0,0.0
MBX00022,2026-05-17,2,5,0,0,0.0
MBX00022,2026-05-18,21,69,11,1,15.94
MBX00022,2026-05-19,21,63,3,0,4.76
MBX00022,2026-05-20,25,72,3,2,4.17
MBX00022,2026-05-21,29,77,3,1,3.9
MBX00022,2026-05-22,16,59,2,0,3.39
MBX00022,2026-05-23,2,9,1,0,11.11
MBX00022,2026-05-24,0,9,1,0,11.11
MBX00022,2026-05-25,21,64,5,0,7.81
MBX00022,2026-05-26,15,80,9,0,11.25
MBX00022,2026-05-27,17,56,2,1,3.57
MBX00022,2026-05-28,20,59,4,0,6.78
MBX00022,2026-05-29,25,75,5,1,6.67
MBX00022,2026-05-30,3,8,2,0,25.0
MBX00022,2026-05-31,2,13,1,0,7.69
MBX00022,2026-06-01,24,72,6,0,8.33
MBX00022,2026-06-02,22,61,1,0,1.64
MBX00022,2026-06-03,15,70,5,0,7.14
MBX00022,2026-06-04,19,63,5,1,7.94
MBX00022,2026-06-05,21,74,2,1,2.7
MBX00022,2026-06-06,4,8,0,0,0.0
MBX00022,2026-06-07,4,10,2,0,20.0
MBX00022,2026-06-08,33,55,5,3,9.09
MBX00022,2026-06-09,23,75,6,2,8.0
MBX00022,2026-06-10,15,72,3,1,4.17
MBX00022,2026-06-11,16,71,5,4,7.04
MBX00022,2026-06-12,24,72,4,1,5.56
MBX00022,2026-06-13,2,6,1,0,16.67
MBX00022,2026-06-14,0,5,0,0,0.0
MBX00022,2026-06-15,29,50,2,0,4.0
MBX00022,2026-06-16,34,68,3,1,4.41
MBX00022,2026-06-17,15,59,4,1,6.78
MBX00022,2026-06-18,17,76,4,2,5.26
MBX00022,2026-06-19,21,60,3,1,5.0
MBX00022,2026-06-20,1,8,1,0,12.5
MBX00022,2026-06-21,4,8,0,0,0.0
MBX00022,2026-06-22,22,67,8,0,11.94
MBX00022,2026-06-23,17,68,7,1,10.29
MBX00022,2026-06-24,22,72,2,1,2.78
MBX00022,2026-06-25,17,61,1,2,1.64
MBX00022,2026-06-26,17,47,1,0,2.13
MBX00022,2026-06-27,5,12,0,1,0.0
MBX00022,2026-06-28,5,4,0,0,0.0
MBX00022,2026-06-29,27,59,5,2,8.47
MBX00022,2026-06-30,20,61,6,0,9.84
MBX00022,2026-07-01,17,73,5,1,6.85
MBX00022,2026-07-02,23,86,5,1,5.81
MBX00022,2026-07-03,22,52,2,1,3.85
MBX00022,2026-07-04,9,10,2,0,20.0
MBX00022,2026-07-05,3,11,0,0,0.0
MBX00022,2026-07-06,27,74,0,0,0.0
MBX00022,2026-07-07,23,68,5,2,7.35
MBX00022,2026-07-08,23,60,6,2,10.0
MBX00022,2026-07-09,21,65,3,1,4.62
MBX00022,2026-07-10,17,83,4,1,4.82
MBX00022,2026-07-11,2,6,0,0,0.0
MBX00022,2026-07-12,1,5,0,0,0.0
MBX00022,2026-07-13,23,78,1,2,1.28
MBX00022,2026-07-14,30,69,2,2,2.9
MBX00022,2026-07-15,12,64,2,1,3.12
MBX00022,2026-07-16,21,66,2,1,3.03
MBX00022,2026-07-17,23,53,2,2,3.77
MBX00022,2026-07-18,2,8,0,0,0.0
MBX00022,2026-07-19,4,6,0,0,0.0
MBX00022,2026-07-20,26,67,4,0,5.97
MBX00022,2026-07-21,17,68,2,0,2.94
MBX00022,2026-07-22,20,67,3,0,4.48
MBX00022,2026-07-23,16,63,3,0,4.76
MBX00022,2026-07-24,18,63,3,1,4.76
MBX00671,2026-04-26,5,8,0,0,0.0
MBX00671,2026-04-27,35,56,3,2,5.36
MBX00671,2026-04-28,31,76,0,0,0.0
MBX00671,2026-04-29,42,74,4,1,5.41
MBX00671,2026-04-30,30,82,5,2,6.1
MBX00671,2026-05-01,31,64,7,1,10.94
MBX00671,2026-05-02,4,11,0,0,0.0
MBX00671,2026-05-03,4,14,0,0,0.0
MBX00671,2026-05-04,20,50,4,0,8.0
MBX00671,2026-05-05,29,81,5,0,6.17
MBX00671,2026-05-06,34,59,2,0,3.39
MBX00671,2026-05-07,32,68,5,1,7.35
MBX00671,2026-05-08,29,64,6,1,9.38
MBX00671,2026-05-09,5,14,1,0,7.14
MBX00671,2026-05-10,4,10,1,0,10.0
MBX00671,2026-05-11,33,70,6,2,8.57
MBX00671,2026-05-12,34,71,4,1,5.63
MBX00671,2026-05-13,28,80,3,1,3.75
MBX00671,2026-05-14,35,85,5,1,5.88
MBX00671,2026-05-15,31,78,6,2,7.69
MBX00671,2026-05-16,3,17,0,0,0.0
MBX00671,2026-05-17,4,10,0,0,0.0
MBX00671,2026-05-18,26,77,3,0,3.9
MBX00671,2026-05-19,36,72,5,0,6.94
MBX00671,2026-05-20,32,75,6,0,8.0
MBX00671,2026-05-21,38,61,6,0,9.84
MBX00671,2026-05-22,33,66,6,0,9.09
MBX00671,2026-05-23,1,12,1,0,8.33
MBX00671,2026-05-24,6,17,1,0,5.88
MBX00671,2026-05-25,35,74,5,0,6.76
MBX00671,2026-05-26,30,81,7,0,8.64
MBX00671,2026-05-27,22,57,1,0,1.75
MBX00671,2026-05-28,24,70,3,2,4.29
MBX00671,2026-05-29,36,77,3,0,3.9
MBX00671,2026-05-30,5,6,0,0,0.0
MBX00671,2026-05-31,5,18,1,0,5.56
MBX00671,2026-06-01,37,74,3,0,4.05
MBX00671,2026-06-02,31,73,6,0,8.22
MBX00671,2026-06-03,28,82,6,1,7.32
MBX00671,2026-06-04,33,61,3,0,4.92
MBX00671,2026-06-05,34,68,7,1,10.29
MBX00671,2026-06-06,6,10,0,1,0.0
MBX00671,2026-06-07,4,9,0,0,0.0
MBX00671,2026-06-08,37,71,5,0,7.04
MBX00671,2026-06-09,30,61,2,0,3.28
MBX00671,2026-06-10,35,68,4,0,5.88
MBX00671,2026-06-11,34,75,3,4,4.0
MBX00671,2026-06-12,35,82,5,0,6.1
MBX00671,2026-06-13,5,11,0,0,0.0
MBX00671,2026-06-14,8,12,0,0,0.0
MBX00671,2026-06-15,31,68,5,2,7.35
MBX00671,2026-06-16,43,78,5,0,6.41
MBX00671,2026-06-17,34,63,5,0,7.94
MBX00671,2026-06-18,34,84,3,1,3.57
MBX00671,2026-06-19,28,86,1,1,1.16
MBX00671,2026-06-20,2,11,2,0,18.18
MBX00671,2026-06-21,5,15,0,0,0.0
MBX00671,2026-06-22,26,66,3,0,4.55
MBX00671,2026-06-23,41,64,3,1,4.69
MBX00671,2026-06-24,45,72,2,0,2.78
MBX00671,2026-06-25,35,83,4,1,4.82
MBX00671,2026-06-26,32,64,4,1,6.25
MBX00671,2026-06-27,5,11,1,0,9.09
MBX00671,2026-06-28,7,12,0,1,0.0
MBX00671,2026-06-29,41,66,2,1,3.03
MBX00671,2026-06-30,25,67,7,1,10.45
MBX00671,2026-07-01,27,66,2,0,3.03
MBX00671,2026-07-02,42,69,7,0,10.14
MBX00671,2026-07-03,29,82,3,1,3.66
MBX00671,2026-07-04,3,10,1,0,10.0
MBX00671,2026-07-05,4,9,1,0,11.11
MBX00671,2026-07-06,40,74,4,1,5.41
MBX00671,2026-07-07,39,63,3,0,4.76
MBX00671,2026-07-08,36,65,3,2,4.62
MBX00671,2026-07-09,22,85,4,1,4.71
MBX00671,2026-07-10,27,86,6,1,6.98
MBX00671,2026-07-11,2,15,0,0,0.0
MBX00671,2026-07-12,5,4,0,0,0.0
MBX00671,2026-07-13,28,50,3,0,6.0
MBX00671,2026-07-14,39,86,5,0,5.81
MBX00671,2026-07-15,23,67,10,2,14.93
MBX00671,2026-07-16,34,56,3,1,5.36
MBX00671,2026-07-17,32,65,7,2,10.77
MBX00671,2026-07-18,7,12,1,1,8.33
MBX00671,2026-07-19,4,6,0,0,0.0
MBX00671,2026-07-20,25,75,8,0,10.67
MBX00671,2026-07-21,34,68,2,2,2.94
MBX00671,2026-07-22,24,77,9,1,11.69
MBX00671,2026-07-23,38,79,4,0,5.06
MBX00671,2026-07-24,34,76,7,0,9.21
MBX00227,2026-04-26,3,19,1,1,5.26
MBX00227,2026-04-27,16,128,5,1,3.91
MBX00227,2026-04-28,14,117,5,2,4.27
MBX00227,2026-04-29,15,122,10,3,8.2
MBX00227,2026-04-30,9,113,6,1,5.31
MBX00227,2026-05-01,13,112,10,1,8.93
MBX00227,2026-05-02,2,14,0,0,0.0
MBX00227,2026-05-03,2,18,0,1,0.0
MBX00227,2026-05-04,15,106,4,2,3.77
MBX00227,2026-05-05,17,116,11,1,9.48
MBX00227,2026-05-06,14,139,8,2,5.76
MBX00227,2026-05-07,12,102,2,1,1.96
MBX00227,2026-05-08,17,118,6,3,5.08
MBX00227,2026-05-09,4,16,0,0,0.0
MBX00227,2026-05-10,4,15,1,0,6.67
MBX00227,2026-05-11,14,116,5,3,4.31
MBX00227,2026-05-12,14,122,8,3,6.56
MBX00227,2026-05-13,10,95,3,3,3.16
MBX00227,2026-05-14,18,126,4,4,3.17
MBX00227,2026-05-15,23,122,3,2,2.46
MBX00227,2026-05-16,1,17,1,1,5.88
MBX00227,2026-05-17,2,18,0,1,0.0
MBX00227,2026-05-18,21,117,5,1,4.27
MBX00227,2026-05-19,14,103,6,1,5.83
MBX00227,2026-05-20,10,114,7,0,6.14
MBX00227,2026-05-21,15,94,9,0,9.57
MBX00227,2026-05-22,13,97,5,1,5.15
MBX00227,2026-05-23,2,15,0,0,0.0
MBX00227,2026-05-24,5,21,1,1,4.76
MBX00227,2026-05-25,12,130,8,0,6.15
MBX00227,2026-05-26,13,135,6,1,4.44
MBX00227,2026-05-27,19,105,3,0,2.86
MBX00227,2026-05-28,14,108,5,0,4.63
MBX00227,2026-05-29,11,120,7,3,5.83
MBX00227,2026-05-30,2,21,0,0,0.0
MBX00227,2026-05-31,5,15,2,0,13.33
MBX00227,2026-06-01,11,113,7,1,6.19
MBX00227,2026-06-02,17,134,7,0,5.22
MBX00227,2026-06-03,19,109,10,0,9.17
MBX00227,2026-06-04,13,105,6,4,5.71
MBX00227,2026-06-05,15,109,9,0,8.26
MBX00227,2026-06-06,5,13,2,0,15.38
MBX00227,2026-06-07,1,18,2,0,11.11
MBX00227,2026-06-08,12,118,9,1,7.63
MBX00227,2026-06-09,13,116,5,1,4.31
MBX00227,2026-06-10,14,126,9,1,7.14
MBX00227,2026-06-11,13,94,9,1,9.57
MBX00227,2026-06-12,14,139,8,2,5.76
MBX00227,2026-06-13,2,20,4,0,20.0
MBX00227,2026-06-14,3,25,1,0,4.0
MBX00227,2026-06-15,16,119,3,3,2.52
MBX00227,2026-06-16,11,115,1,1,0.87
MBX00227,2026-06-17,10,111,13,0,11.71
MBX00227,2026-06-18,14,101,7,3,6.93
MBX00227,2026-06-19,8,125,7,1,5.6
MBX00227,2026-06-20,1,10,1,0,10.0
MBX00227,2026-06-21,1,21,1,0,4.76
MBX00227,2026-06-22,16,115,9,2,7.83
MBX00227,2026-06-23,22,115,9,1,7.83
MBX00227,2026-06-24,11,116,7,1,6.03
MBX00227,2026-06-25,9,112,4,1,3.57
MBX00227,2026-06-26,17,120,11,1,9.17
MBX00227,2026-06-27,1,20,1,0,5.0
MBX00227,2026-06-28,0,12,0,0,0.0
MBX00227,2026-06-29,16,100,13,0,13.0
MBX00227,2026-06-30,18,129,4,3,3.1
MBX00227,2026-07-01,16,107,11,0,10.28
MBX00227,2026-07-02,19,114,5,0,4.39
MBX00227,2026-07-03,15,121,6,0,4.96
MBX00227,2026-07-04,5,20,3,0,15.0
MBX00227,2026-07-05,2,20,4,1,20.0
MBX00227,2026-07-06,20,107,7,2,6.54
MBX00227,2026-07-07,20,124,6,0,4.84
MBX00227,2026-07-08,11,119,6,2,5.04
MBX00227,2026-07-09,16,115,8,2,6.96
MBX00227,2026-07-10,17,114,10,1,8.77
MBX00227,2026-07-11,3,12,1,0,8.33
MBX00227,2026-07-12,0,14,1,0,7.14
MBX00227,2026-07-13,21,121,9,0,7.44
MBX00227,2026-07-14,13,119,14,3,11.76
MBX00227,2026-07-15,15,130,9,1,6.92
MBX00227,2026-07-16,9,108,8,0,7.41
MBX00227,2026-07-17,21,111,7,1,6.31
MBX00227,2026-07-18,3,16,0,0,0.0
MBX00227,2026-07-19,0,17,1,0,5.88
MBX00227,2026-07-20,16,123,6,1,4.88
MBX00227,2026-07-21,9,102,6,1,5.88
MBX00227,2026-07-22,19,111,4,1,3.6
MBX00227,2026-07-23,17,116,8,3,6.9
MBX00227,2026-07-24,23,126,12,2,9.52
MBX00463,2026-04-26,3,7,0,0,0.0
MBX00463,2026-04-27,19,37,1,2,2.7
MBX00463,2026-04-28,30,30,1,0,3.33
MBX00463,2026-04-29,21,30,2,2,6.67
MBX00463,2026-04-30,22,28,2,0,7.14
MBX00463,2026-05-01,21,23,0,0,0.0
MBX00463,2026-05-02,2,4,1,0,25.0
MBX00463,2026-05-03,4,5,1,0,20.0
MBX00463,2026-05-04,21,18,2,1,11.11
MBX00463,2026-05-05,23,30,6,1,20.0
MBX00463,2026-05-06,20,26,0,2,0.0
MBX00463,2026-05-07,19,33,2,1,6.06
MBX00463,2026-05-08,20,33,0,0,0.0
MBX00463,2026-05-09,3,5,1,0,20.0
MBX00463,2026-05-10,3,5,0,0,0.0
MBX00463,2026-05-11,21,31,5,2,16.13
MBX00463,2026-05-12,24,35,3,1,8.57
MBX00463,2026-05-13,26,24,2,0,8.33
MBX00463,2026-05-14,22,26,0,1,0.0
MBX00463,2026-05-15,21,31,5,0,16.13
MBX00463,2026-05-16,3,4,1,0,25.0
MBX00463,2026-05-17,7,4,1,1,25.0
MBX00463,2026-05-18,29,38,2,1,5.26
MBX00463,2026-05-19,24,31,0,1,0.0
MBX00463,2026-05-20,13,27,0,0,0.0
MBX00463,2026-05-21,27,35,4,0,11.43
MBX00463,2026-05-22,19,29,3,1,10.34
MBX00463,2026-05-23,2,4,1,0,25.0
MBX00463,2026-05-24,4,6,0,0,0.0
MBX00463,2026-05-25,29,29,2,1,6.9
MBX00463,2026-05-26,26,30,2,1,6.67
MBX00463,2026-05-27,27,35,5,1,14.29
MBX00463,2026-05-28,17,38,0,3,0.0
MBX00463,2026-05-29,16,27,1,0,3.7
MBX00463,2026-05-30,2,2,0,0,0.0
MBX00463,2026-05-31,3,7,0,0,0.0
MBX00463,2026-06-01,26,33,2,1,6.06
MBX00463,2026-06-02,27,30,3,3,10.0
MBX00463,2026-06-03,19,24,0,0,0.0
MBX00463,2026-06-04,23,17,2,0,11.76
MBX00463,2026-06-05,34,24,0,0,0.0
MBX00463,2026-06-06,4,4,0,0,0.0
MBX00463,2026-06-07,2,5,0,0,0.0
MBX00463,2026-06-08,25,28,1,1,3.57
MBX00463,2026-06-09,31,29,1,1,3.45
MBX00463,2026-06-10,27,29,3,0,10.34
MBX00463,2026-06-11,23,24,2,0,8.33
MBX00463,2026-06-12,21,27,3,0,11.11
MBX00463,2026-06-13,1,4,0,0,0.0
MBX00463,2026-06-14,4,3,0,0,0.0
MBX00463,2026-06-15,24,30,5,1,16.67
MBX00463,2026-06-16,21,23,1,0,4.35
MBX00463,2026-06-17,22,34,3,2,8.82
MBX00463,2026-06-18,19,32,1,2,3.12
MBX00463,2026-06-19,25,27,2,0,7.41
MBX00463,2026-06-20,7,2,1,0,50.0
MBX00463,2026-06-21,1,4,0,0,0.0
MBX00463,2026-06-22,22,32,0,0,0.0
MBX00463,2026-06-23,26,28,2,1,7.14
MBX00463,2026-06-24,20,24,0,0,0.0
MBX00463,2026-06-25,24,34,1,1,2.94
MBX00463,2026-06-26,21,22,1,0,4.55
MBX00463,2026-06-27,4,9,0,0,0.0
MBX00463,2026-06-28,3,7,1,0,14.29
MBX00463,2026-06-29,26,31,3,0,9.68
MBX00463,2026-06-30,20,23,1,0,4.35
MBX00463,2026-07-01,19,35,5,1,14.29
MBX00463,2026-07-02,20,33,1,0,3.03
MBX00463,2026-07-03,16,30,3,1,10.0
MBX00463,2026-07-04,3,3,0,0,0.0
MBX00463,2026-07-05,3,6,0,0,0.0
MBX00463,2026-07-06,32,42,2,2,4.76
MBX00463,2026-07-07,27,27,1,0,3.7
MBX00463,2026-07-08,23,33,1,1,3.03
MBX00463,2026-07-09,25,33,5,0,15.15
MBX00463,2026-07-10,21,32,4,1,12.5
MBX00463,2026-07-11,5,7,0,0,0.0
MBX00463,2026-07-12,7,4,0,0,0.0
MBX00463,2026-07-13,32,26,1,1,3.85
MBX00463,2026-07-14,24,34,2,0,5.88
MBX00463,2026-07-15,19,27,3,0,11.11
MBX00463,2026-07-16,30,30,1,0,3.33
MBX00463,2026-07-17,24,25,0,0,0.0
MBX00463,2026-07-18,3,1,0,0,0.0
MBX00463,2026-07-19,5,2,1,0,50.0
MBX00463,2026-07-20,23,22,2,1,9.09
MBX00463,2026-07-21,24,28,3,2,10.71
MBX00463,2026-07-22,26,36,1,0,2.78
MBX00463,2026-07-23,19,32,1,0,3.12
MBX00463,2026-07-24,20,35,4,1,11.43
MBX00712,2026-04-26,7,10,1,0,10.0
MBX00712,2026-04-27,27,60,7,1,11.67
MBX00712,2026-04-28,46,51,3,1,5.88
MBX00712,2026-04-29,24,66,11,2,16.67
MBX00712,2026-04-30,33,53,3,0,5.66
MBX00712,2026-05-01,34,50,1,2,2.0
MBX00712,2026-05-02,8,9,0,0,0.0
MBX00712,2026-05-03,2,11,1,0,9.09
MBX00712,2026-05-04,31,58,2,1,3.45
MBX00712,2026-05-05,38,55,8,1,14.55
MBX00712,2026-05-06,38,53,1,0,1.89
MBX00712,2026-05-07,45,44,1,1,2.27
MBX00712,2026-05-08,30,56,0,1,0.0
MBX00712,2026-05-09,7,9,1,0,11.11
MBX00712,2026-05-10,8,8,0,0,0.0
MBX00712,2026-05-11,37,48,1,2,2.08
MBX00712,2026-05-12,40,53,5,0,9.43
MBX00712,2026-05-13,44,52,3,1,5.77
MBX00712,2026-05-14,28,58,3,1,5.17
MBX00712,2026-05-15,31,52,1,1,1.92
MBX00712,2026-05-16,2,14,1,0,7.14
MBX00712,2026-05-17,5,11,2,0,18.18
MBX00712,2026-05-18,40,54,4,3,7.41
MBX00712,2026-05-19,27,49,3,0,6.12
MBX00712,2026-05-20,32,72,5,0,6.94
MBX00712,2026-05-21,38,57,6,0,10.53
MBX00712,2026-05-22,36,56,1,1,1.79
MBX00712,2026-05-23,6,7,1,0,14.29
MBX00712,2026-05-24,6,8,1,0,12.5
MBX00712,2026-05-25,37,57,4,0,7.02
MBX00712,2026-05-26,29,56,1,0,1.79
MBX00712,2026-05-27,41,52,2,2,3.85
MBX00712,2026-05-28,35,53,2,0,3.77
MBX00712,2026-05-29,36,57,2,3,3.51
MBX00712,2026-05-30,4,5,0,0,0.0
MBX00712,2026-05-31,11,8,0,0,0.0
MBX00712,2026-06-01,24,36,0,0,0.0
MBX00712,2026-06-02,29,52,1,1,1.92
MBX00712,2026-06-03,33,52,6,0,11.54
MBX00712,2026-06-04,34,58,5,1,8.62
MBX00712,2026-06-05,44,46,5,0,10.87
MBX00712,2026-06-06,8,5,0,0,0.0
MBX00712,2026-06-07,3,6,0,0,0.0
MBX00712,2026-06-08,27,53,6,2,11.32
MBX00712,2026-06-09,38,48,3,0,6.25
MBX00712,2026-06-10,42,50,6,2,12.0
MBX00712,2026-06-11,35,50,6,1,12.0
MBX00712,2026-06-12,37,53,5,0,9.43
MBX00712,2026-06-13,6,9,1,0,11.11
MBX00712,2026-06-14,5,11,0,0,0.0
MBX00712,2026-06-15,33,52,4,0,7.69
MBX00712,2026-06-16,32,59,5,1,8.47
MBX00712,2026-06-17,28,47,4,3,8.51
MBX00712,2026-06-18,33,59,5,0,8.47
MBX00712,2026-06-19,51,62,6,0,9.68
MBX00712,2026-06-20,8,6,0,0,0.0
MBX00712,2026-06-21,9,8,0,0,0.0
MBX00712,2026-06-22,25,61,4,1,6.56
MBX00712,2026-06-23,36,49,4,0,8.16
MBX00712,2026-06-24,40,55,3,1,5.45
MBX00712,2026-06-25,31,59,5,0,8.47
MBX00712,2026-06-26,37,61,3,2,4.92
MBX00712,2026-06-27,2,4,0,0,0.0
MBX00712,2026-06-28,6,9,1,0,11.11
MBX00712,2026-06-29,42,57,3,2,5.26
MBX00712,2026-06-30,39,51,2,0,3.92
MBX00712,2026-07-01,34,55,0,1,0.0
MBX00712,2026-07-02,27,75,4,0,5.33
MBX00712,2026-07-03,33,64,5,0,7.81
MBX00712,2026-07-04,4,7,0,0,0.0
MBX00712,2026-07-05,4,8,0,0,0.0
MBX00712,2026-07-06,38,46,7,2,15.22
MBX00712,2026-07-07,35,70,4,1,5.71
MBX00712,2026-07-08,32,49,4,1,8.16
MBX00712,2026-07-09,44,49,2,0,4.08
MBX00712,2026-07-10,31,46,3,1,6.52
MBX00712,2026-07-11,4,8,1,0,12.5
MBX00712,2026-07-12,4,18,1,0,5.56
MBX00712,2026-07-13,36,65,3,0,4.62
MBX00712,2026-07-14,44,72,2,1,2.78
MBX00712,2026-07-15,36,62,4,0,6.45
MBX00712,2026-07-16,32,51,1,1,1.96
MBX00712,2026-07-17,36,62,5,2,8.06
MBX00712,2026-07-18,8,5,1,0,20.0
MBX00712,2026-07-19,9,11,1,0,9.09
MBX00712,2026-07-20,38,53,0,4,0.0
MBX00712,2026-07-21,39,58,1,3,1.72
MBX00712,2026-07-22,32,50,4,0,8.0
MBX00712,2026-07-23,42,61,1,0,1.64
MBX00712,2026-07-24,31,61,4,0,6.56
MBX00132,2026-04-26,0,19,0,0,0.0
MBX00132,2026-04-27,15,112,7,0,6.25
MBX00132,2026-04-28,18,106,5,0,4.72
MBX00132,2026-04-29,6,107,11,3,10.28
MBX00132,2026-04-30,16,112,4,0,3.57
MBX00132,2026-05-01,19,99,5,0,5.05
MBX00132,2026-05-02,1,13,0,0,0.0
MBX00132,2026-05-03,1,12,0,0,0.0
MBX00132,2026-05-04,15,109,4,2,3.67
MBX00132,2026-05-05,12,95,5,0,5.26
MBX00132,2026-05-06,19,102,6,2,5.88
MBX00132,2026-05-07,17,96,8,1,8.33
MBX00132,2026-05-08,15,93,4,1,4.3
MBX00132,2026-05-09,3,13,1,0,7.69
MBX00132,2026-05-10,3,22,2,0,9.09
MBX00132,2026-05-11,13,108,11,0,10.19
MBX00132,2026-05-12,13,110,4,0,3.64
MBX00132,2026-05-13,18,113,7,1,6.19
MBX00132,2026-05-14,18,110,4,1,3.64
MBX00132,2026-05-15,17,122,6,1,4.92
MBX00132,2026-05-16,0,21,3,0,14.29
MBX00132,2026-05-17,3,14,2,0,14.29
MBX00132,2026-05-18,11,90,4,0,4.44
MBX00132,2026-05-19,17,116,8,1,6.9
MBX00132,2026-05-20,15,98,4,1,4.08
MBX00132,2026-05-21,15,112,8,1,7.14
MBX00132,2026-05-22,24,113,0,1,0.0
MBX00132,2026-05-23,3,14,3,0,21.43
MBX00132,2026-05-24,1,14,1,0,7.14
MBX00132,2026-05-25,22,110,7,1,6.36
MBX00132,2026-05-26,20,108,6,3,5.56
MBX00132,2026-05-27,18,109,4,0,3.67
MBX00132,2026-05-28,24,118,10,2,8.47
MBX00132,2026-05-29,13,85,6,0,7.06
MBX00132,2026-05-30,8,15,0,0,0.0
MBX00132,2026-05-31,2,18,1,0,5.56
MBX00132,2026-06-01,15,103,6,0,5.83
MBX00132,2026-06-02,23,112,5,0,4.46
MBX00132,2026-06-03,16,108,8,2,7.41
MBX00132,2026-06-04,20,106,9,1,8.49
MBX00132,2026-06-05,17,107,9,4,8.41
MBX00132,2026-06-06,2,16,1,0,6.25
MBX00132,2026-06-07,1,20,1,1,5.0
MBX00132,2026-06-08,20,119,6,1,5.04
MBX00132,2026-06-09,10,94,11,1,11.7
MBX00132,2026-06-10,13,108,5,1,4.63
MBX00132,2026-06-11,16,99,9,0,9.09
MBX00132,2026-06-12,19,98,3,1,3.06
MBX00132,2026-06-13,1,11,1,0,9.09
MBX00132,2026-06-14,5,11,0,0,0.0
MBX00132,2026-06-15,15,100,7,0,7.0
MBX00132,2026-06-16,20,112,8,1,7.14
MBX00132,2026-06-17,12,106,3,3,2.83
MBX00132,2026-06-18,15,90,6,0,6.67
MBX00132,2026-06-19,18,120,15,0,12.5
MBX00132,2026-06-20,2,19,2,0,10.53
MBX00132,2026-06-21,2,19,0,0,0.0
MBX00132,2026-06-22,25,100,7,0,7.0
MBX00132,2026-06-23,12,107,13,0,12.15
MBX00132,2026-06-24,18,94,4,1,4.26
MBX00132,2026-06-25,21,113,6,4,5.31
MBX00132,2026-06-26,12,113,5,1,4.42
MBX00132,2026-06-27,5,19,1,0,5.26
MBX00132,2026-06-28,2,18,0,0,0.0
MBX00132,2026-06-29,24,94,5,0,5.32
MBX00132,2026-06-30,22,102,8,6,7.84
MBX00132,2026-07-01,17,111,7,0,6.31
MBX00132,2026-07-02,15,113,1,1,0.88
MBX00132,2026-07-03,19,110,6,0,5.45
MBX00132,2026-07-04,3,19,1,2,5.26
MBX00132,2026-07-05,4,15,3,0,20.0
MBX00132,2026-07-06,20,109,8,1,7.34
MBX00132,2026-07-07,18,115,8,0,6.96
MBX00132,2026-07-08,23,99,6,2,6.06
MBX00132,2026-07-09,22,109,8,1,7.34
MBX00132,2026-07-10,21,123,5,1,4.07
MBX00132,2026-07-11,3,13,1,0,7.69
MBX00132,2026-07-12,1,17,2,1,11.76
MBX00132,2026-07-13,16,96,9,1,9.38
MBX00132,2026-07-14,20,104,6,1,5.77
MBX00132,2026-07-15,16,123,6,4,4.88
MBX00132,2026-07-16,20,108,6,3,5.56
MBX00132,2026-07-17,21,127,9,2,7.09
MBX00132,2026-07-18,0,18,0,0,0.0
MBX00132,2026-07-19,2,11,1,0,9.09
MBX00132,2026-07-20,15,108,5,0,4.63
MBX00132,2026-07-21,22,106,5,4,4.72
MBX00132,2026-07-22,13,103,12,1,11.65
MBX00132,2026-07-23,14,109,2,2,1.83
MBX00132,2026-07-24,14,116,5,0,4.31
MBX00506,2026-04-26,3,5,0,0,0.0
MBX00506,2026-04-27,9,31,2,1,6.45
MBX00506,2026-04-28,10,30,1,0,3.33
MBX00506,2026-04-29,12,23,3,0,13.04
MBX00506,2026-04-30,7,24,2,0,8.33
MBX00506,2026-05-01,7,18,0,0,0.0
MBX00506,2026-05-02,0,2,0,0,0.0
MBX00506,2026-05-03,2,1,0,0,0.0
MBX00506,2026-05-04,11,21,0,0,0.0
MBX00506,2026-05-05,15,19,2,0,10.53
MBX00506,2026-05-06,9,32,4,0,12.5
MBX00506,2026-05-07,16,24,0,0,0.0
MBX00506,2026-05-08,5,29,2,1,6.9
MBX00506,2026-05-09,1,3,0,0,0.0
MBX00506,2026-05-10,2,1,0,1,0.0
MBX00506,2026-05-11,5,20,2,0,10.0
MBX00506,2026-05-12,10,20,1,0,5.0
MBX00506,2026-05-13,9,29,3,0,10.34
MBX00506,2026-05-14,13,22,4,0,18.18
MBX00506,2026-05-15,15,18,0,0,0.0
MBX00506,2026-05-16,1,6,0,0,0.0
MBX00506,2026-05-17,1,2,0,0,0.0
MBX00506,2026-05-18,8,31,2,1,6.45
MBX00506,2026-05-19,7,14,0,0,0.0
MBX00506,2026-05-20,14,21,2,0,9.52
MBX00506,2026-05-21,7,22,0,1,0.0
MBX00506,2026-05-22,6,28,0,0,0.0
MBX00506,2026-05-23,0,1,0,0,0.0
MBX00506,2026-05-24,0,2,0,0,0.0
MBX00506,2026-05-25,10,24,0,0,0.0
MBX00506,2026-05-26,8,22,1,0,4.55
MBX00506,2026-05-27,12,26,2,2,7.69
MBX00506,2026-05-28,11,25,3,1,12.0
MBX00506,2026-05-29,9,12,0,0,0.0
MBX00506,2026-05-30,3,2,0,0,0.0
MBX00506,2026-05-31,2,4,0,0,0.0
MBX00506,2026-06-01,13,19,0,0,0.0
MBX00506,2026-06-02,9,19,1,0,5.26
MBX00506,2026-06-03,9,21,0,0,0.0
MBX00506,2026-06-04,10,26,1,2,3.85
MBX00506,2026-06-05,15,19,1,2,5.26
MBX00506,2026-06-06,3,3,0,0,0.0
MBX00506,2026-06-07,1,4,1,0,25.0
MBX00506,2026-06-08,7,16,2,0,12.5
MBX00506,2026-06-09,9,24,2,0,8.33
MBX00506,2026-06-10,12,19,2,0,10.53
MBX00506,2026-06-11,12,22,2,1,9.09
MBX00506,2026-06-12,9,17,1,0,5.88
MBX00506,2026-06-13,1,2,0,0,0.0
MBX00506,2026-06-14,0,6,2,0,33.33
MBX00506,2026-06-15,7,22,1,0,4.55
MBX00506,2026-06-16,11,28,1,0,3.57
MBX00506,2026-06-17,8,20,2,0,10.0
MBX00506,2026-06-18,8,16,0,0,0.0
MBX00506,2026-06-19,8,31,3,0,9.68
MBX00506,2026-06-20,2,6,0,0,0.0
MBX00506,2026-06-21,1,3,0,0,0.0
MBX00506,2026-06-22,7,26,2,1,7.69
MBX00506,2026-06-23,8,19,3,0,15.79
MBX00506,2026-06-24,10,24,1,0,4.17
MBX00506,2026-06-25,6,23,1,1,4.35
MBX00506,2026-06-26,7,15,0,1,0.0
MBX00506,2026-06-27,0,0,0,0,0.0
MBX00506,2026-06-28,0,3,0,0,0.0
MBX00506,2026-06-29,11,13,1,1,7.69
MBX00506,2026-06-30,18,28,1,0,3.57
MBX00506,2026-07-01,5,31,2,1,6.45
MBX00506,2026-07-02,16,22,1,0,4.55
MBX00506,2026-07-03,12,25,0,0,0.0
MBX00506,2026-07-04,1,4,0,0,0.0
MBX00506,2026-07-05,1,4,1,0,25.0
MBX00506,2026-07-06,6,29,2,0,6.9
MBX00506,2026-07-07,14,24,1,0,4.17
MBX00506,2026-07-08,12,29,1,1,3.45
MBX00506,2026-07-09,11,18,0,0,0.0
MBX00506,2026-07-10,14,17,4,1,23.53
MBX00506,2026-07-11,0,3,0,0,0.0
MBX00506,2026-07-12,2,5,0,0,0.0
MBX00506,2026-07-13,13,18,0,0,0.0
MBX00506,2026-07-14,11,13,1,1,7.69
MBX00506,2026-07-15,13,29,3,0,10.34
MBX00506,2026-07-16,6,25,1,1,4.0
MBX00506,2026-07-17,11,22,1,0,4.55
MBX00506,2026-07-18,1,6,0,0,0.0
MBX00506,2026-07-19,1,4,0,0,0.0
MBX00506,2026-07-20,9,19,1,0,5.26
MBX00506,2026-07-21,9,25,2,2,8.0
MBX00506,2026-07-22,5,27,0,0,0.0
MBX00506,2026-07-23,5,19,0,1,0.0
MBX00506,2026-07-24,13,19,2,0,10.53
MBX00090,2026-04-26,0,7,0,0,0.0
MBX00090,2026-04-27,10,29,2,0,6.9
MBX00090,2026-04-28,16,22,0,2,0.0
MBX00090,2026-04-29,8,25,1,0,4.0
MBX00090,2026-04-30,11,33,0,0,0.0
MBX00090,2026-05-01,9,36,3,1,8.33
MBX00090,2026-05-02,1,5,1,0,20.0
MBX00090,2026-05-03,2,7,0,0,0.0
MBX00090,2026-05-04,14,24,1,1,4.17
MBX00090,2026-05-05,8,33,3,0,9.09
MBX00090,2026-05-06,5,22,0,0,0.0
MBX00090,2026-05-07,18,29,2,1,6.9
MBX00090,2026-05-08,15,32,3,1,9.38
MBX00090,2026-05-09,3,1,0,0,0.0
MBX00090,2026-05-10,1,3,0,0,0.0
MBX00090,2026-05-11,14,17,0,0,0.0
MBX00090,2026-05-12,10,23,0,1,0.0
MBX00090,2026-05-13,17,20,1,0,5.0
MBX00090,2026-05-14,11,30,2,0,6.67
MBX00090,2026-05-15,9,24,2,2,8.33
MBX00090,2026-05-16,2,5,1,0,20.0
MBX00090,2026-05-17,1,4,0,0,0.0
MBX00090,2026-05-18,8,24,3,2,12.5
MBX00090,2026-05-19,9,39,1,0,2.56
MBX00090,2026-05-20,14,18,1,1,5.56
MBX00090,2026-05-21,11,25,0,0,0.0
MBX00090,2026-05-22,19,25,2,0,8.0
MBX00090,2026-05-23,3,8,0,0,0.0
MBX00090,2026-05-24,4,5,0,0,0.0
MBX00090,2026-05-25,9,26,0,0,0.0
MBX00090,2026-05-26,10,23,0,0,0.0
MBX00090,2026-05-27,11,16,3,0,18.75
MBX00090,2026-05-28,8,33,1,0,3.03
MBX00090,2026-05-29,19,29,0,0,0.0
MBX00090,2026-05-30,0,0,0,0,0.0
MBX00090,2026-05-31,4,6,0,0,0.0
MBX00090,2026-06-01,11,20,0,1,0.0
MBX00090,2026-06-02,13,29,4,0,13.79
MBX00090,2026-06-03,5,32,3,2,9.38
MBX00090,2026-06-04,8,28,4,0,14.29
MBX00090,2026-06-05,12,25,1,1,4.0
MBX00090,2026-06-06,1,6,0,0,0.0
MBX00090,2026-06-07,2,5,0,0,0.0
MBX00090,2026-06-08,8,20,0,1,0.0
MBX00090,2026-06-09,10,22,0,1,0.0
MBX00090,2026-06-10,8,35,0,0,0.0
MBX00090,2026-06-11,15,23,4,1,17.39
MBX00090,2026-06-12,13,33,4,1,12.12
MBX00090,2026-06-13,3,5,0,0,0.0
MBX00090,2026-06-14,1,8,0,0,0.0
MBX00090,2026-06-15,8,21,2,0,9.52
MBX00090,2026-06-16,12,22,1,1,4.55
MBX00090,2026-06-17,11,22,3,0,13.64
MBX00090,2026-06-18,15,22,2,0,9.09
MBX00090,2026-06-19,11,17,2,0,11.76
MBX00090,2026-06-20,3,3,0,0,0.0
MBX00090,2026-06-21,1,2,0,0,0.0
MBX00090,2026-06-22,12,31,2,0,6.45
MBX00090,2026-06-23,10,19,2,0,10.53
MBX00090,2026-06-24,12,19,1,0,5.26
MBX00090,2026-06-25,10,32,3,0,9.38
MBX00090,2026-06-26,11,20,2,1,10.0
MBX00090,2026-06-27,4,5,0,0,0.0
MBX00090,2026-06-28,1,4,1,0,25.0
MBX00090,2026-06-29,15,17,1,0,5.88
MBX00090,2026-06-30,7,21,3,0,14.29
MBX00090,2026-07-01,11,29,0,0,0.0
MBX00090,2026-07-02,9,29,0,0,0.0
MBX00090,2026-07-03,8,31,4,0,12.9
MBX00090,2026-07-04,0,2,0,0,0.0
MBX00090,2026-07-05,1,4,0,0,0.0
MBX00090,2026-07-06,13,33,2,2,6.06
MBX00090,2026-07-07,14,22,1,0,4.55
MBX00090,2026-07-08,12,26,0,0,0.0
MBX00090,2026-07-09,12,22,2,1,9.09
MBX00090,2026-07-10,10,25,1,0,4.0
MBX00090,2026-07-11,0,4,0,0,0.0
MBX00090,2026-07-12,3,3,0,0,0.0
MBX00090,2026-07-13,11,29,1,0,3.45
MBX00090,2026-07-14,9,26,3,0,11.54
MBX00090,2026-07-15,15,24,4,2,16.67
MBX00090,2026-07-16,12,27,1,0,3.7
MBX00090,2026-07-17,8,21,0,0,0.0
MBX00090,2026-07-18,0,4,0,0,0.0
MBX00090,2026-07-19,3,5,1,0,20.0
MBX00090,2026-07-20,9,32,1,1,3.12
MBX00090,2026-07-21,12,27,3,0,11.11
MBX00090,2026-07-22,13,28,1,1,3.57
MBX00090,2026-07-23,9,32,2,0,6.25
MBX00090,2026-07-24,13,24,2,0,8.33
MBX00061,2026-04-26,3,4,1,0,25.0
MBX00061,2026-04-27,28,41,3,1,7.32
MBX00061,2026-04-28,29,43,0,1,0.0
MBX00061,2026-04-29,29,46,1,2,2.17
MBX00061,2026-04-30,26,40,1,0,2.5
MBX00061,2026-05-01,19,35,3,0,8.57
MBX00061,2026-05-02,1,5,0,0,0.0
MBX00061,2026-05-03,1,6,1,0,16.67
MBX00061,2026-05-04,15,38,2,1,5.26
MBX00061,2026-05-05,23,42,0,1,0.0
MBX00061,2026-05-06,25,35,2,0,5.71
MBX00061,2026-05-07,23,30,2,2,6.67
MBX00061,2026-05-08,18,42,1,1,2.38
MBX00061,2026-05-09,3,2,0,0,0.0
MBX00061,2026-05-10,3,10,1,0,10.0
MBX00061,2026-05-11,28,44,3,2,6.82
MBX00061,2026-05-12,32,41,3,1,7.32
MBX00061,2026-05-13,21,33,4,0,12.12
MBX00061,2026-05-14,21,41,3,0,7.32
MBX00061,2026-05-15,23,42,2,1,4.76
MBX00061,2026-05-16,5,5,1,0,20.0
MBX00061,2026-05-17,3,8,2,0,25.0
MBX00061,2026-05-18,35,33,2,0,6.06
MBX00061,2026-05-19,16,55,3,2,5.45
MBX00061,2026-05-20,23,39,3,0,7.69
MBX00061,2026-05-21,19,37,2,0,5.41
MBX00061,2026-05-22,24,35,3,1,8.57
MBX00061,2026-05-23,2,10,0,0,0.0
MBX00061,2026-05-24,3,4,0,0,0.0
MBX00061,2026-05-25,21,33,0,1,0.0
MBX00061,2026-05-26,33,42,3,1,7.14
MBX00061,2026-05-27,19,35,0,0,0.0
MBX00061,2026-05-28,21,39,3,1,7.69
MBX00061,2026-05-29,25,31,0,1,0.0
MBX00061,2026-05-30,2,6,1,0,16.67
MBX00061,2026-05-31,4,2,0,0,0.0
MBX00061,2026-06-01,36,40,5,0,12.5
MBX00061,2026-06-02,30,33,3,1,9.09
MBX00061,2026-06-03,28,39,0,0,0.0
MBX00061,2026-06-04,16,30,4,0,13.33
MBX00061,2026-06-05,31,41,2,1,4.88
MBX00061,2026-06-06,4,7,0,0,0.0
MBX00061,2026-06-07,3,6,0,0,0.0
MBX00061,2026-06-08,33,53,3,1,5.66
MBX00061,2026-06-09,18,46,3,1,6.52
MBX00061,2026-06-10,17,42,6,2,14.29
MBX00061,2026-06-11,31,33,0,0,0.0
MBX00061,2026-06-12,30,40,5,2,12.5
MBX00061,2026-06-13,2,4,1,0,25.0
MBX00061,2026-06-14,3,3,0,0,0.0
MBX00061,2026-06-15,25,40,3,0,7.5
MBX00061,2026-06-16,29,38,2,0,5.26
MBX00061,2026-06-17,19,39,4,0,10.26
MBX00061,2026-06-18,24,39,4,1,10.26
MBX00061,2026-06-19,20,38,1,1,2.63
MBX00061,2026-06-20,9,4,0,0,0.0
MBX00061,2026-06-21,5,7,0,0,0.0
MBX00061,2026-06-22,20,39,7,0,17.95
MBX00061,2026-06-23,28,51,5,1,9.8
MBX00061,2026-06-24,28,44,2,0,4.55
MBX00061,2026-06-25,31,28,1,0,3.57
MBX00061,2026-06-26,27,51,7,0,13.73
MBX00061,2026-06-27,4,8,2,0,25.0
MBX00061,2026-06-28,1,5,1,0,20.0
MBX00061,2026-06-29,25,50,3,0,6.0
MBX00061,2026-06-30,29,40,3,0,7.5
MBX00061,2026-07-01,16,45,3,0,6.67
MBX00061,2026-07-02,25,42,8,0,19.05
MBX00061,2026-07-03,24,36,1,0,2.78
MBX00061,2026-07-04,2,5,0,0,0.0
MBX00061,2026-07-05,7,7,0,0,0.0
MBX00061,2026-07-06,20,36,2,0,5.56
MBX00061,2026-07-07,26,35,0,0,0.0
MBX00061,2026-07-08,22,45,5,1,11.11
MBX00061,2026-07-09,33,47,3,0,6.38
MBX00061,2026-07-10,23,48,1,2,2.08
MBX00061,2026-07-11,5,5,0,1,0.0
MBX00061,2026-07-12,5,7,0,0,0.0
MBX00061,2026-07-13,22,48,2,2,4.17
MBX00061,2026-07-14,20,33,0,0,0.0
MBX00061,2026-07-15,15,31,0,1,0.0
MBX00061,2026-07-16,20,42,3,0,7.14
MBX00061,2026-07-17,28,43,2,1,4.65
MBX00061,2026-07-18,4,5,0,0,0.0
MBX00061,2026-07-19,3,6,0,0,0.0
MBX00061,2026-07-20,28,42,3,0,7.14
MBX00061,2026-07-21,23,39,1,0,2.56
MBX00061,2026-07-22,32,36,0,0,0.0
MBX00061,2026-07-23,22,41,2,0,4.88
MBX00061,2026-07-24,19,37,4,1,10.81
MBX00062,2026-04-26,3,8,0,0,0.0
MBX00062,2026-04-27,17,51,5,0,9.8
MBX00062,2026-04-28,5,55,4,1,7.27
MBX00062,2026-04-29,10,54,4,0,7.41
MBX00062,2026-04-30,11,60,5,0,8.33
MBX00062,2026-05-01,14,64,5,0,7.81
MBX00062,2026-05-02,3,9,1,0,11.11
MBX00062,2026-05-03,4,6,1,0,16.67
MBX00062,2026-05-04,11,57,4,0,7.02
MBX00062,2026-05-05,7,59,6,1,10.17
MBX00062,2026-05-06,12,44,3,1,6.82
MBX00062,2026-05-07,9,59,5,1,8.47
MBX00062,2026-05-08,7,61,1,0,1.64
MBX00062,2026-05-09,4,9,1,0,11.11
MBX00062,2026-05-10,1,11,0,1,0.0
MBX00062,2026-05-11,15,44,2,0,4.55
MBX00062,2026-05-12,10,59,4,1,6.78
MBX00062,2026-05-13,10,46,2,0,4.35
MBX00062,2026-05-14,6,49,4,1,8.16
MBX00062,2026-05-15,9,52,2,1,3.85
MBX00062,2026-05-16,1,6,0,0,0.0
MBX00062,2026-05-17,0,7,0,0,0.0
MBX00062,2026-05-18,6,53,3,1,5.66
MBX00062,2026-05-19,10,58,6,0,10.34
MBX00062,2026-05-20,10,57,6,1,10.53
MBX00062,2026-05-21,9,55,1,3,1.82
MBX00062,2026-05-22,8,58,4,0,6.9
MBX00062,2026-05-23,0,10,0,0,0.0
MBX00062,2026-05-24,5,8,0,0,0.0
MBX00062,2026-05-25,11,52,1,2,1.92
MBX00062,2026-05-26,12,42,2,0,4.76
MBX00062,2026-05-27,11,50,3,0,6.0
MBX00062,2026-05-28,11,62,6,0,9.68
MBX00062,2026-05-29,11,54,4,0,7.41
MBX00062,2026-05-30,2,12,0,0,0.0
MBX00062,2026-05-31,2,12,0,0,0.0
MBX00062,2026-06-01,6,52,4,2,7.69
MBX00062,2026-06-02,11,51,6,0,11.76
MBX00062,2026-06-03,12,66,3,1,4.55
MBX00062,2026-06-04,10,64,6,1,9.38
MBX00062,2026-06-05,12,64,0,1,0.0
MBX00062,2026-06-06,1,10,0,1,0.0
MBX00062,2026-06-07,0,10,1,0,10.0
MBX00062,2026-06-08,6,51,5,2,9.8
MBX00062,2026-06-09,12,60,2,2,3.33
MBX00062,2026-06-10,14,62,6,0,9.68
MBX00062,2026-06-11,7,71,3,0,4.23
MBX00062,2026-06-12,12,49,4,0,8.16
MBX00062,2026-06-13,1,8,0,0,0.0
MBX00062,2026-06-14,3,9,2,1,22.22
MBX00062,2026-06-15,17,60,2,0,3.33
MBX00062,2026-06-16,11,44,4,0,9.09
MBX00062,2026-06-17,12,54,4,0,7.41
MBX00062,2026-06-18,8,48,1,0,2.08
MBX00062,2026-06-19,6,57,1,0,1.75
MBX00062,2026-06-20,0,12,1,0,8.33
MBX00062,2026-06-21,0,13,1,0,7.69
MBX00062,2026-06-22,12,63,8,0,12.7
MBX00062,2026-06-23,9,57,4,0,7.02
MBX00062,2026-06-24,9,57,4,0,7.02
MBX00062,2026-06-25,11,56,2,0,3.57
MBX00062,2026-06-26,9,64,2,2,3.12
MBX00062,2026-06-27,1,11,0,0,0.0
MBX00062,2026-06-28,3,6,0,0,0.0
MBX00062,2026-06-29,11,63,6,3,9.52
MBX00062,2026-06-30,4,65,5,0,7.69
MBX00062,2026-07-01,15,59,3,1,5.08
MBX00062,2026-07-02,14,66,3,1,4.55
MBX00062,2026-07-03,12,53,0,0,0.0
MBX00062,2026-07-04,1,15,2,1,13.33
MBX00062,2026-07-05,0,12,0,0,0.0
MBX00062,2026-07-06,11,46,3,2,6.52
MBX00062,2026-07-07,6,47,4,2,8.51
MBX00062,2026-07-08,8,63,2,2,3.17
MBX00062,2026-07-09,6,45,2,1,4.44
MBX00062,2026-07-10,12,59,6,1,10.17
MBX00062,2026-07-11,1,11,0,0,0.0
MBX00062,2026-07-12,3,12,0,0,0.0
MBX00062,2026-07-13,7,49,1,1,2.04
MBX00062,2026-07-14,9,70,6,1,8.57
MBX00062,2026-07-15,14,57,0,2,0.0
MBX00062,2026-07-16,13,45,3,1,6.67
MBX00062,2026-07-17,12,72,3,1,4.17
MBX00062,2026-07-18,2,11,1,0,9.09
MBX00062,2026-07-19,1,9,0,0,0.0
MBX00062,2026-07-20,14,68,3,0,4.41
MBX00062,2026-07-21,8,49,2,0,4.08
MBX00062,2026-07-22,12,57,3,1,5.26
MBX00062,2026-07-23,8,61,2,0,3.28
MBX00062,2026-07-24,7,64,4,3,6.25
MBX00206,2026-04-26,3,10,0,0,0.0
MBX00206,2026-04-27,32,74,5,0,6.76
MBX00206,2026-04-28,30,54,3,0,5.56
MBX00206,2026-04-29,31,58,3,0,5.17
MBX00206,2026-04-30,28,55,2,1,3.64
MBX00206,2026-05-01,38,51,4,0,7.84
MBX00206,2026-05-02,13,5,0,0,0.0
MBX00206,2026-05-03,5,11,1,0,9.09
MBX00206,2026-05-04,28,61,4,0,6.56
MBX00206,2026-05-05,39,56,6,5,10.71
MBX00206,2026-05-06,35,58,5,0,8.62
MBX00206,2026-05-07,37,56,2,1,3.57
MBX00206,2026-05-08,24,73,2,0,2.74
MBX00206,2026-05-09,11,11,0,1,0.0
MBX00206,2026-05-10,9,7,0,0,0.0
MBX00206,2026-05-11,49,60,3,0,5.0
MBX00206,2026-05-12,24,65,3,1,4.62
MBX00206,2026-05-13,29,45,1,0,2.22
MBX00206,2026-05-14,28,59,4,0,6.78
MBX00206,2026-05-15,42,55,4,1,7.27
MBX00206,2026-05-16,4,4,0,0,0.0
MBX00206,2026-05-17,7,12,0,2,0.0
MBX00206,2026-05-18,24,48,3,0,6.25
MBX00206,2026-05-19,27,46,3,0,6.52
MBX00206,2026-05-20,38,46,1,2,2.17
MBX00206,2026-05-21,36,61,7,0,11.48
MBX00206,2026-05-22,29,50,2,1,4.0
MBX00206,2026-05-23,5,13,1,0,7.69
MBX00206,2026-05-24,5,4,0,0,0.0
MBX00206,2026-05-25,36,48,4,2,8.33
MBX00206,2026-05-26,38,52,7,1,13.46
MBX00206,2026-05-27,31,38,4,1,10.53
MBX00206,2026-05-28,49,60,4,0,6.67
MBX00206,2026-05-29,36,60,2,2,3.33
MBX00206,2026-05-30,1,6,0,0,0.0
MBX00206,2026-05-31,6,7,0,0,0.0
MBX00206,2026-06-01,32,58,9,1,15.52
MBX00206,2026-06-02,34,55,5,0,9.09
MBX00206,2026-06-03,46,57,0,2,0.0
MBX00206,2026-06-04,34,39,1,0,2.56
MBX00206,2026-06-05,37,59,5,3,8.47
MBX00206,2026-06-06,5,7,0,0,0.0
MBX00206,2026-06-07,4,13,1,1,7.69
MBX00206,2026-06-08,41,49,4,1,8.16
MBX00206,2026-06-09,25,49,4,0,8.16
MBX00206,2026-06-10,37,55,2,2,3.64
MBX00206,2026-06-11,22,54,4,1,7.41
MBX00206,2026-06-12,30,45,4,1,8.89
MBX00206,2026-06-13,4,6,0,0,0.0
MBX00206,2026-06-14,8,9,0,0,0.0
MBX00206,2026-06-15,21,43,6,0,13.95
MBX00206,2026-06-16,39,56,3,1,5.36
MBX00206,2026-06-17,31,54,5,0,9.26
MBX00206,2026-06-18,26,55,5,1,9.09
MBX00206,2026-06-19,33,49,3,1,6.12
MBX00206,2026-06-20,7,8,0,0,0.0
MBX00206,2026-06-21,3,6,0,0,0.0
MBX00206,2026-06-22,46,48,3,0,6.25
MBX00206,2026-06-23,38,50,1,0,2.0
MBX00206,2026-06-24,27,43,0,1,0.0
MBX00206,2026-06-25,25,48,5,0,10.42
MBX00206,2026-06-26,34,47,4,2,8.51
MBX00206,2026-06-27,5,12,0,0,0.0
MBX00206,2026-06-28,4,9,1,0,11.11
MBX00206,2026-06-29,36,53,3,0,5.66
MBX00206,2026-06-30,34,46,5,2,10.87
MBX00206,2026-07-01,30,51,2,0,3.92
MBX00206,2026-07-02,40,56,7,1,12.5
MBX00206,2026-07-03,32,59,0,0,0.0
MBX00206,2026-07-04,2,7,1,0,14.29
MBX00206,2026-07-05,6,8,0,0,0.0
MBX00206,2026-07-06,35,49,2,0,4.08
MBX00206,2026-07-07,36,59,3,1,5.08
MBX00206,2026-07-08,44,49,2,0,4.08
MBX00206,2026-07-09,25,66,5,0,7.58
MBX00206,2026-07-10,28,64,3,2,4.69
MBX00206,2026-07-11,4,2,0,0,0.0
MBX00206,2026-07-12,3,7,0,0,0.0
MBX00206,2026-07-13,32,57,5,2,8.77
MBX00206,2026-07-14,38,49,2,0,4.08
MBX00206,2026-07-15,33,50,4,1,8.0
MBX00206,2026-07-16,34,51,3,1,5.88
MBX00206,2026-07-17,28,54,3,0,5.56
MBX00206,2026-07-18,4,7,0,0,0.0
MBX00206,2026-07-19,7,11,0,0,0.0
MBX00206,2026-07-20,36,57,3,0,5.26
MBX00206,2026-07-21,45,68,3,1,4.41
MBX00206,2026-07-22,37,48,4,1,8.33
MBX00206,2026-07-23,28,47,2,1,4.26
MBX00206,2026-07-24,25,54,4,2,7.41
MBX00606,2026-04-26,4,5,0,0,0.0
MBX00606,2026-04-27,23,25,0,0,0.0
MBX00606,2026-04-28,15,33,1,3,3.03
MBX00606,2026-04-29,21,32,2,0,6.25
MBX00606,2026-04-30,20,19,1,0,5.26
MBX00606,2026-05-01,21,31,4,2,12.9
MBX00606,2026-05-02,1,1,0,0,0.0
MBX00606,2026-05-03,2,2,0,0,0.0
MBX00606,2026-05-04,14,25,3,3,12.0
MBX00606,2026-05-05,19,19,1,1,5.26
MBX00606,2026-05-06,16,23,4,0,17.39
MBX00606,2026-05-07,18,26,4,0,15.38
MBX00606,2026-05-08,12,18,3,0,16.67
MBX00606,2026-05-09,0,5,1,0,20.0
MBX00606,2026-05-10,1,2,0,0,0.0
MBX00606,2026-05-11,11,27,2,0,7.41
MBX00606,2026-05-12,16,28,2,2,7.14
MBX00606,2026-05-13,16,36,3,1,8.33
MBX00606,2026-05-14,21,23,2,1,8.7
MBX00606,2026-05-15,21,22,0,1,0.0
MBX00606,2026-05-16,3,0,0,0,0.0
MBX00606,2026-05-17,2,1,0,0,0.0
MBX00606,2026-05-18,14,26,2,1,7.69
MBX00606,2026-05-19,17,29,1,0,3.45
MBX00606,2026-05-20,20,28,1,1,3.57
MBX00606,2026-05-21,23,23,2,1,8.7
MBX00606,2026-05-22,19,22,3,2,13.64
MBX00606,2026-05-23,4,5,0,0,0.0
MBX00606,2026-05-24,4,7,0,0,0.0
MBX00606,2026-05-25,18,25,4,0,16.0
MBX00606,2026-05-26,16,25,0,1,0.0
MBX00606,2026-05-27,23,20,1,0,5.0
MBX00606,2026-05-28,19,26,0,1,0.0
MBX00606,2026-05-29,20,28,2,1,7.14
MBX00606,2026-05-30,3,1,0,0,0.0
MBX00606,2026-05-31,1,7,0,0,0.0
MBX00606,2026-06-01,18,18,1,0,5.56
MBX00606,2026-06-02,14,34,1,1,2.94
MBX00606,2026-06-03,24,29,3,2,10.34
MBX00606,2026-06-04,17,28,3,1,10.71
MBX00606,2026-06-05,15,38,2,1,5.26
MBX00606,2026-06-06,6,3,0,0,0.0
MBX00606,2026-06-07,1,3,0,0,0.0
MBX00606,2026-06-08,20,16,1,0,6.25
MBX00606,2026-06-09,15,23,1,1,4.35
MBX00606,2026-06-10,22,24,1,0,4.17
MBX00606,2026-06-11,14,29,3,0,10.34
MBX00606,2026-06-12,16,15,1,0,6.67
MBX00606,2026-06-13,3,3,0,0,0.0
MBX00606,2026-06-14,6,4,0,0,0.0
MBX00606,2026-06-15,18,23,0,1,0.0
MBX00606,2026-06-16,15,26,1,1,3.85
MBX00606,2026-06-17,19,23,1,0,4.35
MBX00606,2026-06-18,14,21,1,1,4.76
MBX00606,2026-06-19,9,23,2,0,8.7
MBX00606,2026-06-20,3,3,0,0,0.0
MBX00606,2026-06-21,1,1,0,0,0.0
MBX00606,2026-06-22,21,22,1,0,4.55
MBX00606,2026-06-23,18,44,1,0,2.27
MBX00606,2026-06-24,17,25,1,1,4.0
MBX00606,2026-06-25,23,27,1,0,3.7
MBX00606,2026-06-26,19,28,0,3,0.0
MBX00606,2026-06-27,0,8,0,0,0.0
MBX00606,2026-06-28,1,2,0,0,0.0
MBX00606,2026-06-29,29,27,1,1,3.7
MBX00606,2026-06-30,26,13,0,0,0.0
MBX00606,2026-07-01,28,18,0,1,0.0
MBX00606,2026-07-02,14,27,2,0,7.41
MBX00606,2026-07-03,16,30,2,0,6.67
MBX00606,2026-07-04,1,6,0,0,0.0
MBX00606,2026-07-05,1,4,1,0,25.0
MBX00606,2026-07-06,16,29,2,0,6.9
MBX00606,2026-07-07,18,22,0,0,0.0
MBX00606,2026-07-08,23,22,1,1,4.55
MBX00606,2026-07-09,22,36,3,3,8.33
MBX00606,2026-07-10,19,30,1,0,3.33
MBX00606,2026-07-11,2,2,0,0,0.0
MBX00606,2026-07-12,3,3,0,0,0.0
MBX00606,2026-07-13,20,20,0,1,0.0
MBX00606,2026-07-14,14,20,1,1,5.0
MBX00606,2026-07-15,19,23,3,0,13.04
MBX00606,2026-07-16,23,28,1,2,3.57
MBX00606,2026-07-17,16,22,2,1,9.09
MBX00606,2026-07-18,0,1,0,0,0.0
MBX00606,2026-07-19,2,2,0,0,0.0
MBX00606,2026-07-20,20,23,0,1,0.0
MBX00606,2026-07-21,19,30,0,1,0.0
MBX00606,2026-07-22,21,28,1,1,3.57
MBX00606,2026-07-23,21,23,0,1,0.0
MBX00606,2026-07-24,25,29,0,0,0.0
MBX00047,2026-04-26,5,9,0,0,0.0
MBX00047,2026-04-27,37,29,2,1,6.9
MBX00047,2026-04-28,39,43,1,0,2.33
MBX00047,2026-04-29,41,37,1,0,2.7
MBX00047,2026-04-30,28,50,3,1,6.0
MBX00047,2026-05-01,45,28,1,1,3.57
MBX00047,2026-05-02,5,3,1,0,33.33
MBX00047,2026-05-03,3,6,0,0,0.0
MBX00047,2026-05-04,39,31,0,0,0.0
MBX00047,2026-05-05,45,37,1,1,2.7
MBX00047,2026-05-06,32,40,3,0,7.5
MBX00047,2026-05-07,37,44,1,1,2.27
MBX00047,2026-05-08,40,34,3,2,8.82
MBX00047,2026-05-09,4,4,1,0,25.0
MBX00047,2026-05-10,7,4,0,0,0.0
MBX00047,2026-05-11,39,28,0,0,0.0
MBX00047,2026-05-12,49,25,2,0,8.0
MBX00047,2026-05-13,28,31,0,1,0.0
MBX00047,2026-05-14,30,39,1,0,2.56
MBX00047,2026-05-15,41,32,3,2,9.38
MBX00047,2026-05-16,5,5,0,0,0.0
MBX00047,2026-05-17,4,5,1,0,20.0
MBX00047,2026-05-18,45,47,1,0,2.13
MBX00047,2026-05-19,33,34,1,0,2.94
MBX00047,2026-05-20,53,44,0,0,0.0
MBX00047,2026-05-21,43,31,1,1,3.23
MBX00047,2026-05-22,34,32,5,0,15.62
MBX00047,2026-05-23,7,0,0,1,0.0
MBX00047,2026-05-24,9,7,1,0,14.29
MBX00047,2026-05-25,39,38,2,1,5.26
MBX00047,2026-05-26,39,37,0,0,0.0
MBX00047,2026-05-27,46,41,4,0,9.76
MBX00047,2026-05-28,34,42,2,0,4.76
MBX00047,2026-05-29,49,30,1,1,3.33
MBX00047,2026-05-30,15,3,1,0,33.33
MBX00047,2026-05-31,12,10,0,0,0.0
MBX00047,2026-06-01,36,35,4,0,11.43
MBX00047,2026-06-02,40,29,1,1,3.45
MBX00047,2026-06-03,32,34,3,0,8.82
MBX00047,2026-06-04,45,23,3,0,13.04
MBX00047,2026-06-05,28,23,1,0,4.35
MBX00047,2026-06-06,9,7,1,0,14.29
MBX00047,2026-06-07,2,4,0,0,0.0
MBX00047,2026-06-08,40,27,1,2,3.7
MBX00047,2026-06-09,45,51,2,2,3.92
MBX00047,2026-06-10,35,28,0,0,0.0
MBX00047,2026-06-11,36,24,2,0,8.33
MBX00047,2026-06-12,40,36,1,0,2.78
MBX00047,2026-06-13,3,4,0,0,0.0
MBX00047,2026-06-14,6,4,1,0,25.0
MBX00047,2026-06-15,41,29,2,1,6.9
MBX00047,2026-06-16,40,35,3,1,8.57
MBX00047,2026-06-17,48,46,4,0,8.7
MBX00047,2026-06-18,31,33,4,0,12.12
MBX00047,2026-06-19,39,39,5,0,12.82
MBX00047,2026-06-20,10,7,0,0,0.0
MBX00047,2026-06-21,6,2,0,0,0.0
MBX00047,2026-06-22,44,37,2,1,5.41
MBX00047,2026-06-23,42,36,1,0,2.78
MBX00047,2026-06-24,42,32,1,1,3.12
MBX00047,2026-06-25,40,31,0,0,0.0
MBX00047,2026-06-26,44,44,3,1,6.82
MBX00047,2026-06-27,6,2,0,0,0.0
MBX00047,2026-06-28,10,8,0,0,0.0
MBX00047,2026-06-29,44,38,6,0,15.79
MBX00047,2026-06-30,39,34,2,1,5.88
MBX00047,2026-07-01,36,37,1,1,2.7
MBX00047,2026-07-02,34,28,0,0,0.0
MBX00047,2026-07-03,51,42,4,0,9.52
MBX00047,2026-07-04,5,2,0,0,0.0
MBX00047,2026-07-05,12,3,0,0,0.0
MBX00047,2026-07-06,38,41,3,1,7.32
MBX00047,2026-07-07,49,31,0,0,0.0
MBX00047,2026-07-08,38,39,1,0,2.56
MBX00047,2026-07-09,29,38,6,0,15.79
MBX00047,2026-07-10,36,34,3,2,8.82
MBX00047,2026-07-11,9,5,0,0,0.0
MBX00047,2026-07-12,7,10,0,0,0.0
MBX00047,2026-07-13,37,44,5,0,11.36
MBX00047,2026-07-14,34,50,2,2,4.0
MBX00047,2026-07-15,50,38,2,0,5.26
MBX00047,2026-07-16,37,32,3,1,9.38
MBX00047,2026-07-17,36,25,1,1,4.0
MBX00047,2026-07-18,8,5,0,0,0.0
MBX00047,2026-07-19,9,6,1,0,16.67
MBX00047,2026-07-20,46,34,1,1,2.94
MBX00047,2026-07-21,38,28,1,2,3.57
MBX00047,2026-07-22,28,38,0,2,0.0
MBX00047,2026-07-23,46,29,0,4,0.0
MBX00047,2026-07-24,30,25,6,0,24.0
MBX00152,2026-04-26,0,18,3,0,16.67
MBX00152,2026-04-27,13,110,3,1,2.73
MBX00152,2026-04-28,2,107,9,3,8.41
MBX00152,2026-04-29,12,128,8,3,6.25
MBX00152,2026-04-30,9,121,12,1,9.92
MBX00152,2026-05-01,14,90,8,1,8.89
MBX00152,2026-05-02,1,16,0,0,0.0
MBX00152,2026-05-03,2,12,0,0,0.0
MBX00152,2026-05-04,14,109,3,1,2.75
MBX00152,2026-05-05,17,115,5,2,4.35
MBX00152,2026-05-06,15,106,7,2,6.6
MBX00152,2026-05-07,13,117,8,0,6.84
MBX00152,2026-05-08,8,132,9,2,6.82
MBX00152,2026-05-09,1,13,1,0,7.69
MBX00152,2026-05-10,3,18,1,0,5.56
MBX00152,2026-05-11,15,116,7,2,6.03
MBX00152,2026-05-12,7,99,10,4,10.1
MBX00152,2026-05-13,14,132,8,4,6.06
MBX00152,2026-05-14,11,103,13,1,12.62
MBX00152,2026-05-15,12,119,9,1,7.56
MBX00152,2026-05-16,0,19,1,0,5.26
MBX00152,2026-05-17,1,10,0,0,0.0
MBX00152,2026-05-18,6,119,11,1,9.24
MBX00152,2026-05-19,6,123,13,1,10.57
MBX00152,2026-05-20,16,125,8,1,6.4
MBX00152,2026-05-21,10,129,4,0,3.1
MBX00152,2026-05-22,13,113,5,1,4.42
MBX00152,2026-05-23,3,17,2,0,11.76
MBX00152,2026-05-24,3,21,0,0,0.0
MBX00152,2026-05-25,14,99,9,2,9.09
MBX00152,2026-05-26,14,113,9,1,7.96
MBX00152,2026-05-27,16,121,6,1,4.96
MBX00152,2026-05-28,11,118,12,3,10.17
MBX00152,2026-05-29,16,125,10,3,8.0
MBX00152,2026-05-30,3,22,2,0,9.09
MBX00152,2026-05-31,4,16,2,0,12.5
MBX00152,2026-06-01,8,124,12,2,9.68
MBX00152,2026-06-02,8,134,9,1,6.72
MBX00152,2026-06-03,20,109,9,0,8.26
MBX00152,2026-06-04,17,104,5,1,4.81
MBX00152,2026-06-05,18,122,8,1,6.56
MBX00152,2026-06-06,2,18,0,0,0.0
MBX00152,2026-06-07,5,12,0,0,0.0
MBX00152,2026-06-08,12,142,8,0,5.63
MBX00152,2026-06-09,22,146,5,3,3.42
MBX00152,2026-06-10,14,122,8,1,6.56
MBX00152,2026-06-11,13,121,11,2,9.09
MBX00152,2026-06-12,21,121,10,0,8.26
MBX00152,2026-06-13,2,17,1,0,5.88
MBX00152,2026-06-14,1,13,1,0,7.69
MBX00152,2026-06-15,11,128,10,0,7.81
MBX00152,2026-06-16,13,120,5,1,4.17
MBX00152,2026-06-17,14,126,6,5,4.76
MBX00152,2026-06-18,14,109,7,2,6.42
MBX00152,2026-06-19,12,127,10,1,7.87
MBX00152,2026-06-20,1,19,0,0,0.0
MBX00152,2026-06-21,0,21,3,0,14.29
MBX00152,2026-06-22,13,101,6,1,5.94
MBX00152,2026-06-23,11,106,7,0,6.6
MBX00152,2026-06-24,13,131,16,0,12.21
MBX00152,2026-06-25,13,107,7,1,6.54
MBX00152,2026-06-26,11,108,10,1,9.26
MBX00152,2026-06-27,1,21,3,0,14.29
MBX00152,2026-06-28,2,22,0,0,0.0
MBX00152,2026-06-29,11,98,6,2,6.12
MBX00152,2026-06-30,20,97,7,2,7.22
MBX00152,2026-07-01,8,109,5,1,4.59
MBX00152,2026-07-02,11,127,6,1,4.72
MBX00152,2026-07-03,16,122,11,2,9.02
MBX00152,2026-07-04,0,13,1,0,7.69
MBX00152,2026-07-05,4,12,0,1,0.0
MBX00152,2026-07-06,12,119,8,0,6.72
MBX00152,2026-07-07,9,101,2,1,1.98
MBX00152,2026-07-08,11,113,7,3,6.19
MBX00152,2026-07-09,14,129,11,1,8.53
MBX00152,2026-07-10,13,111,11,1,9.91
MBX00152,2026-07-11,4,13,0,0,0.0
MBX00152,2026-07-12,1,22,1,1,4.55
MBX00152,2026-07-13,9,96,1,2,1.04
MBX00152,2026-07-14,16,131,4,2,3.05
MBX00152,2026-07-15,10,117,10,3,8.55
MBX00152,2026-07-16,9,136,10,5,7.35
MBX00152,2026-07-17,14,138,6,2,4.35
MBX00152,2026-07-18,3,19,0,0,0.0
MBX00152,2026-07-19,0,15,0,0,0.0
MBX00152,2026-07-20,7,125,9,1,7.2
MBX00152,2026-07-21,16,120,5,2,4.17
MBX00152,2026-07-22,11,101,7,1,6.93
MBX00152,2026-07-23,8,113,4,1,3.54
MBX00152,2026-07-24,13,132,8,2,6.06
MBX00353,2026-04-26,0,12,0,0,0.0
MBX00353,2026-04-27,9,101,6,0,5.94
MBX00353,2026-04-28,10,111,6,0,5.41
MBX00353,2026-04-29,13,93,5,0,5.38
MBX00353,2026-04-30,8,123,10,1,8.13
MBX00353,2026-05-01,11,117,15,1,12.82
MBX00353,2026-05-02,1,17,1,0,5.88
MBX00353,2026-05-03,2,11,0,1,0.0
MBX00353,2026-05-04,7,120,6,2,5.0
MBX00353,2026-05-05,5,107,8,2,7.48
MBX00353,2026-05-06,5,112,9,2,8.04
MBX00353,2026-05-07,5,106,4,2,3.77
MBX00353,2026-05-08,6,123,8,1,6.5
MBX00353,2026-05-09,1,17,1,0,5.88
MBX00353,2026-05-10,1,16,0,0,0.0
MBX00353,2026-05-11,10,101,8,1,7.92
MBX00353,2026-05-12,4,93,3,1,3.23
MBX00353,2026-05-13,12,116,6,1,5.17
MBX00353,2026-05-14,7,116,4,2,3.45
MBX00353,2026-05-15,6,116,6,0,5.17
MBX00353,2026-05-16,1,12,1,0,8.33
MBX00353,2026-05-17,1,27,1,0,3.7
MBX00353,2026-05-18,8,117,7,2,5.98
MBX00353,2026-05-19,13,101,3,2,2.97
MBX00353,2026-05-20,5,121,9,1,7.44
MBX00353,2026-05-21,8,118,9,1,7.63
MBX00353,2026-05-22,8,108,7,1,6.48
MBX00353,2026-05-23,1,19,2,0,10.53
MBX00353,2026-05-24,2,17,1,0,5.88
MBX00353,2026-05-25,6,108,9,2,8.33
MBX00353,2026-05-26,10,123,10,1,8.13
MBX00353,2026-05-27,11,106,10,1,9.43
MBX00353,2026-05-28,5,125,11,1,8.8
MBX00353,2026-05-29,10,94,1,0,1.06
MBX00353,2026-05-30,0,17,1,0,5.88
MBX00353,2026-05-31,1,21,1,1,4.76
MBX00353,2026-06-01,6,106,11,1,10.38
MBX00353,2026-06-02,5,112,6,0,5.36
MBX00353,2026-06-03,8,106,9,2,8.49
MBX00353,2026-06-04,9,94,4,0,4.26
MBX00353,2026-06-05,7,123,7,1,5.69
MBX00353,2026-06-06,0,22,1,0,4.55
MBX00353,2026-06-07,0,22,0,0,0.0
MBX00353,2026-06-08,10,116,6,1,5.17
MBX00353,2026-06-09,12,126,12,2,9.52
MBX00353,2026-06-10,6,98,5,0,5.1
MBX00353,2026-06-11,6,115,12,0,10.43
MBX00353,2026-06-12,11,108,6,1,5.56
MBX00353,2026-06-13,1,17,1,1,5.88
MBX00353,2026-06-14,2,19,1,0,5.26
MBX00353,2026-06-15,6,110,9,0,8.18
MBX00353,2026-06-16,10,96,3,0,3.12
MBX00353,2026-06-17,15,90,7,2,7.78
MBX00353,2026-06-18,10,112,4,1,3.57
MBX00353,2026-06-19,13,95,5,3,5.26
MBX00353,2026-06-20,0,16,0,0,0.0
MBX00353,2026-06-21,0,19,1,0,5.26
MBX00353,2026-06-22,9,98,6,1,6.12
MBX00353,2026-06-23,11,111,7,1,6.31
MBX00353,2026-06-24,5,111,5,0,4.5
MBX00353,2026-06-25,13,104,8,1,7.69
MBX00353,2026-06-26,7,131,3,1,2.29
MBX00353,2026-06-27,2,13,1,0,7.69
MBX00353,2026-06-28,0,15,0,0,0.0
MBX00353,2026-06-29,8,130,6,1,4.62
MBX00353,2026-06-30,9,113,6,0,5.31
MBX00353,2026-07-01,8,87,6,1,6.9
MBX00353,2026-07-02,5,94,4,3,4.26
MBX00353,2026-07-03,6,112,7,1,6.25
MBX00353,2026-07-04,0,22,3,0,13.64
MBX00353,2026-07-05,2,19,0,0,0.0
MBX00353,2026-07-06,10,101,16,3,15.84
MBX00353,2026-07-07,8,136,8,2,5.88
MBX00353,2026-07-08,12,118,6,3,5.08
MBX00353,2026-07-09,5,97,8,2,8.25
MBX00353,2026-07-10,11,102,6,0,5.88
MBX00353,2026-07-11,1,14,2,1,14.29
MBX00353,2026-07-12,0,14,0,0,0.0
MBX00353,2026-07-13,8,134,13,0,9.7
MBX00353,2026-07-14,8,90,3,0,3.33
MBX00353,2026-07-15,10,113,5,0,4.42
MBX00353,2026-07-16,9,132,9,0,6.82
MBX00353,2026-07-17,5,100,6,2,6.0
MBX00353,2026-07-18,1,20,1,0,5.0
MBX00353,2026-07-19,1,19,1,0,5.26
MBX00353,2026-07-20,8,120,7,2,5.83
MBX00353,2026-07-21,6,125,10,2,8.0
MBX00353,2026-07-22,4,111,5,1,4.5
MBX00353,2026-07-23,6,124,6,1,4.84
MBX00353,2026-07-24,7,104,6,2,5.77
MBX00613,2026-04-26,6,16,1,0,6.25
MBX00613,2026-04-27,21,74,4,1,5.41
MBX00613,2026-04-28,14,82,4,1,4.88
MBX00613,2026-04-29,16,91,7,2,7.69
MBX00613,2026-04-30,16,78,1,0,1.28
MBX00613,2026-05-01,13,80,7,1,8.75
MBX00613,2026-05-02,1,10,0,0,0.0
MBX00613,2026-05-03,2,9,0,0,0.0
MBX00613,2026-05-04,16,73,4,0,5.48
MBX00613,2026-05-05,23,93,7,0,7.53
MBX00613,2026-05-06,17,84,6,4,7.14
MBX00613,2026-05-07,12,70,2,0,2.86
MBX00613,2026-05-08,18,75,3,2,4.0
MBX00613,2026-05-09,3,15,3,0,20.0
MBX00613,2026-05-10,0,15,2,0,13.33
MBX00613,2026-05-11,18,95,4,1,4.21
MBX00613,2026-05-12,14,81,2,0,2.47
MBX00613,2026-05-13,16,85,6,2,7.06
MBX00613,2026-05-14,20,96,6,1,6.25
MBX00613,2026-05-15,12,81,4,2,4.94
MBX00613,2026-05-16,0,11,1,1,9.09
MBX00613,2026-05-17,1,15,2,1,13.33
MBX00613,2026-05-18,19,73,4,1,5.48
MBX00613,2026-05-19,21,86,4,0,4.65
MBX00613,2026-05-20,18,58,4,2,6.9
MBX00613,2026-05-21,11,110,4,0,3.64
MBX00613,2026-05-22,13,94,8,1,8.51
MBX00613,2026-05-23,1,16,0,0,0.0
MBX00613,2026-05-24,2,11,0,1,0.0
MBX00613,2026-05-25,15,103,9,1,8.74
MBX00613,2026-05-26,18,77,5,1,6.49
MBX00613,2026-05-27,21,86,4,1,4.65
MBX00613,2026-05-28,17,108,2,1,1.85
MBX00613,2026-05-29,19,71,4,1,5.63
MBX00613,2026-05-30,2,13,0,0,0.0
MBX00613,2026-05-31,1,12,0,0,0.0
MBX00613,2026-06-01,20,77,7,0,9.09
MBX00613,2026-06-02,19,95,4,0,4.21
MBX00613,2026-06-03,19,75,6,1,8.0
MBX00613,2026-06-04,19,84,4,1,4.76
MBX00613,2026-06-05,24,85,5,1,5.88
MBX00613,2026-06-06,0,12,1,0,8.33
MBX00613,2026-06-07,6,6,0,0,0.0
MBX00613,2026-06-08,18,68,5,1,7.35
MBX00613,2026-06-09,10,74,7,2,9.46
MBX00613,2026-06-10,13,88,7,0,7.95
MBX00613,2026-06-11,19,82,6,1,7.32
MBX00613,2026-06-12,21,92,10,1,10.87
MBX00613,2026-06-13,2,5,0,0,0.0
MBX00613,2026-06-14,3,10,1,0,10.0
MBX00613,2026-06-15,20,74,7,1,9.46
MBX00613,2026-06-16,15,90,4,1,4.44
MBX00613,2026-06-17,17,81,3,2,3.7
MBX00613,2026-06-18,15,85,6,1,7.06
MBX00613,2026-06-19,18,75,4,1,5.33
MBX00613,2026-06-20,1,4,0,0,0.0
MBX00613,2026-06-21,1,18,1,0,5.56
MBX00613,2026-06-22,17,75,1,0,1.33
MBX00613,2026-06-23,11,91,11,1,12.09
MBX00613,2026-06-24,12,82,5,1,6.1
MBX00613,2026-06-25,9,90,3,2,3.33
MBX00613,2026-06-26,18,91,9,0,9.89
MBX00613,2026-06-27,1,11,0,0,0.0
MBX00613,2026-06-28,5,12,0,0,0.0
MBX00613,2026-06-29,15,72,5,0,6.94
MBX00613,2026-06-30,8,95,5,2,5.26
MBX00613,2026-07-01,15,68,4,2,5.88
MBX00613,2026-07-02,18,91,5,3,5.49
MBX00613,2026-07-03,22,104,5,1,4.81
MBX00613,2026-07-04,3,14,2,0,14.29
MBX00613,2026-07-05,1,23,0,0,0.0
MBX00613,2026-07-06,21,101,4,0,3.96
MBX00613,2026-07-07,20,86,2,0,2.33
MBX00613,2026-07-08,11,73,5,1,6.85
MBX00613,2026-07-09,17,76,3,0,3.95
MBX00613,2026-07-10,21,81,3,0,3.7
MBX00613,2026-07-11,3,15,1,0,6.67
MBX00613,2026-07-12,2,14,1,0,7.14
MBX00613,2026-07-13,17,87,3,0,3.45
MBX00613,2026-07-14,19,77,5,2,6.49
MBX00613,2026-07-15,19,88,5,1,5.68
MBX00613,2026-07-16,13,79,10,3,12.66
MBX00613,2026-07-17,13,91,5,0,5.49
MBX00613,2026-07-18,2,5,0,0,0.0
MBX00613,2026-07-19,5,11,0,0,0.0
MBX00613,2026-07-20,12,70,9,2,12.86
MBX00613,2026-07-21,21,90,4,0,4.44
MBX00613,2026-07-22,13,69,8,2,11.59
MBX00613,2026-07-23,18,72,2,1,2.78
MBX00613,2026-07-24,15,81,4,0,4.94
MBX00284,2026-04-26,3,10,1,0,10.0
MBX00284,2026-04-27,11,93,7,1,7.53
MBX00284,2026-04-28,14,69,3,1,4.35
MBX00284,2026-04-29,11,72,3,0,4.17
MBX00284,2026-04-30,8,75,9,1,12.0
MBX00284,2026-05-01,10,81,1,1,1.23
MBX00284,2026-05-02,2,9,0,0,0.0
MBX00284,2026-05-03,1,12,2,0,16.67
MBX00284,2026-05-04,10,73,6,1,8.22
MBX00284,2026-05-05,11,82,3,0,3.66
MBX00284,2026-05-06,14,82,6,0,7.32
MBX00284,2026-05-07,7,81,4,0,4.94
MBX00284,2026-05-08,4,87,4,0,4.6
MBX00284,2026-05-09,0,12,0,0,0.0
MBX00284,2026-05-10,2,15,1,1,6.67
MBX00284,2026-05-11,7,94,6,0,6.38
MBX00284,2026-05-12,14,69,2,1,2.9
MBX00284,2026-05-13,5,77,2,0,2.6
MBX00284,2026-05-14,4,63,6,0,9.52
MBX00284,2026-05-15,7,87,6,0,6.9
MBX00284,2026-05-16,0,15,1,0,6.67
MBX00284,2026-05-17,5,10,0,0,0.0
MBX00284,2026-05-18,10,66,6,0,9.09
MBX00284,2026-05-19,5,85,4,1,4.71
MBX00284,2026-05-20,10,73,5,1,6.85
MBX00284,2026-05-21,8,69,5,1,7.25
MBX00284,2026-05-22,9,69,8,1,11.59
MBX00284,2026-05-23,2,11,0,0,0.0
MBX00284,2026-05-24,1,14,0,0,0.0
MBX00284,2026-05-25,10,61,3,1,4.92
MBX00284,2026-05-26,8,86,6,0,6.98
MBX00284,2026-05-27,4,70,7,1,10.0
MBX00284,2026-05-28,8,60,6,0,10.0
MBX00284,2026-05-29,8,72,7,0,9.72
MBX00284,2026-05-30,0,15,2,1,13.33
MBX00284,2026-05-31,2,13,0,0,0.0
MBX00284,2026-06-01,7,79,12,0,15.19
MBX00284,2026-06-02,12,82,3,3,3.66
MBX00284,2026-06-03,10,67,7,3,10.45
MBX00284,2026-06-04,7,81,3,1,3.7
MBX00284,2026-06-05,11,78,3,0,3.85
MBX00284,2026-06-06,2,15,0,0,0.0
MBX00284,2026-06-07,4,13,0,0,0.0
MBX00284,2026-06-08,10,70,1,1,1.43
MBX00284,2026-06-09,7,81,4,4,4.94
MBX00284,2026-06-10,11,81,8,1,9.88
MBX00284,2026-06-11,7,73,3,1,4.11
MBX00284,2026-06-12,12,64,4,0,6.25
MBX00284,2026-06-13,0,16,2,0,12.5
MBX00284,2026-06-14,2,13,1,0,7.69
MBX00284,2026-06-15,10,68,1,0,1.47
MBX00284,2026-06-16,10,71,2,2,2.82
MBX00284,2026-06-17,12,79,5,2,6.33
MBX00284,2026-06-18,10,87,3,5,3.45
MBX00284,2026-06-19,10,75,2,0,2.67
MBX00284,2026-06-20,2,10,0,0,0.0
MBX00284,2026-06-21,0,12,1,0,8.33
MBX00284,2026-06-22,9,77,8,2,10.39
MBX00284,2026-06-23,6,88,5,1,5.68
MBX00284,2026-06-24,14,86,5,1,5.81
MBX00284,2026-06-25,8,76,10,0,13.16
MBX00284,2026-06-26,4,80,3,1,3.75
MBX00284,2026-06-27,2,16,0,0,0.0
MBX00284,2026-06-28,4,15,0,1,0.0
MBX00284,2026-06-29,12,62,2,1,3.23
MBX00284,2026-06-30,9,80,8,2,10.0
MBX00284,2026-07-01,6,93,7,2,7.53
MBX00284,2026-07-02,5,69,3,1,4.35
MBX00284,2026-07-03,10,91,7,1,7.69
MBX00284,2026-07-04,3,12,1,0,8.33
MBX00284,2026-07-05,1,9,0,0,0.0
MBX00284,2026-07-06,11,71,6,1,8.45
MBX00284,2026-07-07,8,75,3,1,4.0
MBX00284,2026-07-08,15,74,3,0,4.05
MBX00284,2026-07-09,8,87,3,1,3.45
MBX00284,2026-07-10,9,73,2,1,2.74
MBX00284,2026-07-11,2,12,2,0,16.67
MBX00284,2026-07-12,2,13,0,0,0.0
MBX00284,2026-07-13,8,78,6,0,7.69
MBX00284,2026-07-14,11,81,5,0,6.17
MBX00284,2026-07-15,4,71,6,0,8.45
MBX00284,2026-07-16,11,82,11,0,13.41
MBX00284,2026-07-17,9,77,5,1,6.49
MBX00284,2026-07-18,0,13,1,0,7.69
MBX00284,2026-07-19,1,13,1,0,7.69
MBX00284,2026-07-20,10,75,4,1,5.33
MBX00284,2026-07-21,13,80,2,0,2.5
MBX00284,2026-07-22,8,74,5,0,6.76
MBX00284,2026-07-23,8,66,8,0,12.12
MBX00284,2026-07-24,10,85,7,2,8.24
MBX00491,2026-04-26,2,12,0,1,0.0
MBX00491,2026-04-27,34,90,3,2,3.33
MBX00491,2026-04-28,20,103,3,1,2.91
MBX00491,2026-04-29,25,98,5,2,5.1
MBX00491,2026-04-30,28,82,10,0,12.2
MBX00491,2026-05-01,19,91,7,1,7.69
MBX00491,2026-05-02,2,14,1,0,7.14
MBX00491,2026-05-03,4,6,0,1,0.0
MBX00491,2026-05-04,18,92,7,1,7.61
MBX00491,2026-05-05,19,73,5,0,6.85
MBX00491,2026-05-06,20,86,5,2,5.81
MBX00491,2026-05-07,29,85,7,0,8.24
MBX00491,2026-05-08,21,95,6,0,6.32
MBX00491,2026-05-09,4,16,3,0,18.75
MBX00491,2026-05-10,1,10,2,0,20.0
MBX00491,2026-05-11,28,86,9,0,10.47
MBX00491,2026-05-12,26,103,8,1,7.77
MBX00491,2026-05-13,28,82,8,0,9.76
MBX00491,2026-05-14,19,73,8,0,10.96
MBX00491,2026-05-15,30,103,8,2,7.77
MBX00491,2026-05-16,5,10,1,0,10.0
MBX00491,2026-05-17,2,10,2,0,20.0
MBX00491,2026-05-18,24,103,6,2,5.83
MBX00491,2026-05-19,21,82,3,1,3.66
MBX00491,2026-05-20,32,103,8,2,7.77
MBX00491,2026-05-21,27,79,7,1,8.86
MBX00491,2026-05-22,23,106,3,0,2.83
MBX00491,2026-05-23,3,14,0,0,0.0
MBX00491,2026-05-24,3,13,2,0,15.38
MBX00491,2026-05-25,25,80,5,1,6.25
MBX00491,2026-05-26,16,82,2,0,2.44
MBX00491,2026-05-27,21,87,4,0,4.6
MBX00491,2026-05-28,24,94,6,1,6.38
MBX00491,2026-05-29,27,87,2,2,2.3
MBX00491,2026-05-30,3,14,0,0,0.0
MBX00491,2026-05-31,4,8,0,0,0.0
MBX00491,2026-06-01,19,85,3,2,3.53
MBX00491,2026-06-02,25,84,3,1,3.57
MBX00491,2026-06-03,22,85,5,1,5.88
MBX00491,2026-06-04,19,83,1,1,1.2
MBX00491,2026-06-05,23,102,7,2,6.86
MBX00491,2026-06-06,3,12,0,1,0.0
MBX00491,2026-06-07,2,13,0,0,0.0
MBX00491,2026-06-08,27,103,6,0,5.83
MBX00491,2026-06-09,25,85,3,2,3.53
MBX00491,2026-06-10,27,84,6,2,7.14
MBX00491,2026-06-11,26,95,3,1,3.16
MBX00491,2026-06-12,22,94,6,1,6.38
MBX00491,2026-06-13,3,11,2,0,18.18
MBX00491,2026-06-14,3,15,0,0,0.0
MBX00491,2026-06-15,20,77,5,1,6.49
MBX00491,2026-06-16,25,96,8,0,8.33
MBX00491,2026-06-17,27,70,3,0,4.29
MBX00491,2026-06-18,25,84,3,1,3.57
MBX00491,2026-06-19,21,79,4,0,5.06
MBX00491,2026-06-20,6,12,0,0,0.0
MBX00491,2026-06-21,4,21,1,0,4.76
MBX00491,2026-06-22,17,93,5,1,5.38
MBX00491,2026-06-23,11,85,4,0,4.71
MBX00491,2026-06-24,30,88,7,0,7.95
MBX00491,2026-06-25,23,89,5,0,5.62
MBX00491,2026-06-26,29,87,7,0,8.05
MBX00491,2026-06-27,5,10,1,0,10.0
MBX00491,2026-06-28,3,11,0,0,0.0
MBX00491,2026-06-29,26,72,3,1,4.17
MBX00491,2026-06-30,25,94,6,0,6.38
MBX00491,2026-07-01,19,99,7,1,7.07
MBX00491,2026-07-02,21,87,4,0,4.6
MBX00491,2026-07-03,21,71,4,0,5.63
MBX00491,2026-07-04,4,8,1,0,12.5
MBX00491,2026-07-05,4,13,1,0,7.69
MBX00491,2026-07-06,22,95,3,2,3.16
MBX00491,2026-07-07,21,80,5,3,6.25
MBX00491,2026-07-08,28,81,8,2,9.88
MBX00491,2026-07-09,26,89,4,1,4.49
MBX00491,2026-07-10,25,88,6,2,6.82
MBX00491,2026-07-11,3,6,1,0,16.67
MBX00491,2026-07-12,5,13,0,0,0.0
MBX00491,2026-07-13,24,88,7,2,7.95
MBX00491,2026-07-14,23,83,2,2,2.41
MBX00491,2026-07-15,24,85,9,1,10.59
MBX00491,2026-07-16,21,104,3,2,2.88
MBX00491,2026-07-17,30,75,6,0,8.0
MBX00491,2026-07-18,5,15,1,0,6.67
MBX00491,2026-07-19,5,17,0,0,0.0
MBX00491,2026-07-20,26,77,9,1,11.69
MBX00491,2026-07-21,22,99,8,1,8.08
MBX00491,2026-07-22,26,98,9,1,9.18
MBX00491,2026-07-23,24,68,1,0,1.47
MBX00491,2026-07-24,24,80,2,1,2.5
MBX00674,2026-04-26,5,18,0,1,0.0
MBX00674,2026-04-27,30,87,3,1,3.45
MBX00674,2026-04-28,34,111,8,2,7.21
MBX00674,2026-04-29,38,113,6,1,5.31
MBX00674,2026-04-30,25,121,5,3,4.13
MBX00674,2026-05-01,26,112,7,2,6.25
MBX00674,2026-05-02,6,17,5,0,29.41
MBX00674,2026-05-03,7,15,1,0,6.67
MBX00674,2026-05-04,25,92,9,2,9.78
MBX00674,2026-05-05,36,117,11,0,9.4
MBX00674,2026-05-06,28,107,10,0,9.35
MBX00674,2026-05-07,32,96,7,1,7.29
MBX00674,2026-05-08,32,107,7,4,6.54
MBX00674,2026-05-09,5,19,0,1,0.0
MBX00674,2026-05-10,6,23,2,0,8.7
MBX00674,2026-05-11,40,126,9,1,7.14
MBX00674,2026-05-12,31,106,3,2,2.83
MBX00674,2026-05-13,36,117,4,1,3.42
MBX00674,2026-05-14,18,105,4,3,3.81
MBX00674,2026-05-15,26,108,6,2,5.56
MBX00674,2026-05-16,1,14,0,0,0.0
MBX00674,2026-05-17,3,11,0,0,0.0
MBX00674,2026-05-18,29,99,7,1,7.07
MBX00674,2026-05-19,34,108,9,3,8.33
MBX00674,2026-05-20,30,128,9,2,7.03
MBX00674,2026-05-21,45,103,8,2,7.77
MBX00674,2026-05-22,36,101,3,0,2.97
MBX00674,2026-05-23,0,21,2,0,9.52
MBX00674,2026-05-24,7,23,1,0,4.35
MBX00674,2026-05-25,32,115,7,1,6.09
MBX00674,2026-05-26,45,106,2,1,1.89
MBX00674,2026-05-27,27,124,10,2,8.06
MBX00674,2026-05-28,22,111,7,1,6.31
MBX00674,2026-05-29,25,114,6,0,5.26
MBX00674,2026-05-30,4,10,0,0,0.0
MBX00674,2026-05-31,4,19,2,1,10.53
MBX00674,2026-06-01,38,104,12,0,11.54
MBX00674,2026-06-02,34,99,11,0,11.11
MBX00674,2026-06-03,33,117,6,1,5.13
MBX00674,2026-06-04,30,103,6,1,5.83
MBX00674,2026-06-05,45,111,8,2,7.21
MBX00674,2026-06-06,5,18,4,1,22.22
MBX00674,2026-06-07,7,11,2,0,18.18
MBX00674,2026-06-08,34,126,8,3,6.35
MBX00674,2026-06-09,27,109,8,2,7.34
MBX00674,2026-06-10,27,111,3,0,2.7
MBX00674,2026-06-11,34,97,5,1,5.15
MBX00674,2026-06-12,31,95,4,1,4.21
MBX00674,2026-06-13,8,13,1,0,7.69
MBX00674,2026-06-14,2,20,0,0,0.0
MBX00674,2026-06-15,32,124,9,3,7.26
MBX00674,2026-06-16,29,104,9,1,8.65
MBX00674,2026-06-17,24,100,5,4,5.0
MBX00674,2026-06-18,30,116,5,0,4.31
MBX00674,2026-06-19,32,97,8,2,8.25
MBX00674,2026-06-20,0,14,2,0,14.29
MBX00674,2026-06-21,4,13,1,0,7.69
MBX00674,2026-06-22,29,94,5,1,5.32
MBX00674,2026-06-23,28,108,4,0,3.7
MBX00674,2026-06-24,39,106,5,0,4.72
MBX00674,2026-06-25,29,109,5,1,4.59
MBX00674,2026-06-26,30,108,9,0,8.33
MBX00674,2026-06-27,5,11,1,0,9.09
MBX00674,2026-06-28,6,12,0,0,0.0
MBX00674,2026-06-29,26,106,10,1,9.43
MBX00674,2026-06-30,24,86,1,1,1.16
MBX00674,2026-07-01,31,118,7,1,5.93
MBX00674,2026-07-02,26,116,8,1,6.9
MBX00674,2026-07-03,24,100,9,1,9.0
MBX00674,2026-07-04,4,9,0,0,0.0
MBX00674,2026-07-05,7,16,1,0,6.25
MBX00674,2026-07-06,37,108,1,3,0.93
MBX00674,2026-07-07,35,90,7,1,7.78
MBX00674,2026-07-08,23,104,12,1,11.54
MBX00674,2026-07-09,36,100,2,2,2.0
MBX00674,2026-07-10,27,109,2,0,1.83
MBX00674,2026-07-11,5,22,0,0,0.0
MBX00674,2026-07-12,5,18,0,1,0.0
MBX00674,2026-07-13,31,114,6,1,5.26
MBX00674,2026-07-14,36,91,7,2,7.69
MBX00674,2026-07-15,35,97,8,3,8.25
MBX00674,2026-07-16,37,128,7,0,5.47
MBX00674,2026-07-17,30,112,8,4,7.14
MBX00674,2026-07-18,5,13,0,0,0.0
MBX00674,2026-07-19,3,13,1,1,7.69
MBX00674,2026-07-20,31,91,7,1,7.69
MBX00674,2026-07-21,30,99,3,2,3.03
MBX00674,2026-07-22,34,129,6,2,4.65
MBX00674,2026-07-23,31,110,5,0,4.55
MBX00674,2026-07-24,35,98,7,3,7.14
MBX00539,2026-04-26,0,0,0,0,0.0
MBX00539,2026-04-27,0,0,0,0,0.0
MBX00539,2026-04-28,0,0,0,0,0.0
MBX00539,2026-04-29,0,0,0,0,0.0
MBX00539,2026-04-30,0,0,0,0,0.0
MBX00539,2026-05-01,0,0,0,0,0.0
MBX00539,2026-05-02,0,0,0,0,0.0
MBX00539,2026-05-03,0,0,0,0,0.0
MBX00539,2026-05-04,0,0,0,0,0.0
MBX00539,2026-05-05,0,0,0,0,0.0
MBX00539,2026-05-06,0,0,0,0,0.0
MBX00539,2026-05-07,0,0,0,0,0.0
MBX00539,2026-05-08,0,0,0,0,0.0
MBX00539,2026-05-09,0,0,0,0,0.0
MBX00539,2026-05-10,0,0,0,0,0.0
MBX00539,2026-05-11,0,0,0,0,0.0
MBX00539,2026-05-12,0,0,0,0,0.0
MBX00539,2026-05-13,0,0,0,0,0.0
MBX00539,2026-05-14,0,0,0,0,0.0
MBX00539,2026-05-15,0,0,0,0,0.0
MBX00539,2026-05-16,0,0,0,0,0.0
MBX00539,2026-05-17,0,0,0,0,0.0
MBX00539,2026-05-18,0,0,0,0,0.0
MBX00539,2026-05-19,0,0,0,0,0.0
MBX00539,2026-05-20,0,0,0,0,0.0
MBX00539,2026-05-21,0,0,0,0,0.0
MBX00539,2026-05-22,0,0,0,0,0.0
MBX00539,2026-05-23,0,0,0,0,0.0
MBX00539,2026-05-24,0,0,0,0,0.0
MBX00539,2026-05-25,0,0,0,0,0.0
MBX00539,2026-05-26,0,0,0,0,0.0
MBX00539,2026-05-27,0,0,0,0,0.0
MBX00539,2026-05-28,0,0,0,0,0.0
MBX00539,2026-05-29,0,0,0,0,0.0
MBX00539,2026-05-30,0,0,0,0,0.0
MBX00539,2026-05-31,0,0,0,0,0.0
MBX00539,2026-06-01,0,0,0,0,0.0
MBX00539,2026-06-02,0,0,0,0,0.0
MBX00539,2026-06-03,0,0,0,0,0.0
MBX00539,2026-06-04,0,0,0,0,0.0
MBX00539,2026-06-05,0,0,0,0,0.0
MBX00539,2026-06-06,0,0,0,0,0.0
MBX00539,2026-06-07,0,0,0,0,0.0
MBX00539,2026-06-08,0,0,0,0,0.0
MBX00539,2026-06-09,0,0,0,0,0.0
MBX00539,2026-06-10,0,0,0,0,0.0
MBX00539,2026-06-11,0,0,0,0,0.0
MBX00539,2026-06-12,0,0,0,0,0.0
MBX00539,2026-06-13,0,0,0,0,0.0
MBX00539,2026-06-14,0,0,0,0,0.0
MBX00539,2026-06-15,0,1,0,0,0.0
MBX00539,2026-06-16,0,0,0,0,0.0
MBX00539,2026-06-17,0,1,0,0,0.0
MBX00539,2026-06-18,0,0,0,0,0.0
MBX00539,2026-06-19,0,0,0,0,0.0
MBX00539,2026-06-20,0,0,0,0,0.0
MBX00539,2026-06-21,0,0,0,0,0.0
MBX00539,2026-06-22,0,0,0,0,0.0
MBX00539,2026-06-23,0,0,0,0,0.0
MBX00539,2026-06-24,0,0,0,0,0.0
MBX00539,2026-06-25,0,0,0,0,0.0
MBX00539,2026-06-26,0,0,0,0,0.0
MBX00539,2026-06-27,0,0,0,0,0.0
MBX00539,2026-06-28,0,0,0,0,0.0
MBX00539,2026-06-29,0,0,0,0,0.0
MBX00539,2026-06-30,0,0,0,0,0.0
MBX00539,2026-07-01,1,0,0,0,0.0
MBX00539,2026-07-02,0,0,0,0,0.0
MBX00539,2026-07-03,0,0,0,0,0.0
MBX00539,2026-07-04,0,0,0,0,0.0
MBX00539,2026-07-05,0,0,0,0,0.0
MBX00539,2026-07-06,0,0,0,0,0.0
MBX00539,2026-07-07,0,0,0,0,0.0
MBX00539,2026-07-08,0,0,0,0,0.0
MBX00539,2026-07-09,1,0,0,0,0.0
MBX00539,2026-07-10,1,0,0,0,0.0
MBX00539,2026-07-11,0,0,0,0,0.0
MBX00539,2026-07-12,0,0,0,0,0.0
MBX00539,2026-07-13,0,1,0,0,0.0
MBX00539,2026-07-14,1,0,0,0,0.0
MBX00539,2026-07-15,0,0,0,0,0.0
MBX00539,2026-07-16,0,0,0,0,0.0
MBX00539,2026-07-17,0,0,0,0,0.0
MBX00539,2026-07-18,0,0,0,0,0.0
MBX00539,2026-07-19,0,0,0,0,0.0
MBX00539,2026-07-20,0,0,0,0,0.0
MBX00539,2026-07-21,0,0,0,0,0.0
MBX00539,2026-07-22,0,0,0,0,0.0
MBX00539,2026-07-23,0,0,0,0,0.0
MBX00539,2026-07-24,0,0,0,0,0.0
MBX00219,2026-04-26,2,13,0,0,0.0
MBX00219,2026-04-27,17,110,5,0,4.55
MBX00219,2026-04-28,22,105,4,4,3.81
MBX00219,2026-04-29,21,122,8,1,6.56
MBX00219,2026-04-30,11,98,5,0,5.1
MBX00219,2026-05-01,23,114,7,1,6.14
MBX00219,2026-05-02,3,11,0,0,0.0
MBX00219,2026-05-03,4,20,0,1,0.0
MBX00219,2026-05-04,17,110,4,1,3.64
MBX00219,2026-05-05,16,117,4,0,3.42
MBX00219,2026-05-06,20,93,4,1,4.3
MBX00219,2026-05-07,18,114,3,1,2.63
MBX00219,2026-05-08,11,109,5,2,4.59
MBX00219,2026-05-09,2,24,2,0,8.33
MBX00219,2026-05-10,3,19,2,0,10.53
MBX00219,2026-05-11,16,114,9,1,7.89
MBX00219,2026-05-12,20,135,12,1,8.89
MBX00219,2026-05-13,22,126,9,1,7.14
MBX00219,2026-05-14,20,118,6,0,5.08
MBX00219,2026-05-15,12,131,10,1,7.63
MBX00219,2026-05-16,2,21,1,0,4.76
MBX00219,2026-05-17,4,11,3,0,27.27
MBX00219,2026-05-18,20,112,6,2,5.36
MBX00219,2026-05-19,24,97,6,0,6.19
MBX00219,2026-05-20,24,123,7,0,5.69
MBX00219,2026-05-21,13,120,5,0,4.17
MBX00219,2026-05-22,20,110,10,1,9.09
MBX00219,2026-05-23,5,20,0,0,0.0
MBX00219,2026-05-24,6,17,1,0,5.88
MBX00219,2026-05-25,22,116,5,1,4.31
MBX00219,2026-05-26,20,97,9,1,9.28
MBX00219,2026-05-27,20,121,4,1,3.31
MBX00219,2026-05-28,18,124,9,1,7.26
MBX00219,2026-05-29,26,137,10,2,7.3
MBX00219,2026-05-30,3,16,1,0,6.25
MBX00219,2026-05-31,0,18,0,0,0.0
MBX00219,2026-06-01,17,98,7,1,7.14
MBX00219,2026-06-02,31,117,7,2,5.98
MBX00219,2026-06-03,14,114,10,1,8.77
MBX00219,2026-06-04,18,121,9,2,7.44
MBX00219,2026-06-05,19,131,8,2,6.11
MBX00219,2026-06-06,1,20,1,1,5.0
MBX00219,2026-06-07,4,14,2,0,14.29
MBX00219,2026-06-08,14,106,10,2,9.43
MBX00219,2026-06-09,16,103,9,0,8.74
MBX00219,2026-06-10,24,123,3,3,2.44
MBX00219,2026-06-11,27,112,3,0,2.68
MBX00219,2026-06-12,20,107,13,1,12.15
MBX00219,2026-06-13,0,17,0,0,0.0
MBX00219,2026-06-14,3,12,0,0,0.0
MBX00219,2026-06-15,28,110,6,1,5.45
MBX00219,2026-06-16,22,124,9,0,7.26
MBX00219,2026-06-17,18,92,8,1,8.7
MBX00219,2026-06-18,25,110,5,1,4.55
MBX00219,2026-06-19,23,105,7,1,6.67
MBX00219,2026-06-20,5,18,2,0,11.11
MBX00219,2026-06-21,3,23,0,0,0.0
MBX00219,2026-06-22,16,98,5,2,5.1
MBX00219,2026-06-23,24,111,4,2,3.6
MBX00219,2026-06-24,32,113,10,1,8.85
MBX00219,2026-06-25,15,127,7,3,5.51
MBX00219,2026-06-26,19,130,10,3,7.69
MBX00219,2026-06-27,5,15,2,0,13.33
MBX00219,2026-06-28,3,14,1,0,7.14
MBX00219,2026-06-29,23,122,5,2,4.1
MBX00219,2026-06-30,15,107,6,1,5.61
MBX00219,2026-07-01,16,120,12,0,10.0
MBX00219,2026-07-02,6,118,11,0,9.32
MBX00219,2026-07-03,22,101,3,0,2.97
MBX00219,2026-07-04,1,19,4,0,21.05
MBX00219,2026-07-05,5,14,0,0,0.0
MBX00219,2026-07-06,19,115,8,2,6.96
MBX00219,2026-07-07,26,111,5,0,4.5
MBX00219,2026-07-08,22,114,6,2,5.26
MBX00219,2026-07-09,25,109,11,3,10.09
MBX00219,2026-07-10,18,107,3,0,2.8
MBX00219,2026-07-11,4,19,1,1,5.26
MBX00219,2026-07-12,5,21,0,0,0.0
MBX00219,2026-07-13,26,121,5,0,4.13
MBX00219,2026-07-14,11,106,7,0,6.6
MBX00219,2026-07-15,18,115,6,3,5.22
MBX00219,2026-07-16,17,116,4,1,3.45
MBX00219,2026-07-17,25,119,6,2,5.04
MBX00219,2026-07-18,2,18,3,0,16.67
MBX00219,2026-07-19,2,9,0,0,0.0
MBX00219,2026-07-20,15,108,11,0,10.19
MBX00219,2026-07-21,22,111,5,0,4.5
MBX00219,2026-07-22,13,124,9,1,7.26
MBX00219,2026-07-23,32,116,11,0,9.48
MBX00219,2026-07-24,15,100,5,1,5.0
MBX00466,2026-04-26,6,2,0,0,0.0
MBX00466,2026-04-27,33,17,3,0,17.65
MBX00466,2026-04-28,31,24,2,0,8.33
MBX00466,2026-04-29,28,15,0,0,0.0
MBX00466,2026-04-30,35,20,2,1,10.0
MBX00466,2026-05-01,31,17,2,0,11.76
MBX00466,2026-05-02,7,2,0,0,0.0
MBX00466,2026-05-03,3,4,1,0,25.0
MBX00466,2026-05-04,40,15,0,0,0.0
MBX00466,2026-05-05,26,19,1,1,5.26
MBX00466,2026-05-06,33,13,0,0,0.0
MBX00466,2026-05-07,35,15,2,0,13.33
MBX00466,2026-05-08,29,25,1,0,4.0
MBX00466,2026-05-09,3,1,0,0,0.0
MBX00466,2026-05-10,3,2,0,0,0.0
MBX00466,2026-05-11,40,16,0,1,0.0
MBX00466,2026-05-12,35,15,1,1,6.67
MBX00466,2026-05-13,45,12,0,1,0.0
MBX00466,2026-05-14,31,14,1,1,7.14
MBX00466,2026-05-15,35,19,0,1,0.0
MBX00466,2026-05-16,4,2,0,0,0.0
MBX00466,2026-05-17,8,1,0,0,0.0
MBX00466,2026-05-18,40,12,1,1,8.33
MBX00466,2026-05-19,35,14,0,0,0.0
MBX00466,2026-05-20,45,14,3,0,21.43
MBX00466,2026-05-21,24,23,0,1,0.0
MBX00466,2026-05-22,26,18,2,2,11.11
MBX00466,2026-05-23,3,5,1,0,20.0
MBX00466,2026-05-24,2,2,0,0,0.0
MBX00466,2026-05-25,29,19,5,1,26.32
MBX00466,2026-05-26,33,16,0,0,0.0
MBX00466,2026-05-27,45,19,2,0,10.53
MBX00466,2026-05-28,32,12,0,0,0.0
MBX00466,2026-05-29,32,22,1,1,4.55
MBX00466,2026-05-30,7,2,0,0,0.0
MBX00466,2026-05-31,6,1,0,0,0.0
MBX00466,2026-06-01,39,15,0,0,0.0
MBX00466,2026-06-02,51,17,0,1,0.0
MBX00466,2026-06-03,40,13,0,1,0.0
MBX00466,2026-06-04,34,16,0,2,0.0
MBX00466,2026-06-05,46,14,1,2,7.14
MBX00466,2026-06-06,8,0,0,0,0.0
MBX00466,2026-06-07,5,4,0,0,0.0
MBX00466,2026-06-08,25,12,2,0,16.67
MBX00466,2026-06-09,42,11,0,0,0.0
MBX00466,2026-06-10,43,17,1,0,5.88
MBX00466,2026-06-11,28,14,0,0,0.0
MBX00466,2026-06-12,36,15,2,0,13.33
MBX00466,2026-06-13,5,5,0,0,0.0
MBX00466,2026-06-14,5,3,1,0,33.33
MBX00466,2026-06-15,33,9,0,0,0.0
MBX00466,2026-06-16,25,17,2,0,11.76
MBX00466,2026-06-17,30,18,0,0,0.0
MBX00466,2026-06-18,32,21,0,0,0.0
MBX00466,2026-06-19,29,22,1,0,4.55
MBX00466,2026-06-20,2,5,1,0,20.0
MBX00466,2026-06-21,10,2,0,0,0.0
MBX00466,2026-06-22,39,19,1,0,5.26
MBX00466,2026-06-23,28,17,1,0,5.88
MBX00466,2026-06-24,28,20,1,1,5.0
MBX00466,2026-06-25,26,12,1,0,8.33
MBX00466,2026-06-26,32,11,0,0,0.0
MBX00466,2026-06-27,4,2,1,0,50.0
MBX00466,2026-06-28,6,4,0,0,0.0
MBX00466,2026-06-29,31,20,1,0,5.0
MBX00466,2026-06-30,28,18,0,0,0.0
MBX00466,2026-07-01,43,14,0,0,0.0
MBX00466,2026-07-02,40,15,2,1,13.33
MBX00466,2026-07-03,24,16,2,0,12.5
MBX00466,2026-07-04,2,1,0,0,0.0
MBX00466,2026-07-05,3,6,1,0,16.67
MBX00466,2026-07-06,31,15,2,0,13.33
MBX00466,2026-07-07,25,18,1,0,5.56
MBX00466,2026-07-08,28,17,1,0,5.88
MBX00466,2026-07-09,33,15,2,2,13.33
MBX00466,2026-07-10,34,14,0,0,0.0
MBX00466,2026-07-11,5,1,0,0,0.0
MBX00466,2026-07-12,3,4,1,0,25.0
MBX00466,2026-07-13,34,14,3,0,21.43
MBX00466,2026-07-14,37,18,2,0,11.11
MBX00466,2026-07-15,29,16,1,0,6.25
MBX00466,2026-07-16,40,16,0,1,0.0
MBX00466,2026-07-17,43,17,0,1,0.0
MBX00466,2026-07-18,3,0,0,0,0.0
MBX00466,2026-07-19,4,2,0,0,0.0
MBX00466,2026-07-20,37,16,2,0,12.5
MBX00466,2026-07-21,32,11,1,1,9.09
MBX00466,2026-07-22,33,19,0,1,0.0
MBX00466,2026-07-23,28,8,0,1,0.0
MBX00466,2026-07-24,47,16,0,1,0.0
MBX00483,2026-04-26,5,3,0,0,0.0
MBX00483,2026-04-27,20,36,1,1,2.78
MBX00483,2026-04-28,23,47,4,2,8.51
MBX00483,2026-04-29,25,62,2,1,3.23
MBX00483,2026-04-30,27,45,1,1,2.22
MBX00483,2026-05-01,20,49,3,0,6.12
MBX00483,2026-05-02,2,7,0,0,0.0
MBX00483,2026-05-03,4,5,0,0,0.0
MBX00483,2026-05-04,27,58,1,0,1.72
MBX00483,2026-05-05,18,43,2,1,4.65
MBX00483,2026-05-06,31,55,1,0,1.82
MBX00483,2026-05-07,31,53,3,0,5.66
MBX00483,2026-05-08,25,44,5,2,11.36
MBX00483,2026-05-09,6,9,1,0,11.11
MBX00483,2026-05-10,5,4,0,0,0.0
MBX00483,2026-05-11,22,51,3,2,5.88
MBX00483,2026-05-12,30,29,1,0,3.45
MBX00483,2026-05-13,31,46,1,0,2.17
MBX00483,2026-05-14,22,51,6,0,11.76
MBX00483,2026-05-15,24,47,2,1,4.26
MBX00483,2026-05-16,2,7,0,0,0.0
MBX00483,2026-05-17,5,10,1,0,10.0
MBX00483,2026-05-18,21,47,2,1,4.26
MBX00483,2026-05-19,24,49,4,3,8.16
MBX00483,2026-05-20,27,54,0,1,0.0
MBX00483,2026-05-21,18,52,2,0,3.85
MBX00483,2026-05-22,39,58,6,0,10.34
MBX00483,2026-05-23,3,4,0,0,0.0
MBX00483,2026-05-24,4,5,0,0,0.0
MBX00483,2026-05-25,20,50,3,1,6.0
MBX00483,2026-05-26,22,58,5,0,8.62
MBX00483,2026-05-27,31,52,2,0,3.85
MBX00483,2026-05-28,33,57,2,1,3.51
MBX00483,2026-05-29,17,39,1,0,2.56
MBX00483,2026-05-30,5,2,0,1,0.0
MBX00483,2026-05-31,4,7,0,0,0.0
MBX00483,2026-06-01,24,48,2,1,4.17
MBX00483,2026-06-02,21,43,6,0,13.95
MBX00483,2026-06-03,26,43,0,1,0.0
MBX00483,2026-06-04,18,50,3,0,6.0
MBX00483,2026-06-05,27,45,3,3,6.67
MBX00483,2026-06-06,6,4,0,0,0.0
MBX00483,2026-06-07,8,6,0,0,0.0
MBX00483,2026-06-08,23,49,4,0,8.16
MBX00483,2026-06-09,29,42,2,2,4.76
MBX00483,2026-06-10,29,63,4,0,6.35
MBX00483,2026-06-11,22,55,7,0,12.73
MBX00483,2026-06-12,31,55,4,2,7.27
MBX00483,2026-06-13,9,12,1,0,8.33
MBX00483,2026-06-14,2,5,0,0,0.0
MBX00483,2026-06-15,25,50,5,0,10.0
MBX00483,2026-06-16,23,56,4,2,7.14
MBX00483,2026-06-17,27,55,8,1,14.55
MBX00483,2026-06-18,27,47,2,0,4.26
MBX00483,2026-06-19,33,49,1,0,2.04
MBX00483,2026-06-20,3,13,1,0,7.69
MBX00483,2026-06-21,3,8,0,0,0.0
MBX00483,2026-06-22,23,59,5,0,8.47
MBX00483,2026-06-23,23,39,3,2,7.69
MBX00483,2026-06-24,24,48,2,0,4.17
MBX00483,2026-06-25,24,56,4,2,7.14
MBX00483,2026-06-26,34,53,5,0,9.43
MBX00483,2026-06-27,5,7,0,1,0.0
MBX00483,2026-06-28,1,6,1,0,16.67
MBX00483,2026-06-29,33,58,6,1,10.34
MBX00483,2026-06-30,26,44,2,1,4.55
MBX00483,2026-07-01,33,49,3,2,6.12
MBX00483,2026-07-02,23,51,4,1,7.84
MBX00483,2026-07-03,29,52,6,1,11.54
MBX00483,2026-07-04,3,8,0,0,0.0
MBX00483,2026-07-05,7,6,0,0,0.0
MBX00483,2026-07-06,28,56,3,2,5.36
MBX00483,2026-07-07,19,50,1,1,2.0
MBX00483,2026-07-08,28,51,2,0,3.92
MBX00483,2026-07-09,33,44,2,1,4.55
MBX00483,2026-07-10,29,51,3,2,5.88
MBX00483,2026-07-11,1,6,0,0,0.0
MBX00483,2026-07-12,3,4,1,0,25.0
MBX00483,2026-07-13,28,56,3,2,5.36
MBX00483,2026-07-14,23,46,3,0,6.52
MBX00483,2026-07-15,29,48,5,1,10.42
MBX00483,2026-07-16,20,42,4,0,9.52
MBX00483,2026-07-17,24,63,7,1,11.11
MBX00483,2026-07-18,4,13,0,0,0.0
MBX00483,2026-07-19,3,8,2,0,25.0
MBX00483,2026-07-20,27,44,0,0,0.0
MBX00483,2026-07-21,28,51,2,2,3.92
MBX00483,2026-07-22,24,62,4,0,6.45
MBX00483,2026-07-23,27,51,3,1,5.88
MBX00483,2026-07-24,21,47,4,0,8.51
MBX00437,2026-04-26,1,1,0,0,0.0
MBX00437,2026-04-27,1,1,0,0,0.0
MBX00437,2026-04-28,3,1,0,0,0.0
MBX00437,2026-04-29,2,3,2,0,66.67
MBX00437,2026-04-30,1,4,0,0,0.0
MBX00437,2026-05-01,5,3,0,1,0.0
MBX00437,2026-05-02,1,1,0,0,0.0
MBX00437,2026-05-03,0,2,0,0,0.0
MBX00437,2026-05-04,2,6,2,1,33.33
MBX00437,2026-05-05,2,4,0,0,0.0
MBX00437,2026-05-06,2,3,0,0,0.0
MBX00437,2026-05-07,4,5,1,1,20.0
MBX00437,2026-05-08,1,2,2,0,100.0
MBX00437,2026-05-09,0,0,0,0,0.0
MBX00437,2026-05-10,0,0,0,0,0.0
MBX00437,2026-05-11,2,4,0,0,0.0
MBX00437,2026-05-12,5,5,1,0,20.0
MBX00437,2026-05-13,0,6,0,0,0.0
MBX00437,2026-05-14,0,3,1,0,33.33
MBX00437,2026-05-15,4,6,0,0,0.0
MBX00437,2026-05-16,0,1,0,0,0.0
MBX00437,2026-05-17,1,1,0,0,0.0
MBX00437,2026-05-18,4,4,0,0,0.0
MBX00437,2026-05-19,1,5,0,0,0.0
MBX00437,2026-05-20,2,3,0,0,0.0
MBX00437,2026-05-21,3,1,0,0,0.0
MBX00437,2026-05-22,1,2,0,0,0.0
MBX00437,2026-05-23,1,0,0,0,0.0
MBX00437,2026-05-24,1,0,0,0,0.0
MBX00437,2026-05-25,2,3,0,0,0.0
MBX00437,2026-05-26,3,4,0,0,0.0
MBX00437,2026-05-27,4,3,0,0,0.0
MBX00437,2026-05-28,4,5,1,0,20.0
MBX00437,2026-05-29,2,5,0,1,0.0
MBX00437,2026-05-30,1,0,0,0,0.0
MBX00437,2026-05-31,0,1,0,0,0.0
MBX00437,2026-06-01,4,6,0,1,0.0
MBX00437,2026-06-02,3,0,0,0,0.0
MBX00437,2026-06-03,5,4,0,0,0.0
MBX00437,2026-06-04,5,5,1,1,20.0
MBX00437,2026-06-05,5,3,0,0,0.0
MBX00437,2026-06-06,1,0,0,0,0.0
MBX00437,2026-06-07,1,1,0,0,0.0
MBX00437,2026-06-08,0,7,1,0,14.29
MBX00437,2026-06-09,3,3,0,0,0.0
MBX00437,2026-06-10,4,5,0,0,0.0
MBX00437,2026-06-11,3,1,0,0,0.0
MBX00437,2026-06-12,4,4,0,0,0.0
MBX00437,2026-06-13,1,0,0,0,0.0
MBX00437,2026-06-14,0,1,0,0,0.0
MBX00437,2026-06-15,2,3,0,0,0.0
MBX00437,2026-06-16,7,3,0,0,0.0
MBX00437,2026-06-17,7,4,0,0,0.0
MBX00437,2026-06-18,4,5,0,0,0.0
MBX00437,2026-06-19,2,1,0,0,0.0
MBX00437,2026-06-20,0,1,0,0,0.0
MBX00437,2026-06-21,0,1,0,0,0.0
MBX00437,2026-06-22,1,3,0,0,0.0
MBX00437,2026-06-23,4,1,0,0,0.0
MBX00437,2026-06-24,1,2,0,0,0.0
MBX00437,2026-06-25,7,4,1,0,25.0
MBX00437,2026-06-26,6,3,0,0,0.0
MBX00437,2026-06-27,0,0,0,0,0.0
MBX00437,2026-06-28,0,0,0,0,0.0
MBX00437,2026-06-29,4,4,1,0,25.0
MBX00437,2026-06-30,1,2,0,0,0.0
MBX00437,2026-07-01,5,2,0,0,0.0
MBX00437,2026-07-02,3,4,0,0,0.0
MBX00437,2026-07-03,3,7,0,1,0.0
MBX00437,2026-07-04,0,0,0,0,0.0
MBX00437,2026-07-05,0,1,0,0,0.0
MBX00437,2026-07-06,2,4,0,0,0.0
MBX00437,2026-07-07,3,3,1,0,33.33
MBX00437,2026-07-08,1,1,0,0,0.0
MBX00437,2026-07-09,3,4,0,0,0.0
MBX00437,2026-07-10,3,6,1,0,16.67
MBX00437,2026-07-11,0,1,0,0,0.0
MBX00437,2026-07-12,0,1,0,0,0.0
MBX00437,2026-07-13,1,1,0,0,0.0
MBX00437,2026-07-14,2,6,0,0,0.0
MBX00437,2026-07-15,2,4,2,0,50.0
MBX00437,2026-07-16,5,5,0,0,0.0
MBX00437,2026-07-17,3,3,0,0,0.0
MBX00437,2026-07-18,1,0,0,0,0.0
MBX00437,2026-07-19,1,0,0,0,0.0
MBX00437,2026-07-20,5,4,0,0,0.0
MBX00437,2026-07-21,2,3,0,0,0.0
MBX00437,2026-07-22,1,4,0,0,0.0
MBX00437,2026-07-23,1,5,0,0,0.0
MBX00437,2026-07-24,2,3,0,0,0.0
MBX00628,2026-04-26,6,17,4,1,23.53
MBX00628,2026-04-27,24,51,0,1,0.0
MBX00628,2026-04-28,30,66,5,0,7.58
MBX00628,2026-04-29,36,94,8,4,8.51
MBX00628,2026-04-30,34,67,6,1,8.96
MBX00628,2026-05-01,30,65,4,2,6.15
MBX00628,2026-05-02,3,8,1,0,12.5
MBX00628,2026-05-03,1,7,1,0,14.29
MBX00628,2026-05-04,29,66,6,1,9.09
MBX00628,2026-05-05,36,67,2,1,2.99
MBX00628,2026-05-06,38,62,1,2,1.61
MBX00628,2026-05-07,35,78,2,0,2.56
MBX00628,2026-05-08,25,73,4,0,5.48
MBX00628,2026-05-09,2,4,0,0,0.0
MBX00628,2026-05-10,5,10,0,0,0.0
MBX00628,2026-05-11,30,76,5,2,6.58
MBX00628,2026-05-12,43,74,3,1,4.05
MBX00628,2026-05-13,31,56,0,0,0.0
MBX00628,2026-05-14,21,75,5,2,6.67
MBX00628,2026-05-15,32,78,4,4,5.13
MBX00628,2026-05-16,2,13,0,0,0.0
MBX00628,2026-05-17,5,16,0,0,0.0
MBX00628,2026-05-18,27,68,5,0,7.35
MBX00628,2026-05-19,36,70,3,2,4.29
MBX00628,2026-05-20,41,72,4,0,5.56
MBX00628,2026-05-21,40,79,2,1,2.53
MBX00628,2026-05-22,35,80,5,2,6.25
MBX00628,2026-05-23,7,11,2,0,18.18
MBX00628,2026-05-24,7,4,1,0,25.0
MBX00628,2026-05-25,26,61,2,1,3.28
MBX00628,2026-05-26,27,69,3,2,4.35
MBX00628,2026-05-27,29,65,2,2,3.08
MBX00628,2026-05-28,27,74,2,2,2.7
MBX00628,2026-05-29,25,53,2,1,3.77
MBX00628,2026-05-30,6,8,0,0,0.0
MBX00628,2026-05-31,5,14,1,0,7.14
MBX00628,2026-06-01,24,66,2,1,3.03
MBX00628,2026-06-02,35,63,5,1,7.94
MBX00628,2026-06-03,25,65,1,1,1.54
MBX00628,2026-06-04,30,62,6,0,9.68
MBX00628,2026-06-05,38,58,1,1,1.72
MBX00628,2026-06-06,3,13,0,0,0.0
MBX00628,2026-06-07,3,12,1,0,8.33
MBX00628,2026-06-08,30,77,4,1,5.19
MBX00628,2026-06-09,27,70,5,0,7.14
MBX00628,2026-06-10,28,74,8,1,10.81
MBX00628,2026-06-11,31,55,3,5,5.45
MBX00628,2026-06-12,29,62,2,1,3.23
MBX00628,2026-06-13,4,12,0,0,0.0
MBX00628,2026-06-14,3,13,0,0,0.0
MBX00628,2026-06-15,27,65,5,0,7.69
MBX00628,2026-06-16,31,62,4,0,6.45
MBX00628,2026-06-17,26,67,2,1,2.99
MBX00628,2026-06-18,38,75,2,1,2.67
MBX00628,2026-06-19,22,54,3,1,5.56
MBX00628,2026-06-20,4,10,2,0,20.0
MBX00628,2026-06-21,7,9,0,0,0.0
MBX00628,2026-06-22,39,61,5,0,8.2
MBX00628,2026-06-23,32,81,4,2,4.94
MBX00628,2026-06-24,28,58,1,2,1.72
MBX00628,2026-06-25,26,79,3,2,3.8
MBX00628,2026-06-26,43,61,3,1,4.92
MBX00628,2026-06-27,3,6,1,0,16.67
MBX00628,2026-06-28,4,10,0,0,0.0
MBX00628,2026-06-29,30,79,6,1,7.59
MBX00628,2026-06-30,36,58,1,1,1.72
MBX00628,2026-07-01,26,62,0,3,0.0
MBX00628,2026-07-02,29,62,3,0,4.84
MBX00628,2026-07-03,39,57,3,1,5.26
MBX00628,2026-07-04,2,9,0,0,0.0
MBX00628,2026-07-05,2,15,1,0,6.67
MBX00628,2026-07-06,31,57,4,0,7.02
MBX00628,2026-07-07,28,65,2,0,3.08
MBX00628,2026-07-08,28,74,2,0,2.7
MBX00628,2026-07-09,40,75,5,0,6.67
MBX00628,2026-07-10,34,65,4,0,6.15
MBX00628,2026-07-11,6,14,2,0,14.29
MBX00628,2026-07-12,5,12,0,1,0.0
MBX00628,2026-07-13,31,63,3,1,4.76
MBX00628,2026-07-14,32,67,4,1,5.97
MBX00628,2026-07-15,35,71,5,2,7.04
MBX00628,2026-07-16,25,84,3,1,3.57
MBX00628,2026-07-17,36,65,5,0,7.69
MBX00628,2026-07-18,5,6,1,0,16.67
MBX00628,2026-07-19,7,11,1,0,9.09
MBX00628,2026-07-20,39,59,4,0,6.78
MBX00628,2026-07-21,43,80,6,0,7.5
MBX00628,2026-07-22,33,54,1,1,1.85
MBX00628,2026-07-23,32,71,7,0,9.86
MBX00628,2026-07-24,22,74,3,3,4.05
MBX00398,2026-04-26,3,2,0,0,0.0
MBX00398,2026-04-27,3,22,0,0,0.0
MBX00398,2026-04-28,9,28,5,0,17.86
MBX00398,2026-04-29,9,23,1,1,4.35
MBX00398,2026-04-30,5,29,2,0,6.9
MBX00398,2026-05-01,7,30,2,1,6.67
MBX00398,2026-05-02,1,10,1,0,10.0
MBX00398,2026-05-03,0,4,0,0,0.0
MBX00398,2026-05-04,4,23,1,1,4.35
MBX00398,2026-05-05,9,26,2,1,7.69
MBX00398,2026-05-06,10,26,4,0,15.38
MBX00398,2026-05-07,5,16,1,0,6.25
MBX00398,2026-05-08,11,20,1,0,5.0
MBX00398,2026-05-09,1,2,1,0,50.0
MBX00398,2026-05-10,2,4,0,0,0.0
MBX00398,2026-05-11,6,28,1,0,3.57
MBX00398,2026-05-12,7,21,3,0,14.29
MBX00398,2026-05-13,9,25,0,0,0.0
MBX00398,2026-05-14,11,19,1,1,5.26
MBX00398,2026-05-15,6,26,2,0,7.69
MBX00398,2026-05-16,1,5,0,0,0.0
MBX00398,2026-05-17,0,1,0,0,0.0
MBX00398,2026-05-18,8,19,4,0,21.05
MBX00398,2026-05-19,9,21,2,0,9.52
MBX00398,2026-05-20,6,26,0,0,0.0
MBX00398,2026-05-21,8,22,0,1,0.0
MBX00398,2026-05-22,8,17,1,1,5.88
MBX00398,2026-05-23,1,4,0,0,0.0
MBX00398,2026-05-24,1,7,1,0,14.29
MBX00398,2026-05-25,2,23,1,0,4.35
MBX00398,2026-05-26,8,24,3,0,12.5
MBX00398,2026-05-27,12,27,1,0,3.7
MBX00398,2026-05-28,10,21,1,0,4.76
MBX00398,2026-05-29,8,20,0,1,0.0
MBX00398,2026-05-30,0,3,0,0,0.0
MBX00398,2026-05-31,1,4,1,0,25.0
MBX00398,2026-06-01,7,15,0,0,0.0
MBX00398,2026-06-02,9,21,0,1,0.0
MBX00398,2026-06-03,8,34,3,0,8.82
MBX00398,2026-06-04,9,25,5,0,20.0
MBX00398,2026-06-05,9,24,2,0,8.33
MBX00398,2026-06-06,0,3,0,0,0.0
MBX00398,2026-06-07,1,2,0,0,0.0
MBX00398,2026-06-08,11,24,2,1,8.33
MBX00398,2026-06-09,15,25,0,0,0.0
MBX00398,2026-06-10,8,20,0,0,0.0
MBX00398,2026-06-11,10,36,1,1,2.78
MBX00398,2026-06-12,8,29,2,0,6.9
MBX00398,2026-06-13,1,2,0,0,0.0
MBX00398,2026-06-14,1,1,0,0,0.0
MBX00398,2026-06-15,8,24,2,0,8.33
MBX00398,2026-06-16,6,26,2,0,7.69
MBX00398,2026-06-17,4,24,3,0,12.5
MBX00398,2026-06-18,6,23,2,0,8.7
MBX00398,2026-06-19,7,29,4,0,13.79
MBX00398,2026-06-20,2,3,0,0,0.0
MBX00398,2026-06-21,1,1,0,0,0.0
MBX00398,2026-06-22,2,25,1,2,4.0
MBX00398,2026-06-23,8,16,0,0,0.0
MBX00398,2026-06-24,10,22,2,0,9.09
MBX00398,2026-06-25,10,22,1,0,4.55
MBX00398,2026-06-26,7,17,0,0,0.0
MBX00398,2026-06-27,2,3,0,0,0.0
MBX00398,2026-06-28,1,5,0,0,0.0
MBX00398,2026-06-29,5,22,1,0,4.55
MBX00398,2026-06-30,8,28,0,0,0.0
MBX00398,2026-07-01,9,20,2,0,10.0
MBX00398,2026-07-02,5,30,4,1,13.33
MBX00398,2026-07-03,11,19,2,0,10.53
MBX00398,2026-07-04,1,2,0,0,0.0
MBX00398,2026-07-05,2,5,0,0,0.0
MBX00398,2026-07-06,6,29,0,1,0.0
MBX00398,2026-07-07,9,33,2,0,6.06
MBX00398,2026-07-08,11,24,0,0,0.0
MBX00398,2026-07-09,7,20,2,0,10.0
MBX00398,2026-07-10,6,22,2,1,9.09
MBX00398,2026-07-11,0,2,0,0,0.0
MBX00398,2026-07-12,2,2,0,1,0.0
MBX00398,2026-07-13,4,27,1,0,3.7
MBX00398,2026-07-14,10,32,1,0,3.12
MBX00398,2026-07-15,7,21,2,0,9.52
MBX00398,2026-07-16,6,28,2,0,7.14
MBX00398,2026-07-17,13,24,1,1,4.17
MBX00398,2026-07-18,3,4,1,0,25.0
MBX00398,2026-07-19,3,6,0,0,0.0
MBX00398,2026-07-20,8,13,0,1,0.0
MBX00398,2026-07-21,8,35,2,0,5.71
MBX00398,2026-07-22,10,23,0,0,0.0
MBX00398,2026-07-23,3,26,2,0,7.69
MBX00398,2026-07-24,9,27,1,0,3.7
MBX00178,2026-04-26,9,9,1,0,11.11
MBX00178,2026-04-27,33,72,2,1,2.78
MBX00178,2026-04-28,29,101,8,2,7.92
MBX00178,2026-04-29,26,109,6,3,5.5
MBX00178,2026-04-30,35,116,8,1,6.9
MBX00178,2026-05-01,33,89,3,0,3.37
MBX00178,2026-05-02,8,16,1,0,6.25
MBX00178,2026-05-03,5,20,1,1,5.0
MBX00178,2026-05-04,36,112,7,2,6.25
MBX00178,2026-05-05,27,80,2,2,2.5
MBX00178,2026-05-06,35,94,4,3,4.26
MBX00178,2026-05-07,23,94,4,0,4.26
MBX00178,2026-05-08,33,88,4,0,4.55
MBX00178,2026-05-09,2,19,1,1,5.26
MBX00178,2026-05-10,2,11,0,0,0.0
MBX00178,2026-05-11,23,76,3,0,3.95
MBX00178,2026-05-12,28,101,5,1,4.95
MBX00178,2026-05-13,49,114,3,0,2.63
MBX00178,2026-05-14,31,114,10,1,8.77
MBX00178,2026-05-15,27,85,4,1,4.71
MBX00178,2026-05-16,2,13,1,0,7.69
MBX00178,2026-05-17,8,14,3,0,21.43
MBX00178,2026-05-18,33,88,6,1,6.82
MBX00178,2026-05-19,38,94,5,1,5.32
MBX00178,2026-05-20,35,100,9,2,9.0
MBX00178,2026-05-21,29,106,5,1,4.72
MBX00178,2026-05-22,35,87,8,0,9.2
MBX00178,2026-05-23,5,23,2,0,8.7
MBX00178,2026-05-24,2,17,0,0,0.0
MBX00178,2026-05-25,26,94,8,2,8.51
MBX00178,2026-05-26,34,100,3,0,3.0
MBX00178,2026-05-27,43,101,2,2,1.98
MBX00178,2026-05-28,35,97,10,2,10.31
MBX00178,2026-05-29,35,95,6,3,6.32
MBX00178,2026-05-30,4,18,1,0,5.56
MBX00178,2026-05-31,5,12,2,0,16.67
MBX00178,2026-06-01,42,95,5,0,5.26
MBX00178,2026-06-02,31,107,10,1,9.35
MBX00178,2026-06-03,31,87,3,1,3.45
MBX00178,2026-06-04,23,83,10,1,12.05
MBX00178,2026-06-05,28,105,7,1,6.67
MBX00178,2026-06-06,3,8,2,0,25.0
MBX00178,2026-06-07,2,15,3,0,20.0
MBX00178,2026-06-08,38,94,7,4,7.45
MBX00178,2026-06-09,42,115,5,1,4.35
MBX00178,2026-06-10,27,91,7,1,7.69
MBX00178,2026-06-11,28,84,3,1,3.57
MBX00178,2026-06-12,27,96,5,1,5.21
MBX00178,2026-06-13,3,19,3,0,15.79
MBX00178,2026-06-14,4,12,0,0,0.0
MBX00178,2026-06-15,26,98,7,0,7.14
MBX00178,2026-06-16,35,107,8,1,7.48
MBX00178,2026-06-17,36,99,9,1,9.09
MBX00178,2026-06-18,27,106,6,0,5.66
MBX00178,2026-06-19,36,88,8,1,9.09
MBX00178,2026-06-20,3,13,1,2,7.69
MBX00178,2026-06-21,3,9,0,0,0.0
MBX00178,2026-06-22,27,110,6,1,5.45
MBX00178,2026-06-23,40,124,5,3,4.03
MBX00178,2026-06-24,48,103,5,0,4.85
MBX00178,2026-06-25,29,79,6,0,7.59
MBX00178,2026-06-26,32,103,6,2,5.83
MBX00178,2026-06-27,8,17,1,0,5.88
MBX00178,2026-06-28,3,16,2,0,12.5
MBX00178,2026-06-29,33,103,9,1,8.74
MBX00178,2026-06-30,28,91,7,1,7.69
MBX00178,2026-07-01,28,92,7,1,7.61
MBX00178,2026-07-02,44,97,3,1,3.09
MBX00178,2026-07-03,36,104,7,2,6.73
MBX00178,2026-07-04,4,18,1,0,5.56
MBX00178,2026-07-05,2,15,0,1,0.0
MBX00178,2026-07-06,33,91,8,1,8.79
MBX00178,2026-07-07,38,97,3,1,3.09
MBX00178,2026-07-08,35,100,5,2,5.0
MBX00178,2026-07-09,30,122,5,0,4.1
MBX00178,2026-07-10,32,111,11,1,9.91
MBX00178,2026-07-11,5,9,0,0,0.0
MBX00178,2026-07-12,4,18,1,0,5.56
MBX00178,2026-07-13,29,98,10,2,10.2
MBX00178,2026-07-14,46,88,4,1,4.55
MBX00178,2026-07-15,36,90,2,1,2.22
MBX00178,2026-07-16,31,86,5,3,5.81
MBX00178,2026-07-17,36,109,6,2,5.5
MBX00178,2026-07-18,4,16,2,1,12.5
MBX00178,2026-07-19,3,16,3,1,18.75
MBX00178,2026-07-20,30,85,8,1,9.41
MBX00178,2026-07-21,28,84,7,1,8.33
MBX00178,2026-07-22,41,74,5,2,6.76
MBX00178,2026-07-23,27,103,6,0,5.83
MBX00178,2026-07-24,31,101,8,0,7.92
MBX00512,2026-04-26,3,13,1,0,7.69
MBX00512,2026-04-27,17,111,7,2,6.31
MBX00512,2026-04-28,22,95,7,2,7.37
MBX00512,2026-04-29,27,111,6,2,5.41
MBX00512,2026-04-30,17,109,4,1,3.67
MBX00512,2026-05-01,24,120,5,1,4.17
MBX00512,2026-05-02,2,15,1,0,6.67
MBX00512,2026-05-03,1,12,1,1,8.33
MBX00512,2026-05-04,26,119,5,1,4.2
MBX00512,2026-05-05,23,115,9,1,7.83
MBX00512,2026-05-06,22,103,4,2,3.88
MBX00512,2026-05-07,29,104,6,0,5.77
MBX00512,2026-05-08,22,119,10,2,8.4
MBX00512,2026-05-09,2,16,0,1,0.0
MBX00512,2026-05-10,1,18,0,0,0.0
MBX00512,2026-05-11,19,105,8,2,7.62
MBX00512,2026-05-12,25,109,7,2,6.42
MBX00512,2026-05-13,22,102,5,3,4.9
MBX00512,2026-05-14,22,119,5,0,4.2
MBX00512,2026-05-15,22,106,10,0,9.43
MBX00512,2026-05-16,3,13,0,1,0.0
MBX00512,2026-05-17,1,21,2,0,9.52
MBX00512,2026-05-18,20,87,5,4,5.75
MBX00512,2026-05-19,22,111,6,3,5.41
MBX00512,2026-05-20,17,114,5,0,4.39
MBX00512,2026-05-21,24,114,9,2,7.89
MBX00512,2026-05-22,24,110,8,0,7.27
MBX00512,2026-05-23,3,20,1,0,5.0
MBX00512,2026-05-24,4,16,0,1,0.0
MBX00512,2026-05-25,24,108,6,1,5.56
MBX00512,2026-05-26,20,119,6,0,5.04
MBX00512,2026-05-27,22,113,6,0,5.31
MBX00512,2026-05-28,26,103,5,2,4.85
MBX00512,2026-05-29,24,100,8,1,8.0
MBX00512,2026-05-30,1,16,1,0,6.25
MBX00512,2026-05-31,2,8,0,0,0.0
MBX00512,2026-06-01,22,121,9,0,7.44
MBX00512,2026-06-02,28,107,2,2,1.87
MBX00512,2026-06-03,31,113,5,0,4.42
MBX00512,2026-06-04,20,126,6,0,4.76
MBX00512,2026-06-05,26,99,10,2,10.1
MBX00512,2026-06-06,1,21,1,1,4.76
MBX00512,2026-06-07,5,18,3,0,16.67
MBX00512,2026-06-08,14,105,4,0,3.81
MBX00512,2026-06-09,22,92,8,2,8.7
MBX00512,2026-06-10,21,109,3,1,2.75
MBX00512,2026-06-11,17,123,13,1,10.57
MBX00512,2026-06-12,19,116,11,2,9.48
MBX00512,2026-06-13,2,16,1,0,6.25
MBX00512,2026-06-14,6,15,1,0,6.67
MBX00512,2026-06-15,24,117,6,1,5.13
MBX00512,2026-06-16,22,107,5,0,4.67
MBX00512,2026-06-17,23,106,1,0,0.94
MBX00512,2026-06-18,22,117,8,0,6.84
MBX00512,2026-06-19,27,114,6,3,5.26
MBX00512,2026-06-20,3,13,0,0,0.0
MBX00512,2026-06-21,4,10,0,0,0.0
MBX00512,2026-06-22,19,116,6,0,5.17
MBX00512,2026-06-23,22,115,5,1,4.35
MBX00512,2026-06-24,19,127,4,1,3.15
MBX00512,2026-06-25,24,132,8,2,6.06
MBX00512,2026-06-26,23,116,10,0,8.62
MBX00512,2026-06-27,4,24,1,0,4.17
MBX00512,2026-06-28,5,23,0,0,0.0
MBX00512,2026-06-29,21,109,10,1,9.17
MBX00512,2026-06-30,24,116,7,1,6.03
MBX00512,2026-07-01,23,107,6,2,5.61
MBX00512,2026-07-02,24,98,10,1,10.2
MBX00512,2026-07-03,27,136,4,0,2.94
MBX00512,2026-07-04,5,13,0,0,0.0
MBX00512,2026-07-05,4,10,0,0,0.0
MBX00512,2026-07-06,21,103,7,1,6.8
MBX00512,2026-07-07,23,120,8,1,6.67
MBX00512,2026-07-08,20,92,6,1,6.52
MBX00512,2026-07-09,28,88,7,0,7.95
MBX00512,2026-07-10,29,111,12,1,10.81
MBX00512,2026-07-11,5,13,0,0,0.0
MBX00512,2026-07-12,0,18,1,0,5.56
MBX00512,2026-07-13,19,102,6,0,5.88
MBX00512,2026-07-14,15,107,8,0,7.48
MBX00512,2026-07-15,21,118,6,3,5.08
MBX00512,2026-07-16,23,118,4,2,3.39
MBX00512,2026-07-17,14,106,6,0,5.66
MBX00512,2026-07-18,8,19,2,0,10.53
MBX00512,2026-07-19,1,15,1,0,6.67
MBX00512,2026-07-20,16,107,13,3,12.15
MBX00512,2026-07-21,18,122,6,1,4.92
MBX00512,2026-07-22,19,126,5,0,3.97
MBX00512,2026-07-23,26,114,3,4,2.63
MBX00512,2026-07-24,26,114,8,5,7.02
MBX00470,2026-04-26,1,17,0,0,0.0
MBX00470,2026-04-27,13,87,7,1,8.05
MBX00470,2026-04-28,7,76,2,1,2.63
MBX00470,2026-04-29,7,78,6,0,7.69
MBX00470,2026-04-30,19,92,7,0,7.61
MBX00470,2026-05-01,16,81,11,1,13.58
MBX00470,2026-05-02,2,8,0,0,0.0
MBX00470,2026-05-03,1,17,0,0,0.0
MBX00470,2026-05-04,13,85,6,0,7.06
MBX00470,2026-05-05,7,79,3,2,3.8
MBX00470,2026-05-06,13,78,2,1,2.56
MBX00470,2026-05-07,14,87,2,2,2.3
MBX00470,2026-05-08,10,91,5,0,5.49
MBX00470,2026-05-09,0,14,1,0,7.14
MBX00470,2026-05-10,3,12,1,0,8.33
MBX00470,2026-05-11,22,82,7,1,8.54
MBX00470,2026-05-12,13,67,1,0,1.49
MBX00470,2026-05-13,10,97,9,3,9.28
MBX00470,2026-05-14,15,95,3,1,3.16
MBX00470,2026-05-15,9,86,4,2,4.65
MBX00470,2026-05-16,1,8,0,0,0.0
MBX00470,2026-05-17,1,12,0,0,0.0
MBX00470,2026-05-18,9,77,6,0,7.79
MBX00470,2026-05-19,15,83,7,2,8.43
MBX00470,2026-05-20,8,80,8,0,10.0
MBX00470,2026-05-21,11,82,4,0,4.88
MBX00470,2026-05-22,17,83,3,0,3.61
MBX00470,2026-05-23,1,11,0,1,0.0
MBX00470,2026-05-24,3,13,2,0,15.38
MBX00470,2026-05-25,9,90,6,1,6.67
MBX00470,2026-05-26,10,73,4,1,5.48
MBX00470,2026-05-27,15,98,1,0,1.02
MBX00470,2026-05-28,17,83,5,3,6.02
MBX00470,2026-05-29,12,79,3,2,3.8
MBX00470,2026-05-30,1,12,2,1,16.67
MBX00470,2026-05-31,1,8,2,0,25.0
MBX00470,2026-06-01,7,85,4,0,4.71
MBX00470,2026-06-02,7,80,4,1,5.0
MBX00470,2026-06-03,13,89,7,1,7.87
MBX00470,2026-06-04,12,93,4,2,4.3
MBX00470,2026-06-05,11,92,6,1,6.52
MBX00470,2026-06-06,1,11,0,0,0.0
MBX00470,2026-06-07,2,22,1,0,4.55
MBX00470,2026-06-08,17,59,7,0,11.86
MBX00470,2026-06-09,10,93,2,2,2.15
MBX00470,2026-06-10,14,93,2,2,2.15
MBX00470,2026-06-11,6,67,3,2,4.48
MBX00470,2026-06-12,7,105,5,0,4.76
MBX00470,2026-06-13,1,8,0,0,0.0
MBX00470,2026-06-14,6,12,1,1,8.33
MBX00470,2026-06-15,13,96,5,3,5.21
MBX00470,2026-06-16,10,92,5,1,5.43
MBX00470,2026-06-17,10,95,5,1,5.26
MBX00470,2026-06-18,10,67,3,0,4.48
MBX00470,2026-06-19,12,79,5,2,6.33
MBX00470,2026-06-20,1,9,0,0,0.0
MBX00470,2026-06-21,4,11,0,0,0.0
MBX00470,2026-06-22,8,78,6,1,7.69
MBX00470,2026-06-23,13,88,5,2,5.68
MBX00470,2026-06-24,14,77,5,0,6.49
MBX00470,2026-06-25,11,88,2,2,2.27
MBX00470,2026-06-26,12,76,5,0,6.58
MBX00470,2026-06-27,1,10,0,0,0.0
MBX00470,2026-06-28,2,13,2,0,15.38
MBX00470,2026-06-29,12,71,6,0,8.45
MBX00470,2026-06-30,12,83,4,1,4.82
MBX00470,2026-07-01,11,76,1,0,1.32
MBX00470,2026-07-02,11,83,5,1,6.02
MBX00470,2026-07-03,5,91,7,3,7.69
MBX00470,2026-07-04,2,7,0,0,0.0
MBX00470,2026-07-05,3,11,0,0,0.0
MBX00470,2026-07-06,5,87,7,0,8.05
MBX00470,2026-07-07,14,95,6,3,6.32
MBX00470,2026-07-08,12,86,7,1,8.14
MBX00470,2026-07-09,6,100,4,0,4.0
MBX00470,2026-07-10,14,101,6,0,5.94
MBX00470,2026-07-11,2,17,2,0,11.76
MBX00470,2026-07-12,1,14,0,0,0.0
MBX00470,2026-07-13,5,85,9,0,10.59
MBX00470,2026-07-14,9,87,5,0,5.75
MBX00470,2026-07-15,11,96,4,0,4.17
MBX00470,2026-07-16,11,83,4,0,4.82
MBX00470,2026-07-17,12,89,5,4,5.62
MBX00470,2026-07-18,3,20,2,0,10.0
MBX00470,2026-07-19,1,13,0,0,0.0
MBX00470,2026-07-20,4,70,3,1,4.29
MBX00470,2026-07-21,9,96,4,1,4.17
MBX00470,2026-07-22,14,98,9,3,9.18
MBX00470,2026-07-23,11,88,3,0,3.41
MBX00470,2026-07-24,16,83,6,0,7.23
MBX00718,2026-04-26,2,2,0,0,0.0
MBX00718,2026-04-27,7,71,6,1,8.45
MBX00718,2026-04-28,10,60,1,1,1.67
MBX00718,2026-04-29,11,66,10,0,15.15
MBX00718,2026-04-30,7,84,2,1,2.38
MBX00718,2026-05-01,3,46,1,0,2.17
MBX00718,2026-05-02,1,12,2,0,16.67
MBX00718,2026-05-03,1,12,3,1,25.0
MBX00718,2026-05-04,9,63,7,2,11.11
MBX00718,2026-05-05,5,74,3,1,4.05
MBX00718,2026-05-06,8,58,2,0,3.45
MBX00718,2026-05-07,5,68,2,1,2.94
MBX00718,2026-05-08,10,71,3,1,4.23
MBX00718,2026-05-09,1,11,0,0,0.0
MBX00718,2026-05-10,1,15,2,0,13.33
MBX00718,2026-05-11,10,63,4,1,6.35
MBX00718,2026-05-12,9,79,4,1,5.06
MBX00718,2026-05-13,8,63,4,1,6.35
MBX00718,2026-05-14,6,60,5,0,8.33
MBX00718,2026-05-15,7,63,5,1,7.94
MBX00718,2026-05-16,3,14,2,0,14.29
MBX00718,2026-05-17,1,8,1,0,12.5
MBX00718,2026-05-18,10,73,2,1,2.74
MBX00718,2026-05-19,6,70,3,0,4.29
MBX00718,2026-05-20,13,55,4,1,7.27
MBX00718,2026-05-21,10,59,4,0,6.78
MBX00718,2026-05-22,11,80,4,1,5.0
MBX00718,2026-05-23,5,11,1,0,9.09
MBX00718,2026-05-24,2,5,0,0,0.0
MBX00718,2026-05-25,14,66,3,0,4.55
MBX00718,2026-05-26,7,79,2,0,2.53
MBX00718,2026-05-27,12,67,3,2,4.48
MBX00718,2026-05-28,15,62,11,1,17.74
MBX00718,2026-05-29,10,79,1,0,1.27
MBX00718,2026-05-30,4,7,3,0,42.86
MBX00718,2026-05-31,0,10,0,0,0.0
MBX00718,2026-06-01,6,60,3,0,5.0
MBX00718,2026-06-02,11,56,2,0,3.57
MBX00718,2026-06-03,12,85,6,2,7.06
MBX00718,2026-06-04,6,63,6,0,9.52
MBX00718,2026-06-05,12,64,3,1,4.69
MBX00718,2026-06-06,1,14,0,0,0.0
MBX00718,2026-06-07,0,11,3,0,27.27
MBX00718,2026-06-08,6,67,6,1,8.96
MBX00718,2026-06-09,12,74,6,1,8.11
MBX00718,2026-06-10,9,71,2,2,2.82
MBX00718,2026-06-11,6,56,5,2,8.93
MBX00718,2026-06-12,8,65,2,0,3.08
MBX00718,2026-06-13,2,9,1,0,11.11
MBX00718,2026-06-14,3,7,2,0,28.57
MBX00718,2026-06-15,7,75,3,0,4.0
MBX00718,2026-06-16,19,64,3,2,4.69
MBX00718,2026-06-17,14,62,7,0,11.29
MBX00718,2026-06-18,11,69,10,0,14.49
MBX00718,2026-06-19,11,60,4,0,6.67
MBX00718,2026-06-20,1,12,0,0,0.0
MBX00718,2026-06-21,2,8,0,0,0.0
MBX00718,2026-06-22,14,64,4,1,6.25
MBX00718,2026-06-23,10,62,5,1,8.06
MBX00718,2026-06-24,10,51,3,0,5.88
MBX00718,2026-06-25,4,57,7,1,12.28
MBX00718,2026-06-26,6,69,4,1,5.8
MBX00718,2026-06-27,2,10,0,0,0.0
MBX00718,2026-06-28,1,9,0,0,0.0
MBX00718,2026-06-29,8,65,4,1,6.15
MBX00718,2026-06-30,9,72,5,1,6.94
MBX00718,2026-07-01,8,65,2,2,3.08
MBX00718,2026-07-02,10,72,1,0,1.39
MBX00718,2026-07-03,11,54,4,1,7.41
MBX00718,2026-07-04,4,11,0,1,0.0
MBX00718,2026-07-05,0,12,1,0,8.33
MBX00718,2026-07-06,10,73,3,1,4.11
MBX00718,2026-07-07,9,69,6,0,8.7
MBX00718,2026-07-08,9,59,3,2,5.08
MBX00718,2026-07-09,8,56,9,1,16.07
MBX00718,2026-07-10,9,53,2,0,3.77
MBX00718,2026-07-11,3,15,0,1,0.0
MBX00718,2026-07-12,1,6,0,0,0.0
MBX00718,2026-07-13,9,57,4,0,7.02
MBX00718,2026-07-14,9,75,1,0,1.33
MBX00718,2026-07-15,8,71,3,1,4.23
MBX00718,2026-07-16,10,74,4,0,5.41
MBX00718,2026-07-17,10,69,5,0,7.25
MBX00718,2026-07-18,0,4,0,0,0.0
MBX00718,2026-07-19,2,9,1,0,11.11
MBX00718,2026-07-20,7,63,4,0,6.35
MBX00718,2026-07-21,11,63,2,0,3.17
MBX00718,2026-07-22,2,60,5,1,8.33
MBX00718,2026-07-23,8,72,4,1,5.56
MBX00718,2026-07-24,7,62,3,3,4.84
MBX00560,2026-04-26,0,2,0,1,0.0
MBX00560,2026-04-27,11,25,2,1,8.0
MBX00560,2026-04-28,8,21,0,0,0.0
MBX00560,2026-04-29,11,23,3,0,13.04
MBX00560,2026-04-30,12,17,3,0,17.65
MBX00560,2026-05-01,13,27,1,0,3.7
MBX00560,2026-05-02,1,4,0,0,0.0
MBX00560,2026-05-03,0,4,1,0,25.0
MBX00560,2026-05-04,15,23,1,0,4.35
MBX00560,2026-05-05,7,26,1,0,3.85
MBX00560,2026-05-06,4,20,2,0,10.0
MBX00560,2026-05-07,6,26,1,0,3.85
MBX00560,2026-05-08,8,21,2,1,9.52
MBX00560,2026-05-09,3,1,1,0,100.0
MBX00560,2026-05-10,3,2,0,0,0.0
MBX00560,2026-05-11,7,25,2,1,8.0
MBX00560,2026-05-12,7,14,1,0,7.14
MBX00560,2026-05-13,5,20,1,0,5.0
MBX00560,2026-05-14,9,24,3,0,12.5
MBX00560,2026-05-15,10,11,0,0,0.0
MBX00560,2026-05-16,4,2,0,0,0.0
MBX00560,2026-05-17,0,1,0,0,0.0
MBX00560,2026-05-18,6,25,1,0,4.0
MBX00560,2026-05-19,9,21,3,0,14.29
MBX00560,2026-05-20,8,24,0,1,0.0
MBX00560,2026-05-21,11,26,2,1,7.69
MBX00560,2026-05-22,9,24,0,0,0.0
MBX00560,2026-05-23,1,1,0,0,0.0
MBX00560,2026-05-24,1,4,0,0,0.0
MBX00560,2026-05-25,10,14,0,0,0.0
MBX00560,2026-05-26,10,22,4,0,18.18
MBX00560,2026-05-27,8,20,2,0,10.0
MBX00560,2026-05-28,5,19,1,0,5.26
MBX00560,2026-05-29,3,14,0,0,0.0
MBX00560,2026-05-30,1,2,0,0,0.0
MBX00560,2026-05-31,1,5,0,0,0.0
MBX00560,2026-06-01,13,14,0,1,0.0
MBX00560,2026-06-02,11,23,4,0,17.39
MBX00560,2026-06-03,7,13,1,0,7.69
MBX00560,2026-06-04,9,21,0,0,0.0
MBX00560,2026-06-05,13,19,1,0,5.26
MBX00560,2026-06-06,0,2,0,0,0.0
MBX00560,2026-06-07,1,2,0,0,0.0
MBX00560,2026-06-08,8,20,2,0,10.0
MBX00560,2026-06-09,10,20,0,1,0.0
MBX00560,2026-06-10,14,23,0,0,0.0
MBX00560,2026-06-11,7,15,3,0,20.0
MBX00560,2026-06-12,7,24,1,0,4.17
MBX00560,2026-06-13,1,5,0,0,0.0
MBX00560,2026-06-14,2,1,1,0,100.0
MBX00560,2026-06-15,4,10,0,0,0.0
MBX00560,2026-06-16,4,19,1,0,5.26
MBX00560,2026-06-17,6,26,3,0,11.54
MBX00560,2026-06-18,8,21,3,0,14.29
MBX00560,2026-06-19,6,17,0,0,0.0
MBX00560,2026-06-20,2,1,0,0,0.0
MBX00560,2026-06-21,1,4,0,0,0.0
MBX00560,2026-06-22,9,27,2,0,7.41
MBX00560,2026-06-23,7,14,1,0,7.14
MBX00560,2026-06-24,8,24,2,0,8.33
MBX00560,2026-06-25,5,23,1,0,4.35
MBX00560,2026-06-26,8,22,1,1,4.55
MBX00560,2026-06-27,0,1,0,0,0.0
MBX00560,2026-06-28,1,5,2,1,40.0
MBX00560,2026-06-29,7,17,0,0,0.0
MBX00560,2026-06-30,8,21,3,0,14.29
MBX00560,2026-07-01,6,19,2,0,10.53
MBX00560,2026-07-02,17,21,1,0,4.76
MBX00560,2026-07-03,14,19,1,0,5.26
MBX00560,2026-07-04,1,1,0,0,0.0
MBX00560,2026-07-05,1,5,1,0,20.0
MBX00560,2026-07-06,10,24,1,0,4.17
MBX00560,2026-07-07,13,14,1,0,7.14
MBX00560,2026-07-08,12,18,0,1,0.0
MBX00560,2026-07-09,6,19,2,1,10.53
MBX00560,2026-07-10,10,31,2,1,6.45
MBX00560,2026-07-11,1,4,0,0,0.0
MBX00560,2026-07-12,2,2,0,0,0.0
MBX00560,2026-07-13,14,21,2,0,9.52
MBX00560,2026-07-14,13,14,0,0,0.0
MBX00560,2026-07-15,7,27,0,0,0.0
MBX00560,2026-07-16,6,19,4,1,21.05
MBX00560,2026-07-17,7,17,1,1,5.88
MBX00560,2026-07-18,2,5,0,0,0.0
MBX00560,2026-07-19,3,5,0,0,0.0
MBX00560,2026-07-20,11,23,0,1,0.0
MBX00560,2026-07-21,6,20,2,2,10.0
MBX00560,2026-07-22,11,29,4,1,13.79
MBX00560,2026-07-23,15,16,2,0,12.5
MBX00560,2026-07-24,7,22,3,0,13.64
MBX00116,2026-04-26,3,7,0,0,0.0
MBX00116,2026-04-27,3,80,3,1,3.75
MBX00116,2026-04-28,6,86,5,1,5.81
MBX00116,2026-04-29,2,88,6,1,6.82
MBX00116,2026-04-30,4,86,3,0,3.49
MBX00116,2026-05-01,4,72,1,1,1.39
MBX00116,2026-05-02,1,11,1,0,9.09
MBX00116,2026-05-03,0,11,1,0,9.09
MBX00116,2026-05-04,6,78,2,0,2.56
MBX00116,2026-05-05,6,69,3,0,4.35
MBX00116,2026-05-06,6,62,0,0,0.0
MBX00116,2026-05-07,0,73,3,1,4.11
MBX00116,2026-05-08,11,79,6,0,7.59
MBX00116,2026-05-09,1,15,1,0,6.67
MBX00116,2026-05-10,2,14,0,1,0.0
MBX00116,2026-05-11,6,74,5,0,6.76
MBX00116,2026-05-12,1,84,8,3,9.52
MBX00116,2026-05-13,6,85,7,2,8.24
MBX00116,2026-05-14,7,73,4,1,5.48
MBX00116,2026-05-15,7,86,3,2,3.49
MBX00116,2026-05-16,1,13,1,0,7.69
MBX00116,2026-05-17,1,12,3,0,25.0
MBX00116,2026-05-18,7,76,3,0,3.95
MBX00116,2026-05-19,2,85,10,1,11.76
MBX00116,2026-05-20,6,71,7,0,9.86
MBX00116,2026-05-21,4,92,4,0,4.35
MBX00116,2026-05-22,5,76,4,1,5.26
MBX00116,2026-05-23,2,14,0,0,0.0
MBX00116,2026-05-24,1,12,2,0,16.67
MBX00116,2026-05-25,0,77,5,1,6.49
MBX00116,2026-05-26,6,85,8,0,9.41
MBX00116,2026-05-27,3,81,9,1,11.11
MBX00116,2026-05-28,3,82,3,0,3.66
MBX00116,2026-05-29,5,58,3,1,5.17
MBX00116,2026-05-30,1,11,0,1,0.0
MBX00116,2026-05-31,1,12,0,0,0.0
MBX00116,2026-06-01,3,92,6,1,6.52
MBX00116,2026-06-02,5,72,6,2,8.33
MBX00116,2026-06-03,1,89,6,1,6.74
MBX00116,2026-06-04,10,74,3,3,4.05
MBX00116,2026-06-05,5,85,5,2,5.88
MBX00116,2026-06-06,3,16,0,0,0.0
MBX00116,2026-06-07,0,13,0,0,0.0
MBX00116,2026-06-08,10,75,6,1,8.0
MBX00116,2026-06-09,5,70,2,1,2.86
MBX00116,2026-06-10,1,83,4,3,4.82
MBX00116,2026-06-11,4,69,6,0,8.7
MBX00116,2026-06-12,6,80,5,0,6.25
MBX00116,2026-06-13,2,18,0,0,0.0
MBX00116,2026-06-14,0,5,2,0,40.0
MBX00116,2026-06-15,6,79,4,1,5.06
MBX00116,2026-06-16,5,74,4,1,5.41
MBX00116,2026-06-17,3,80,6,0,7.5
MBX00116,2026-06-18,2,64,3,0,4.69
MBX00116,2026-06-19,9,85,6,2,7.06
MBX00116,2026-06-20,1,10,0,0,0.0
MBX00116,2026-06-21,3,14,3,0,21.43
MBX00116,2026-06-22,6,70,5,2,7.14
MBX00116,2026-06-23,6,88,2,1,2.27
MBX00116,2026-06-24,6,76,4,0,5.26
MBX00116,2026-06-25,11,65,5,1,7.69
MBX00116,2026-06-26,13,96,7,2,7.29
MBX00116,2026-06-27,0,12,0,0,0.0
MBX00116,2026-06-28,3,19,2,1,10.53
MBX00116,2026-06-29,4,75,6,0,8.0
MBX00116,2026-06-30,4,92,7,1,7.61
MBX00116,2026-07-01,2,85,5,1,5.88
MBX00116,2026-07-02,7,79,4,0,5.06
MBX00116,2026-07-03,4,85,8,2,9.41
MBX00116,2026-07-04,0,7,0,0,0.0
MBX00116,2026-07-05,0,14,1,0,7.14
MBX00116,2026-07-06,5,74,3,4,4.05
MBX00116,2026-07-07,14,75,3,0,4.0
MBX00116,2026-07-08,6,87,1,0,1.15
MBX00116,2026-07-09,6,69,2,3,2.9
MBX00116,2026-07-10,11,48,3,1,6.25
MBX00116,2026-07-11,0,12,0,0,0.0
MBX00116,2026-07-12,0,17,1,0,5.88
MBX00116,2026-07-13,5,93,6,1,6.45
MBX00116,2026-07-14,7,83,5,1,6.02
MBX00116,2026-07-15,3,70,3,0,4.29
MBX00116,2026-07-16,7,76,1,2,1.32
MBX00116,2026-07-17,3,93,9,1,9.68
MBX00116,2026-07-18,2,15,0,1,0.0
MBX00116,2026-07-19,1,15,0,3,0.0
MBX00116,2026-07-20,10,78,3,0,3.85
MBX00116,2026-07-21,7,80,7,0,8.75
MBX00116,2026-07-22,9,86,1,0,1.16
MBX00116,2026-07-23,3,75,5,1,6.67
MBX00116,2026-07-24,6,80,6,1,7.5
MBX00057,2026-04-26,2,2,1,0,50.0
MBX00057,2026-04-27,25,31,3,0,9.68
MBX00057,2026-04-28,17,22,0,0,0.0
MBX00057,2026-04-29,28,23,0,2,0.0
MBX00057,2026-04-30,23,20,2,1,10.0
MBX00057,2026-05-01,24,18,0,0,0.0
MBX00057,2026-05-02,2,5,0,0,0.0
MBX00057,2026-05-03,7,3,0,0,0.0
MBX00057,2026-05-04,19,23,0,0,0.0
MBX00057,2026-05-05,18,20,4,0,20.0
MBX00057,2026-05-06,19,23,2,2,8.7
MBX00057,2026-05-07,17,25,0,1,0.0
MBX00057,2026-05-08,19,15,0,0,0.0
MBX00057,2026-05-09,3,7,0,0,0.0
MBX00057,2026-05-10,5,3,0,0,0.0
MBX00057,2026-05-11,19,22,3,0,13.64
MBX00057,2026-05-12,19,22,2,1,9.09
MBX00057,2026-05-13,25,22,1,1,4.55
MBX00057,2026-05-14,12,22,1,0,4.55
MBX00057,2026-05-15,20,24,2,0,8.33
MBX00057,2026-05-16,5,2,0,0,0.0
MBX00057,2026-05-17,5,6,0,1,0.0
MBX00057,2026-05-18,22,19,0,0,0.0
MBX00057,2026-05-19,17,21,1,0,4.76
MBX00057,2026-05-20,24,18,1,0,5.56
MBX00057,2026-05-21,23,21,2,0,9.52
MBX00057,2026-05-22,26,25,0,1,0.0
MBX00057,2026-05-23,5,1,0,0,0.0
MBX00057,2026-05-24,6,6,0,0,0.0
MBX00057,2026-05-25,21,22,2,2,9.09
MBX00057,2026-05-26,17,28,2,1,7.14
MBX00057,2026-05-27,14,15,0,0,0.0
MBX00057,2026-05-28,26,23,2,0,8.7
MBX00057,2026-05-29,29,29,3,1,10.34
MBX00057,2026-05-30,5,1,0,0,0.0
MBX00057,2026-05-31,3,6,1,0,16.67
MBX00057,2026-06-01,18,28,1,0,3.57
MBX00057,2026-06-02,16,28,0,0,0.0
MBX00057,2026-06-03,27,19,2,0,10.53
MBX00057,2026-06-04,22,19,5,0,26.32
MBX00057,2026-06-05,16,19,2,1,10.53
MBX00057,2026-06-06,4,2,0,1,0.0
MBX00057,2026-06-07,6,5,0,0,0.0
MBX00057,2026-06-08,30,24,2,0,8.33
MBX00057,2026-06-09,21,32,4,0,12.5
MBX00057,2026-06-10,21,31,1,1,3.23
MBX00057,2026-06-11,21,25,1,2,4.0
MBX00057,2026-06-12,17,28,1,0,3.57
MBX00057,2026-06-13,3,5,1,0,20.0
MBX00057,2026-06-14,4,2,0,0,0.0
MBX00057,2026-06-15,24,20,3,1,15.0
MBX00057,2026-06-16,31,23,2,2,8.7
MBX00057,2026-06-17,17,15,3,1,20.0
MBX00057,2026-06-18,26,17,0,0,0.0
MBX00057,2026-06-19,28,34,1,0,2.94
MBX00057,2026-06-20,5,3,0,0,0.0
MBX00057,2026-06-21,5,1,0,1,0.0
MBX00057,2026-06-22,23,27,2,1,7.41
MBX00057,2026-06-23,19,24,3,2,12.5
MBX00057,2026-06-24,19,33,1,0,3.03
MBX00057,2026-06-25,29,32,1,0,3.12
MBX00057,2026-06-26,21,27,1,2,3.7
MBX00057,2026-06-27,4,2,0,0,0.0
MBX00057,2026-06-28,5,5,0,0,0.0
MBX00057,2026-06-29,22,20,1,0,5.0
MBX00057,2026-06-30,23,28,1,1,3.57
MBX00057,2026-07-01,21,22,1,0,4.55
MBX00057,2026-07-02,16,24,0,0,0.0
MBX00057,2026-07-03,23,25,2,0,8.0
MBX00057,2026-07-04,2,4,1,0,25.0
MBX00057,2026-07-05,1,5,0,0,0.0
MBX00057,2026-07-06,25,33,2,0,6.06
MBX00057,2026-07-07,25,18,1,0,5.56
MBX00057,2026-07-08,22,33,2,0,6.06
MBX00057,2026-07-09,22,23,2,0,8.7
MBX00057,2026-07-10,24,24,1,0,4.17
MBX00057,2026-07-11,2,2,0,0,0.0
MBX00057,2026-07-12,4,6,0,0,0.0
MBX00057,2026-07-13,26,31,1,0,3.23
MBX00057,2026-07-14,24,26,2,0,7.69
MBX00057,2026-07-15,18,21,2,0,9.52
MBX00057,2026-07-16,26,26,1,1,3.85
MBX00057,2026-07-17,23,24,2,1,8.33
MBX00057,2026-07-18,3,5,0,0,0.0
MBX00057,2026-07-19,2,2,0,0,0.0
MBX00057,2026-07-20,20,18,0,1,0.0
MBX00057,2026-07-21,23,15,1,1,6.67
MBX00057,2026-07-22,25,17,1,0,5.88
MBX00057,2026-07-23,19,31,2,1,6.45
MBX00057,2026-07-24,27,21,3,0,14.29
MBX00488,2026-04-26,10,7,1,0,14.29
MBX00488,2026-04-27,37,66,4,2,6.06
MBX00488,2026-04-28,40,60,5,0,8.33
MBX00488,2026-04-29,32,55,4,1,7.27
MBX00488,2026-04-30,32,78,2,2,2.56
MBX00488,2026-05-01,29,77,5,0,6.49
MBX00488,2026-05-02,3,5,1,0,20.0
MBX00488,2026-05-03,7,10,2,0,20.0
MBX00488,2026-05-04,25,69,4,0,5.8
MBX00488,2026-05-05,24,69,3,1,4.35
MBX00488,2026-05-06,27,63,2,0,3.17
MBX00488,2026-05-07,33,54,6,0,11.11
MBX00488,2026-05-08,27,63,1,0,1.59
MBX00488,2026-05-09,3,10,1,0,10.0
MBX00488,2026-05-10,14,16,2,0,12.5
MBX00488,2026-05-11,35,59,3,1,5.08
MBX00488,2026-05-12,28,62,5,1,8.06
MBX00488,2026-05-13,35,63,6,1,9.52
MBX00488,2026-05-14,28,78,4,1,5.13
MBX00488,2026-05-15,29,77,3,1,3.9
MBX00488,2026-05-16,3,17,2,0,11.76
MBX00488,2026-05-17,4,12,0,0,0.0
MBX00488,2026-05-18,27,67,11,1,16.42
MBX00488,2026-05-19,28,57,7,0,12.28
MBX00488,2026-05-20,27,59,3,1,5.08
MBX00488,2026-05-21,28,69,6,0,8.7
MBX00488,2026-05-22,35,74,2,0,2.7
MBX00488,2026-05-23,6,10,0,0,0.0
MBX00488,2026-05-24,0,5,0,0,0.0
MBX00488,2026-05-25,23,68,6,0,8.82
MBX00488,2026-05-26,28,64,8,2,12.5
MBX00488,2026-05-27,35,51,5,0,9.8
MBX00488,2026-05-28,29,68,3,1,4.41
MBX00488,2026-05-29,26,62,4,0,6.45
MBX00488,2026-05-30,5,7,0,0,0.0
MBX00488,2026-05-31,3,12,0,0,0.0
MBX00488,2026-06-01,32,73,5,4,6.85
MBX00488,2026-06-02,34,89,3,0,3.37
MBX00488,2026-06-03,35,59,1,1,1.69
MBX00488,2026-06-04,33,75,6,0,8.0
MBX00488,2026-06-05,36,65,2,2,3.08
MBX00488,2026-06-06,7,16,2,0,12.5
MBX00488,2026-06-07,6,16,2,1,12.5
MBX00488,2026-06-08,20,84,8,0,9.52
MBX00488,2026-06-09,28,61,4,0,6.56
MBX00488,2026-06-10,37,63,4,1,6.35
MBX00488,2026-06-11,38,77,3,1,3.9
MBX00488,2026-06-12,32,66,8,0,12.12
MBX00488,2026-06-13,3,11,0,0,0.0
MBX00488,2026-06-14,2,8,0,0,0.0
MBX00488,2026-06-15,31,78,7,1,8.97
MBX00488,2026-06-16,27,63,4,1,6.35
MBX00488,2026-06-17,16,61,4,1,6.56
MBX00488,2026-06-18,32,64,5,1,7.81
MBX00488,2026-06-19,38,68,1,1,1.47
MBX00488,2026-06-20,2,9,0,0,0.0
MBX00488,2026-06-21,4,14,1,0,7.14
MBX00488,2026-06-22,34,62,2,2,3.23
MBX00488,2026-06-23,29,64,4,1,6.25
MBX00488,2026-06-24,35,68,9,1,13.24
MBX00488,2026-06-25,36,81,4,0,4.94
MBX00488,2026-06-26,32,58,2,0,3.45
MBX00488,2026-06-27,4,14,1,0,7.14
MBX00488,2026-06-28,2,9,0,0,0.0
MBX00488,2026-06-29,43,88,5,0,5.68
MBX00488,2026-06-30,29,70,3,3,4.29
MBX00488,2026-07-01,30,68,5,0,7.35
MBX00488,2026-07-02,37,67,4,1,5.97
MBX00488,2026-07-03,27,60,8,1,13.33
MBX00488,2026-07-04,3,11,0,0,0.0
MBX00488,2026-07-05,8,5,0,0,0.0
MBX00488,2026-07-06,37,71,2,0,2.82
MBX00488,2026-07-07,37,70,5,1,7.14
MBX00488,2026-07-08,29,69,4,0,5.8
MBX00488,2026-07-09,34,50,4,2,8.0
MBX00488,2026-07-10,29,64,2,0,3.12
MBX00488,2026-07-11,8,7,1,1,14.29
MBX00488,2026-07-12,5,10,0,0,0.0
MBX00488,2026-07-13,42,63,2,0,3.17
MBX00488,2026-07-14,26,85,3,1,3.53
MBX00488,2026-07-15,34,85,6,2,7.06
MBX00488,2026-07-16,34,60,4,1,6.67
MBX00488,2026-07-17,28,64,1,0,1.56
MBX00488,2026-07-18,8,11,0,0,0.0
MBX00488,2026-07-19,2,8,2,0,25.0
MBX00488,2026-07-20,33,72,5,0,6.94
MBX00488,2026-07-21,36,67,5,1,7.46
MBX00488,2026-07-22,32,72,6,3,8.33
MBX00488,2026-07-23,30,60,5,0,8.33
MBX00488,2026-07-24,34,69,6,1,8.7
MBX00357,2026-04-26,7,9,0,1,0.0
MBX00357,2026-04-27,36,59,2,0,3.39
MBX00357,2026-04-28,21,40,5,1,12.5
MBX00357,2026-04-29,28,42,2,1,4.76
MBX00357,2026-04-30,34,39,1,3,2.56
MBX00357,2026-05-01,23,44,3,1,6.82
MBX00357,2026-05-02,5,5,0,0,0.0
MBX00357,2026-05-03,10,6,2,0,33.33
MBX00357,2026-05-04,32,48,5,2,10.42
MBX00357,2026-05-05,31,38,3,1,7.89
MBX00357,2026-05-06,33,56,4,0,7.14
MBX00357,2026-05-07,33,37,0,0,0.0
MBX00357,2026-05-08,29,37,0,1,0.0
MBX00357,2026-05-09,6,6,1,0,16.67
MBX00357,2026-05-10,4,9,0,0,0.0
MBX00357,2026-05-11,31,53,3,1,5.66
MBX00357,2026-05-12,36,40,2,1,5.0
MBX00357,2026-05-13,34,51,3,2,5.88
MBX00357,2026-05-14,32,36,2,2,5.56
MBX00357,2026-05-15,32,53,3,2,5.66
MBX00357,2026-05-16,3,4,1,1,25.0
MBX00357,2026-05-17,9,10,0,2,0.0
MBX00357,2026-05-18,30,51,5,0,9.8
MBX00357,2026-05-19,33,49,0,1,0.0
MBX00357,2026-05-20,31,54,2,1,3.7
MBX00357,2026-05-21,38,45,3,0,6.67
MBX00357,2026-05-22,32,50,3,1,6.0
MBX00357,2026-05-23,4,10,0,0,0.0
MBX00357,2026-05-24,2,13,0,0,0.0
MBX00357,2026-05-25,28,53,2,0,3.77
MBX00357,2026-05-26,22,47,0,1,0.0
MBX00357,2026-05-27,25,44,2,0,4.55
MBX00357,2026-05-28,24,44,3,2,6.82
MBX00357,2026-05-29,30,44,3,0,6.82
MBX00357,2026-05-30,9,7,1,0,14.29
MBX00357,2026-05-31,3,3,0,0,0.0
MBX00357,2026-06-01,33,50,5,0,10.0
MBX00357,2026-06-02,42,54,1,1,1.85
MBX00357,2026-06-03,38,52,2,2,3.85
MBX00357,2026-06-04,27,45,5,0,11.11
MBX00357,2026-06-05,25,35,1,0,2.86
MBX00357,2026-06-06,3,7,0,0,0.0
MBX00357,2026-06-07,4,11,0,0,0.0
MBX00357,2026-06-08,26,43,0,2,0.0
MBX00357,2026-06-09,34,40,2,0,5.0
MBX00357,2026-06-10,37,49,0,1,0.0
MBX00357,2026-06-11,39,34,3,0,8.82
MBX00357,2026-06-12,31,43,4,3,9.3
MBX00357,2026-06-13,7,6,1,0,16.67
MBX00357,2026-06-14,5,4,0,0,0.0
MBX00357,2026-06-15,34,53,6,1,11.32
MBX00357,2026-06-16,24,52,2,2,3.85
MBX00357,2026-06-17,29,48,0,0,0.0
MBX00357,2026-06-18,31,44,2,1,4.55
MBX00357,2026-06-19,41,57,1,1,1.75
MBX00357,2026-06-20,14,6,2,0,33.33
MBX00357,2026-06-21,4,9,0,0,0.0
MBX00357,2026-06-22,34,52,4,2,7.69
MBX00357,2026-06-23,33,44,5,1,11.36
MBX00357,2026-06-24,28,33,2,1,6.06
MBX00357,2026-06-25,33,41,3,0,7.32
MBX00357,2026-06-26,44,30,0,0,0.0
MBX00357,2026-06-27,4,8,0,0,0.0
MBX00357,2026-06-28,7,8,2,1,25.0
MBX00357,2026-06-29,25,50,2,0,4.0
MBX00357,2026-06-30,36,51,2,2,3.92
MBX00357,2026-07-01,32,52,2,3,3.85
MBX00357,2026-07-02,32,52,2,1,3.85
MBX00357,2026-07-03,32,46,3,0,6.52
MBX00357,2026-07-04,6,10,0,0,0.0
MBX00357,2026-07-05,4,8,1,0,12.5
MBX00357,2026-07-06,30,38,3,0,7.89
MBX00357,2026-07-07,33,49,3,1,6.12
MBX00357,2026-07-08,33,54,4,1,7.41
MBX00357,2026-07-09,28,40,2,1,5.0
MBX00357,2026-07-10,28,33,1,2,3.03
MBX00357,2026-07-11,2,6,0,0,0.0
MBX00357,2026-07-12,3,6,0,0,0.0
MBX00357,2026-07-13,28,41,3,0,7.32
MBX00357,2026-07-14,33,45,4,0,8.89
MBX00357,2026-07-15,30,51,2,0,3.92
MBX00357,2026-07-16,23,49,3,0,6.12
MBX00357,2026-07-17,27,50,2,0,4.0
MBX00357,2026-07-18,3,10,2,0,20.0
MBX00357,2026-07-19,5,12,0,0,0.0
MBX00357,2026-07-20,30,51,5,1,9.8
MBX00357,2026-07-21,23,51,2,1,3.92
MBX00357,2026-07-22,29,50,2,3,4.0
MBX00357,2026-07-23,31,46,0,3,0.0
MBX00357,2026-07-24,31,42,3,0,7.14
MBX00111,2026-04-26,7,13,3,0,23.08
MBX00111,2026-04-27,38,78,6,3,7.69
MBX00111,2026-04-28,30,89,5,1,5.62
MBX00111,2026-04-29,37,73,4,1,5.48
MBX00111,2026-04-30,36,84,4,1,4.76
MBX00111,2026-05-01,57,72,6,1,8.33
MBX00111,2026-05-02,7,8,1,0,12.5
MBX00111,2026-05-03,4,13,1,0,7.69
MBX00111,2026-05-04,48,79,4,0,5.06
MBX00111,2026-05-05,34,77,4,0,5.19
MBX00111,2026-05-06,41,83,7,0,8.43
MBX00111,2026-05-07,38,82,8,2,9.76
MBX00111,2026-05-08,46,90,7,2,7.78
MBX00111,2026-05-09,2,11,0,0,0.0
MBX00111,2026-05-10,9,11,1,1,9.09
MBX00111,2026-05-11,44,83,8,0,9.64
MBX00111,2026-05-12,41,65,4,0,6.15
MBX00111,2026-05-13,39,85,9,1,10.59
MBX00111,2026-05-14,48,80,5,0,6.25
MBX00111,2026-05-15,48,84,6,4,7.14
MBX00111,2026-05-16,3,7,0,0,0.0
MBX00111,2026-05-17,4,11,1,0,9.09
MBX00111,2026-05-18,46,83,8,0,9.64
MBX00111,2026-05-19,51,58,1,1,1.72
MBX00111,2026-05-20,48,77,5,0,6.49
MBX00111,2026-05-21,38,68,5,0,7.35
MBX00111,2026-05-22,41,62,4,1,6.45
MBX00111,2026-05-23,2,14,0,2,0.0
MBX00111,2026-05-24,6,14,0,0,0.0
MBX00111,2026-05-25,53,84,3,1,3.57
MBX00111,2026-05-26,34,80,6,0,7.5
MBX00111,2026-05-27,46,77,6,1,7.79
MBX00111,2026-05-28,54,81,6,0,7.41
MBX00111,2026-05-29,32,81,8,1,9.88
MBX00111,2026-05-30,7,12,1,0,8.33
MBX00111,2026-05-31,5,9,0,0,0.0
MBX00111,2026-06-01,31,67,6,0,8.96
MBX00111,2026-06-02,44,67,2,0,2.99
MBX00111,2026-06-03,32,68,4,1,5.88
MBX00111,2026-06-04,40,87,7,1,8.05
MBX00111,2026-06-05,41,62,5,1,8.06
MBX00111,2026-06-06,6,7,0,0,0.0
MBX00111,2026-06-07,7,14,0,1,0.0
MBX00111,2026-06-08,42,77,10,2,12.99
MBX00111,2026-06-09,39,66,4,1,6.06
MBX00111,2026-06-10,43,82,8,0,9.76
MBX00111,2026-06-11,41,84,7,0,8.33
MBX00111,2026-06-12,47,84,7,2,8.33
MBX00111,2026-06-13,2,16,0,1,0.0
MBX00111,2026-06-14,3,18,0,0,0.0
MBX00111,2026-06-15,42,87,5,1,5.75
MBX00111,2026-06-16,42,62,5,0,8.06
MBX00111,2026-06-17,39,66,4,1,6.06
MBX00111,2026-06-18,31,82,3,0,3.66
MBX00111,2026-06-19,41,66,6,0,9.09
MBX00111,2026-06-20,7,10,0,1,0.0
MBX00111,2026-06-21,4,19,0,0,0.0
MBX00111,2026-06-22,42,74,3,2,4.05
MBX00111,2026-06-23,36,56,2,1,3.57
MBX00111,2026-06-24,50,87,0,0,0.0
MBX00111,2026-06-25,40,66,3,0,4.55
MBX00111,2026-06-26,45,85,6,0,7.06
MBX00111,2026-06-27,10,15,4,0,26.67
MBX00111,2026-06-28,3,8,0,0,0.0
MBX00111,2026-06-29,41,63,4,0,6.35
MBX00111,2026-06-30,36,67,2,0,2.99
MBX00111,2026-07-01,27,68,2,1,2.94
MBX00111,2026-07-02,45,75,7,0,9.33
MBX00111,2026-07-03,46,93,4,2,4.3
MBX00111,2026-07-04,5,5,1,0,20.0
MBX00111,2026-07-05,6,15,0,0,0.0
MBX00111,2026-07-06,41,80,3,1,3.75
MBX00111,2026-07-07,48,73,3,0,4.11
MBX00111,2026-07-08,36,81,2,0,2.47
MBX00111,2026-07-09,40,73,8,0,10.96
MBX00111,2026-07-10,35,75,7,2,9.33
MBX00111,2026-07-11,6,15,0,0,0.0
MBX00111,2026-07-12,4,11,1,0,9.09
MBX00111,2026-07-13,32,63,4,3,6.35
MBX00111,2026-07-14,23,70,2,3,2.86
MBX00111,2026-07-15,51,71,5,0,7.04
MBX00111,2026-07-16,41,75,9,2,12.0
MBX00111,2026-07-17,47,79,5,2,6.33
MBX00111,2026-07-18,4,16,2,0,12.5
MBX00111,2026-07-19,9,14,1,0,7.14
MBX00111,2026-07-20,45,68,2,2,2.94
MBX00111,2026-07-21,41,77,4,1,5.19
MBX00111,2026-07-22,40,85,7,2,8.24
MBX00111,2026-07-23,38,89,5,4,5.62
MBX00111,2026-07-24,50,75,5,3,6.67
MBX00396,2026-04-26,0,11,1,0,9.09
MBX00396,2026-04-27,10,78,5,0,6.41
MBX00396,2026-04-28,11,84,4,1,4.76
MBX00396,2026-04-29,12,72,6,1,8.33
MBX00396,2026-04-30,7,86,5,0,5.81
MBX00396,2026-05-01,7,59,5,0,8.47
MBX00396,2026-05-02,0,8,0,0,0.0
MBX00396,2026-05-03,4,9,2,0,22.22
MBX00396,2026-05-04,8,74,1,0,1.35
MBX00396,2026-05-05,15,89,5,1,5.62
MBX00396,2026-05-06,7,82,6,1,7.32
MBX00396,2026-05-07,4,73,3,0,4.11
MBX00396,2026-05-08,15,78,4,1,5.13
MBX00396,2026-05-09,2,11,0,0,0.0
MBX00396,2026-05-10,3,14,4,0,28.57
MBX00396,2026-05-11,11,64,3,1,4.69
MBX00396,2026-05-12,7,77,2,0,2.6
MBX00396,2026-05-13,6,76,4,1,5.26
MBX00396,2026-05-14,17,88,8,5,9.09
MBX00396,2026-05-15,8,71,6,0,8.45
MBX00396,2026-05-16,2,17,0,0,0.0
MBX00396,2026-05-17,0,11,0,1,0.0
MBX00396,2026-05-18,12,67,5,2,7.46
MBX00396,2026-05-19,11,86,5,1,5.81
MBX00396,2026-05-20,5,87,6,2,6.9
MBX00396,2026-05-21,12,90,3,3,3.33
MBX00396,2026-05-22,12,89,6,1,6.74
MBX00396,2026-05-23,4,9,2,0,22.22
MBX00396,2026-05-24,3,15,1,0,6.67
MBX00396,2026-05-25,9,76,1,3,1.32
MBX00396,2026-05-26,11,90,5,1,5.56
MBX00396,2026-05-27,9,81,2,1,2.47
MBX00396,2026-05-28,17,104,6,2,5.77
MBX00396,2026-05-29,7,86,8,3,9.3
MBX00396,2026-05-30,1,14,0,0,0.0
MBX00396,2026-05-31,1,12,1,0,8.33
MBX00396,2026-06-01,9,93,8,1,8.6
MBX00396,2026-06-02,19,64,3,1,4.69
MBX00396,2026-06-03,6,77,9,0,11.69
MBX00396,2026-06-04,13,76,3,0,3.95
MBX00396,2026-06-05,8,74,5,0,6.76
MBX00396,2026-06-06,2,10,2,0,20.0
MBX00396,2026-06-07,1,17,2,0,11.76
MBX00396,2026-06-08,11,61,1,0,1.64
MBX00396,2026-06-09,7,75,5,0,6.67
MBX00396,2026-06-10,10,73,6,1,8.22
MBX00396,2026-06-11,8,87,10,1,11.49
MBX00396,2026-06-12,11,71,2,0,2.82
MBX00396,2026-06-13,3,13,0,0,0.0
MBX00396,2026-06-14,2,7,0,0,0.0
MBX00396,2026-06-15,10,77,5,1,6.49
MBX00396,2026-06-16,10,77,6,1,7.79
MBX00396,2026-06-17,12,81,5,3,6.17
MBX00396,2026-06-18,10,82,6,2,7.32
MBX00396,2026-06-19,12,74,3,2,4.05
MBX00396,2026-06-20,5,10,0,0,0.0
MBX00396,2026-06-21,2,12,1,0,8.33
MBX00396,2026-06-22,14,90,4,0,4.44
MBX00396,2026-06-23,7,80,5,2,6.25
MBX00396,2026-06-24,15,89,8,0,8.99
MBX00396,2026-06-25,12,85,5,0,5.88
MBX00396,2026-06-26,8,70,1,0,1.43
MBX00396,2026-06-27,0,17,1,0,5.88
MBX00396,2026-06-28,1,12,0,0,0.0
MBX00396,2026-06-29,17,86,6,0,6.98
MBX00396,2026-06-30,10,71,6,1,8.45
MBX00396,2026-07-01,7,75,1,0,1.33
MBX00396,2026-07-02,8,74,4,0,5.41
MBX00396,2026-07-03,7,86,8,3,9.3
MBX00396,2026-07-04,2,10,0,0,0.0
MBX00396,2026-07-05,1,19,0,0,0.0
MBX00396,2026-07-06,19,87,4,0,4.6
MBX00396,2026-07-07,6,77,6,1,7.79
MBX00396,2026-07-08,13,90,7,0,7.78
MBX00396,2026-07-09,12,77,4,0,5.19
MBX00396,2026-07-10,11,79,3,2,3.8
MBX00396,2026-07-11,1,5,0,0,0.0
MBX00396,2026-07-12,2,17,1,0,5.88
MBX00396,2026-07-13,13,77,3,0,3.9
MBX00396,2026-07-14,14,90,4,1,4.44
MBX00396,2026-07-15,13,71,5,1,7.04
MBX00396,2026-07-16,7,80,2,0,2.5
MBX00396,2026-07-17,12,84,6,0,7.14
MBX00396,2026-07-18,0,5,0,0,0.0
MBX00396,2026-07-19,1,10,0,0,0.0
MBX00396,2026-07-20,3,95,11,0,11.58
MBX00396,2026-07-21,13,78,2,1,2.56
MBX00396,2026-07-22,10,95,7,0,7.37
MBX00396,2026-07-23,16,72,7,2,9.72
MBX00396,2026-07-24,12,72,5,0,6.94
MBX00146,2026-04-26,5,12,3,0,25.0
MBX00146,2026-04-27,16,46,2,0,4.35
MBX00146,2026-04-28,14,40,1,0,2.5
MBX00146,2026-04-29,13,47,1,0,2.13
MBX00146,2026-04-30,19,43,1,2,2.33
MBX00146,2026-05-01,20,38,4,0,10.53
MBX00146,2026-05-02,1,9,1,0,11.11
MBX00146,2026-05-03,4,4,0,0,0.0
MBX00146,2026-05-04,9,38,2,0,5.26
MBX00146,2026-05-05,17,50,3,0,6.0
MBX00146,2026-05-06,24,54,3,1,5.56
MBX00146,2026-05-07,20,50,2,1,4.0
MBX00146,2026-05-08,13,48,6,0,12.5
MBX00146,2026-05-09,6,4,0,0,0.0
MBX00146,2026-05-10,3,9,1,0,11.11
MBX00146,2026-05-11,20,41,1,2,2.44
MBX00146,2026-05-12,28,46,1,0,2.17
MBX00146,2026-05-13,21,52,6,1,11.54
MBX00146,2026-05-14,23,53,5,0,9.43
MBX00146,2026-05-15,18,62,1,1,1.61
MBX00146,2026-05-16,2,8,0,0,0.0
MBX00146,2026-05-17,5,10,3,0,30.0
MBX00146,2026-05-18,25,48,1,0,2.08
MBX00146,2026-05-19,14,46,6,0,13.04
MBX00146,2026-05-20,15,46,3,0,6.52
MBX00146,2026-05-21,16,44,2,0,4.55
MBX00146,2026-05-22,20,58,4,0,6.9
MBX00146,2026-05-23,1,4,0,0,0.0
MBX00146,2026-05-24,5,13,0,0,0.0
MBX00146,2026-05-25,18,45,1,0,2.22
MBX00146,2026-05-26,15,49,3,1,6.12
MBX00146,2026-05-27,25,51,3,0,5.88
MBX00146,2026-05-28,19,44,6,0,13.64
MBX00146,2026-05-29,26,49,1,1,2.04
MBX00146,2026-05-30,2,9,1,0,11.11
MBX00146,2026-05-31,1,8,1,0,12.5
MBX00146,2026-06-01,14,44,2,0,4.55
MBX00146,2026-06-02,16,55,3,2,5.45
MBX00146,2026-06-03,27,38,2,1,5.26
MBX00146,2026-06-04,10,60,3,2,5.0
MBX00146,2026-06-05,27,60,4,1,6.67
MBX00146,2026-06-06,5,9,1,0,11.11
MBX00146,2026-06-07,2,6,0,1,0.0
MBX00146,2026-06-08,24,43,1,2,2.33
MBX00146,2026-06-09,13,49,1,1,2.04
MBX00146,2026-06-10,14,53,3,0,5.66
MBX00146,2026-06-11,16,54,0,0,0.0
MBX00146,2026-06-12,18,49,4,1,8.16
MBX00146,2026-06-13,1,11,0,1,0.0
MBX00146,2026-06-14,4,3,0,0,0.0
MBX00146,2026-06-15,10,52,1,1,1.92
MBX00146,2026-06-16,11,43,2,0,4.65
MBX00146,2026-06-17,13,47,4,0,8.51
MBX00146,2026-06-18,26,56,1,0,1.79
MBX00146,2026-06-19,20,53,7,0,13.21
MBX00146,2026-06-20,2,7,0,0,0.0
MBX00146,2026-06-21,2,7,0,0,0.0
MBX00146,2026-06-22,22,50,6,0,12.0
MBX00146,2026-06-23,16,44,2,0,4.55
MBX00146,2026-06-24,18,43,3,1,6.98
MBX00146,2026-06-25,20,44,7,1,15.91
MBX00146,2026-06-26,22,61,3,2,4.92
MBX00146,2026-06-27,2,7,0,0,0.0
MBX00146,2026-06-28,4,13,2,0,15.38
MBX00146,2026-06-29,11,43,2,0,4.65
MBX00146,2026-06-30,18,59,7,0,11.86
MBX00146,2026-07-01,20,45,3,1,6.67
MBX00146,2026-07-02,17,47,2,0,4.26
MBX00146,2026-07-03,14,47,2,1,4.26
MBX00146,2026-07-04,2,7,0,1,0.0
MBX00146,2026-07-05,2,7,1,0,14.29
MBX00146,2026-07-06,19,39,4,0,10.26
MBX00146,2026-07-07,23,52,2,0,3.85
MBX00146,2026-07-08,22,55,5,2,9.09
MBX00146,2026-07-09,18,62,7,2,11.29
MBX00146,2026-07-10,27,50,3,1,6.0
MBX00146,2026-07-11,0,7,0,0,0.0
MBX00146,2026-07-12,5,9,0,0,0.0
MBX00146,2026-07-13,19,57,2,1,3.51
MBX00146,2026-07-14,22,49,7,0,14.29
MBX00146,2026-07-15,17,51,4,0,7.84
MBX00146,2026-07-16,18,42,0,2,0.0
MBX00146,2026-07-17,17,48,7,1,14.58
MBX00146,2026-07-18,3,7,0,0,0.0
MBX00146,2026-07-19,3,5,0,0,0.0
MBX00146,2026-07-20,19,43,4,0,9.3
MBX00146,2026-07-21,17,56,3,0,5.36
MBX00146,2026-07-22,10,41,0,0,0.0
MBX00146,2026-07-23,18,51,2,0,3.92
MBX00146,2026-07-24,15,51,2,1,3.92
MBX00203,2026-04-26,6,12,0,0,0.0
MBX00203,2026-04-27,25,82,5,1,6.1
MBX00203,2026-04-28,23,91,4,1,4.4
MBX00203,2026-04-29,15,70,5,1,7.14
MBX00203,2026-04-30,12,82,6,1,7.32
MBX00203,2026-05-01,23,84,7,2,8.33
MBX00203,2026-05-02,4,12,1,0,8.33
MBX00203,2026-05-03,4,12,2,0,16.67
MBX00203,2026-05-04,25,85,7,0,8.24
MBX00203,2026-05-05,25,82,6,2,7.32
MBX00203,2026-05-06,28,75,7,1,9.33
MBX00203,2026-05-07,21,92,6,1,6.52
MBX00203,2026-05-08,24,85,4,2,4.71
MBX00203,2026-05-09,4,8,1,0,12.5
MBX00203,2026-05-10,2,12,0,0,0.0
MBX00203,2026-05-11,31,88,8,2,9.09
MBX00203,2026-05-12,25,101,8,1,7.92
MBX00203,2026-05-13,19,82,10,1,12.2
MBX00203,2026-05-14,20,82,11,0,13.41
MBX00203,2026-05-15,21,105,5,0,4.76
MBX00203,2026-05-16,3,20,0,0,0.0
MBX00203,2026-05-17,5,8,1,0,12.5
MBX00203,2026-05-18,32,57,3,2,5.26
MBX00203,2026-05-19,26,91,2,1,2.2
MBX00203,2026-05-20,24,78,3,4,3.85
MBX00203,2026-05-21,23,93,2,2,2.15
MBX00203,2026-05-22,28,84,4,0,4.76
MBX00203,2026-05-23,5,15,1,0,6.67
MBX00203,2026-05-24,2,15,1,0,6.67
MBX00203,2026-05-25,31,88,9,0,10.23
MBX00203,2026-05-26,16,84,7,0,8.33
MBX00203,2026-05-27,27,92,6,1,6.52
MBX00203,2026-05-28,24,88,3,1,3.41
MBX00203,2026-05-29,33,80,8,0,10.0
MBX00203,2026-05-30,3,11,0,1,0.0
MBX00203,2026-05-31,5,8,1,0,12.5
MBX00203,2026-06-01,25,62,4,1,6.45
MBX00203,2026-06-02,25,87,4,3,4.6
MBX00203,2026-06-03,32,101,4,1,3.96
MBX00203,2026-06-04,26,89,9,0,10.11
MBX00203,2026-06-05,25,65,3,4,4.62
MBX00203,2026-06-06,3,17,1,0,5.88
MBX00203,2026-06-07,4,14,0,0,0.0
MBX00203,2026-06-08,28,70,7,0,10.0
MBX00203,2026-06-09,19,98,5,1,5.1
MBX00203,2026-06-10,27,90,5,0,5.56
MBX00203,2026-06-11,22,82,4,2,4.88
MBX00203,2026-06-12,28,70,2,1,2.86
MBX00203,2026-06-13,3,12,1,0,8.33
MBX00203,2026-06-14,2,18,1,0,5.56
MBX00203,2026-06-15,23,86,3,2,3.49
MBX00203,2026-06-16,25,82,1,1,1.22
MBX00203,2026-06-17,17,88,5,2,5.68
MBX00203,2026-06-18,33,78,4,1,5.13
MBX00203,2026-06-19,27,69,4,2,5.8
MBX00203,2026-06-20,6,20,1,0,5.0
MBX00203,2026-06-21,2,10,0,0,0.0
MBX00203,2026-06-22,21,86,9,2,10.47
MBX00203,2026-06-23,22,85,3,2,3.53
MBX00203,2026-06-24,21,84,6,0,7.14
MBX00203,2026-06-25,28,106,8,0,7.55
MBX00203,2026-06-26,26,93,5,1,5.38
MBX00203,2026-06-27,2,13,2,0,15.38
MBX00203,2026-06-28,4,16,0,0,0.0
MBX00203,2026-06-29,25,84,9,0,10.71
MBX00203,2026-06-30,16,91,2,0,2.2
MBX00203,2026-07-01,35,87,3,1,3.45
MBX00203,2026-07-02,21,84,7,0,8.33
MBX00203,2026-07-03,24,78,2,1,2.56
MBX00203,2026-07-04,2,12,0,0,0.0
MBX00203,2026-07-05,2,10,0,0,0.0
MBX00203,2026-07-06,25,80,1,1,1.25
MBX00203,2026-07-07,25,76,5,0,6.58
MBX00203,2026-07-08,23,95,6,1,6.32
MBX00203,2026-07-09,25,83,4,1,4.82
MBX00203,2026-07-10,30,77,1,1,1.3
MBX00203,2026-07-11,3,12,1,0,8.33
MBX00203,2026-07-12,2,10,1,0,10.0
MBX00203,2026-07-13,23,70,7,0,10.0
MBX00203,2026-07-14,23,89,2,0,2.25
MBX00203,2026-07-15,22,75,5,0,6.67
MBX00203,2026-07-16,35,80,5,0,6.25
MBX00203,2026-07-17,22,84,8,2,9.52
MBX00203,2026-07-18,2,9,2,0,22.22
MBX00203,2026-07-19,2,12,1,0,8.33
MBX00203,2026-07-20,23,84,1,2,1.19
MBX00203,2026-07-21,18,79,6,1,7.59
MBX00203,2026-07-22,28,84,6,3,7.14
MBX00203,2026-07-23,31,86,12,1,13.95
MBX00203,2026-07-24,21,76,7,0,9.21
MBX00124,2026-04-26,1,7,0,0,0.0
MBX00124,2026-04-27,23,49,2,2,4.08
MBX00124,2026-04-28,16,49,5,0,10.2
MBX00124,2026-04-29,25,46,1,0,2.17
MBX00124,2026-04-30,23,48,2,0,4.17
MBX00124,2026-05-01,12,38,7,2,18.42
MBX00124,2026-05-02,0,7,0,0,0.0
MBX00124,2026-05-03,3,11,0,0,0.0
MBX00124,2026-05-04,21,52,5,0,9.62
MBX00124,2026-05-05,31,46,5,2,10.87
MBX00124,2026-05-06,17,36,1,0,2.78
MBX00124,2026-05-07,17,37,3,1,8.11
MBX00124,2026-05-08,15,49,1,2,2.04
MBX00124,2026-05-09,2,10,3,0,30.0
MBX00124,2026-05-10,2,5,0,0,0.0
MBX00124,2026-05-11,17,41,0,0,0.0
MBX00124,2026-05-12,24,46,2,0,4.35
MBX00124,2026-05-13,15,56,3,0,5.36
MBX00124,2026-05-14,14,38,1,3,2.63
MBX00124,2026-05-15,15,55,3,0,5.45
MBX00124,2026-05-16,1,5,0,0,0.0
MBX00124,2026-05-17,3,6,0,0,0.0
MBX00124,2026-05-18,10,45,3,0,6.67
MBX00124,2026-05-19,11,42,0,0,0.0
MBX00124,2026-05-20,27,41,1,2,2.44
MBX00124,2026-05-21,12,41,4,1,9.76
MBX00124,2026-05-22,15,47,3,0,6.38
MBX00124,2026-05-23,2,5,0,0,0.0
MBX00124,2026-05-24,1,6,0,0,0.0
MBX00124,2026-05-25,13,44,1,0,2.27
MBX00124,2026-05-26,16,42,4,0,9.52
MBX00124,2026-05-27,18,43,3,0,6.98
MBX00124,2026-05-28,16,57,2,1,3.51
MBX00124,2026-05-29,12,39,1,0,2.56
MBX00124,2026-05-30,5,15,0,0,0.0
MBX00124,2026-05-31,2,7,0,0,0.0
MBX00124,2026-06-01,17,58,2,2,3.45
MBX00124,2026-06-02,21,59,3,1,5.08
MBX00124,2026-06-03,15,47,3,0,6.38
MBX00124,2026-06-04,18,47,0,0,0.0
MBX00124,2026-06-05,14,43,0,0,0.0
MBX00124,2026-06-06,2,10,1,0,10.0
MBX00124,2026-06-07,4,11,0,0,0.0
MBX00124,2026-06-08,16,38,3,3,7.89
MBX00124,2026-06-09,18,48,2,1,4.17
MBX00124,2026-06-10,24,55,2,0,3.64
MBX00124,2026-06-11,11,46,2,2,4.35
MBX00124,2026-06-12,26,45,0,0,0.0
MBX00124,2026-06-13,3,5,0,0,0.0
MBX00124,2026-06-14,2,4,0,0,0.0
MBX00124,2026-06-15,12,53,3,1,5.66
MBX00124,2026-06-16,17,50,5,1,10.0
MBX00124,2026-06-17,15,40,2,1,5.0
MBX00124,2026-06-18,11,49,2,2,4.08
MBX00124,2026-06-19,15,41,0,0,0.0
MBX00124,2026-06-20,2,7,1,0,14.29
MBX00124,2026-06-21,4,4,0,1,0.0
MBX00124,2026-06-22,20,59,7,0,11.86
MBX00124,2026-06-23,17,40,1,1,2.5
MBX00124,2026-06-24,14,49,2,1,4.08
MBX00124,2026-06-25,13,44,3,0,6.82
MBX00124,2026-06-26,17,49,0,1,0.0
MBX00124,2026-06-27,1,6,0,0,0.0
MBX00124,2026-06-28,5,10,2,0,20.0
MBX00124,2026-06-29,23,44,3,1,6.82
MBX00124,2026-06-30,19,50,2,0,4.0
MBX00124,2026-07-01,15,45,3,0,6.67
MBX00124,2026-07-02,20,44,2,0,4.55
MBX00124,2026-07-03,20,51,3,1,5.88
MBX00124,2026-07-04,2,2,0,0,0.0
MBX00124,2026-07-05,0,10,1,0,10.0
MBX00124,2026-07-06,19,46,4,2,8.7
MBX00124,2026-07-07,15,40,2,2,5.0
MBX00124,2026-07-08,24,48,4,1,8.33
MBX00124,2026-07-09,15,46,2,0,4.35
MBX00124,2026-07-10,16,42,3,0,7.14
MBX00124,2026-07-11,1,12,1,1,8.33
MBX00124,2026-07-12,4,8,1,0,12.5
MBX00124,2026-07-13,16,47,1,1,2.13
MBX00124,2026-07-14,12,50,1,1,2.0
MBX00124,2026-07-15,15,43,0,1,0.0
MBX00124,2026-07-16,17,55,3,0,5.45
MBX00124,2026-07-17,19,42,3,1,7.14
MBX00124,2026-07-18,3,11,0,0,0.0
MBX00124,2026-07-19,1,6,0,0,0.0
MBX00124,2026-07-20,21,44,3,0,6.82
MBX00124,2026-07-21,17,51,0,0,0.0
MBX00124,2026-07-22,22,46,5,1,10.87
MBX00124,2026-07-23,15,41,1,1,2.44
MBX00124,2026-07-24,17,44,4,0,9.09
MBX00626,2026-04-26,10,15,1,0,6.67
MBX00626,2026-04-27,36,107,9,2,8.41
MBX00626,2026-04-28,28,116,5,1,4.31
MBX00626,2026-04-29,37,129,6,0,4.65
MBX00626,2026-04-30,32,116,5,1,4.31
MBX00626,2026-05-01,44,97,4,0,4.12
MBX00626,2026-05-02,5,14,0,1,0.0
MBX00626,2026-05-03,5,25,1,1,4.0
MBX00626,2026-05-04,28,124,5,2,4.03
MBX00626,2026-05-05,37,109,4,3,3.67
MBX00626,2026-05-06,34,92,4,2,4.35
MBX00626,2026-05-07,44,119,9,2,7.56
MBX00626,2026-05-08,28,139,6,2,4.32
MBX00626,2026-05-09,3,12,0,0,0.0
MBX00626,2026-05-10,6,18,5,0,27.78
MBX00626,2026-05-11,52,96,4,1,4.17
MBX00626,2026-05-12,43,106,10,5,9.43
MBX00626,2026-05-13,29,99,5,0,5.05
MBX00626,2026-05-14,43,126,8,1,6.35
MBX00626,2026-05-15,39,125,6,2,4.8
MBX00626,2026-05-16,4,22,0,0,0.0
MBX00626,2026-05-17,5,14,0,0,0.0
MBX00626,2026-05-18,36,117,14,3,11.97
MBX00626,2026-05-19,41,117,6,3,5.13
MBX00626,2026-05-20,39,92,5,3,5.43
MBX00626,2026-05-21,39,105,6,3,5.71
MBX00626,2026-05-22,30,116,10,2,8.62
MBX00626,2026-05-23,5,11,4,0,36.36
MBX00626,2026-05-24,5,19,1,0,5.26
MBX00626,2026-05-25,48,104,5,3,4.81
MBX00626,2026-05-26,34,101,7,0,6.93
MBX00626,2026-05-27,34,110,8,1,7.27
MBX00626,2026-05-28,41,108,3,0,2.78
MBX00626,2026-05-29,37,122,6,2,4.92
MBX00626,2026-05-30,8,19,0,0,0.0
MBX00626,2026-05-31,5,13,1,0,7.69
MBX00626,2026-06-01,37,111,6,3,5.41
MBX00626,2026-06-02,32,128,6,0,4.69
MBX00626,2026-06-03,38,123,6,1,4.88
MBX00626,2026-06-04,42,122,10,1,8.2
MBX00626,2026-06-05,38,99,5,1,5.05
MBX00626,2026-06-06,6,23,1,0,4.35
MBX00626,2026-06-07,4,16,0,0,0.0
MBX00626,2026-06-08,33,116,4,2,3.45
MBX00626,2026-06-09,33,101,6,1,5.94
MBX00626,2026-06-10,29,124,7,0,5.65
MBX00626,2026-06-11,38,123,6,1,4.88
MBX00626,2026-06-12,37,123,10,3,8.13
MBX00626,2026-06-13,6,19,1,0,5.26
MBX00626,2026-06-14,4,21,3,0,14.29
MBX00626,2026-06-15,41,100,5,3,5.0
MBX00626,2026-06-16,36,104,6,2,5.77
MBX00626,2026-06-17,36,101,3,1,2.97
MBX00626,2026-06-18,36,103,10,3,9.71
MBX00626,2026-06-19,43,107,4,2,3.74
MBX00626,2026-06-20,7,14,2,0,14.29
MBX00626,2026-06-21,11,16,2,0,12.5
MBX00626,2026-06-22,33,129,13,0,10.08
MBX00626,2026-06-23,36,99,9,0,9.09
MBX00626,2026-06-24,39,119,6,3,5.04
MBX00626,2026-06-25,29,118,6,1,5.08
MBX00626,2026-06-26,43,109,6,1,5.5
MBX00626,2026-06-27,3,18,2,0,11.11
MBX00626,2026-06-28,4,23,1,0,4.35
MBX00626,2026-06-29,49,116,5,2,4.31
MBX00626,2026-06-30,32,91,4,1,4.4
MBX00626,2026-07-01,34,118,5,1,4.24
MBX00626,2026-07-02,29,113,9,1,7.96
MBX00626,2026-07-03,33,102,6,2,5.88
MBX00626,2026-07-04,6,12,1,0,8.33
MBX00626,2026-07-05,7,18,0,1,0.0
MBX00626,2026-07-06,33,111,9,0,8.11
MBX00626,2026-07-07,45,119,9,0,7.56
MBX00626,2026-07-08,32,115,11,0,9.57
MBX00626,2026-07-09,42,118,4,0,3.39
MBX00626,2026-07-10,42,106,7,3,6.6
MBX00626,2026-07-11,2,18,2,0,11.11
MBX00626,2026-07-12,6,19,1,0,5.26
MBX00626,2026-07-13,41,125,6,1,4.8
MBX00626,2026-07-14,33,109,5,3,4.59
MBX00626,2026-07-15,33,109,5,1,4.59
MBX00626,2026-07-16,53,101,1,0,0.99
MBX00626,2026-07-17,42,113,14,0,12.39
MBX00626,2026-07-18,8,12,0,0,0.0
MBX00626,2026-07-19,5,18,2,0,11.11
MBX00626,2026-07-20,28,115,5,1,4.35
MBX00626,2026-07-21,31,121,6,2,4.96
MBX00626,2026-07-22,43,110,4,2,3.64
MBX00626,2026-07-23,38,110,8,2,7.27
MBX00626,2026-07-24,39,125,4,2,3.2
MBX00455,2026-04-26,0,7,2,0,28.57
MBX00455,2026-04-27,4,33,2,2,6.06
MBX00455,2026-04-28,2,43,1,1,2.33
MBX00455,2026-04-29,6,39,4,1,10.26
MBX00455,2026-04-30,1,36,2,0,5.56
MBX00455,2026-05-01,4,40,1,1,2.5
MBX00455,2026-05-02,0,4,0,0,0.0
MBX00455,2026-05-03,1,5,0,0,0.0
MBX00455,2026-05-04,4,29,0,1,0.0
MBX00455,2026-05-05,3,34,0,0,0.0
MBX00455,2026-05-06,6,44,3,0,6.82
MBX00455,2026-05-07,6,34,2,0,5.88
MBX00455,2026-05-08,8,44,4,0,9.09
MBX00455,2026-05-09,0,4,0,0,0.0
MBX00455,2026-05-10,0,5,0,0,0.0
MBX00455,2026-05-11,5,32,0,1,0.0
MBX00455,2026-05-12,8,19,0,0,0.0
MBX00455,2026-05-13,5,44,0,0,0.0
MBX00455,2026-05-14,8,46,1,1,2.17
MBX00455,2026-05-15,3,36,0,1,0.0
MBX00455,2026-05-16,0,2,0,0,0.0
MBX00455,2026-05-17,0,3,0,0,0.0
MBX00455,2026-05-18,5,40,1,1,2.5
MBX00455,2026-05-19,3,30,2,1,6.67
MBX00455,2026-05-20,4,33,0,0,0.0
MBX00455,2026-05-21,8,28,1,0,3.57
MBX00455,2026-05-22,5,34,0,1,0.0
MBX00455,2026-05-23,0,3,0,0,0.0
MBX00455,2026-05-24,0,7,1,0,14.29
MBX00455,2026-05-25,4,35,2,1,5.71
MBX00455,2026-05-26,6,29,3,0,10.34
MBX00455,2026-05-27,2,37,2,1,5.41
MBX00455,2026-05-28,5,48,2,1,4.17
MBX00455,2026-05-29,4,35,1,0,2.86
MBX00455,2026-05-30,1,7,1,0,14.29
MBX00455,2026-05-31,0,4,0,0,0.0
MBX00455,2026-06-01,3,39,3,0,7.69
MBX00455,2026-06-02,7,36,2,0,5.56
MBX00455,2026-06-03,7,29,1,1,3.45
MBX00455,2026-06-04,8,37,5,0,13.51
MBX00455,2026-06-05,11,39,6,1,15.38
MBX00455,2026-06-06,1,2,0,0,0.0
MBX00455,2026-06-07,3,10,0,1,0.0
MBX00455,2026-06-08,3,40,2,0,5.0
MBX00455,2026-06-09,11,36,1,1,2.78
MBX00455,2026-06-10,4,34,2,1,5.88
MBX00455,2026-06-11,7,38,1,0,2.63
MBX00455,2026-06-12,6,42,2,2,4.76
MBX00455,2026-06-13,0,7,1,0,14.29
MBX00455,2026-06-14,0,8,1,0,12.5
MBX00455,2026-06-15,5,29,3,0,10.34
MBX00455,2026-06-16,3,36,2,0,5.56
MBX00455,2026-06-17,6,29,5,1,17.24
MBX00455,2026-06-18,5,38,1,0,2.63
MBX00455,2026-06-19,6,34,4,0,11.76
MBX00455,2026-06-20,0,2,0,0,0.0
MBX00455,2026-06-21,1,10,1,0,10.0
MBX00455,2026-06-22,5,30,1,0,3.33
MBX00455,2026-06-23,8,42,3,1,7.14
MBX00455,2026-06-24,7,41,6,0,14.63
MBX00455,2026-06-25,7,35,5,0,14.29
MBX00455,2026-06-26,4,40,2,0,5.0
MBX00455,2026-06-27,3,3,0,0,0.0
MBX00455,2026-06-28,2,4,0,0,0.0
MBX00455,2026-06-29,6,35,1,0,2.86
MBX00455,2026-06-30,4,41,5,0,12.2
MBX00455,2026-07-01,2,48,0,2,0.0
MBX00455,2026-07-02,5,41,8,0,19.51
MBX00455,2026-07-03,9,46,5,0,10.87
MBX00455,2026-07-04,1,4,0,0,0.0
MBX00455,2026-07-05,0,6,0,0,0.0
MBX00455,2026-07-06,7,36,1,0,2.78
MBX00455,2026-07-07,3,31,6,1,19.35
MBX00455,2026-07-08,3,40,2,1,5.0
MBX00455,2026-07-09,3,35,2,0,5.71
MBX00455,2026-07-10,4,32,1,0,3.12
MBX00455,2026-07-11,1,5,1,0,20.0
MBX00455,2026-07-12,0,3,1,0,33.33
MBX00455,2026-07-13,5,46,6,2,13.04
MBX00455,2026-07-14,7,31,1,0,3.23
MBX00455,2026-07-15,4,35,3,0,8.57
MBX00455,2026-07-16,5,43,2,0,4.65
MBX00455,2026-07-17,11,31,4,0,12.9
MBX00455,2026-07-18,1,3,0,0,0.0
MBX00455,2026-07-19,3,4,0,0,0.0
MBX00455,2026-07-20,7,33,2,0,6.06
MBX00455,2026-07-21,3,43,5,0,11.63
MBX00455,2026-07-22,5,40,4,1,10.0
MBX00455,2026-07-23,5,50,4,1,8.0
MBX00455,2026-07-24,5,40,1,0,2.5
MBX00338,2026-04-26,5,20,1,1,5.0
MBX00338,2026-04-27,19,96,6,1,6.25
MBX00338,2026-04-28,20,98,8,2,8.16
MBX00338,2026-04-29,17,109,3,0,2.75
MBX00338,2026-04-30,20,96,2,2,2.08
MBX00338,2026-05-01,18,84,5,0,5.95
MBX00338,2026-05-02,1,11,0,1,0.0
MBX00338,2026-05-03,3,11,1,0,9.09
MBX00338,2026-05-04,21,93,6,0,6.45
MBX00338,2026-05-05,19,78,2,1,2.56
MBX00338,2026-05-06,23,98,8,3,8.16
MBX00338,2026-05-07,16,88,6,0,6.82
MBX00338,2026-05-08,16,87,5,2,5.75
MBX00338,2026-05-09,2,14,0,0,0.0
MBX00338,2026-05-10,5,17,1,0,5.88
MBX00338,2026-05-11,15,88,4,2,4.55
MBX00338,2026-05-12,20,79,8,1,10.13
MBX00338,2026-05-13,25,105,2,1,1.9
MBX00338,2026-05-14,24,107,5,2,4.67
MBX00338,2026-05-15,14,101,8,1,7.92
MBX00338,2026-05-16,3,12,0,0,0.0
MBX00338,2026-05-17,4,15,1,2,6.67
MBX00338,2026-05-18,20,97,6,1,6.19
MBX00338,2026-05-19,19,91,4,3,4.4
MBX00338,2026-05-20,25,103,8,0,7.77
MBX00338,2026-05-21,18,86,3,1,3.49
MBX00338,2026-05-22,26,92,5,0,5.43
MBX00338,2026-05-23,2,8,0,1,0.0
MBX00338,2026-05-24,9,11,1,0,9.09
MBX00338,2026-05-25,22,93,6,1,6.45
MBX00338,2026-05-26,17,115,5,2,4.35
MBX00338,2026-05-27,18,91,6,2,6.59
MBX00338,2026-05-28,22,93,8,4,8.6
MBX00338,2026-05-29,21,99,5,1,5.05
MBX00338,2026-05-30,2,10,1,0,10.0
MBX00338,2026-05-31,4,21,1,0,4.76
MBX00338,2026-06-01,17,79,5,1,6.33
MBX00338,2026-06-02,19,72,4,2,5.56
MBX00338,2026-06-03,23,99,7,3,7.07
MBX00338,2026-06-04,22,98,6,2,6.12
MBX00338,2026-06-05,25,88,4,1,4.55
MBX00338,2026-06-06,1,16,0,0,0.0
MBX00338,2026-06-07,3,13,0,0,0.0
MBX00338,2026-06-08,16,63,2,0,3.17
MBX00338,2026-06-09,11,84,7,1,8.33
MBX00338,2026-06-10,24,113,4,2,3.54
MBX00338,2026-06-11,25,108,8,1,7.41
MBX00338,2026-06-12,19,94,5,1,5.32
MBX00338,2026-06-13,5,8,0,0,0.0
MBX00338,2026-06-14,2,9,0,0,0.0
MBX00338,2026-06-15,19,98,3,1,3.06
MBX00338,2026-06-16,22,91,6,0,6.59
MBX00338,2026-06-17,22,96,10,1,10.42
MBX00338,2026-06-18,24,93,6,1,6.45
MBX00338,2026-06-19,20,96,2,3,2.08
MBX00338,2026-06-20,1,9,0,0,0.0
MBX00338,2026-06-21,2,14,0,0,0.0
MBX00338,2026-06-22,22,89,4,1,4.49
MBX00338,2026-06-23,20,104,4,3,3.85
MBX00338,2026-06-24,13,99,6,0,6.06
MBX00338,2026-06-25,16,86,4,1,4.65
MBX00338,2026-06-26,18,77,5,1,6.49
MBX00338,2026-06-27,4,18,2,0,11.11
MBX00338,2026-06-28,0,12,0,0,0.0
MBX00338,2026-06-29,21,119,10,2,8.4
MBX00338,2026-06-30,18,97,1,1,1.03
MBX00338,2026-07-01,23,100,5,2,5.0
MBX00338,2026-07-02,22,85,6,1,7.06
MBX00338,2026-07-03,16,93,5,2,5.38
MBX00338,2026-07-04,5,18,1,0,5.56
MBX00338,2026-07-05,2,13,3,0,23.08
MBX00338,2026-07-06,22,79,6,0,7.59
MBX00338,2026-07-07,24,91,6,2,6.59
MBX00338,2026-07-08,22,81,4,1,4.94
MBX00338,2026-07-09,21,90,3,0,3.33
MBX00338,2026-07-10,18,84,7,0,8.33
MBX00338,2026-07-11,3,11,0,1,0.0
MBX00338,2026-07-12,1,11,1,0,9.09
MBX00338,2026-07-13,20,104,8,2,7.69
MBX00338,2026-07-14,22,93,4,0,4.3
MBX00338,2026-07-15,21,94,10,3,10.64
MBX00338,2026-07-16,19,78,5,1,6.41
MBX00338,2026-07-17,21,110,7,1,6.36
MBX00338,2026-07-18,1,19,1,0,5.26
MBX00338,2026-07-19,6,13,0,0,0.0
MBX00338,2026-07-20,17,104,5,2,4.81
MBX00338,2026-07-21,15,89,7,2,7.87
MBX00338,2026-07-22,21,103,7,1,6.8
MBX00338,2026-07-23,20,101,10,1,9.9
MBX00338,2026-07-24,26,105,6,2,5.71
MBX00523,2026-04-26,5,16,0,0,0.0
MBX00523,2026-04-27,29,76,9,1,11.84
MBX00523,2026-04-28,20,74,4,1,5.41
MBX00523,2026-04-29,28,88,0,1,0.0
MBX00523,2026-04-30,28,67,0,0,0.0
MBX00523,2026-05-01,25,74,6,3,8.11
MBX00523,2026-05-02,7,9,0,0,0.0
MBX00523,2026-05-03,2,13,1,0,7.69
MBX00523,2026-05-04,28,75,5,2,6.67
MBX00523,2026-05-05,27,70,3,0,4.29
MBX00523,2026-05-06,25,68,2,0,2.94
MBX00523,2026-05-07,30,75,4,2,5.33
MBX00523,2026-05-08,33,65,4,1,6.15
MBX00523,2026-05-09,3,12,1,0,8.33
MBX00523,2026-05-10,4,14,0,0,0.0
MBX00523,2026-05-11,32,80,3,0,3.75
MBX00523,2026-05-12,15,80,4,2,5.0
MBX00523,2026-05-13,25,49,0,2,0.0
MBX00523,2026-05-14,28,75,6,2,8.0
MBX00523,2026-05-15,29,64,3,0,4.69
MBX00523,2026-05-16,6,13,1,0,7.69
MBX00523,2026-05-17,5,10,0,0,0.0
MBX00523,2026-05-18,30,85,6,0,7.06
MBX00523,2026-05-19,27,63,7,0,11.11
MBX00523,2026-05-20,29,72,3,1,4.17
MBX00523,2026-05-21,20,73,4,0,5.48
MBX00523,2026-05-22,23,82,2,0,2.44
MBX00523,2026-05-23,7,10,1,0,10.0
MBX00523,2026-05-24,5,10,0,0,0.0
MBX00523,2026-05-25,33,76,3,1,3.95
MBX00523,2026-05-26,23,77,3,1,3.9
MBX00523,2026-05-27,34,57,4,0,7.02
MBX00523,2026-05-28,30,62,2,1,3.23
MBX00523,2026-05-29,30,70,6,1,8.57
MBX00523,2026-05-30,3,13,0,0,0.0
MBX00523,2026-05-31,4,15,1,0,6.67
MBX00523,2026-06-01,36,69,5,1,7.25
MBX00523,2026-06-02,31,76,4,2,5.26
MBX00523,2026-06-03,29,85,7,1,8.24
MBX00523,2026-06-04,32,69,5,0,7.25
MBX00523,2026-06-05,25,60,0,2,0.0
MBX00523,2026-06-06,3,8,3,0,37.5
MBX00523,2026-06-07,8,10,1,0,10.0
MBX00523,2026-06-08,36,68,4,1,5.88
MBX00523,2026-06-09,40,81,6,1,7.41
MBX00523,2026-06-10,24,76,3,0,3.95
MBX00523,2026-06-11,30,77,6,2,7.79
MBX00523,2026-06-12,23,81,6,1,7.41
MBX00523,2026-06-13,3,11,0,1,0.0
MBX00523,2026-06-14,4,9,0,0,0.0
MBX00523,2026-06-15,43,80,3,0,3.75
MBX00523,2026-06-16,21,79,7,3,8.86
MBX00523,2026-06-17,28,76,3,1,3.95
MBX00523,2026-06-18,19,67,5,2,7.46
MBX00523,2026-06-19,27,67,2,0,2.99
MBX00523,2026-06-20,1,12,0,0,0.0
MBX00523,2026-06-21,2,9,1,0,11.11
MBX00523,2026-06-22,27,66,1,1,1.52
MBX00523,2026-06-23,42,71,5,0,7.04
MBX00523,2026-06-24,31,69,7,1,10.14
MBX00523,2026-06-25,24,75,4,5,5.33
MBX00523,2026-06-26,27,70,4,1,5.71
MBX00523,2026-06-27,0,17,3,0,17.65
MBX00523,2026-06-28,2,7,1,0,14.29
MBX00523,2026-06-29,23,69,5,1,7.25
MBX00523,2026-06-30,47,71,1,1,1.41
MBX00523,2026-07-01,28,75,6,1,8.0
MBX00523,2026-07-02,24,73,3,1,4.11
MBX00523,2026-07-03,24,68,9,1,13.24
MBX00523,2026-07-04,4,12,1,0,8.33
MBX00523,2026-07-05,1,14,2,0,14.29
MBX00523,2026-07-06,37,71,2,3,2.82
MBX00523,2026-07-07,36,80,7,2,8.75
MBX00523,2026-07-08,32,73,3,1,4.11
MBX00523,2026-07-09,34,54,3,0,5.56
MBX00523,2026-07-10,27,90,3,1,3.33
MBX00523,2026-07-11,0,9,0,0,0.0
MBX00523,2026-07-12,4,11,0,0,0.0
MBX00523,2026-07-13,25,68,6,0,8.82
MBX00523,2026-07-14,37,81,7,2,8.64
MBX00523,2026-07-15,36,69,3,1,4.35
MBX00523,2026-07-16,20,65,4,0,6.15
MBX00523,2026-07-17,23,86,5,1,5.81
MBX00523,2026-07-18,5,15,1,0,6.67
MBX00523,2026-07-19,5,8,0,0,0.0
MBX00523,2026-07-20,31,76,3,1,3.95
MBX00523,2026-07-21,24,72,4,1,5.56
MBX00523,2026-07-22,40,63,5,0,7.94
MBX00523,2026-07-23,24,78,4,1,5.13
MBX00523,2026-07-24,27,83,3,0,3.61
MBX00162,2026-04-26,3,15,0,1,0.0
MBX00162,2026-04-27,29,114,4,0,3.51
MBX00162,2026-04-28,32,108,3,1,2.78
MBX00162,2026-04-29,28,89,11,0,12.36
MBX00162,2026-04-30,31,119,7,1,5.88
MBX00162,2026-05-01,25,111,3,2,2.7
MBX00162,2026-05-02,6,21,0,1,0.0
MBX00162,2026-05-03,5,18,1,1,5.56
MBX00162,2026-05-04,27,108,5,2,4.63
MBX00162,2026-05-05,24,111,8,0,7.21
MBX00162,2026-05-06,21,102,9,1,8.82
MBX00162,2026-05-07,39,116,6,2,5.17
MBX00162,2026-05-08,30,128,9,2,7.03
MBX00162,2026-05-09,2,14,3,0,21.43
MBX00162,2026-05-10,4,22,3,0,13.64
MBX00162,2026-05-11,25,119,6,1,5.04
MBX00162,2026-05-12,36,100,6,2,6.0
MBX00162,2026-05-13,28,121,12,2,9.92
MBX00162,2026-05-14,33,129,10,3,7.75
MBX00162,2026-05-15,33,111,7,1,6.31
MBX00162,2026-05-16,2,12,0,0,0.0
MBX00162,2026-05-17,4,13,3,0,23.08
MBX00162,2026-05-18,25,114,7,2,6.14
MBX00162,2026-05-19,25,117,7,1,5.98
MBX00162,2026-05-20,25,99,10,3,10.1
MBX00162,2026-05-21,22,105,8,1,7.62
MBX00162,2026-05-22,22,102,14,1,13.73
MBX00162,2026-05-23,3,14,1,0,7.14
MBX00162,2026-05-24,4,20,1,0,5.0
MBX00162,2026-05-25,36,113,8,2,7.08
MBX00162,2026-05-26,23,98,6,2,6.12
MBX00162,2026-05-27,23,119,6,2,5.04
MBX00162,2026-05-28,25,117,7,1,5.98
MBX00162,2026-05-29,23,99,8,0,8.08
MBX00162,2026-05-30,6,24,0,0,0.0
MBX00162,2026-05-31,3,19,1,0,5.26
MBX00162,2026-06-01,30,105,6,1,5.71
MBX00162,2026-06-02,29,114,3,1,2.63
MBX00162,2026-06-03,26,115,5,0,4.35
MBX00162,2026-06-04,21,104,11,2,10.58
MBX00162,2026-06-05,32,110,7,0,6.36
MBX00162,2026-06-06,8,12,1,0,8.33
MBX00162,2026-06-07,5,19,0,0,0.0
MBX00162,2026-06-08,37,124,8,0,6.45
MBX00162,2026-06-09,24,112,6,0,5.36
MBX00162,2026-06-10,28,110,5,2,4.55
MBX00162,2026-06-11,22,108,10,1,9.26
MBX00162,2026-06-12,24,96,5,0,5.21
MBX00162,2026-06-13,3,13,1,0,7.69
MBX00162,2026-06-14,4,15,1,0,6.67
MBX00162,2026-06-15,30,91,12,1,13.19
MBX00162,2026-06-16,26,108,5,0,4.63
MBX00162,2026-06-17,19,107,5,0,4.67
MBX00162,2026-06-18,26,96,6,1,6.25
MBX00162,2026-06-19,38,124,7,1,5.65
MBX00162,2026-06-20,11,19,0,0,0.0
MBX00162,2026-06-21,4,17,1,0,5.88
MBX00162,2026-06-22,20,106,7,6,6.6
MBX00162,2026-06-23,24,103,9,3,8.74
MBX00162,2026-06-24,28,125,6,1,4.8
MBX00162,2026-06-25,27,106,7,1,6.6
MBX00162,2026-06-26,25,105,5,0,4.76
MBX00162,2026-06-27,2,18,1,0,5.56
MBX00162,2026-06-28,1,26,0,0,0.0
MBX00162,2026-06-29,36,111,10,2,9.01
MBX00162,2026-06-30,29,89,6,0,6.74
MBX00162,2026-07-01,28,102,7,1,6.86
MBX00162,2026-07-02,28,123,6,2,4.88
MBX00162,2026-07-03,28,115,4,2,3.48
MBX00162,2026-07-04,4,21,0,2,0.0
MBX00162,2026-07-05,2,17,2,0,11.76
MBX00162,2026-07-06,26,115,9,1,7.83
MBX00162,2026-07-07,29,107,3,0,2.8
MBX00162,2026-07-08,28,94,2,3,2.13
MBX00162,2026-07-09,26,124,9,4,7.26
MBX00162,2026-07-10,22,104,5,0,4.81
MBX00162,2026-07-11,1,20,0,0,0.0
MBX00162,2026-07-12,4,16,2,0,12.5
MBX00162,2026-07-13,27,113,6,1,5.31
MBX00162,2026-07-14,30,124,8,2,6.45
MBX00162,2026-07-15,22,113,6,0,5.31
MBX00162,2026-07-16,26,115,5,2,4.35
MBX00162,2026-07-17,27,92,8,1,8.7
MBX00162,2026-07-18,9,15,0,0,0.0
MBX00162,2026-07-19,3,16,0,0,0.0
MBX00162,2026-07-20,27,90,8,2,8.89
MBX00162,2026-07-21,18,110,4,2,3.64
MBX00162,2026-07-22,28,121,6,0,4.96
MBX00162,2026-07-23,31,111,10,2,9.01
MBX00162,2026-07-24,17,120,6,1,5.0
MBX00607,2026-04-26,7,9,0,0,0.0
MBX00607,2026-04-27,38,56,3,1,5.36
MBX00607,2026-04-28,30,73,3,0,4.11
MBX00607,2026-04-29,25,60,6,1,10.0
MBX00607,2026-04-30,24,79,9,1,11.39
MBX00607,2026-05-01,38,57,2,0,3.51
MBX00607,2026-05-02,5,13,1,0,7.69
MBX00607,2026-05-03,5,20,3,0,15.0
MBX00607,2026-05-04,26,68,5,0,7.35
MBX00607,2026-05-05,34,74,4,0,5.41
MBX00607,2026-05-06,26,72,7,1,9.72
MBX00607,2026-05-07,32,67,3,0,4.48
MBX00607,2026-05-08,35,66,1,2,1.52
MBX00607,2026-05-09,6,9,0,0,0.0
MBX00607,2026-05-10,3,9,0,1,0.0
MBX00607,2026-05-11,30,61,1,0,1.64
MBX00607,2026-05-12,30,68,7,1,10.29
MBX00607,2026-05-13,31,72,10,0,13.89
MBX00607,2026-05-14,22,55,2,1,3.64
MBX00607,2026-05-15,27,61,2,0,3.28
MBX00607,2026-05-16,3,8,0,0,0.0
MBX00607,2026-05-17,3,12,0,0,0.0
MBX00607,2026-05-18,27,49,2,0,4.08
MBX00607,2026-05-19,31,78,3,2,3.85
MBX00607,2026-05-20,34,68,2,0,2.94
MBX00607,2026-05-21,25,59,1,3,1.69
MBX00607,2026-05-22,22,65,5,0,7.69
MBX00607,2026-05-23,11,7,0,0,0.0
MBX00607,2026-05-24,2,8,1,0,12.5
MBX00607,2026-05-25,33,73,9,0,12.33
MBX00607,2026-05-26,32,59,2,0,3.39
MBX00607,2026-05-27,40,71,0,0,0.0
MBX00607,2026-05-28,35,76,6,2,7.89
MBX00607,2026-05-29,33,68,3,0,4.41
MBX00607,2026-05-30,4,7,1,0,14.29
MBX00607,2026-05-31,5,10,0,0,0.0
MBX00607,2026-06-01,30,64,3,0,4.69
MBX00607,2026-06-02,40,59,0,1,0.0
MBX00607,2026-06-03,21,72,2,1,2.78
MBX00607,2026-06-04,49,59,2,0,3.39
MBX00607,2026-06-05,31,60,2,0,3.33
MBX00607,2026-06-06,5,8,0,0,0.0
MBX00607,2026-06-07,5,11,1,0,9.09
MBX00607,2026-06-08,28,85,4,2,4.71
MBX00607,2026-06-09,28,60,4,0,6.67
MBX00607,2026-06-10,27,66,8,2,12.12
MBX00607,2026-06-11,32,65,7,3,10.77
MBX00607,2026-06-12,21,65,4,0,6.15
MBX00607,2026-06-13,6,8,0,0,0.0
MBX00607,2026-06-14,4,9,0,0,0.0
MBX00607,2026-06-15,29,61,4,1,6.56
MBX00607,2026-06-16,25,69,5,1,7.25
MBX00607,2026-06-17,30,83,4,0,4.82
MBX00607,2026-06-18,34,69,4,2,5.8
MBX00607,2026-06-19,34,63,4,1,6.35
MBX00607,2026-06-20,3,14,0,0,0.0
MBX00607,2026-06-21,4,7,1,0,14.29
MBX00607,2026-06-22,33,78,3,0,3.85
MBX00607,2026-06-23,28,70,2,2,2.86
MBX00607,2026-06-24,20,65,3,0,4.62
MBX00607,2026-06-25,37,52,3,1,5.77
MBX00607,2026-06-26,24,58,3,0,5.17
MBX00607,2026-06-27,1,13,0,0,0.0
MBX00607,2026-06-28,6,6,0,0,0.0
MBX00607,2026-06-29,33,65,2,2,3.08
MBX00607,2026-06-30,38,80,2,5,2.5
MBX00607,2026-07-01,33,87,2,2,2.3
MBX00607,2026-07-02,29,59,1,2,1.69
MBX00607,2026-07-03,31,82,4,2,4.88
MBX00607,2026-07-04,9,5,0,0,0.0
MBX00607,2026-07-05,2,8,1,0,12.5
MBX00607,2026-07-06,37,55,7,0,12.73
MBX00607,2026-07-07,34,55,4,2,7.27
MBX00607,2026-07-08,28,57,3,2,5.26
MBX00607,2026-07-09,29,71,4,2,5.63
MBX00607,2026-07-10,32,64,2,2,3.12
MBX00607,2026-07-11,6,10,0,0,0.0
MBX00607,2026-07-12,8,9,0,1,0.0
MBX00607,2026-07-13,32,85,5,1,5.88
MBX00607,2026-07-14,30,56,4,0,7.14
MBX00607,2026-07-15,28,75,3,2,4.0
MBX00607,2026-07-16,25,69,4,1,5.8
MBX00607,2026-07-17,31,88,7,2,7.95
MBX00607,2026-07-18,4,12,0,0,0.0
MBX00607,2026-07-19,5,8,0,0,0.0
MBX00607,2026-07-20,34,72,5,2,6.94
MBX00607,2026-07-21,23,70,6,1,8.57
MBX00607,2026-07-22,32,68,3,1,4.41
MBX00607,2026-07-23,31,56,5,1,8.93
MBX00607,2026-07-24,29,84,2,1,2.38
MBX00007,2026-04-26,3,7,1,1,14.29
MBX00007,2026-04-27,13,40,2,2,5.0
MBX00007,2026-04-28,16,38,2,0,5.26
MBX00007,2026-04-29,19,35,3,0,8.57
MBX00007,2026-04-30,15,39,3,0,7.69
MBX00007,2026-05-01,11,41,1,1,2.44
MBX00007,2026-05-02,4,4,0,0,0.0
MBX00007,2026-05-03,2,7,0,0,0.0
MBX00007,2026-05-04,22,28,2,0,7.14
MBX00007,2026-05-05,11,48,4,3,8.33
MBX00007,2026-05-06,23,36,4,0,11.11
MBX00007,2026-05-07,8,45,4,1,8.89
MBX00007,2026-05-08,14,36,2,1,5.56
MBX00007,2026-05-09,4,6,1,0,16.67
MBX00007,2026-05-10,4,6,1,0,16.67
MBX00007,2026-05-11,9,41,3,0,7.32
MBX00007,2026-05-12,14,28,1,0,3.57
MBX00007,2026-05-13,18,31,0,0,0.0
MBX00007,2026-05-14,16,41,4,0,9.76
MBX00007,2026-05-15,11,45,2,0,4.44
MBX00007,2026-05-16,3,3,0,0,0.0
MBX00007,2026-05-17,6,6,0,0,0.0
MBX00007,2026-05-18,18,33,3,1,9.09
MBX00007,2026-05-19,14,34,2,0,5.88
MBX00007,2026-05-20,18,36,5,0,13.89
MBX00007,2026-05-21,8,31,2,0,6.45
MBX00007,2026-05-22,12,32,1,0,3.12
MBX00007,2026-05-23,1,3,0,0,0.0
MBX00007,2026-05-24,0,5,1,0,20.0
MBX00007,2026-05-25,18,33,5,0,15.15
MBX00007,2026-05-26,15,37,1,0,2.7
MBX00007,2026-05-27,15,35,2,0,5.71
MBX00007,2026-05-28,22,41,3,0,7.32
MBX00007,2026-05-29,20,32,2,0,6.25
MBX00007,2026-05-30,4,7,0,0,0.0
MBX00007,2026-05-31,2,8,0,0,0.0
MBX00007,2026-06-01,6,42,2,0,4.76
MBX00007,2026-06-02,11,36,3,0,8.33
MBX00007,2026-06-03,10,24,4,0,16.67
MBX00007,2026-06-04,12,28,0,1,0.0
MBX00007,2026-06-05,14,36,3,1,8.33
MBX00007,2026-06-06,2,4,0,0,0.0
MBX00007,2026-06-07,5,8,0,0,0.0
MBX00007,2026-06-08,17,38,2,0,5.26
MBX00007,2026-06-09,10,49,1,0,2.04
MBX00007,2026-06-10,17,39,2,0,5.13
MBX00007,2026-06-11,9,39,2,0,5.13
MBX00007,2026-06-12,18,33,3,0,9.09
MBX00007,2026-06-13,1,2,0,0,0.0
MBX00007,2026-06-14,1,4,0,0,0.0
MBX00007,2026-06-15,21,48,3,0,6.25
MBX00007,2026-06-16,11,46,3,2,6.52
MBX00007,2026-06-17,10,44,1,0,2.27
MBX00007,2026-06-18,16,47,3,0,6.38
MBX00007,2026-06-19,10,28,2,0,7.14
MBX00007,2026-06-20,2,3,0,0,0.0
MBX00007,2026-06-21,3,6,0,0,0.0
MBX00007,2026-06-22,13,34,2,1,5.88
MBX00007,2026-06-23,11,38,2,0,5.26
MBX00007,2026-06-24,16,36,1,2,2.78
MBX00007,2026-06-25,16,26,0,1,0.0
MBX00007,2026-06-26,18,43,1,1,2.33
MBX00007,2026-06-27,2,2,0,0,0.0
MBX00007,2026-06-28,5,5,0,0,0.0
MBX00007,2026-06-29,12,39,1,0,2.56
MBX00007,2026-06-30,7,43,1,1,2.33
MBX00007,2026-07-01,14,35,3,1,8.57
MBX00007,2026-07-02,15,42,1,0,2.38
MBX00007,2026-07-03,8,42,2,1,4.76
MBX00007,2026-07-04,2,6,0,1,0.0
MBX00007,2026-07-05,4,2,0,0,0.0
MBX00007,2026-07-06,16,34,4,0,11.76
MBX00007,2026-07-07,15,31,2,0,6.45
MBX00007,2026-07-08,12,35,1,0,2.86
MBX00007,2026-07-09,10,23,3,0,13.04
MBX00007,2026-07-10,13,30,2,1,6.67
MBX00007,2026-07-11,3,8,0,0,0.0
MBX00007,2026-07-12,3,2,0,0,0.0
MBX00007,2026-07-13,16,36,2,1,5.56
MBX00007,2026-07-14,19,41,4,0,9.76
MBX00007,2026-07-15,14,36,1,1,2.78
MBX00007,2026-07-16,17,26,0,0,0.0
MBX00007,2026-07-17,13,37,4,0,10.81
MBX00007,2026-07-18,5,2,2,0,100.0
MBX00007,2026-07-19,0,5,1,0,20.0
MBX00007,2026-07-20,12,28,0,0,0.0
MBX00007,2026-07-21,16,41,4,1,9.76
MBX00007,2026-07-22,15,34,1,0,2.94
MBX00007,2026-07-23,12,39,2,0,5.13
MBX00007,2026-07-24,18,33,2,0,6.06
MBX00303,2026-04-26,3,6,0,0,0.0
MBX00303,2026-04-27,13,36,2,0,5.56
MBX00303,2026-04-28,10,45,1,4,2.22
MBX00303,2026-04-29,8,37,2,1,5.41
MBX00303,2026-04-30,16,26,1,0,3.85
MBX00303,2026-05-01,8,36,1,1,2.78
MBX00303,2026-05-02,2,2,0,0,0.0
MBX00303,2026-05-03,2,13,0,0,0.0
MBX00303,2026-05-04,11,53,2,0,3.77
MBX00303,2026-05-05,10,33,3,1,9.09
MBX00303,2026-05-06,23,41,1,1,2.44
MBX00303,2026-05-07,19,43,0,0,0.0
MBX00303,2026-05-08,17,42,1,0,2.38
MBX00303,2026-05-09,2,3,1,0,33.33
MBX00303,2026-05-10,1,11,0,0,0.0
MBX00303,2026-05-11,8,60,4,1,6.67
MBX00303,2026-05-12,13,34,1,1,2.94
MBX00303,2026-05-13,14,39,4,0,10.26
MBX00303,2026-05-14,18,37,4,0,10.81
MBX00303,2026-05-15,17,47,5,0,10.64
MBX00303,2026-05-16,0,1,0,0,0.0
MBX00303,2026-05-17,4,4,0,0,0.0
MBX00303,2026-05-18,11,32,1,0,3.12
MBX00303,2026-05-19,10,51,5,1,9.8
MBX00303,2026-05-20,9,32,1,0,3.12
MBX00303,2026-05-21,6,40,0,0,0.0
MBX00303,2026-05-22,12,35,0,1,0.0
MBX00303,2026-05-23,3,8,0,2,0.0
MBX00303,2026-05-24,3,7,1,1,14.29
MBX00303,2026-05-25,10,55,3,2,5.45
MBX00303,2026-05-26,17,38,2,0,5.26
MBX00303,2026-05-27,8,30,3,0,10.0
MBX00303,2026-05-28,16,47,2,0,4.26
MBX00303,2026-05-29,18,46,4,1,8.7
MBX00303,2026-05-30,1,3,1,0,33.33
MBX00303,2026-05-31,0,4,0,0,0.0
MBX00303,2026-06-01,12,40,6,0,15.0
MBX00303,2026-06-02,6,44,4,0,9.09
MBX00303,2026-06-03,6,43,2,1,4.65
MBX00303,2026-06-04,11,45,1,1,2.22
MBX00303,2026-06-05,14,45,6,0,13.33
MBX00303,2026-06-06,2,5,0,0,0.0
MBX00303,2026-06-07,3,3,0,0,0.0
MBX00303,2026-06-08,8,29,4,0,13.79
MBX00303,2026-06-09,8,40,2,0,5.0
MBX00303,2026-06-10,14,38,0,2,0.0
MBX00303,2026-06-11,7,39,0,0,0.0
MBX00303,2026-06-12,21,42,1,0,2.38
MBX00303,2026-06-13,1,9,1,0,11.11
MBX00303,2026-06-14,3,3,0,0,0.0
MBX00303,2026-06-15,11,37,1,0,2.7
MBX00303,2026-06-16,16,42,3,1,7.14
MBX00303,2026-06-17,5,42,3,0,7.14
MBX00303,2026-06-18,13,51,0,1,0.0
MBX00303,2026-06-19,10,27,2,0,7.41
MBX00303,2026-06-20,2,3,0,0,0.0
MBX00303,2026-06-21,1,8,0,0,0.0
MBX00303,2026-06-22,20,45,2,0,4.44
MBX00303,2026-06-23,12,50,2,0,4.0
MBX00303,2026-06-24,15,41,3,1,7.32
MBX00303,2026-06-25,8,43,1,0,2.33
MBX00303,2026-06-26,17,45,1,1,2.22
MBX00303,2026-06-27,0,7,0,0,0.0
MBX00303,2026-06-28,0,3,0,0,0.0
MBX00303,2026-06-29,12,38,4,0,10.53
MBX00303,2026-06-30,14,44,5,0,11.36
MBX00303,2026-07-01,11,42,3,0,7.14
MBX00303,2026-07-02,12,43,3,1,6.98
MBX00303,2026-07-03,16,47,1,0,2.13
MBX00303,2026-07-04,0,6,1,0,16.67
MBX00303,2026-07-05,2,8,0,0,0.0
MBX00303,2026-07-06,16,42,3,1,7.14
MBX00303,2026-07-07,11,35,2,0,5.71
MBX00303,2026-07-08,11,47,2,1,4.26
MBX00303,2026-07-09,16,40,1,0,2.5
MBX00303,2026-07-10,8,49,2,2,4.08
MBX00303,2026-07-11,1,7,0,0,0.0
MBX00303,2026-07-12,1,5,2,0,40.0
MBX00303,2026-07-13,10,37,1,1,2.7
MBX00303,2026-07-14,6,45,2,1,4.44
MBX00303,2026-07-15,11,41,2,0,4.88
MBX00303,2026-07-16,8,41,5,0,12.2
MBX00303,2026-07-17,13,38,1,1,2.63
MBX00303,2026-07-18,2,2,0,0,0.0
MBX00303,2026-07-19,1,7,0,0,0.0
MBX00303,2026-07-20,12,45,1,0,2.22
MBX00303,2026-07-21,16,37,2,1,5.41
MBX00303,2026-07-22,11,43,4,0,9.3
MBX00303,2026-07-23,14,33,6,0,18.18
MBX00303,2026-07-24,8,58,6,0,10.34
MBX00585,2026-04-26,0,20,1,0,5.0
MBX00585,2026-04-27,16,89,9,0,10.11
MBX00585,2026-04-28,20,111,8,1,7.21
MBX00585,2026-04-29,31,103,3,1,2.91
MBX00585,2026-04-30,20,120,6,0,5.0
MBX00585,2026-05-01,24,93,8,0,8.6
MBX00585,2026-05-02,5,22,1,0,4.55
MBX00585,2026-05-03,2,16,0,0,0.0
MBX00585,2026-05-04,38,101,1,1,0.99
MBX00585,2026-05-05,32,95,9,1,9.47
MBX00585,2026-05-06,23,105,4,1,3.81
MBX00585,2026-05-07,17,119,10,2,8.4
MBX00585,2026-05-08,23,110,4,0,3.64
MBX00585,2026-05-09,1,15,1,0,6.67
MBX00585,2026-05-10,0,19,0,0,0.0
MBX00585,2026-05-11,18,125,10,1,8.0
MBX00585,2026-05-12,24,92,4,1,4.35
MBX00585,2026-05-13,36,119,13,2,10.92
MBX00585,2026-05-14,15,101,6,2,5.94
MBX00585,2026-05-15,12,109,5,1,4.59
MBX00585,2026-05-16,1,23,3,0,13.04
MBX00585,2026-05-17,6,14,2,1,14.29
MBX00585,2026-05-18,22,95,8,1,8.42
MBX00585,2026-05-19,25,99,7,3,7.07
MBX00585,2026-05-20,21,91,8,1,8.79
MBX00585,2026-05-21,21,100,6,2,6.0
MBX00585,2026-05-22,22,106,3,2,2.83
MBX00585,2026-05-23,3,11,0,0,0.0
MBX00585,2026-05-24,4,14,0,2,0.0
MBX00585,2026-05-25,23,103,5,2,4.85
MBX00585,2026-05-26,23,111,5,0,4.5
MBX00585,2026-05-27,20,124,9,1,7.26
MBX00585,2026-05-28,18,112,3,3,2.68
MBX00585,2026-05-29,21,125,5,0,4.0
MBX00585,2026-05-30,4,19,0,1,0.0
MBX00585,2026-05-31,2,18,2,0,11.11
MBX00585,2026-06-01,27,105,3,0,2.86
MBX00585,2026-06-02,25,124,7,0,5.65
MBX00585,2026-06-03,13,93,6,1,6.45
MBX00585,2026-06-04,15,113,5,0,4.42
MBX00585,2026-06-05,25,109,6,1,5.5
MBX00585,2026-06-06,4,19,2,0,10.53
MBX00585,2026-06-07,3,12,0,0,0.0
MBX00585,2026-06-08,21,103,10,0,9.71
MBX00585,2026-06-09,22,106,4,3,3.77
MBX00585,2026-06-10,23,102,10,1,9.8
MBX00585,2026-06-11,20,118,5,0,4.24
MBX00585,2026-06-12,19,106,3,2,2.83
MBX00585,2026-06-13,3,18,2,0,11.11
MBX00585,2026-06-14,6,11,0,0,0.0
MBX00585,2026-06-15,21,102,1,0,0.98
MBX00585,2026-06-16,27,106,10,3,9.43
MBX00585,2026-06-17,13,128,9,2,7.03
MBX00585,2026-06-18,22,97,4,3,4.12
MBX00585,2026-06-19,27,107,6,0,5.61
MBX00585,2026-06-20,3,16,1,0,6.25
MBX00585,2026-06-21,3,19,4,0,21.05
MBX00585,2026-06-22,14,104,9,1,8.65
MBX00585,2026-06-23,17,106,8,0,7.55
MBX00585,2026-06-24,25,129,4,1,3.1
MBX00585,2026-06-25,21,110,4,2,3.64
MBX00585,2026-06-26,19,118,8,1,6.78
MBX00585,2026-06-27,3,21,2,1,9.52
MBX00585,2026-06-28,0,11,0,1,0.0
MBX00585,2026-06-29,25,126,6,1,4.76
MBX00585,2026-06-30,21,104,7,3,6.73
MBX00585,2026-07-01,16,100,4,1,4.0
MBX00585,2026-07-02,22,120,7,2,5.83
MBX00585,2026-07-03,22,126,11,1,8.73
MBX00585,2026-07-04,3,16,1,0,6.25
MBX00585,2026-07-05,4,14,1,0,7.14
MBX00585,2026-07-06,26,111,8,2,7.21
MBX00585,2026-07-07,22,114,4,1,3.51
MBX00585,2026-07-08,29,110,10,2,9.09
MBX00585,2026-07-09,19,117,6,3,5.13
MBX00585,2026-07-10,16,115,8,0,6.96
MBX00585,2026-07-11,2,18,4,0,22.22
MBX00585,2026-07-12,4,16,1,0,6.25
MBX00585,2026-07-13,25,115,8,0,6.96
MBX00585,2026-07-14,22,103,6,1,5.83
MBX00585,2026-07-15,23,106,5,1,4.72
MBX00585,2026-07-16,23,89,6,1,6.74
MBX00585,2026-07-17,28,103,5,1,4.85
MBX00585,2026-07-18,7,19,2,0,10.53
MBX00585,2026-07-19,5,24,3,1,12.5
MBX00585,2026-07-20,13,93,4,0,4.3
MBX00585,2026-07-21,20,110,6,1,5.45
MBX00585,2026-07-22,28,106,10,3,9.43
MBX00585,2026-07-23,19,115,8,3,6.96
MBX00585,2026-07-24,14,109,4,2,3.67
MBX00269,2026-04-26,5,12,1,0,8.33
MBX00269,2026-04-27,44,91,6,0,6.59
MBX00269,2026-04-28,43,86,5,2,5.81
MBX00269,2026-04-29,42,100,3,2,3.0
MBX00269,2026-04-30,34,119,5,1,4.2
MBX00269,2026-05-01,37,121,12,0,9.92
MBX00269,2026-05-02,8,19,2,0,10.53
MBX00269,2026-05-03,6,9,1,0,11.11
MBX00269,2026-05-04,36,112,5,1,4.46
MBX00269,2026-05-05,33,94,7,3,7.45
MBX00269,2026-05-06,35,110,8,2,7.27
MBX00269,2026-05-07,35,117,9,0,7.69
MBX00269,2026-05-08,42,73,3,1,4.11
MBX00269,2026-05-09,6,14,0,0,0.0
MBX00269,2026-05-10,9,11,1,0,9.09
MBX00269,2026-05-11,41,137,5,0,3.65
MBX00269,2026-05-12,42,106,8,1,7.55
MBX00269,2026-05-13,32,124,9,3,7.26
MBX00269,2026-05-14,45,130,13,4,10.0
MBX00269,2026-05-15,37,89,6,1,6.74
MBX00269,2026-05-16,4,17,1,0,5.88
MBX00269,2026-05-17,6,15,2,0,13.33
MBX00269,2026-05-18,52,88,3,0,3.41
MBX00269,2026-05-19,35,110,3,2,2.73
MBX00269,2026-05-20,48,113,3,1,2.65
MBX00269,2026-05-21,34,119,5,1,4.2
MBX00269,2026-05-22,38,107,4,0,3.74
MBX00269,2026-05-23,5,13,1,0,7.69
MBX00269,2026-05-24,7,11,0,0,0.0
MBX00269,2026-05-25,43,110,2,2,1.82
MBX00269,2026-05-26,46,96,5,1,5.21
MBX00269,2026-05-27,29,93,0,0,0.0
MBX00269,2026-05-28,27,109,4,3,3.67
MBX00269,2026-05-29,27,88,7,2,7.95
MBX00269,2026-05-30,2,18,2,0,11.11
MBX00269,2026-05-31,5,10,0,0,0.0
MBX00269,2026-06-01,48,109,8,3,7.34
MBX00269,2026-06-02,38,100,9,2,9.0
MBX00269,2026-06-03,44,104,5,3,4.81
MBX00269,2026-06-04,40,108,5,2,4.63
MBX00269,2026-06-05,36,108,10,0,9.26
MBX00269,2026-06-06,5,10,0,0,0.0
MBX00269,2026-06-07,6,20,1,2,5.0
MBX00269,2026-06-08,43,120,7,1,5.83
MBX00269,2026-06-09,48,102,10,3,9.8
MBX00269,2026-06-10,35,100,10,4,10.0
MBX00269,2026-06-11,47,119,8,1,6.72
MBX00269,2026-06-12,34,104,10,1,9.62
MBX00269,2026-06-13,11,16,0,1,0.0
MBX00269,2026-06-14,2,19,1,0,5.26
MBX00269,2026-06-15,30,112,11,4,9.82
MBX00269,2026-06-16,39,115,8,0,6.96
MBX00269,2026-06-17,41,95,3,0,3.16
MBX00269,2026-06-18,37,116,6,1,5.17
MBX00269,2026-06-19,45,117,5,2,4.27
MBX00269,2026-06-20,6,21,0,0,0.0
MBX00269,2026-06-21,6,26,3,0,11.54
MBX00269,2026-06-22,38,105,4,3,3.81
MBX00269,2026-06-23,33,128,4,2,3.12
MBX00269,2026-06-24,33,108,9,2,8.33
MBX00269,2026-06-25,41,98,6,5,6.12
MBX00269,2026-06-26,40,115,11,2,9.57
MBX00269,2026-06-27,1,13,0,0,0.0
MBX00269,2026-06-28,6,15,0,0,0.0
MBX00269,2026-06-29,32,102,8,2,7.84
MBX00269,2026-06-30,44,76,3,2,3.95
MBX00269,2026-07-01,46,116,7,0,6.03
MBX00269,2026-07-02,34,102,5,3,4.9
MBX00269,2026-07-03,44,98,4,1,4.08
MBX00269,2026-07-04,6,23,1,1,4.35
MBX00269,2026-07-05,7,19,1,0,5.26
MBX00269,2026-07-06,51,93,8,1,8.6
MBX00269,2026-07-07,34,107,9,2,8.41
MBX00269,2026-07-08,38,98,5,1,5.1
MBX00269,2026-07-09,38,102,6,2,5.88
MBX00269,2026-07-10,31,93,4,2,4.3
MBX00269,2026-07-11,5,9,0,0,0.0
MBX00269,2026-07-12,5,17,0,1,0.0
MBX00269,2026-07-13,53,121,7,2,5.79
MBX00269,2026-07-14,35,89,5,1,5.62
MBX00269,2026-07-15,36,117,6,2,5.13
MBX00269,2026-07-16,39,103,4,5,3.88
MBX00269,2026-07-17,30,122,5,3,4.1
MBX00269,2026-07-18,7,13,1,0,7.69
MBX00269,2026-07-19,4,12,0,0,0.0
MBX00269,2026-07-20,53,102,6,3,5.88
MBX00269,2026-07-21,37,94,5,2,5.32
MBX00269,2026-07-22,35,104,5,1,4.81
MBX00269,2026-07-23,28,119,9,1,7.56
MBX00269,2026-07-24,34,108,11,0,10.19
MBX00431,2026-04-26,4,22,2,0,9.09
MBX00431,2026-04-27,29,79,3,2,3.8
MBX00431,2026-04-28,35,87,3,1,3.45
MBX00431,2026-04-29,22,77,5,1,6.49
MBX00431,2026-04-30,24,80,6,0,7.5
MBX00431,2026-05-01,28,70,4,1,5.71
MBX00431,2026-05-02,6,13,0,0,0.0
MBX00431,2026-05-03,6,14,0,0,0.0
MBX00431,2026-05-04,27,72,11,1,15.28
MBX00431,2026-05-05,30,67,5,0,7.46
MBX00431,2026-05-06,41,72,2,5,2.78
MBX00431,2026-05-07,19,66,3,1,4.55
MBX00431,2026-05-08,27,94,6,3,6.38
MBX00431,2026-05-09,5,14,1,0,7.14
MBX00431,2026-05-10,2,10,2,1,20.0
MBX00431,2026-05-11,23,71,5,0,7.04
MBX00431,2026-05-12,34,65,5,2,7.69
MBX00431,2026-05-13,29,53,3,0,5.66
MBX00431,2026-05-14,24,76,4,1,5.26
MBX00431,2026-05-15,27,82,6,2,7.32
MBX00431,2026-05-16,3,10,1,0,10.0
MBX00431,2026-05-17,5,5,1,0,20.0
MBX00431,2026-05-18,28,77,5,3,6.49
MBX00431,2026-05-19,31,85,2,2,2.35
MBX00431,2026-05-20,34,68,4,0,5.88
MBX00431,2026-05-21,22,92,4,2,4.35
MBX00431,2026-05-22,30,74,5,1,6.76
MBX00431,2026-05-23,2,11,0,0,0.0
MBX00431,2026-05-24,3,8,0,0,0.0
MBX00431,2026-05-25,30,78,2,3,2.56
MBX00431,2026-05-26,22,76,3,1,3.95
MBX00431,2026-05-27,38,79,3,1,3.8
MBX00431,2026-05-28,29,78,8,0,10.26
MBX00431,2026-05-29,35,64,4,1,6.25
MBX00431,2026-05-30,1,9,0,0,0.0
MBX00431,2026-05-31,6,8,1,0,12.5
MBX00431,2026-06-01,34,67,6,4,8.96
MBX00431,2026-06-02,22,60,3,1,5.0
MBX00431,2026-06-03,28,68,7,2,10.29
MBX00431,2026-06-04,28,78,3,0,3.85
MBX00431,2026-06-05,28,74,3,1,4.05
MBX00431,2026-06-06,0,10,0,0,0.0
MBX00431,2026-06-07,8,13,1,0,7.69
MBX00431,2026-06-08,22,91,6,1,6.59
MBX00431,2026-06-09,36,87,5,3,5.75
MBX00431,2026-06-10,29,72,5,3,6.94
MBX00431,2026-06-11,28,60,2,1,3.33
MBX00431,2026-06-12,24,80,3,1,3.75
MBX00431,2026-06-13,1,6,0,0,0.0
MBX00431,2026-06-14,7,13,0,0,0.0
MBX00431,2026-06-15,27,72,3,3,4.17
MBX00431,2026-06-16,44,83,9,1,10.84
MBX00431,2026-06-17,21,69,5,2,7.25
MBX00431,2026-06-18,31,80,6,2,7.5
MBX00431,2026-06-19,27,92,7,1,7.61
MBX00431,2026-06-20,5,9,1,0,11.11
MBX00431,2026-06-21,5,13,2,0,15.38
MBX00431,2026-06-22,39,81,3,2,3.7
MBX00431,2026-06-23,29,85,6,1,7.06
MBX00431,2026-06-24,21,69,2,2,2.9
MBX00431,2026-06-25,29,78,3,1,3.85
MBX00431,2026-06-26,27,74,4,1,5.41
MBX00431,2026-06-27,5,9,0,0,0.0
MBX00431,2026-06-28,6,19,1,0,5.26
MBX00431,2026-06-29,28,74,4,2,5.41
MBX00431,2026-06-30,18,61,6,0,9.84
MBX00431,2026-07-01,27,74,9,0,12.16
MBX00431,2026-07-02,24,65,6,0,9.23
MBX00431,2026-07-03,30,75,5,1,6.67
MBX00431,2026-07-04,7,7,0,0,0.0
MBX00431,2026-07-05,2,13,1,0,7.69
MBX00431,2026-07-06,23,76,7,0,9.21
MBX00431,2026-07-07,24,74,5,0,6.76
MBX00431,2026-07-08,27,71,1,1,1.41
MBX00431,2026-07-09,22,81,5,1,6.17
MBX00431,2026-07-10,23,77,2,0,2.6
MBX00431,2026-07-11,5,7,0,0,0.0
MBX00431,2026-07-12,7,8,0,0,0.0
MBX00431,2026-07-13,20,89,6,1,6.74
MBX00431,2026-07-14,33,64,5,1,7.81
MBX00431,2026-07-15,26,70,3,2,4.29
MBX00431,2026-07-16,28,72,6,1,8.33
MBX00431,2026-07-17,21,91,6,0,6.59
MBX00431,2026-07-18,3,13,0,0,0.0
MBX00431,2026-07-19,4,12,0,0,0.0
MBX00431,2026-07-20,31,68,3,1,4.41
MBX00431,2026-07-21,26,74,7,1,9.46
MBX00431,2026-07-22,29,79,8,0,10.13
MBX00431,2026-07-23,30,74,7,2,9.46
MBX00431,2026-07-24,29,78,9,0,11.54
MBX00064,2026-04-26,5,3,1,0,33.33
MBX00064,2026-04-27,29,63,3,1,4.76
MBX00064,2026-04-28,36,73,4,1,5.48
MBX00064,2026-04-29,32,78,7,0,8.97
MBX00064,2026-04-30,27,74,7,4,9.46
MBX00064,2026-05-01,40,77,5,1,6.49
MBX00064,2026-05-02,7,12,0,0,0.0
MBX00064,2026-05-03,6,14,0,1,0.0
MBX00064,2026-05-04,30,92,2,3,2.17
MBX00064,2026-05-05,37,64,3,0,4.69
MBX00064,2026-05-06,37,85,5,0,5.88
MBX00064,2026-05-07,29,75,5,3,6.67
MBX00064,2026-05-08,34,66,6,2,9.09
MBX00064,2026-05-09,7,12,2,0,16.67
MBX00064,2026-05-10,10,12,2,0,16.67
MBX00064,2026-05-11,39,74,4,0,5.41
MBX00064,2026-05-12,29,79,5,5,6.33
MBX00064,2026-05-13,22,71,5,1,7.04
MBX00064,2026-05-14,32,86,3,0,3.49
MBX00064,2026-05-15,42,74,7,1,9.46
MBX00064,2026-05-16,5,11,2,0,18.18
MBX00064,2026-05-17,2,9,0,0,0.0
MBX00064,2026-05-18,43,70,3,1,4.29
MBX00064,2026-05-19,35,84,6,2,7.14
MBX00064,2026-05-20,31,72,8,1,11.11
MBX00064,2026-05-21,27,70,7,0,10.0
MBX00064,2026-05-22,39,84,8,0,9.52
MBX00064,2026-05-23,4,16,1,1,6.25
MBX00064,2026-05-24,6,5,0,0,0.0
MBX00064,2026-05-25,42,76,3,2,3.95
MBX00064,2026-05-26,32,59,8,1,13.56
MBX00064,2026-05-27,30,84,5,2,5.95
MBX00064,2026-05-28,28,78,4,0,5.13
MBX00064,2026-05-29,34,81,5,0,6.17
MBX00064,2026-05-30,7,11,0,0,0.0
MBX00064,2026-05-31,9,18,2,0,11.11
MBX00064,2026-06-01,35,69,4,2,5.8
MBX00064,2026-06-02,30,88,4,1,4.55
MBX00064,2026-06-03,42,90,6,0,6.67
MBX00064,2026-06-04,42,94,8,1,8.51
MBX00064,2026-06-05,41,74,1,1,1.35
MBX00064,2026-06-06,7,11,2,0,18.18
MBX00064,2026-06-07,4,20,0,1,0.0
MBX00064,2026-06-08,41,86,9,1,10.47
MBX00064,2026-06-09,28,83,5,1,6.02
MBX00064,2026-06-10,32,89,6,1,6.74
MBX00064,2026-06-11,32,85,5,1,5.88
MBX00064,2026-06-12,37,71,2,0,2.82
MBX00064,2026-06-13,1,13,1,1,7.69
MBX00064,2026-06-14,3,15,0,0,0.0
MBX00064,2026-06-15,47,78,5,4,6.41
MBX00064,2026-06-16,53,84,5,0,5.95
MBX00064,2026-06-17,39,65,9,1,13.85
MBX00064,2026-06-18,39,69,6,5,8.7
MBX00064,2026-06-19,35,87,4,2,4.6
MBX00064,2026-06-20,8,16,0,0,0.0
MBX00064,2026-06-21,3,10,1,0,10.0
MBX00064,2026-06-22,27,74,3,0,4.05
MBX00064,2026-06-23,29,82,6,0,7.32
MBX00064,2026-06-24,40,81,6,0,7.41
MBX00064,2026-06-25,47,78,2,3,2.56
MBX00064,2026-06-26,36,93,5,0,5.38
MBX00064,2026-06-27,3,13,0,0,0.0
MBX00064,2026-06-28,2,10,1,0,10.0
MBX00064,2026-06-29,41,67,4,0,5.97
MBX00064,2026-06-30,42,85,4,0,4.71
MBX00064,2026-07-01,37,91,5,0,5.49
MBX00064,2026-07-02,31,90,0,3,0.0
MBX00064,2026-07-03,29,74,3,0,4.05
MBX00064,2026-07-04,7,16,0,0,0.0
MBX00064,2026-07-05,4,5,0,0,0.0
MBX00064,2026-07-06,40,73,8,2,10.96
MBX00064,2026-07-07,30,72,3,1,4.17
MBX00064,2026-07-08,45,83,6,0,7.23
MBX00064,2026-07-09,33,64,2,0,3.12
MBX00064,2026-07-10,31,89,7,0,7.87
MBX00064,2026-07-11,6,10,1,0,10.0
MBX00064,2026-07-12,7,11,1,2,9.09
MBX00064,2026-07-13,40,78,5,2,6.41
MBX00064,2026-07-14,49,68,9,0,13.24
MBX00064,2026-07-15,26,93,5,0,5.38
MBX00064,2026-07-16,24,88,13,0,14.77
MBX00064,2026-07-17,31,75,11,1,14.67
MBX00064,2026-07-18,11,11,0,0,0.0
MBX00064,2026-07-19,7,12,0,0,0.0
MBX00064,2026-07-20,39,75,4,3,5.33
MBX00064,2026-07-21,35,91,4,3,4.4
MBX00064,2026-07-22,40,81,8,0,9.88
MBX00064,2026-07-23,36,71,6,2,8.45
MBX00064,2026-07-24,37,66,3,1,4.55
MBX00264,2026-04-26,0,1,0,0,0.0
MBX00264,2026-04-27,15,20,0,0,0.0
MBX00264,2026-04-28,17,13,2,0,15.38
MBX00264,2026-04-29,10,23,2,0,8.7
MBX00264,2026-04-30,17,26,2,2,7.69
MBX00264,2026-05-01,18,20,1,0,5.0
MBX00264,2026-05-02,3,5,0,0,0.0
MBX00264,2026-05-03,3,4,0,0,0.0
MBX00264,2026-05-04,14,28,1,0,3.57
MBX00264,2026-05-05,18,15,1,0,6.67
MBX00264,2026-05-06,18,23,2,1,8.7
MBX00264,2026-05-07,23,16,0,0,0.0
MBX00264,2026-05-08,18,21,0,0,0.0
MBX00264,2026-05-09,0,2,0,0,0.0
MBX00264,2026-05-10,2,4,0,0,0.0
MBX00264,2026-05-11,20,25,0,1,0.0
MBX00264,2026-05-12,14,31,0,0,0.0
MBX00264,2026-05-13,23,19,0,0,0.0
MBX00264,2026-05-14,14,25,3,0,12.0
MBX00264,2026-05-15,20,28,2,1,7.14
MBX00264,2026-05-16,3,3,0,0,0.0
MBX00264,2026-05-17,5,3,2,0,66.67
MBX00264,2026-05-18,18,16,2,0,12.5
MBX00264,2026-05-19,16,16,1,1,6.25
MBX00264,2026-05-20,17,30,2,0,6.67
MBX00264,2026-05-21,19,23,2,1,8.7
MBX00264,2026-05-22,15,20,3,0,15.0
MBX00264,2026-05-23,3,1,0,0,0.0
MBX00264,2026-05-24,0,4,0,0,0.0
MBX00264,2026-05-25,19,20,1,0,5.0
MBX00264,2026-05-26,11,29,1,0,3.45
MBX00264,2026-05-27,21,23,0,0,0.0
MBX00264,2026-05-28,18,15,3,0,20.0
MBX00264,2026-05-29,16,12,0,1,0.0
MBX00264,2026-05-30,2,4,1,0,25.0
MBX00264,2026-05-31,5,2,0,0,0.0
MBX00264,2026-06-01,15,24,1,0,4.17
MBX00264,2026-06-02,19,18,0,0,0.0
MBX00264,2026-06-03,18,32,1,0,3.12
MBX00264,2026-06-04,12,20,2,0,10.0
MBX00264,2026-06-05,24,32,0,0,0.0
MBX00264,2026-06-06,0,5,0,0,0.0
MBX00264,2026-06-07,2,2,0,0,0.0
MBX00264,2026-06-08,9,22,0,1,0.0
MBX00264,2026-06-09,27,24,1,0,4.17
MBX00264,2026-06-10,16,24,4,0,16.67
MBX00264,2026-06-11,13,21,1,0,4.76
MBX00264,2026-06-12,15,19,2,0,10.53
MBX00264,2026-06-13,2,1,0,0,0.0
MBX00264,2026-06-14,1,2,0,0,0.0
MBX00264,2026-06-15,17,22,0,0,0.0
MBX00264,2026-06-16,24,29,4,0,13.79
MBX00264,2026-06-17,16,21,3,0,14.29
MBX00264,2026-06-18,22,20,1,0,5.0
MBX00264,2026-06-19,17,24,1,0,4.17
MBX00264,2026-06-20,2,2,0,0,0.0
MBX00264,2026-06-21,3,2,0,0,0.0
MBX00264,2026-06-22,17,18,2,1,11.11
MBX00264,2026-06-23,14,24,2,0,8.33
MBX00264,2026-06-24,10,23,1,0,4.35
MBX00264,2026-06-25,14,22,0,0,0.0
MBX00264,2026-06-26,18,17,0,0,0.0
MBX00264,2026-06-27,1,4,0,0,0.0
MBX00264,2026-06-28,1,2,0,0,0.0
MBX00264,2026-06-29,18,22,0,0,0.0
MBX00264,2026-06-30,16,21,0,1,0.0
MBX00264,2026-07-01,25,31,1,0,3.23
MBX00264,2026-07-02,17,21,1,1,4.76
MBX00264,2026-07-03,11,28,2,0,7.14
MBX00264,2026-07-04,4,2,0,0,0.0
MBX00264,2026-07-05,3,3,0,0,0.0
MBX00264,2026-07-06,20,31,0,0,0.0
MBX00264,2026-07-07,15,20,0,0,0.0
MBX00264,2026-07-08,18,24,2,0,8.33
MBX00264,2026-07-09,17,22,2,0,9.09
MBX00264,2026-07-10,14,22,0,0,0.0
MBX00264,2026-07-11,2,2,0,0,0.0
MBX00264,2026-07-12,4,3,1,0,33.33
MBX00264,2026-07-13,18,16,2,0,12.5
MBX00264,2026-07-14,24,22,4,0,18.18
MBX00264,2026-07-15,13,22,3,0,13.64
MBX00264,2026-07-16,19,19,3,0,15.79
MBX00264,2026-07-17,18,22,0,1,0.0
MBX00264,2026-07-18,1,4,1,0,25.0
MBX00264,2026-07-19,5,3,0,0,0.0
MBX00264,2026-07-20,24,28,3,0,10.71
MBX00264,2026-07-21,18,28,2,0,7.14
MBX00264,2026-07-22,20,18,1,0,5.56
MBX00264,2026-07-23,16,19,0,0,0.0
MBX00264,2026-07-24,17,21,0,2,0.0
MBX00682,2026-04-26,10,7,1,0,14.29
MBX00682,2026-04-27,28,39,2,0,5.13
MBX00682,2026-04-28,53,42,4,0,9.52
MBX00682,2026-04-29,47,36,1,0,2.78
MBX00682,2026-04-30,33,42,2,1,4.76
MBX00682,2026-05-01,38,34,0,1,0.0
MBX00682,2026-05-02,4,4,1,0,25.0
MBX00682,2026-05-03,9,5,0,0,0.0
MBX00682,2026-05-04,35,27,0,0,0.0
MBX00682,2026-05-05,44,52,3,0,5.77
MBX00682,2026-05-06,27,35,2,2,5.71
MBX00682,2026-05-07,50,36,4,0,11.11
MBX00682,2026-05-08,31,33,2,2,6.06
MBX00682,2026-05-09,4,3,1,0,33.33
MBX00682,2026-05-10,6,5,0,0,0.0
MBX00682,2026-05-11,36,41,2,3,4.88
MBX00682,2026-05-12,36,35,2,1,5.71
MBX00682,2026-05-13,36,42,3,0,7.14
MBX00682,2026-05-14,39,46,6,0,13.04
MBX00682,2026-05-15,43,46,4,0,8.7
MBX00682,2026-05-16,7,11,0,0,0.0
MBX00682,2026-05-17,6,8,0,0,0.0
MBX00682,2026-05-18,38,40,2,1,5.0
MBX00682,2026-05-19,23,28,2,0,7.14
MBX00682,2026-05-20,41,37,0,0,0.0
MBX00682,2026-05-21,46,32,2,0,6.25
MBX00682,2026-05-22,20,59,5,0,8.47
MBX00682,2026-05-23,7,7,1,0,14.29
MBX00682,2026-05-24,6,6,1,0,16.67
MBX00682,2026-05-25,50,45,2,2,4.44
MBX00682,2026-05-26,35,40,1,2,2.5
MBX00682,2026-05-27,32,44,2,1,4.55
MBX00682,2026-05-28,42,30,3,2,10.0
MBX00682,2026-05-29,40,37,5,1,13.51
MBX00682,2026-05-30,6,8,1,0,12.5
MBX00682,2026-05-31,5,7,0,0,0.0
MBX00682,2026-06-01,37,35,1,2,2.86
MBX00682,2026-06-02,31,49,3,0,6.12
MBX00682,2026-06-03,35,55,2,1,3.64
MBX00682,2026-06-04,49,47,2,1,4.26
MBX00682,2026-06-05,30,32,3,0,9.38
MBX00682,2026-06-06,5,3,1,0,33.33
MBX00682,2026-06-07,3,8,0,0,0.0
MBX00682,2026-06-08,37,45,3,0,6.67
MBX00682,2026-06-09,35,38,3,0,7.89
MBX00682,2026-06-10,36,35,0,0,0.0
MBX00682,2026-06-11,26,40,2,1,5.0
MBX00682,2026-06-12,25,45,3,1,6.67
MBX00682,2026-06-13,4,6,1,0,16.67
MBX00682,2026-06-14,3,5,0,0,0.0
MBX00682,2026-06-15,28,31,1,0,3.23
MBX00682,2026-06-16,39,36,1,1,2.78
MBX00682,2026-06-17,32,36,0,2,0.0
MBX00682,2026-06-18,40,45,3,0,6.67
MBX00682,2026-06-19,33,44,2,1,4.55
MBX00682,2026-06-20,5,3,0,0,0.0
MBX00682,2026-06-21,8,1,0,0,0.0
MBX00682,2026-06-22,49,38,0,0,0.0
MBX00682,2026-06-23,43,32,1,2,3.12
MBX00682,2026-06-24,45,36,3,0,8.33
MBX00682,2026-06-25,45,49,5,1,10.2
MBX00682,2026-06-26,42,33,0,0,0.0
MBX00682,2026-06-27,5,4,0,1,0.0
MBX00682,2026-06-28,6,10,1,0,10.0
MBX00682,2026-06-29,30,43,1,1,2.33
MBX00682,2026-06-30,49,44,2,3,4.55
MBX00682,2026-07-01,37,38,1,1,2.63
MBX00682,2026-07-02,39,30,0,1,0.0
MBX00682,2026-07-03,24,36,3,1,8.33
MBX00682,2026-07-04,6,9,0,0,0.0
MBX00682,2026-07-05,8,8,1,0,12.5
MBX00682,2026-07-06,39,38,1,0,2.63
MBX00682,2026-07-07,44,35,1,0,2.86
MBX00682,2026-07-08,38,38,3,1,7.89
MBX00682,2026-07-09,43,37,2,0,5.41
MBX00682,2026-07-10,40,40,4,0,10.0
MBX00682,2026-07-11,9,4,0,0,0.0
MBX00682,2026-07-12,5,8,0,0,0.0
MBX00682,2026-07-13,43,37,2,0,5.41
MBX00682,2026-07-14,33,38,3,0,7.89
MBX00682,2026-07-15,35,31,1,1,3.23
MBX00682,2026-07-16,25,43,2,1,4.65
MBX00682,2026-07-17,33,28,2,0,7.14
MBX00682,2026-07-18,3,6,0,0,0.0
MBX00682,2026-07-19,2,8,0,0,0.0
MBX00682,2026-07-20,38,44,2,1,4.55
MBX00682,2026-07-21,33,49,0,1,0.0
MBX00682,2026-07-22,29,33,5,0,15.15
MBX00682,2026-07-23,39,32,0,0,0.0
MBX00682,2026-07-24,31,48,1,1,2.08
MBX00646,2026-04-26,0,15,0,1,0.0
MBX00646,2026-04-27,5,85,4,0,4.71
MBX00646,2026-04-28,3,120,6,1,5.0
MBX00646,2026-04-29,4,108,7,1,6.48
MBX00646,2026-04-30,6,104,5,0,4.81
MBX00646,2026-05-01,5,107,7,2,6.54
MBX00646,2026-05-02,0,20,3,0,15.0
MBX00646,2026-05-03,1,19,0,1,0.0
MBX00646,2026-05-04,4,113,5,0,4.42
MBX00646,2026-05-05,4,111,7,1,6.31
MBX00646,2026-05-06,10,105,3,2,2.86
MBX00646,2026-05-07,5,96,4,0,4.17
MBX00646,2026-05-08,3,125,10,2,8.0
MBX00646,2026-05-09,0,18,1,0,5.56
MBX00646,2026-05-10,0,19,2,0,10.53
MBX00646,2026-05-11,6,93,5,1,5.38
MBX00646,2026-05-12,7,102,4,2,3.92
MBX00646,2026-05-13,3,109,3,1,2.75
MBX00646,2026-05-14,7,106,7,1,6.6
MBX00646,2026-05-15,9,109,5,1,4.59
MBX00646,2026-05-16,0,8,1,1,12.5
MBX00646,2026-05-17,0,19,1,0,5.26
MBX00646,2026-05-18,6,95,3,0,3.16
MBX00646,2026-05-19,6,111,7,4,6.31
MBX00646,2026-05-20,3,91,6,1,6.59
MBX00646,2026-05-21,3,100,7,1,7.0
MBX00646,2026-05-22,5,86,9,0,10.47
MBX00646,2026-05-23,1,16,1,1,6.25
MBX00646,2026-05-24,0,18,0,0,0.0
MBX00646,2026-05-25,4,111,4,1,3.6
MBX00646,2026-05-26,4,103,5,1,4.85
MBX00646,2026-05-27,0,130,12,0,9.23
MBX00646,2026-05-28,7,103,7,1,6.8
MBX00646,2026-05-29,9,112,7,1,6.25
MBX00646,2026-05-30,0,20,0,0,0.0
MBX00646,2026-05-31,1,19,1,0,5.26
MBX00646,2026-06-01,5,109,3,1,2.75
MBX00646,2026-06-02,3,114,10,0,8.77
MBX00646,2026-06-03,8,93,8,1,8.6
MBX00646,2026-06-04,9,97,9,1,9.28
MBX00646,2026-06-05,2,108,6,1,5.56
MBX00646,2026-06-06,2,16,0,0,0.0
MBX00646,2026-06-07,1,16,1,0,6.25
MBX00646,2026-06-08,3,107,6,0,5.61
MBX00646,2026-06-09,5,117,9,1,7.69
MBX00646,2026-06-10,4,111,1,1,0.9
MBX00646,2026-06-11,2,97,4,2,4.12
MBX00646,2026-06-12,5,97,3,2,3.09
MBX00646,2026-06-13,1,14,0,0,0.0
MBX00646,2026-06-14,1,14,1,1,7.14
MBX00646,2026-06-15,3,96,9,2,9.38
MBX00646,2026-06-16,8,114,6,1,5.26
MBX00646,2026-06-17,10,116,8,1,6.9
MBX00646,2026-06-18,9,103,3,1,2.91
MBX00646,2026-06-19,3,123,7,2,5.69
MBX00646,2026-06-20,3,14,1,0,7.14
MBX00646,2026-06-21,2,22,0,0,0.0
MBX00646,2026-06-22,5,110,5,2,4.55
MBX00646,2026-06-23,2,97,4,0,4.12
MBX00646,2026-06-24,2,103,11,0,10.68
MBX00646,2026-06-25,2,118,8,0,6.78
MBX00646,2026-06-26,6,112,10,0,8.93
MBX00646,2026-06-27,0,17,1,0,5.88
MBX00646,2026-06-28,3,16,1,0,6.25
MBX00646,2026-06-29,2,101,3,2,2.97
MBX00646,2026-06-30,3,93,5,0,5.38
MBX00646,2026-07-01,9,104,9,0,8.65
MBX00646,2026-07-02,6,100,9,0,9.0
MBX00646,2026-07-03,5,119,9,1,7.56
MBX00646,2026-07-04,2,12,0,0,0.0
MBX00646,2026-07-05,0,20,2,1,10.0
MBX00646,2026-07-06,3,117,5,2,4.27
MBX00646,2026-07-07,4,88,7,3,7.95
MBX00646,2026-07-08,2,112,4,2,3.57
MBX00646,2026-07-09,5,113,6,1,5.31
MBX00646,2026-07-10,2,110,5,0,4.55
MBX00646,2026-07-11,1,16,1,2,6.25
MBX00646,2026-07-12,1,16,1,0,6.25
MBX00646,2026-07-13,9,93,3,2,3.23
MBX00646,2026-07-14,3,124,5,2,4.03
MBX00646,2026-07-15,3,89,6,3,6.74
MBX00646,2026-07-16,2,110,5,2,4.55
MBX00646,2026-07-17,6,108,7,1,6.48
MBX00646,2026-07-18,1,17,1,1,5.88
MBX00646,2026-07-19,0,17,1,0,5.88
MBX00646,2026-07-20,2,118,8,1,6.78
MBX00646,2026-07-21,5,122,11,2,9.02
MBX00646,2026-07-22,4,122,5,2,4.1
MBX00646,2026-07-23,5,114,7,3,6.14
MBX00646,2026-07-24,6,109,9,2,8.26
MBX00231,2026-04-26,6,7,0,0,0.0
MBX00231,2026-04-27,37,46,6,1,13.04
MBX00231,2026-04-28,31,59,1,1,1.69
MBX00231,2026-04-29,41,55,2,0,3.64
MBX00231,2026-04-30,50,50,4,3,8.0
MBX00231,2026-05-01,32,37,6,2,16.22
MBX00231,2026-05-02,5,10,2,0,20.0
MBX00231,2026-05-03,3,5,2,0,40.0
MBX00231,2026-05-04,35,56,2,1,3.57
MBX00231,2026-05-05,35,57,5,1,8.77
MBX00231,2026-05-06,27,48,7,2,14.58
MBX00231,2026-05-07,38,46,5,1,10.87
MBX00231,2026-05-08,54,42,0,0,0.0
MBX00231,2026-05-09,5,2,0,0,0.0
MBX00231,2026-05-10,8,10,2,0,20.0
MBX00231,2026-05-11,39,57,3,2,5.26
MBX00231,2026-05-12,30,61,7,0,11.48
MBX00231,2026-05-13,32,56,7,1,12.5
MBX00231,2026-05-14,48,43,3,2,6.98
MBX00231,2026-05-15,35,53,2,0,3.77
MBX00231,2026-05-16,4,9,0,0,0.0
MBX00231,2026-05-17,2,3,1,0,33.33
MBX00231,2026-05-18,44,51,7,4,13.73
MBX00231,2026-05-19,49,38,1,1,2.63
MBX00231,2026-05-20,37,40,2,0,5.0
MBX00231,2026-05-21,43,64,5,4,7.81
MBX00231,2026-05-22,36,58,5,2,8.62
MBX00231,2026-05-23,5,6,0,0,0.0
MBX00231,2026-05-24,4,6,0,0,0.0
MBX00231,2026-05-25,34,50,4,0,8.0
MBX00231,2026-05-26,29,52,4,1,7.69
MBX00231,2026-05-27,44,60,3,0,5.0
MBX00231,2026-05-28,38,51,1,0,1.96
MBX00231,2026-05-29,35,65,1,2,1.54
MBX00231,2026-05-30,7,9,1,0,11.11
MBX00231,2026-05-31,8,7,0,0,0.0
MBX00231,2026-06-01,26,52,3,0,5.77
MBX00231,2026-06-02,27,60,1,0,1.67
MBX00231,2026-06-03,33,55,1,0,1.82
MBX00231,2026-06-04,31,60,4,1,6.67
MBX00231,2026-06-05,22,59,6,1,10.17
MBX00231,2026-06-06,4,11,0,0,0.0
MBX00231,2026-06-07,7,13,0,0,0.0
MBX00231,2026-06-08,42,66,3,2,4.55
MBX00231,2026-06-09,30,53,5,0,9.43
MBX00231,2026-06-10,34,61,0,1,0.0
MBX00231,2026-06-11,23,48,3,0,6.25
MBX00231,2026-06-12,46,52,2,3,3.85
MBX00231,2026-06-13,4,3,1,0,33.33
MBX00231,2026-06-14,5,5,0,0,0.0
MBX00231,2026-06-15,31,50,1,2,2.0
MBX00231,2026-06-16,33,58,2,1,3.45
MBX00231,2026-06-17,40,56,9,0,16.07
MBX00231,2026-06-18,35,45,2,0,4.44
MBX00231,2026-06-19,34,45,1,2,2.22
MBX00231,2026-06-20,9,9,1,0,11.11
MBX00231,2026-06-21,6,9,0,3,0.0
MBX00231,2026-06-22,32,60,1,3,1.67
MBX00231,2026-06-23,25,65,5,0,7.69
MBX00231,2026-06-24,25,35,2,0,5.71
MBX00231,2026-06-25,39,52,5,0,9.62
MBX00231,2026-06-26,39,49,0,1,0.0
MBX00231,2026-06-27,3,9,0,0,0.0
MBX00231,2026-06-28,3,9,2,0,22.22
MBX00231,2026-06-29,35,49,3,0,6.12
MBX00231,2026-06-30,25,53,3,2,5.66
MBX00231,2026-07-01,34,37,3,1,8.11
MBX00231,2026-07-02,36,56,1,0,1.79
MBX00231,2026-07-03,41,57,4,0,7.02
MBX00231,2026-07-04,3,10,0,0,0.0
MBX00231,2026-07-05,10,7,1,0,14.29
MBX00231,2026-07-06,40,47,2,0,4.26
MBX00231,2026-07-07,35,59,4,0,6.78
MBX00231,2026-07-08,34,45,4,1,8.89
MBX00231,2026-07-09,26,58,3,1,5.17
MBX00231,2026-07-10,48,46,3,4,6.52
MBX00231,2026-07-11,4,7,0,0,0.0
MBX00231,2026-07-12,3,6,0,0,0.0
MBX00231,2026-07-13,47,44,2,3,4.55
MBX00231,2026-07-14,45,58,4,2,6.9
MBX00231,2026-07-15,27,52,7,1,13.46
MBX00231,2026-07-16,37,44,2,2,4.55
MBX00231,2026-07-17,38,57,3,0,5.26
MBX00231,2026-07-18,4,5,0,0,0.0
MBX00231,2026-07-19,3,11,1,0,9.09
MBX00231,2026-07-20,40,61,2,1,3.28
MBX00231,2026-07-21,38,55,3,0,5.45
MBX00231,2026-07-22,39,46,4,1,8.7
MBX00231,2026-07-23,40,63,1,0,1.59
MBX00231,2026-07-24,47,42,1,1,2.38
